customer_id,segment,home_city,home_state,home_lat,home_lon,primary_device_id,known_device_count,rolling_mean_30d,rolling_sd_30d,txn_count_30d,account_age_days,kyc_status,last_updated
CUST000001,SALARIED_URBAN,Guwahati,AS,26.145,91.736,DVC-149d8bcb26,1,920.08,300.94,57,2637,FULL,2026-08-31
CUST000002,SALARIED_URBAN,Lucknow,UP,26.847,80.947,DVC-b6bcd4b543,1,2496.44,1213.64,41,1909,FULL,2026-08-31
CUST000003,GIG_WORKER,Chandigarh,CH,30.734,76.779,DVC-16690ac14f,1,387.92,208.82,45,2824,FULL,2026-08-31
CUST000004,GIG_WORKER,Indore,MP,22.72,75.858,DVC-9a8c354413,1,554.01,341.58,39,374,FULL,2026-08-31
CUST000005,SALARIED_URBAN,Chennai,TN,13.083,80.27,DVC-e6630902ee,1,2083.5,1034.61,45,970,FULL,2026-08-31
CUST000006,GIG_WORKER,Panaji,GA,15.491,73.828,DVC-e78eda622e,2,986.27,570.91,37,859,FULL,2026-08-31
CUST000007,SMALL_BUSINESS,Hyderabad,TG,17.385,78.487,DVC-b434c8028c,3,2649.85,1201.97,33,2756,FULL,2026-08-31
CUST000008,SALARIED_URBAN,Nagpur,MH,21.146,79.088,DVC-40c365b0b2,1,2400.71,886.46,26,759,FULL,2026-08-31
CUST000009,SALARIED_URBAN,Chandigarh,CH,30.734,76.779,DVC-503c0fd9a3,1,1702.22,826.42,26,394,FULL,2026-08-31
CUST000010,SALARIED_URBAN,Indore,MP,22.72,75.858,DVC-37056d4f0d,2,1713.01,712.3,34,2724,FULL,2026-08-31
CUST000011,SALARIED_URBAN,Chennai,TN,13.083,80.27,DVC-cc8521828a,1,1542.67,686.1,6,1415,FULL,2026-08-31
CUST000012,SMALL_BUSINESS,Kochi,KL,9.932,76.267,DVC-0a282ef3f4,2,2634.73,1492.96,37,1349,FULL,2026-08-31
CUST000013,SALARIED_URBAN,Panaji,GA,15.491,73.828,DVC-f1bc6da83a,2,1838.41,753.74,32,1240,FULL,2026-08-31
CUST000014,STUDENT,Panaji,GA,15.491,73.828,DVC-ef72eac1e0,1,548.68,379.8,46,911,FULL,2026-08-31
CUST000015,GIG_WORKER,Guwahati,AS,26.145,91.736,DVC-0655a6faa9,1,459.04,215.37,52,873,FULL,2026-08-31
CUST000016,AFFLUENT,Mumbai,MH,19.076,72.877,DVC-3836793f2b,1,11748.88,3006.97,47,139,FULL,2026-08-31
CUST000017,AFFLUENT,Bengaluru,KA,12.972,77.594,DVC-074e190c2b,2,14737.02,4393.45,60,804,FULL,2026-08-31
CUST000018,SMALL_BUSINESS,Pune,MH,18.52,73.857,DVC-33aafd9a7c,1,4488.43,2083.31,36,1841,MIN,2026-08-31
CUST000019,SALARIED_URBAN,Ahmedabad,GJ,23.023,72.571,DVC-fca00c50bb,2,1802.34,622.54,39,2187,FULL,2026-08-31
CUST000020,STUDENT,Jaipur,RJ,26.912,75.787,DVC-54290ed498,1,322.73,224.62,33,2564,FULL,2026-08-31
CUST000021,SMALL_BUSINESS,Nagpur,MH,21.146,79.088,DVC-1e61084296,1,2938.54,1075.17,40,1073,FULL,2026-08-31
CUST000022,STUDENT,Chennai,TN,13.083,80.27,DVC-76c6b0c611,2,626.18,378.65,46,1568,FULL,2026-08-31
CUST000023,AFFLUENT,Hyderabad,TG,17.385,78.487,DVC-5aa3d263d8,1,7971.04,3131.57,34,926,FULL,2026-08-31
CUST000024,SMALL_BUSINESS,Delhi,DL,28.614,77.209,DVC-525536b0c0,1,2390.93,1147.21,4,517,FULL,2026-08-31
CUST000025,AFFLUENT,Delhi,DL,28.614,77.209,DVC-4ff9b23fb5,1,16253.85,6002.4,26,2758,FULL,2026-08-31
CUST000026,SMALL_BUSINESS,Panaji,GA,15.491,73.828,DVC-0d26705668,1,2537.67,1072.52,37,2191,FULL,2026-08-31
CUST000027,GIG_WORKER,Guwahati,AS,26.145,91.736,DVC-f31786c41b,3,992.62,583.21,40,1564,FULL,2026-08-31
CUST000028,GIG_WORKER,Pune,MH,18.52,73.857,DVC-d071b2c457,2,838.9,447.0,27,2505,FULL,2026-08-31
CUST000029,STUDENT,Lucknow,UP,26.847,80.947,DVC-cce6cec7e5,1,442.47,265.41,40,692,FULL,2026-08-31
CUST000030,SMALL_BUSINESS,Delhi,DL,28.614,77.209,DVC-97de71a355,3,6647.73,2934.52,36,141,FULL,2026-08-31
CUST000031,SALARIED_URBAN,Indore,MP,22.72,75.858,DVC-0a81b0fd75,2,2189.22,759.7,49,2721,FULL,2026-08-31
CUST000032,GIG_WORKER,Kochi,KL,9.932,76.267,DVC-e89368c421,1,781.87,388.53,37,1945,FULL,2026-08-31
CUST000033,SALARIED_URBAN,Chennai,TN,13.083,80.27,DVC-d5c5890540,3,2053.67,790.52,41,2422,FULL,2026-08-31
CUST000034,STUDENT,Panaji,GA,15.491,73.828,DVC-27e1a56eb8,1,603.91,420.19,35,402,FULL,2026-08-31
CUST000035,GIG_WORKER,Chennai,TN,13.083,80.27,DVC-0e412bd834,2,651.12,448.46,55,1920,FULL,2026-08-31
CUST000036,SMALL_BUSINESS,Mumbai,MH,19.076,72.877,DVC-126b6dfbc7,1,7067.34,2998.96,59,513,FULL,2026-08-31
CUST000037,SALARIED_URBAN,Delhi,DL,28.614,77.209,DVC-7877e0aa66,1,1381.1,491.6,35,637,FULL,2026-08-31
CUST000038,GIG_WORKER,Chennai,TN,13.083,80.27,DVC-f79a8053b1,1,1042.79,647.72,40,1624,MIN,2026-08-31
CUST000039,SALARIED_URBAN,Kochi,KL,9.932,76.267,DVC-b883afbb09,1,2324.33,722.55,38,2269,FULL,2026-08-31
CUST000040,GIG_WORKER,Lucknow,UP,26.847,80.947,DVC-78e04f9322,1,1075.27,731.13,36,1849,FULL,2026-08-31
CUST000041,GIG_WORKER,Jaipur,RJ,26.912,75.787,DVC-b5b78abb9d,2,959.99,522.73,8,155,FULL,2026-08-31
CUST000042,AFFLUENT,Bengaluru,KA,12.972,77.594,DVC-d56094cabe,1,4745.76,1775.51,11,1723,MIN,2026-08-31
CUST000043,SALARIED_URBAN,Nagpur,MH,21.146,79.088,DVC-9f4631c306,2,1015.0,395.2,26,403,FULL,2026-08-31
CUST000044,SALARIED_URBAN,Delhi,DL,28.614,77.209,DVC-abbd93537b,1,2499.09,1090.17,60,2240,FULL,2026-08-31
CUST000045,AFFLUENT,Guwahati,AS,26.145,91.736,DVC-57603032fc,3,17522.91,5645.22,20,2096,FULL,2026-08-31
CUST000046,AFFLUENT,Chandigarh,CH,30.734,76.779,DVC-5ec167e47f,1,11518.23,3364.78,38,2873,FULL,2026-08-31
CUST000047,SALARIED_URBAN,Kochi,KL,9.932,76.267,DVC-7a332e557e,3,2399.44,1301.73,31,1976,FULL,2026-08-31
CUST000048,STUDENT,Bengaluru,KA,12.972,77.594,DVC-125d10a2b9,2,401.03,245.03,43,916,FULL,2026-08-31
CUST000049,SMALL_BUSINESS,Mumbai,MH,19.076,72.877,DVC-2bbc7b179e,2,5663.41,2856.51,54,773,FULL,2026-08-31
CUST000050,SMALL_BUSINESS,Guwahati,AS,26.145,91.736,DVC-1a375c89df,1,5713.54,2440.35,44,1617,FULL,2026-08-31
CUST000051,SMALL_BUSINESS,Pune,MH,18.52,73.857,DVC-88d6e6ffbc,1,5984.76,3463.1,24,2390,FULL,2026-08-31
CUST000052,AFFLUENT,Lucknow,UP,26.847,80.947,DVC-ef9776a686,1,8217.48,2393.62,17,1544,FULL,2026-08-31
CUST000053,SALARIED_URBAN,Chandigarh,CH,30.734,76.779,DVC-6a9b114cc3,1,1273.2,699.98,10,2322,FULL,2026-08-31
CUST000054,SMALL_BUSINESS,Kochi,KL,9.932,76.267,DVC-14b353224c,2,2265.45,907.85,47,1165,FULL,2026-08-31
CUST000055,SALARIED_URBAN,Delhi,DL,28.614,77.209,DVC-2cc4d8c2c2,1,2290.72,774.0,46,494,FULL,2026-08-31
CUST000056,AFFLUENT,Delhi,DL,28.614,77.209,DVC-aa6e9a2389,1,8220.21,3572.29,38,839,FULL,2026-08-31
CUST000057,SALARIED_URBAN,Mumbai,MH,19.076,72.877,DVC-3fd8e7d93d,3,1259.41,478.99,47,2529,FULL,2026-08-31
CUST000058,SMALL_BUSINESS,Pune,MH,18.52,73.857,DVC-942592c99b,2,4910.19,2269.24,27,1384,FULL,2026-08-31
CUST000059,SMALL_BUSINESS,Ahmedabad,GJ,23.023,72.571,DVC-5bbd97ad7c,3,7475.55,3002.74,26,2627,FULL,2026-08-31
CUST000060,SALARIED_URBAN,Ahmedabad,GJ,23.023,72.571,DVC-4b68976b83,1,1452.68,472.14,30,1705,FULL,2026-08-31
CUST000061,STUDENT,Mumbai,MH,19.076,72.877,DVC-e25808bb7d,2,519.64,380.36,28,672,FULL,2026-08-31
CUST000062,GIG_WORKER,Bengaluru,KA,12.972,77.594,DVC-917eec4103,1,384.84,263.42,62,2046,FULL,2026-08-31
CUST000063,STUDENT,Ahmedabad,GJ,23.023,72.571,DVC-10188308ca,2,547.19,338.63,31,1631,FULL,2026-08-31
CUST000064,STUDENT,Pune,MH,18.52,73.857,DVC-8c3d44eef7,1,558.79,290.08,63,2379,FULL,2026-08-31
CUST000065,SMALL_BUSINESS,Bengaluru,KA,12.972,77.594,DVC-d0cedc75e9,2,3321.6,1172.54,47,868,FULL,2026-08-31
CUST000066,STUDENT,Chandigarh,CH,30.734,76.779,DVC-eda64a1bfb,1,521.89,296.16,26,853,FULL,2026-08-31
CUST000067,SALARIED_URBAN,Mumbai,MH,19.076,72.877,DVC-c62f0b5b1e,1,2327.18,850.42,14,2561,MIN,2026-08-31
CUST000068,SMALL_BUSINESS,Delhi,DL,28.614,77.209,DVC-40b614d804,1,6664.05,3029.42,30,2290,FULL,2026-08-31
CUST000069,SMALL_BUSINESS,Indore,MP,22.72,75.858,DVC-436ce5519f,1,3655.58,1362.97,19,2363,FULL,2026-08-31
CUST000070,SALARIED_URBAN,Kolkata,WB,22.573,88.364,DVC-0769720a1f,1,1905.48,572.43,42,2517,FULL,2026-08-31
CUST000071,SMALL_BUSINESS,Kolkata,WB,22.573,88.364,DVC-f54f003d95,2,7298.32,2849.57,17,2727,FULL,2026-08-31
CUST000072,AFFLUENT,Ahmedabad,GJ,23.023,72.571,DVC-0c9c929545,1,17626.97,6738.92,17,1814,FULL,2026-08-31
CUST000073,SMALL_BUSINESS,Panaji,GA,15.491,73.828,DVC-e4bf834bb0,2,4876.68,2246.95,24,212,FULL,2026-08-31
CUST000074,SMALL_BUSINESS,Chandigarh,CH,30.734,76.779,DVC-a12702f554,1,3650.66,1968.95,44,606,MIN,2026-08-31
CUST000075,SMALL_BUSINESS,Jaipur,RJ,26.912,75.787,DVC-89370db383,1,7247.85,3373.27,39,290,FULL,2026-08-31
CUST000076,AFFLUENT,Jaipur,RJ,26.912,75.787,DVC-739edf8835,1,9093.78,3238.79,39,981,FULL,2026-08-31
CUST000077,SMALL_BUSINESS,Chandigarh,CH,30.734,76.779,DVC-64f297ac5e,1,5013.51,2261.72,42,1859,FULL,2026-08-31
CUST000078,SALARIED_URBAN,Bengaluru,KA,12.972,77.594,DVC-73e258e093,1,1046.78,432.25,70,141,FULL,2026-08-31
CUST000079,STUDENT,Bengaluru,KA,12.972,77.594,DVC-e75a3956a4,2,510.44,358.85,66,190,FULL,2026-08-31
CUST000080,GIG_WORKER,Mumbai,MH,19.076,72.877,DVC-66063c0f92,2,1051.11,466.74,47,2555,FULL,2026-08-31
CUST000081,GIG_WORKER,Chandigarh,CH,30.734,76.779,DVC-05a3855e51,2,936.95,470.38,30,2251,FULL,2026-08-31
CUST000082,STUDENT,Jaipur,RJ,26.912,75.787,DVC-753b0e98e5,2,470.77,341.69,28,1511,FULL,2026-08-31
CUST000083,AFFLUENT,Bengaluru,KA,12.972,77.594,DVC-a4f771f4e7,2,13145.69,3699.29,21,1382,FULL,2026-08-31
CUST000084,SALARIED_URBAN,Kochi,KL,9.932,76.267,DVC-6d65a48e55,1,1282.99,483.95,44,2054,FULL,2026-08-31
CUST000085,SALARIED_URBAN,Chandigarh,CH,30.734,76.779,DVC-0285177b53,1,1780.16,669.97,15,1264,FULL,2026-08-31
CUST000086,SMALL_BUSINESS,Chennai,TN,13.083,80.27,DVC-a8f251b710,1,4692.98,1826.62,24,2138,FULL,2026-08-31
CUST000087,STUDENT,Indore,MP,22.72,75.858,DVC-b8aaa23b12,1,410.68,213.91,38,492,FULL,2026-08-31
CUST000088,STUDENT,Ahmedabad,GJ,23.023,72.571,DVC-49d09d6b86,2,589.24,298.28,13,154,FULL,2026-08-31
CUST000089,STUDENT,Lucknow,UP,26.847,80.947,DVC-aa9e431e0c,2,603.3,418.58,30,945,FULL,2026-08-31
CUST000090,GIG_WORKER,Lucknow,UP,26.847,80.947,DVC-94e05e725b,2,667.99,387.74,43,1629,FULL,2026-08-31
CUST000091,SMALL_BUSINESS,Nagpur,MH,21.146,79.088,DVC-cc5e272c2c,1,7273.7,3362.22,24,2354,FULL,2026-08-31
CUST000092,AFFLUENT,Delhi,DL,28.614,77.209,DVC-bd601527ce,1,16535.27,4771.91,35,709,FULL,2026-08-31
CUST000093,SALARIED_URBAN,Jaipur,RJ,26.912,75.787,DVC-2f34702088,1,1802.63,788.38,61,1442,FULL,2026-08-31
CUST000094,SMALL_BUSINESS,Panaji,GA,15.491,73.828,DVC-7cf525634e,1,5381.63,2201.33,47,1578,FULL,2026-08-31
CUST000095,SMALL_BUSINESS,Lucknow,UP,26.847,80.947,DVC-0a505a2831,1,3358.45,1727.56,45,1207,FULL,2026-08-31
CUST000096,STUDENT,Kolkata,WB,22.573,88.364,DVC-5500419d44,1,252.39,130.24,23,2141,FULL,2026-08-31
CUST000097,GIG_WORKER,Panaji,GA,15.491,73.828,DVC-f797f23dd2,2,1003.79,491.57,36,2129,FULL,2026-08-31
CUST000098,GIG_WORKER,Chandigarh,CH,30.734,76.779,DVC-b3563343fd,3,1020.56,583.07,68,711,FULL,2026-08-31
CUST000099,SALARIED_URBAN,Nagpur,MH,21.146,79.088,DVC-3ae6249890,2,2145.81,1153.03,35,1929,FULL,2026-08-31
CUST000100,SALARIED_URBAN,Nagpur,MH,21.146,79.088,DVC-0332abe6ca,2,1031.11,448.75,61,1352,FULL,2026-08-31
CUST000101,SALARIED_URBAN,Delhi,DL,28.614,77.209,DVC-9618cd1735,2,1397.61,468.48,48,2352,FULL,2026-08-31
CUST000102,AFFLUENT,Bengaluru,KA,12.972,77.594,DVC-f186112540,1,14956.51,5311.47,19,1511,FULL,2026-08-31
CUST000103,SMALL_BUSINESS,Chennai,TN,13.083,80.27,DVC-d653eb0347,3,4033.5,2015.68,42,528,FULL,2026-08-31
CUST000104,SALARIED_URBAN,Nagpur,MH,21.146,79.088,DVC-fc96c2e66f,2,1282.63,663.54,53,389,FULL,2026-08-31
CUST000105,STUDENT,Lucknow,UP,26.847,80.947,DVC-dfacdc13e4,1,478.61,250.3,59,2145,FULL,2026-08-31
CUST000106,SALARIED_URBAN,Delhi,DL,28.614,77.209,DVC-f519467cd2,1,1172.5,644.67,36,790,FULL,2026-08-31
CUST000107,SMALL_BUSINESS,Bengaluru,KA,12.972,77.594,DVC-387f9c9bfe,1,6335.06,2660.79,45,1873,FULL,2026-08-31
CUST000108,SMALL_BUSINESS,Ahmedabad,GJ,23.023,72.571,DVC-7c83fa3394,2,4855.78,2797.87,65,890,FULL,2026-08-31
CUST000109,SALARIED_URBAN,Guwahati,AS,26.145,91.736,DVC-76e9dd5aad,1,2333.67,733.01,40,796,FULL,2026-08-31
CUST000110,AFFLUENT,Kolkata,WB,22.573,88.364,DVC-2b2fc8fd7a,1,11442.46,3816.56,22,842,FULL,2026-08-31
CUST000111,SALARIED_URBAN,Jaipur,RJ,26.912,75.787,DVC-2544bbc7d3,2,2219.0,828.95,45,1856,FULL,2026-08-31
CUST000112,SMALL_BUSINESS,Jaipur,RJ,26.912,75.787,DVC-8342a975b8,2,4061.97,1473.07,54,597,FULL,2026-08-31
CUST000113,STUDENT,Chennai,TN,13.083,80.27,DVC-f4c10c2ff5,1,439.08,279.71,42,336,FULL,2026-08-31
CUST000114,SMALL_BUSINESS,Lucknow,UP,26.847,80.947,DVC-92ac554345,2,7080.27,3252.38,64,2657,FULL,2026-08-31
CUST000115,SMALL_BUSINESS,Hyderabad,TG,17.385,78.487,DVC-1621ad745c,1,5854.94,3018.92,44,1770,FULL,2026-08-31
CUST000116,SMALL_BUSINESS,Mumbai,MH,19.076,72.877,DVC-1821ac21e4,2,3361.92,1791.95,38,931,FULL,2026-08-31
CUST000117,GIG_WORKER,Hyderabad,TG,17.385,78.487,DVC-44e90eec2a,1,481.5,283.95,35,2432,FULL,2026-08-31
CUST000118,SMALL_BUSINESS,Hyderabad,TG,17.385,78.487,DVC-13a70759ac,1,5645.69,2978.91,65,1185,FULL,2026-08-31
CUST000119,SMALL_BUSINESS,Panaji,GA,15.491,73.828,DVC-edfee25ab4,1,5008.58,2272.47,19,2027,FULL,2026-08-31
CUST000120,GIG_WORKER,Hyderabad,TG,17.385,78.487,DVC-b36cc1e661,2,539.48,251.92,29,1348,FULL,2026-08-31
CUST000121,AFFLUENT,Pune,MH,18.52,73.857,DVC-b96d840716,2,4659.92,1211.54,36,1326,FULL,2026-08-31
CUST000122,GIG_WORKER,Ahmedabad,GJ,23.023,72.571,DVC-d408d3dbe5,1,1039.16,466.25,34,353,FULL,2026-08-31
CUST000123,STUDENT,Chennai,TN,13.083,80.27,DVC-77f2a556cf,1,345.56,156.96,39,2079,FULL,2026-08-31
CUST000124,GIG_WORKER,Jaipur,RJ,26.912,75.787,DVC-25cbe27b5d,2,994.68,416.45,30,1590,FULL,2026-08-31
CUST000125,SMALL_BUSINESS,Hyderabad,TG,17.385,78.487,DVC-94eaf15931,1,3370.94,1664.84,34,2049,FULL,2026-08-31
CUST000126,GIG_WORKER,Kochi,KL,9.932,76.267,DVC-0748b77477,1,967.34,498.7,45,1712,FULL,2026-08-31
CUST000127,SALARIED_URBAN,Chennai,TN,13.083,80.27,DVC-7c47f72ad5,1,2500.86,1117.34,16,1377,FULL,2026-08-31
CUST000128,GIG_WORKER,Indore,MP,22.72,75.858,DVC-f725b0e3b5,1,955.54,464.38,41,2595,FULL,2026-08-31
CUST000129,AFFLUENT,Pune,MH,18.52,73.857,DVC-f1035fba51,1,10476.04,2958.15,49,1270,MIN,2026-08-31
CUST000130,SMALL_BUSINESS,Jaipur,RJ,26.912,75.787,DVC-4b26915970,1,5812.41,2152.85,43,717,FULL,2026-08-31
CUST000131,SALARIED_URBAN,Indore,MP,22.72,75.858,DVC-24e102cd17,1,1215.03,421.16,26,648,MIN,2026-08-31
CUST000132,SALARIED_URBAN,Lucknow,UP,26.847,80.947,DVC-e82b3ee75f,2,2423.96,1191.58,36,224,FULL,2026-08-31
CUST000133,AFFLUENT,Kolkata,WB,22.573,88.364,DVC-c57c0d9cc2,1,12200.28,5266.28,47,2709,FULL,2026-08-31
CUST000134,SMALL_BUSINESS,Mumbai,MH,19.076,72.877,DVC-94393f9467,2,4445.09,2314.99,42,52,FULL,2026-08-31
CUST000135,SALARIED_URBAN,Lucknow,UP,26.847,80.947,DVC-5433947cb0,1,1353.93,671.1,54,2115,FULL,2026-08-31
CUST000136,SALARIED_URBAN,Ahmedabad,GJ,23.023,72.571,DVC-5b0104f602,2,2435.91,1188.42,35,1796,FULL,2026-08-31
CUST000137,GIG_WORKER,Mumbai,MH,19.076,72.877,DVC-7cdac33b05,2,400.85,172.31,24,689,FULL,2026-08-31
CUST000138,AFFLUENT,Mumbai,MH,19.076,72.877,DVC-242c3c001b,1,9355.85,2686.81,40,2612,FULL,2026-08-31
CUST000139,STUDENT,Kolkata,WB,22.573,88.364,DVC-2686d638d6,1,418.8,298.37,25,1306,FULL,2026-08-31
CUST000140,STUDENT,Mumbai,MH,19.076,72.877,DVC-583ce31ca0,2,227.02,140.64,51,1158,FULL,2026-08-31
CUST000141,SALARIED_URBAN,Delhi,DL,28.614,77.209,DVC-eb7b1bdb49,1,2010.34,798.65,45,2608,FULL,2026-08-31
CUST000142,GIG_WORKER,Guwahati,AS,26.145,91.736,DVC-9b7d742445,2,863.44,501.86,77,1592,MIN,2026-08-31
CUST000143,AFFLUENT,Mumbai,MH,19.076,72.877,DVC-bbdbdb8a1d,1,5645.38,1736.26,49,1948,FULL,2026-08-31
CUST000144,SALARIED_URBAN,Ahmedabad,GJ,23.023,72.571,DVC-9eecb17743,2,1129.94,440.1,54,2843,FULL,2026-08-31
CUST000145,STUDENT,Hyderabad,TG,17.385,78.487,DVC-b221adb62b,2,334.54,153.51,26,805,FULL,2026-08-31
CUST000146,STUDENT,Mumbai,MH,19.076,72.877,DVC-644974380c,1,296.45,144.52,21,1832,FULL,2026-08-31
CUST000147,GIG_WORKER,Kochi,KL,9.932,76.267,DVC-53a6ef5ae4,1,650.8,361.53,43,2344,FULL,2026-08-31
CUST000148,GIG_WORKER,Mumbai,MH,19.076,72.877,DVC-e20bb11f35,1,702.27,401.46,44,665,FULL,2026-08-31
CUST000149,AFFLUENT,Jaipur,RJ,26.912,75.787,DVC-fae97ce6a1,2,15205.75,6837.9,36,2072,FULL,2026-08-31
CUST000150,SALARIED_URBAN,Delhi,DL,28.614,77.209,DVC-f2cb81e8fb,2,1181.96,497.56,33,1748,FULL,2026-08-31
CUST000151,STUDENT,Lucknow,UP,26.847,80.947,DVC-c0c750777b,2,212.97,115.62,26,1293,MIN,2026-08-31
CUST000152,AFFLUENT,Kochi,KL,9.932,76.267,DVC-a356ca536c,1,11435.97,2865.28,37,2071,FULL,2026-08-31
CUST000153,SALARIED_URBAN,Mumbai,MH,19.076,72.877,DVC-6e9186b60a,3,2062.88,868.64,41,1688,FULL,2026-08-31
CUST000154,GIG_WORKER,Delhi,DL,28.614,77.209,DVC-92bf11ea8d,3,503.04,284.4,29,1425,FULL,2026-08-31
CUST000155,SALARIED_URBAN,Chennai,TN,13.083,80.27,DVC-7036050746,1,1238.84,439.86,5,1921,FULL,2026-08-31
CUST000156,GIG_WORKER,Indore,MP,22.72,75.858,DVC-6de87e63b2,1,858.37,373.56,37,1156,FULL,2026-08-31
CUST000157,STUDENT,Delhi,DL,28.614,77.209,DVC-747dce31eb,3,318.41,160.34,28,2061,FULL,2026-08-31
CUST000158,AFFLUENT,Kolkata,WB,22.573,88.364,DVC-25fd7a880e,2,13855.29,4907.42,50,1673,FULL,2026-08-31
CUST000159,GIG_WORKER,Panaji,GA,15.491,73.828,DVC-4623bf94e2,1,501.78,327.11,33,809,FULL,2026-08-31
CUST000160,SMALL_BUSINESS,Guwahati,AS,26.145,91.736,DVC-20597fcd6a,1,2917.96,1663.08,52,1011,FULL,2026-08-31
CUST000161,SMALL_BUSINESS,Delhi,DL,28.614,77.209,DVC-72dc26f685,1,3962.8,2129.38,56,1320,MIN,2026-08-31
CUST000162,GIG_WORKER,Ahmedabad,GJ,23.023,72.571,DVC-7258491b5b,2,1055.59,491.92,28,2569,FULL,2026-08-31
CUST000163,STUDENT,Jaipur,RJ,26.912,75.787,DVC-aca8f57072,1,417.86,312.65,32,486,FULL,2026-08-31
CUST000164,SMALL_BUSINESS,Delhi,DL,28.614,77.209,DVC-471c543079,1,4930.18,2565.53,38,381,MIN,2026-08-31
CUST000165,STUDENT,Kochi,KL,9.932,76.267,DVC-68ec089f13,1,250.79,178.93,30,306,FULL,2026-08-31
CUST000166,AFFLUENT,Pune,MH,18.52,73.857,DVC-a046c6b475,2,17629.65,6506.52,28,1784,FULL,2026-08-31
CUST000167,SMALL_BUSINESS,Ahmedabad,GJ,23.023,72.571,DVC-51b67dc454,2,3857.18,1921.93,70,946,FULL,2026-08-31
CUST000168,STUDENT,Jaipur,RJ,26.912,75.787,DVC-0e01119170,2,242.37,112.94,45,728,FULL,2026-08-31
CUST000169,SMALL_BUSINESS,Lucknow,UP,26.847,80.947,DVC-f78b75526f,2,3162.59,1641.44,31,1820,FULL,2026-08-31
CUST000170,GIG_WORKER,Lucknow,UP,26.847,80.947,DVC-d803ebda69,2,891.25,489.36,21,498,FULL,2026-08-31
CUST000171,SALARIED_URBAN,Delhi,DL,28.614,77.209,DVC-5d8c28f996,1,1085.65,454.93,34,1947,FULL,2026-08-31
CUST000172,GIG_WORKER,Ahmedabad,GJ,23.023,72.571,DVC-ae537c22b0,2,366.1,178.6,40,2477,FULL,2026-08-31
CUST000173,SALARIED_URBAN,Indore,MP,22.72,75.858,DVC-03ad3dada3,2,1577.36,508.92,31,1260,FULL,2026-08-31
CUST000174,SALARIED_URBAN,Hyderabad,TG,17.385,78.487,DVC-f185ba9f2d,1,1078.05,402.89,42,2731,FULL,2026-08-31
CUST000175,AFFLUENT,Chennai,TN,13.083,80.27,DVC-8670d5d9a3,1,11710.33,5147.46,39,658,FULL,2026-08-31
CUST000176,SALARIED_URBAN,Nagpur,MH,21.146,79.088,DVC-6542849be7,1,1534.08,804.97,21,2664,FULL,2026-08-31
CUST000177,SALARIED_URBAN,Chandigarh,CH,30.734,76.779,DVC-108cb45165,2,1481.53,469.42,60,2392,MIN,2026-08-31
CUST000178,SMALL_BUSINESS,Chennai,TN,13.083,80.27,DVC-29f297627e,2,2896.16,1335.67,32,1418,FULL,2026-08-31
CUST000179,AFFLUENT,Guwahati,AS,26.145,91.736,DVC-e61f0b4a3d,1,17118.35,6252.51,51,1307,FULL,2026-08-31
CUST000180,SMALL_BUSINESS,Jaipur,RJ,26.912,75.787,DVC-b9811c06ac,1,6886.86,2433.17,66,2611,FULL,2026-08-31
CUST000181,SALARIED_URBAN,Guwahati,AS,26.145,91.736,DVC-e863e875d2,1,2287.97,737.01,42,2301,FULL,2026-08-31
CUST000182,STUDENT,Ahmedabad,GJ,23.023,72.571,DVC-ec2c60710f,2,461.89,228.45,41,1451,FULL,2026-08-31
CUST000183,SALARIED_URBAN,Panaji,GA,15.491,73.828,DVC-4c8e3153b8,1,1122.94,403.23,75,450,FULL,2026-08-31
CUST000184,SALARIED_URBAN,Hyderabad,TG,17.385,78.487,DVC-34fed97884,2,2478.38,931.44,32,819,FULL,2026-08-31
CUST000185,GIG_WORKER,Delhi,DL,28.614,77.209,DVC-b7bea3ad14,1,429.45,219.17,49,2349,FULL,2026-08-31
CUST000186,SALARIED_URBAN,Pune,MH,18.52,73.857,DVC-67f441124e,1,2400.54,1232.54,46,1708,FULL,2026-08-31
CUST000187,GIG_WORKER,Kolkata,WB,22.573,88.364,DVC-4362db2dd4,1,870.9,568.46,45,766,FULL,2026-08-31
CUST000188,SALARIED_URBAN,Indore,MP,22.72,75.858,DVC-cc1c1c9573,1,1786.17,885.11,39,2128,FULL,2026-08-31
CUST000189,SALARIED_URBAN,Indore,MP,22.72,75.858,DVC-670cbada2a,1,909.41,447.44,35,2820,FULL,2026-08-31
CUST000190,SALARIED_URBAN,Panaji,GA,15.491,73.828,DVC-2d7a33a366,3,1093.62,528.11,47,2851,FULL,2026-08-31
CUST000191,SMALL_BUSINESS,Jaipur,RJ,26.912,75.787,DVC-c1cd07d084,2,5906.71,2753.71,36,1028,FULL,2026-08-31
CUST000192,SALARIED_URBAN,Jaipur,RJ,26.912,75.787,DVC-ccdb5162e2,1,2001.75,690.46,29,2257,MIN,2026-08-31
CUST000193,STUDENT,Jaipur,RJ,26.912,75.787,DVC-fb0338a669,1,242.5,159.51,29,641,FULL,2026-08-31
CUST000194,GIG_WORKER,Pune,MH,18.52,73.857,DVC-c2221b13a1,1,791.38,431.0,17,1079,FULL,2026-08-31
CUST000195,STUDENT,Guwahati,AS,26.145,91.736,DVC-f860912517,2,187.04,91.83,29,2015,FULL,2026-08-31
CUST000196,SALARIED_URBAN,Guwahati,AS,26.145,91.736,DVC-3b3a755a38,1,1841.73,865.19,33,2032,FULL,2026-08-31
CUST000197,SALARIED_URBAN,Chennai,TN,13.083,80.27,DVC-deb60c86c9,1,2564.52,903.5,53,122,FULL,2026-08-31
CUST000198,SALARIED_URBAN,Kolkata,WB,22.573,88.364,DVC-f5b1b6a96e,1,1368.7,572.09,30,525,FULL,2026-08-31
CUST000199,SALARIED_URBAN,Chandigarh,CH,30.734,76.779,DVC-b79da07ff9,3,1864.45,962.72,42,2208,FULL,2026-08-31
CUST000200,SALARIED_URBAN,Chennai,TN,13.083,80.27,DVC-68e97e0435,1,1373.99,554.13,27,2532,FULL,2026-08-31
CUST000201,STUDENT,Kolkata,WB,22.573,88.364,DVC-51c7160cf5,2,474.33,270.91,57,538,FULL,2026-08-31
CUST000202,STUDENT,Bengaluru,KA,12.972,77.594,DVC-8ad3a6af63,2,511.81,236.61,30,2526,FULL,2026-08-31
CUST000203,SMALL_BUSINESS,Mumbai,MH,19.076,72.877,DVC-c2d80b5dd1,1,7051.78,2935.62,67,890,FULL,2026-08-31
CUST000204,SALARIED_URBAN,Bengaluru,KA,12.972,77.594,DVC-366fd00aec,2,2162.01,1052.27,22,617,FULL,2026-08-31
CUST000205,SALARIED_URBAN,Ahmedabad,GJ,23.023,72.571,DVC-01d66cd9ef,1,1035.17,560.65,37,1495,FULL,2026-08-31
CUST000206,STUDENT,Panaji,GA,15.491,73.828,DVC-33989eccbb,3,252.7,160.16,32,951,FULL,2026-08-31
CUST000207,GIG_WORKER,Chandigarh,CH,30.734,76.779,DVC-3bde8cbf27,2,868.06,554.82,36,2021,MIN,2026-08-31
CUST000208,SALARIED_URBAN,Chandigarh,CH,30.734,76.779,DVC-60ae183cde,3,1509.77,598.2,38,2189,MIN,2026-08-31
CUST000209,GIG_WORKER,Jaipur,RJ,26.912,75.787,DVC-1708c59da5,3,473.11,194.89,57,1349,FULL,2026-08-31
CUST000210,SMALL_BUSINESS,Chennai,TN,13.083,80.27,DVC-7b3b0b365f,2,3341.52,1814.01,30,585,FULL,2026-08-31
CUST000211,STUDENT,Lucknow,UP,26.847,80.947,DVC-f4618208e9,1,602.81,310.44,42,2013,FULL,2026-08-31
CUST000212,SMALL_BUSINESS,Lucknow,UP,26.847,80.947,DVC-1a51e9d2fc,1,6915.62,3474.17,34,2143,FULL,2026-08-31
CUST000213,AFFLUENT,Kolkata,WB,22.573,88.364,DVC-519db81faa,2,5421.57,2336.6,31,1555,FULL,2026-08-31
CUST000214,SALARIED_URBAN,Jaipur,RJ,26.912,75.787,DVC-1af58f9115,1,1463.57,450.48,41,1358,FULL,2026-08-31
CUST000215,SMALL_BUSINESS,Kolkata,WB,22.573,88.364,DVC-c45293379f,2,5095.31,2496.83,65,954,FULL,2026-08-31
CUST000216,SALARIED_URBAN,Chennai,TN,13.083,80.27,DVC-2a8d279e01,1,1971.02,987.52,39,2062,FULL,2026-08-31
CUST000217,GIG_WORKER,Kochi,KL,9.932,76.267,DVC-bcbc869f21,1,802.38,501.13,48,2470,FULL,2026-08-31
CUST000218,AFFLUENT,Hyderabad,TG,17.385,78.487,DVC-4b24eea49e,2,14434.74,6031.83,4,660,FULL,2026-08-31
CUST000219,STUDENT,Chennai,TN,13.083,80.27,DVC-a432fd64bb,1,429.14,268.62,26,1897,FULL,2026-08-31
CUST000220,SALARIED_URBAN,Pune,MH,18.52,73.857,DVC-4f4c825ffc,3,2399.68,736.7,31,2692,FULL,2026-08-31
CUST000221,GIG_WORKER,Lucknow,UP,26.847,80.947,DVC-7e7f9fadde,1,586.26,237.65,31,2722,FULL,2026-08-31
CUST000222,SALARIED_URBAN,Guwahati,AS,26.145,91.736,DVC-6ba72148e6,2,1171.41,414.01,58,677,FULL,2026-08-31
CUST000223,GIG_WORKER,Nagpur,MH,21.146,79.088,DVC-b30914b41b,1,817.75,370.34,39,414,FULL,2026-08-31
CUST000224,SALARIED_URBAN,Ahmedabad,GJ,23.023,72.571,DVC-86822ab85b,3,1306.55,605.65,27,1956,FULL,2026-08-31
CUST000225,SALARIED_URBAN,Jaipur,RJ,26.912,75.787,DVC-02d9efd0f2,1,1442.21,751.93,41,2276,FULL,2026-08-31
CUST000226,AFFLUENT,Hyderabad,TG,17.385,78.487,DVC-3f01416edb,2,11780.74,3402.35,30,247,FULL,2026-08-31
CUST000227,SALARIED_URBAN,Delhi,DL,28.614,77.209,DVC-8d71f5d789,1,2200.07,983.16,24,1471,FULL,2026-08-31
CUST000228,SMALL_BUSINESS,Bengaluru,KA,12.972,77.594,DVC-09474a9360,2,4201.92,2024.75,31,182,FULL,2026-08-31
CUST000229,GIG_WORKER,Jaipur,RJ,26.912,75.787,DVC-d88b7ae2e7,1,636.68,439.75,25,2593,FULL,2026-08-31
CUST000230,GIG_WORKER,Guwahati,AS,26.145,91.736,DVC-005b2e2d37,1,891.46,539.82,48,240,FULL,2026-08-31
CUST000231,SALARIED_URBAN,Chandigarh,CH,30.734,76.779,DVC-94e5263608,1,2506.38,1000.68,40,319,FULL,2026-08-31
CUST000232,GIG_WORKER,Guwahati,AS,26.145,91.736,DVC-2e96c697bd,1,489.83,316.5,56,2608,FULL,2026-08-31
CUST000233,GIG_WORKER,Delhi,DL,28.614,77.209,DVC-b17d5987a7,2,667.16,330.63,36,1462,FULL,2026-08-31
CUST000234,GIG_WORKER,Panaji,GA,15.491,73.828,DVC-0612b1970f,3,669.66,298.12,39,2466,FULL,2026-08-31
CUST000235,SMALL_BUSINESS,Indore,MP,22.72,75.858,DVC-3c3790d0db,2,4701.74,2507.59,33,740,FULL,2026-08-31
CUST000236,SMALL_BUSINESS,Kolkata,WB,22.573,88.364,DVC-deb406c512,1,4320.85,1515.74,45,2870,MIN,2026-08-31
CUST000237,STUDENT,Bengaluru,KA,12.972,77.594,DVC-4034e93470,2,324.84,200.0,26,618,FULL,2026-08-31
CUST000238,SALARIED_URBAN,Guwahati,AS,26.145,91.736,DVC-c871bb3645,1,2071.53,1098.53,54,1530,MIN,2026-08-31
CUST000239,SALARIED_URBAN,Kochi,KL,9.932,76.267,DVC-0bfc31a92d,2,1059.33,383.11,15,1133,FULL,2026-08-31
CUST000240,SMALL_BUSINESS,Delhi,DL,28.614,77.209,DVC-6c83ad4356,1,4013.33,1701.43,49,526,FULL,2026-08-31
CUST000241,GIG_WORKER,Ahmedabad,GJ,23.023,72.571,DVC-0716dd4ba0,2,722.14,434.5,17,1882,MIN,2026-08-31
CUST000242,SALARIED_URBAN,Nagpur,MH,21.146,79.088,DVC-fa26c5b61a,1,1145.77,628.9,45,2061,FULL,2026-08-31
CUST000243,SALARIED_URBAN,Nagpur,MH,21.146,79.088,DVC-c43bcba392,2,1700.46,843.46,35,2864,FULL,2026-08-31
CUST000244,SALARIED_URBAN,Kochi,KL,9.932,76.267,DVC-f5aed6e14b,1,1022.27,446.43,33,406,FULL,2026-08-31
CUST000245,STUDENT,Guwahati,AS,26.145,91.736,DVC-166c0412e6,2,246.87,112.26,40,727,FULL,2026-08-31
CUST000246,SMALL_BUSINESS,Hyderabad,TG,17.385,78.487,DVC-c9e35216d9,1,3799.58,2074.56,41,2148,FULL,2026-08-31
CUST000247,STUDENT,Mumbai,MH,19.076,72.877,DVC-0d1c7b8a21,2,191.05,111.52,48,1843,FULL,2026-08-31
CUST000248,SALARIED_URBAN,Delhi,DL,28.614,77.209,DVC-e396ac35fa,1,1223.62,593.08,51,1615,FULL,2026-08-31
CUST000249,GIG_WORKER,Kolkata,WB,22.573,88.364,DVC-ace4d4d447,2,953.38,410.91,51,366,FULL,2026-08-31
CUST000250,SALARIED_URBAN,Chandigarh,CH,30.734,76.779,DVC-ac5af7b775,2,2480.92,892.06,54,2268,FULL,2026-08-31
CUST000251,GIG_WORKER,Indore,MP,22.72,75.858,DVC-0b43527365,1,726.79,432.51,49,669,MIN,2026-08-31
CUST000252,GIG_WORKER,Lucknow,UP,26.847,80.947,DVC-147499af0f,1,449.05,276.76,63,1081,FULL,2026-08-31
CUST000253,GIG_WORKER,Hyderabad,TG,17.385,78.487,DVC-18d4fed6a1,2,843.25,526.71,29,2500,FULL,2026-08-31
CUST000254,GIG_WORKER,Pune,MH,18.52,73.857,DVC-2b5db92274,2,409.36,203.25,30,501,FULL,2026-08-31
CUST000255,SMALL_BUSINESS,Indore,MP,22.72,75.858,DVC-b60da96033,1,3046.44,1643.97,40,2376,FULL,2026-08-31
CUST000256,SALARIED_URBAN,Bengaluru,KA,12.972,77.594,DVC-3f05c17611,1,983.68,430.69,13,1177,FULL,2026-08-31
CUST000257,SALARIED_URBAN,Chandigarh,CH,30.734,76.779,DVC-5e5732357b,3,2595.17,1043.14,18,2067,FULL,2026-08-31
CUST000258,SMALL_BUSINESS,Bengaluru,KA,12.972,77.594,DVC-a3af788fe5,1,5490.32,2093.44,63,1675,FULL,2026-08-31
CUST000259,SALARIED_URBAN,Panaji,GA,15.491,73.828,DVC-f77b1274d2,3,2482.11,1062.4,42,1084,FULL,2026-08-31
CUST000260,SALARIED_URBAN,Chennai,TN,13.083,80.27,DVC-d328d60363,1,1195.92,414.22,33,1632,FULL,2026-08-31
CUST000261,SMALL_BUSINESS,Kolkata,WB,22.573,88.364,DVC-50e545b538,1,7268.48,3893.46,27,1228,FULL,2026-08-31
CUST000262,SMALL_BUSINESS,Kochi,KL,9.932,76.267,DVC-4d62b8d59f,2,6896.02,2635.81,40,525,FULL,2026-08-31
CUST000263,SALARIED_URBAN,Guwahati,AS,26.145,91.736,DVC-ab0db538bc,1,1419.72,575.6,13,935,FULL,2026-08-31
CUST000264,SALARIED_URBAN,Chandigarh,CH,30.734,76.779,DVC-ea5896b7e9,1,1936.57,1009.57,27,2146,FULL,2026-08-31
CUST000265,AFFLUENT,Pune,MH,18.52,73.857,DVC-d8d6e3afe8,3,11281.79,4902.35,47,2891,FULL,2026-08-31
CUST000266,STUDENT,Ahmedabad,GJ,23.023,72.571,DVC-761c983e38,1,289.78,194.66,33,2598,FULL,2026-08-31
CUST000267,SALARIED_URBAN,Guwahati,AS,26.145,91.736,DVC-c69a23a7a2,2,2425.43,859.82,31,323,FULL,2026-08-31
CUST000268,SALARIED_URBAN,Bengaluru,KA,12.972,77.594,DVC-694bf6633e,2,1873.83,701.32,48,794,FULL,2026-08-31
CUST000269,SMALL_BUSINESS,Kochi,KL,9.932,76.267,DVC-b7f34e426f,1,5567.01,2728.37,67,2845,FULL,2026-08-31
CUST000270,GIG_WORKER,Guwahati,AS,26.145,91.736,DVC-76a13873bf,1,818.56,393.96,43,2074,FULL,2026-08-31
CUST000271,AFFLUENT,Guwahati,AS,26.145,91.736,DVC-9a721fae54,1,7684.86,2845.76,31,1730,FULL,2026-08-31
CUST000272,SALARIED_URBAN,Indore,MP,22.72,75.858,DVC-33c4cb06fc,1,1836.93,950.38,31,1671,FULL,2026-08-31
CUST000273,GIG_WORKER,Indore,MP,22.72,75.858,DVC-194f00b602,3,474.18,248.49,49,2230,FULL,2026-08-31
CUST000274,SALARIED_URBAN,Pune,MH,18.52,73.857,DVC-96782a9ccd,3,1604.54,531.99,26,806,FULL,2026-08-31
CUST000275,STUDENT,Hyderabad,TG,17.385,78.487,DVC-c2bb8b9755,3,338.67,206.85,33,2839,FULL,2026-08-31
CUST000276,SMALL_BUSINESS,Nagpur,MH,21.146,79.088,DVC-42ca126e00,2,4583.59,2150.12,31,1733,FULL,2026-08-31
CUST000277,SALARIED_URBAN,Lucknow,UP,26.847,80.947,DVC-211d75ced7,1,2117.74,986.95,57,2686,FULL,2026-08-31
CUST000278,SALARIED_URBAN,Jaipur,RJ,26.912,75.787,DVC-936bd298e3,2,1984.25,789.75,20,2547,FULL,2026-08-31
CUST000279,AFFLUENT,Jaipur,RJ,26.912,75.787,DVC-0fe5a259dc,3,16531.81,5130.7,23,950,FULL,2026-08-31
CUST000280,SMALL_BUSINESS,Lucknow,UP,26.847,80.947,DVC-c66059970a,1,3539.79,1267.04,48,1332,FULL,2026-08-31
CUST000281,SMALL_BUSINESS,Panaji,GA,15.491,73.828,DVC-d88e7abaf4,2,7455.47,3688.81,51,209,FULL,2026-08-31
CUST000282,SALARIED_URBAN,Kochi,KL,9.932,76.267,DVC-55ad9569ef,2,2402.88,903.23,42,430,FULL,2026-08-31
CUST000283,SALARIED_URBAN,Kolkata,WB,22.573,88.364,DVC-2761c5dd3e,3,1314.74,464.76,8,1529,FULL,2026-08-31
CUST000284,STUDENT,Guwahati,AS,26.145,91.736,DVC-f3a858485d,1,589.62,333.78,34,300,MIN,2026-08-31
CUST000285,SALARIED_URBAN,Delhi,DL,28.614,77.209,DVC-c76851947f,3,2420.95,1174.79,32,2042,FULL,2026-08-31
CUST000286,GIG_WORKER,Panaji,GA,15.491,73.828,DVC-e78ed2cb97,2,1087.67,532.34,41,1359,FULL,2026-08-31
CUST000287,STUDENT,Jaipur,RJ,26.912,75.787,DVC-f89ff4f7d9,1,248.43,115.38,17,2233,FULL,2026-08-31
CUST000288,SMALL_BUSINESS,Indore,MP,22.72,75.858,DVC-b17d9d4242,2,4858.34,2410.15,34,2472,FULL,2026-08-31
CUST000289,SMALL_BUSINESS,Chennai,TN,13.083,80.27,DVC-f19055d3f6,2,4369.82,2336.68,33,2428,FULL,2026-08-31
CUST000290,GIG_WORKER,Pune,MH,18.52,73.857,DVC-3f1f4fd41d,2,889.07,561.88,44,183,FULL,2026-08-31
CUST000291,GIG_WORKER,Ahmedabad,GJ,23.023,72.571,DVC-5fe9f0378c,1,722.79,305.67,27,1263,FULL,2026-08-31
CUST000292,SALARIED_URBAN,Ahmedabad,GJ,23.023,72.571,DVC-f4108c8252,1,1183.22,429.6,25,349,FULL,2026-08-31
CUST000293,SALARIED_URBAN,Mumbai,MH,19.076,72.877,DVC-7a965d3768,1,1834.3,838.57,70,1845,FULL,2026-08-31
CUST000294,GIG_WORKER,Kochi,KL,9.932,76.267,DVC-a8461f2ab0,1,526.64,235.79,34,2644,FULL,2026-08-31
CUST000295,GIG_WORKER,Chandigarh,CH,30.734,76.779,DVC-25fca93a26,2,596.57,378.9,42,2366,FULL,2026-08-31
CUST000296,SMALL_BUSINESS,Panaji,GA,15.491,73.828,DVC-1e3ec9df30,1,3637.11,1716.09,44,262,FULL,2026-08-31
CUST000297,STUDENT,Hyderabad,TG,17.385,78.487,DVC-c5a57d64d4,1,554.58,391.03,59,1339,FULL,2026-08-31
CUST000298,SMALL_BUSINESS,Mumbai,MH,19.076,72.877,DVC-6f66d6600d,1,4134.41,1781.14,71,118,FULL,2026-08-31
CUST000299,SMALL_BUSINESS,Kolkata,WB,22.573,88.364,DVC-013afc3641,2,3010.37,1550.6,49,1321,FULL,2026-08-31
CUST000300,SALARIED_URBAN,Indore,MP,22.72,75.858,DVC-0f5d850a74,2,2444.12,1317.62,34,148,FULL,2026-08-31
CUST000301,GIG_WORKER,Nagpur,MH,21.146,79.088,DVC-1f7069dfc6,2,679.74,403.37,23,2696,FULL,2026-08-31
CUST000302,SALARIED_URBAN,Panaji,GA,15.491,73.828,DVC-c7d7f3b0d5,1,1145.49,418.84,26,1514,FULL,2026-08-31
CUST000303,STUDENT,Panaji,GA,15.491,73.828,DVC-82816bb0d9,2,527.36,312.47,39,901,FULL,2026-08-31
CUST000304,SALARIED_URBAN,Panaji,GA,15.491,73.828,DVC-87e3472154,1,1754.25,879.72,7,749,FULL,2026-08-31
CUST000305,SALARIED_URBAN,Pune,MH,18.52,73.857,DVC-90bdec04a3,1,1604.92,568.2,5,1216,FULL,2026-08-31
CUST000306,SALARIED_URBAN,Guwahati,AS,26.145,91.736,DVC-f4d52b0206,2,1363.63,709.39,19,1595,FULL,2026-08-31
CUST000307,SALARIED_URBAN,Delhi,DL,28.614,77.209,DVC-8df6022648,2,2043.76,952.32,33,99,FULL,2026-08-31
CUST000308,SALARIED_URBAN,Ahmedabad,GJ,23.023,72.571,DVC-295f47770b,1,2363.07,1220.56,52,1022,FULL,2026-08-31
CUST000309,SMALL_BUSINESS,Delhi,DL,28.614,77.209,DVC-89ce0a7a73,1,6934.06,3299.8,40,1455,FULL,2026-08-31
CUST000310,AFFLUENT,Kochi,KL,9.932,76.267,DVC-543fe508f9,2,15296.93,4982.86,35,164,FULL,2026-08-31
CUST000311,SALARIED_URBAN,Bengaluru,KA,12.972,77.594,DVC-a1827343d7,1,2521.71,1188.72,44,1178,FULL,2026-08-31
CUST000312,SALARIED_URBAN,Hyderabad,TG,17.385,78.487,DVC-8da626766b,1,2322.47,1105.86,26,1590,FULL,2026-08-31
CUST000313,STUDENT,Panaji,GA,15.491,73.828,DVC-795939562b,2,454.62,208.05,56,1070,FULL,2026-08-31
CUST000314,GIG_WORKER,Guwahati,AS,26.145,91.736,DVC-1f54da7542,1,1087.66,617.65,44,1764,FULL,2026-08-31
CUST000315,AFFLUENT,Pune,MH,18.52,73.857,DVC-b4841bf70d,1,7832.31,1960.44,30,1420,FULL,2026-08-31
CUST000316,AFFLUENT,Pune,MH,18.52,73.857,DVC-6a281abf7a,1,9720.4,4259.66,40,2408,FULL,2026-08-31
CUST000317,AFFLUENT,Guwahati,AS,26.145,91.736,DVC-236946ca72,3,15621.81,6588.91,4,1926,FULL,2026-08-31
CUST000318,SALARIED_URBAN,Kolkata,WB,22.573,88.364,DVC-f28214e6df,1,2046.39,965.32,49,591,FULL,2026-08-31
CUST000319,STUDENT,Pune,MH,18.52,73.857,DVC-4507f94fd6,1,355.32,184.85,25,2483,FULL,2026-08-31
CUST000320,SALARIED_URBAN,Guwahati,AS,26.145,91.736,DVC-05f8ee3cf6,1,950.14,401.84,57,1249,FULL,2026-08-31
CUST000321,SALARIED_URBAN,Chennai,TN,13.083,80.27,DVC-87ebaa863c,1,2271.99,862.89,63,2490,FULL,2026-08-31
CUST000322,AFFLUENT,Panaji,GA,15.491,73.828,DVC-464204cc96,1,4684.15,1516.81,51,1829,FULL,2026-08-31
CUST000323,GIG_WORKER,Lucknow,UP,26.847,80.947,DVC-a7ba32ade4,1,970.05,426.52,38,1261,FULL,2026-08-31
CUST000324,STUDENT,Guwahati,AS,26.145,91.736,DVC-df5e86e959,2,634.5,401.62,24,2033,FULL,2026-08-31
CUST000325,SMALL_BUSINESS,Kolkata,WB,22.573,88.364,DVC-4545d1ae91,1,4081.19,1647.49,34,2599,FULL,2026-08-31
CUST000326,AFFLUENT,Kochi,KL,9.932,76.267,DVC-0d87a747e6,3,14356.03,5690.78,22,2737,FULL,2026-08-31
CUST000327,SALARIED_URBAN,Hyderabad,TG,17.385,78.487,DVC-f526b8d1a3,1,2199.57,1176.83,44,308,FULL,2026-08-31
CUST000328,STUDENT,Chennai,TN,13.083,80.27,DVC-44a67588a5,1,302.95,184.59,12,1654,FULL,2026-08-31
CUST000329,SALARIED_URBAN,Mumbai,MH,19.076,72.877,DVC-d484575e07,1,2130.67,738.68,22,1387,FULL,2026-08-31
CUST000330,SMALL_BUSINESS,Jaipur,RJ,26.912,75.787,DVC-f7a83d7cec,1,4849.86,2136.99,24,2011,FULL,2026-08-31
CUST000331,SMALL_BUSINESS,Jaipur,RJ,26.912,75.787,DVC-760889b47a,2,6598.89,2386.24,27,2286,FULL,2026-08-31
CUST000332,SMALL_BUSINESS,Indore,MP,22.72,75.858,DVC-8feb43bbef,3,3057.22,1726.67,22,602,FULL,2026-08-31
CUST000333,GIG_WORKER,Chandigarh,CH,30.734,76.779,DVC-4b0c946e21,1,990.11,592.56,38,61,FULL,2026-08-31
CUST000334,SMALL_BUSINESS,Chennai,TN,13.083,80.27,DVC-1ea63a7957,2,2269.61,819.32,20,2208,FULL,2026-08-31
CUST000335,SALARIED_URBAN,Chandigarh,CH,30.734,76.779,DVC-3be3c434cf,1,1742.22,886.08,29,1634,FULL,2026-08-31
CUST000336,GIG_WORKER,Chennai,TN,13.083,80.27,DVC-78a61e1473,2,384.98,177.41,4,1762,FULL,2026-08-31
CUST000337,STUDENT,Lucknow,UP,26.847,80.947,DVC-6cb5cdea56,1,611.87,421.68,51,2757,FULL,2026-08-31
CUST000338,SALARIED_URBAN,Nagpur,MH,21.146,79.088,DVC-efd16c065f,1,1776.26,618.61,30,169,FULL,2026-08-31
CUST000339,SMALL_BUSINESS,Kochi,KL,9.932,76.267,DVC-d45b34c1c5,1,2205.28,1274.39,54,2887,FULL,2026-08-31
CUST000340,SMALL_BUSINESS,Chennai,TN,13.083,80.27,DVC-db4eb87df6,1,7117.26,2807.53,46,677,MIN,2026-08-31
CUST000341,STUDENT,Nagpur,MH,21.146,79.088,DVC-4cdc8b28e0,1,307.33,185.13,31,568,FULL,2026-08-31
CUST000342,AFFLUENT,Lucknow,UP,26.847,80.947,DVC-9bbd1fff7d,2,10486.88,4517.18,4,615,FULL,2026-08-31
CUST000343,SALARIED_URBAN,Pune,MH,18.52,73.857,DVC-25c80a8839,1,2331.61,1257.17,66,1918,FULL,2026-08-31
CUST000344,SALARIED_URBAN,Nagpur,MH,21.146,79.088,DVC-9fdf9469ac,2,1543.57,802.97,30,2317,FULL,2026-08-31
CUST000345,STUDENT,Ahmedabad,GJ,23.023,72.571,DVC-001f055877,2,537.92,397.94,16,1131,FULL,2026-08-31
CUST000346,AFFLUENT,Guwahati,AS,26.145,91.736,DVC-07cc62a6e9,2,5637.47,2385.03,27,237,FULL,2026-08-31
CUST000347,SALARIED_URBAN,Ahmedabad,GJ,23.023,72.571,DVC-be270de5a3,1,1539.09,469.59,32,2222,FULL,2026-08-31
CUST000348,SALARIED_URBAN,Delhi,DL,28.614,77.209,DVC-1e482e7b80,1,1934.26,886.99,55,1038,FULL,2026-08-31
CUST000349,SMALL_BUSINESS,Ahmedabad,GJ,23.023,72.571,DVC-d252aa205c,2,2910.71,1599.62,43,2150,FULL,2026-08-31
CUST000350,STUDENT,Delhi,DL,28.614,77.209,DVC-5e619b4fbc,1,235.05,122.67,40,2360,FULL,2026-08-31
CUST000351,AFFLUENT,Ahmedabad,GJ,23.023,72.571,DVC-20e67274c0,1,5421.73,1410.64,23,1140,FULL,2026-08-31
CUST000352,SMALL_BUSINESS,Panaji,GA,15.491,73.828,DVC-63ca1be1a8,3,4312.24,1815.45,34,1368,FULL,2026-08-31
CUST000353,GIG_WORKER,Chandigarh,CH,30.734,76.779,DVC-e3bf3fcd73,2,1004.62,425.49,27,829,FULL,2026-08-31
CUST000354,GIG_WORKER,Nagpur,MH,21.146,79.088,DVC-2c67ab643f,1,557.28,251.83,48,2296,FULL,2026-08-31
CUST000355,SALARIED_URBAN,Kolkata,WB,22.573,88.364,DVC-033b28a212,1,1697.72,903.75,55,186,FULL,2026-08-31
CUST000356,SALARIED_URBAN,Kochi,KL,9.932,76.267,DVC-dce1c5fa19,1,910.66,411.2,38,2656,FULL,2026-08-31
CUST000357,SALARIED_URBAN,Kolkata,WB,22.573,88.364,DVC-2c068c21b0,2,2043.28,800.67,38,553,FULL,2026-08-31
CUST000358,STUDENT,Nagpur,MH,21.146,79.088,DVC-0fac5fc4e7,1,570.37,328.85,36,298,FULL,2026-08-31
CUST000359,SALARIED_URBAN,Chandigarh,CH,30.734,76.779,DVC-a441fc28e9,2,1415.86,619.79,40,1193,FULL,2026-08-31
CUST000360,STUDENT,Chennai,TN,13.083,80.27,DVC-cea5fb72fc,1,528.31,344.32,25,883,FULL,2026-08-31
CUST000361,STUDENT,Pune,MH,18.52,73.857,DVC-603a45b7fd,1,326.35,175.1,36,1980,FULL,2026-08-31
CUST000362,SMALL_BUSINESS,Mumbai,MH,19.076,72.877,DVC-77784354f8,2,6944.92,3956.27,47,343,FULL,2026-08-31
CUST000363,AFFLUENT,Indore,MP,22.72,75.858,DVC-8a373b8e86,2,5519.11,2080.38,46,488,MIN,2026-08-31
CUST000364,AFFLUENT,Indore,MP,22.72,75.858,DVC-01303b3821,2,14625.89,3902.81,14,2228,FULL,2026-08-31
CUST000365,SALARIED_URBAN,Jaipur,RJ,26.912,75.787,DVC-78227f50e7,3,1388.77,508.04,44,695,FULL,2026-08-31
CUST000366,SALARIED_URBAN,Nagpur,MH,21.146,79.088,DVC-d4aad53b98,2,1026.01,534.84,71,2643,FULL,2026-08-31
CUST000367,SMALL_BUSINESS,Kochi,KL,9.932,76.267,DVC-11152a183c,1,7051.52,3656.36,58,715,FULL,2026-08-31
CUST000368,GIG_WORKER,Mumbai,MH,19.076,72.877,DVC-19388be8d3,1,841.43,582.51,72,1302,FULL,2026-08-31
CUST000369,SALARIED_URBAN,Chennai,TN,13.083,80.27,DVC-700dfad8bb,3,1375.15,542.92,16,1826,FULL,2026-08-31
CUST000370,SMALL_BUSINESS,Kolkata,WB,22.573,88.364,DVC-dab998475e,2,3820.07,2020.9,49,236,FULL,2026-08-31
CUST000371,SMALL_BUSINESS,Hyderabad,TG,17.385,78.487,DVC-5dd25719ae,1,4310.88,2034.84,39,548,FULL,2026-08-31
CUST000372,STUDENT,Mumbai,MH,19.076,72.877,DVC-8b90f5f749,1,505.66,259.44,44,1719,FULL,2026-08-31
CUST000373,SMALL_BUSINESS,Nagpur,MH,21.146,79.088,DVC-26aac2de7a,2,3018.1,1738.48,12,1165,FULL,2026-08-31
CUST000374,SALARIED_URBAN,Chennai,TN,13.083,80.27,DVC-b578245589,2,2291.08,702.95,32,1306,FULL,2026-08-31
CUST000375,STUDENT,Nagpur,MH,21.146,79.088,DVC-0c71daa1c3,1,641.32,452.51,60,1366,FULL,2026-08-31
CUST000376,AFFLUENT,Lucknow,UP,26.847,80.947,DVC-141e9749d2,1,15446.94,4660.66,22,810,MIN,2026-08-31
CUST000377,SALARIED_URBAN,Kolkata,WB,22.573,88.364,DVC-54842cdc2a,1,922.76,468.79,33,509,FULL,2026-08-31
CUST000378,GIG_WORKER,Nagpur,MH,21.146,79.088,DVC-2a49979cba,1,641.51,294.15,11,2192,FULL,2026-08-31
CUST000379,STUDENT,Kolkata,WB,22.573,88.364,DVC-78b9681653,1,239.02,114.1,53,168,FULL,2026-08-31
CUST000380,SMALL_BUSINESS,Indore,MP,22.72,75.858,DVC-1ecc94d5be,2,4476.64,2343.48,21,979,FULL,2026-08-31
CUST000381,STUDENT,Delhi,DL,28.614,77.209,DVC-2904450b69,1,615.3,348.32,21,845,FULL,2026-08-31
CUST000382,SALARIED_URBAN,Delhi,DL,28.614,77.209,DVC-ef1bad9b96,1,1756.16,907.77,37,1959,FULL,2026-08-31
CUST000383,GIG_WORKER,Guwahati,AS,26.145,91.736,DVC-abc291e809,1,527.76,333.38,45,1572,FULL,2026-08-31
CUST000384,SALARIED_URBAN,Panaji,GA,15.491,73.828,DVC-5ca1e626cc,1,1120.68,435.12,50,2203,FULL,2026-08-31
CUST000385,SALARIED_URBAN,Pune,MH,18.52,73.857,DVC-db873bc4f2,1,1694.7,541.97,37,2811,FULL,2026-08-31
CUST000386,GIG_WORKER,Kochi,KL,9.932,76.267,DVC-0e339fceee,1,579.4,287.6,22,305,FULL,2026-08-31
CUST000387,STUDENT,Kochi,KL,9.932,76.267,DVC-0fafe44533,2,530.67,371.05,47,2628,FULL,2026-08-31
CUST000388,AFFLUENT,Mumbai,MH,19.076,72.877,DVC-14f4df1a12,3,17098.0,6382.67,17,2738,MIN,2026-08-31
CUST000389,SMALL_BUSINESS,Guwahati,AS,26.145,91.736,DVC-c38536d5ef,2,7157.28,3489.72,22,151,FULL,2026-08-31
CUST000390,STUDENT,Chennai,TN,13.083,80.27,DVC-50684209b3,1,381.09,174.46,46,432,FULL,2026-08-31
CUST000391,SALARIED_URBAN,Kochi,KL,9.932,76.267,DVC-491f660913,2,923.31,491.28,44,1859,FULL,2026-08-31
CUST000392,SMALL_BUSINESS,Indore,MP,22.72,75.858,DVC-836416c945,2,6802.54,4046.61,66,2242,FULL,2026-08-31
CUST000393,SMALL_BUSINESS,Hyderabad,TG,17.385,78.487,DVC-68cb9a37b8,2,2976.02,1275.13,25,2639,FULL,2026-08-31
CUST000394,GIG_WORKER,Nagpur,MH,21.146,79.088,DVC-6a2c33917b,2,813.48,477.8,38,605,FULL,2026-08-31
CUST000395,SALARIED_URBAN,Nagpur,MH,21.146,79.088,DVC-49b8904c7f,1,1447.89,655.88,23,1923,FULL,2026-08-31
CUST000396,GIG_WORKER,Kochi,KL,9.932,76.267,DVC-d3ac2b439f,1,1011.9,416.3,46,155,FULL,2026-08-31
CUST000397,SALARIED_URBAN,Ahmedabad,GJ,23.023,72.571,DVC-8cb9378bb9,1,1802.93,558.16,22,2891,FULL,2026-08-31
CUST000398,SALARIED_URBAN,Chandigarh,CH,30.734,76.779,DVC-b5bc1b8797,2,1663.16,798.92,49,2597,FULL,2026-08-31
CUST000399,AFFLUENT,Indore,MP,22.72,75.858,DVC-5f725529ca,2,14993.93,4589.22,38,1871,MIN,2026-08-31
CUST000400,SMALL_BUSINESS,Jaipur,RJ,26.912,75.787,DVC-b10a17fa52,2,4442.48,2156.05,56,2696,FULL,2026-08-31
CUST000401,STUDENT,Indore,MP,22.72,75.858,DVC-5357399df0,3,542.31,304.63,52,2501,FULL,2026-08-31
CUST000402,GIG_WORKER,Nagpur,MH,21.146,79.088,DVC-8d4ad600ba,3,713.16,304.71,53,2591,FULL,2026-08-31
CUST000403,SALARIED_URBAN,Kochi,KL,9.932,76.267,DVC-ee6f38b5e9,1,963.73,325.49,19,2430,FULL,2026-08-31
CUST000404,SALARIED_URBAN,Delhi,DL,28.614,77.209,DVC-31bbb67ff4,1,1421.96,644.74,43,687,FULL,2026-08-31
CUST000405,SALARIED_URBAN,Kolkata,WB,22.573,88.364,DVC-1668974503,1,2361.0,889.47,26,2852,FULL,2026-08-31
CUST000406,GIG_WORKER,Chandigarh,CH,30.734,76.779,DVC-bb225c1761,1,1030.16,669.62,20,337,FULL,2026-08-31
CUST000407,AFFLUENT,Kolkata,WB,22.573,88.364,DVC-ce8fa6e6d3,2,7854.4,2245.16,72,2363,FULL,2026-08-31
CUST000408,SALARIED_URBAN,Pune,MH,18.52,73.857,DVC-a0564d8831,2,1433.49,761.1,30,1054,FULL,2026-08-31
CUST000409,STUDENT,Delhi,DL,28.614,77.209,DVC-ccbdae1013,1,374.69,198.12,57,339,FULL,2026-08-31
CUST000410,SMALL_BUSINESS,Panaji,GA,15.491,73.828,DVC-856be78103,1,5523.67,2871.37,27,1992,FULL,2026-08-31
CUST000411,SALARIED_URBAN,Mumbai,MH,19.076,72.877,DVC-236076341d,2,2410.57,1099.9,4,1236,FULL,2026-08-31
CUST000412,SMALL_BUSINESS,Delhi,DL,28.614,77.209,DVC-cab49aafc3,3,2951.28,1529.94,40,2579,MIN,2026-08-31
CUST000413,SALARIED_URBAN,Jaipur,RJ,26.912,75.787,DVC-4460d422ae,2,1343.21,591.25,47,2107,FULL,2026-08-31
CUST000414,AFFLUENT,Guwahati,AS,26.145,91.736,DVC-8694452a4c,3,11332.63,4148.44,26,2145,FULL,2026-08-31
CUST000415,STUDENT,Nagpur,MH,21.146,79.088,DVC-7be7ece74e,3,341.32,230.15,48,122,FULL,2026-08-31
CUST000416,AFFLUENT,Kolkata,WB,22.573,88.364,DVC-2330382c01,1,11136.92,4377.12,40,2111,FULL,2026-08-31
CUST000417,GIG_WORKER,Mumbai,MH,19.076,72.877,DVC-cf1a87220a,1,500.42,243.67,34,691,FULL,2026-08-31
CUST000418,SMALL_BUSINESS,Jaipur,RJ,26.912,75.787,DVC-5632cdefbe,1,5161.46,2392.05,62,1943,FULL,2026-08-31
CUST000419,GIG_WORKER,Chandigarh,CH,30.734,76.779,DVC-fbf7d3504d,3,696.28,466.92,31,2529,FULL,2026-08-31
CUST000420,SMALL_BUSINESS,Delhi,DL,28.614,77.209,DVC-24231d01d4,1,5713.39,2202.26,47,2700,FULL,2026-08-31
CUST000421,SMALL_BUSINESS,Pune,MH,18.52,73.857,DVC-af44fac8ad,1,4008.95,1660.04,48,2717,FULL,2026-08-31
CUST000422,SMALL_BUSINESS,Chandigarh,CH,30.734,76.779,DVC-d770a7e85a,2,5147.13,2758.74,32,1290,FULL,2026-08-31
CUST000423,AFFLUENT,Bengaluru,KA,12.972,77.594,DVC-adafec5a33,1,13832.87,5556.38,31,2521,FULL,2026-08-31
CUST000424,GIG_WORKER,Pune,MH,18.52,73.857,DVC-536b540893,1,1090.66,506.76,32,2209,FULL,2026-08-31
CUST000425,AFFLUENT,Indore,MP,22.72,75.858,DVC-0a12a07778,1,6110.85,1622.68,17,2278,FULL,2026-08-31
CUST000426,SALARIED_URBAN,Kolkata,WB,22.573,88.364,DVC-a6b83d5653,2,1347.93,491.01,43,2544,FULL,2026-08-31
CUST000427,SALARIED_URBAN,Hyderabad,TG,17.385,78.487,DVC-4c61ce67d0,1,1716.08,648.72,43,1928,FULL,2026-08-31
CUST000428,SMALL_BUSINESS,Mumbai,MH,19.076,72.877,DVC-a6e3974ddf,3,5031.1,2546.04,19,439,FULL,2026-08-31
CUST000429,GIG_WORKER,Chennai,TN,13.083,80.27,DVC-c91bf6df4a,2,600.3,417.45,33,1100,FULL,2026-08-31
CUST000430,GIG_WORKER,Delhi,DL,28.614,77.209,DVC-089f56a068,1,516.26,293.32,37,1447,FULL,2026-08-31
CUST000431,SMALL_BUSINESS,Chennai,TN,13.083,80.27,DVC-64e5032907,1,6780.8,2403.84,42,2532,FULL,2026-08-31
CUST000432,SALARIED_URBAN,Pune,MH,18.52,73.857,DVC-72a89247a0,1,2112.71,914.01,43,2645,FULL,2026-08-31
CUST000433,AFFLUENT,Indore,MP,22.72,75.858,DVC-09f98ac661,2,11166.21,4159.67,42,2212,FULL,2026-08-31
CUST000434,SMALL_BUSINESS,Chandigarh,CH,30.734,76.779,DVC-5561d39e48,2,5743.26,3435.14,41,1381,FULL,2026-08-31
CUST000435,SMALL_BUSINESS,Lucknow,UP,26.847,80.947,DVC-ca26d74187,1,4462.09,2339.73,37,2428,FULL,2026-08-31
CUST000436,SMALL_BUSINESS,Kochi,KL,9.932,76.267,DVC-f3cf1ba4c2,1,6525.9,3441.01,39,1808,MIN,2026-08-31
CUST000437,SMALL_BUSINESS,Kochi,KL,9.932,76.267,DVC-aa276999bf,2,6751.97,3750.82,32,2585,FULL,2026-08-31
CUST000438,SMALL_BUSINESS,Lucknow,UP,26.847,80.947,DVC-02f9cf8d92,2,7470.11,4196.67,14,1853,FULL,2026-08-31
CUST000439,SALARIED_URBAN,Nagpur,MH,21.146,79.088,DVC-4e2280c8cc,1,1571.36,632.67,35,2766,FULL,2026-08-31
CUST000440,SALARIED_URBAN,Indore,MP,22.72,75.858,DVC-3178875906,1,2120.11,1014.65,46,1119,FULL,2026-08-31
CUST000441,GIG_WORKER,Nagpur,MH,21.146,79.088,DVC-b2b1f823de,3,573.19,317.72,49,984,FULL,2026-08-31
CUST000442,SMALL_BUSINESS,Indore,MP,22.72,75.858,DVC-a442a0322f,2,4256.22,1793.7,40,2226,FULL,2026-08-31
CUST000443,SALARIED_URBAN,Mumbai,MH,19.076,72.877,DVC-8dfa836f9b,3,2522.5,1167.99,36,1562,FULL,2026-08-31
CUST000444,GIG_WORKER,Panaji,GA,15.491,73.828,DVC-2f54657745,2,472.56,192.71,7,1184,FULL,2026-08-31
CUST000445,GIG_WORKER,Pune,MH,18.52,73.857,DVC-244a9e2c91,1,818.17,534.36,39,2744,FULL,2026-08-31
CUST000446,GIG_WORKER,Indore,MP,22.72,75.858,DVC-3893109331,3,640.43,377.36,63,2501,MIN,2026-08-31
CUST000447,SALARIED_URBAN,Kochi,KL,9.932,76.267,DVC-3f7365e323,1,1527.95,646.17,48,2529,FULL,2026-08-31
CUST000448,SALARIED_URBAN,Mumbai,MH,19.076,72.877,DVC-c88d96f390,1,2266.84,734.16,52,1121,FULL,2026-08-31
CUST000449,STUDENT,Mumbai,MH,19.076,72.877,DVC-15f06366ce,2,288.67,147.79,24,958,FULL,2026-08-31
CUST000450,SALARIED_URBAN,Ahmedabad,GJ,23.023,72.571,DVC-a08c6895ec,1,987.85,456.57,35,652,FULL,2026-08-31
CUST000451,AFFLUENT,Pune,MH,18.52,73.857,DVC-a1a5946a6f,2,14172.74,4433.37,47,230,FULL,2026-08-31
CUST000452,STUDENT,Lucknow,UP,26.847,80.947,DVC-04de8e8d14,1,497.06,234.82,30,1310,FULL,2026-08-31
CUST000453,SMALL_BUSINESS,Pune,MH,18.52,73.857,DVC-75f2955715,1,3134.01,1382.21,36,930,FULL,2026-08-31
CUST000454,GIG_WORKER,Guwahati,AS,26.145,91.736,DVC-92ddf07cbf,3,548.57,314.51,23,918,FULL,2026-08-31
CUST000455,SALARIED_URBAN,Delhi,DL,28.614,77.209,DVC-a2459ac5ba,1,2034.1,802.21,43,1128,FULL,2026-08-31
CUST000456,SALARIED_URBAN,Guwahati,AS,26.145,91.736,DVC-b391c9e2bf,2,1935.05,924.9,32,1594,FULL,2026-08-31
CUST000457,SALARIED_URBAN,Panaji,GA,15.491,73.828,DVC-77458184c8,1,1618.74,701.47,41,2730,FULL,2026-08-31
CUST000458,SMALL_BUSINESS,Guwahati,AS,26.145,91.736,DVC-24c3d54ef8,1,7079.2,3798.39,50,2253,FULL,2026-08-31
CUST000459,SMALL_BUSINESS,Hyderabad,TG,17.385,78.487,DVC-eff764da85,1,5000.71,2627.21,15,140,FULL,2026-08-31
CUST000460,GIG_WORKER,Indore,MP,22.72,75.858,DVC-8c479505ac,2,728.24,439.27,39,1296,FULL,2026-08-31
CUST000461,SMALL_BUSINESS,Kolkata,WB,22.573,88.364,DVC-cc994bb98e,1,3304.61,1160.33,48,2577,FULL,2026-08-31
CUST000462,GIG_WORKER,Chandigarh,CH,30.734,76.779,DVC-584e1aa2f7,3,1067.16,577.52,37,602,FULL,2026-08-31
CUST000463,SALARIED_URBAN,Pune,MH,18.52,73.857,DVC-8c1ee88fb2,1,1249.1,454.84,38,2457,FULL,2026-08-31
CUST000464,STUDENT,Hyderabad,TG,17.385,78.487,DVC-df87011691,1,288.46,206.83,17,2717,FULL,2026-08-31
CUST000465,SALARIED_URBAN,Indore,MP,22.72,75.858,DVC-2b9b32f819,1,1230.49,623.06,55,1545,FULL,2026-08-31
CUST000466,SALARIED_URBAN,Mumbai,MH,19.076,72.877,DVC-f76a23f859,1,1792.13,921.7,28,2586,FULL,2026-08-31
CUST000467,SALARIED_URBAN,Indore,MP,22.72,75.858,DVC-d7b86d0f9a,1,1455.26,446.52,43,1232,FULL,2026-08-31
CUST000468,STUDENT,Panaji,GA,15.491,73.828,DVC-a3301e01b5,1,252.66,168.6,57,727,FULL,2026-08-31
CUST000469,AFFLUENT,Pune,MH,18.52,73.857,DVC-40f278aefb,2,6393.5,2263.36,25,1698,FULL,2026-08-31
CUST000470,SALARIED_URBAN,Ahmedabad,GJ,23.023,72.571,DVC-2cca151309,2,2316.52,916.55,19,1940,FULL,2026-08-31
CUST000471,SALARIED_URBAN,Delhi,DL,28.614,77.209,DVC-2fdb107762,1,2250.57,743.37,39,954,FULL,2026-08-31
CUST000472,SALARIED_URBAN,Lucknow,UP,26.847,80.947,DVC-885650c12e,1,2531.36,1391.24,39,171,FULL,2026-08-31
CUST000473,AFFLUENT,Mumbai,MH,19.076,72.877,DVC-27a4972e4b,3,12257.13,5392.44,28,2210,FULL,2026-08-31
CUST000474,GIG_WORKER,Guwahati,AS,26.145,91.736,DVC-6db4ba1886,1,525.94,228.76,25,56,FULL,2026-08-31
CUST000475,GIG_WORKER,Nagpur,MH,21.146,79.088,DVC-52befea59e,2,472.27,306.49,16,1968,FULL,2026-08-31
CUST000476,SMALL_BUSINESS,Panaji,GA,15.491,73.828,DVC-25500cdaab,2,3900.86,2076.75,51,91,FULL,2026-08-31
CUST000477,STUDENT,Bengaluru,KA,12.972,77.594,DVC-39105b6597,1,564.31,297.32,9,2513,FULL,2026-08-31
CUST000478,SMALL_BUSINESS,Mumbai,MH,19.076,72.877,DVC-55396a1797,1,5594.37,2910.98,45,1101,FULL,2026-08-31
CUST000479,SMALL_BUSINESS,Chandigarh,CH,30.734,76.779,DVC-371183704a,1,4634.21,2434.94,46,2117,FULL,2026-08-31
CUST000480,SALARIED_URBAN,Panaji,GA,15.491,73.828,DVC-30e8fa73f4,2,1491.94,608.9,33,1056,FULL,2026-08-31
CUST000481,SMALL_BUSINESS,Pune,MH,18.52,73.857,DVC-f962866945,2,7105.36,2699.4,58,2048,FULL,2026-08-31
CUST000482,GIG_WORKER,Kolkata,WB,22.573,88.364,DVC-a261347408,1,853.11,358.22,25,794,FULL,2026-08-31
CUST000483,STUDENT,Nagpur,MH,21.146,79.088,DVC-b104a66399,1,489.23,275.87,55,1923,FULL,2026-08-31
CUST000484,SALARIED_URBAN,Chandigarh,CH,30.734,76.779,DVC-7c0ae32914,1,1993.08,633.42,18,2896,FULL,2026-08-31
CUST000485,GIG_WORKER,Bengaluru,KA,12.972,77.594,DVC-b8d2b105f9,2,561.13,376.71,59,538,FULL,2026-08-31
CUST000486,SALARIED_URBAN,Bengaluru,KA,12.972,77.594,DVC-f2ba985eb6,2,1074.06,367.8,28,1772,FULL,2026-08-31
CUST000487,SALARIED_URBAN,Ahmedabad,GJ,23.023,72.571,DVC-44b94a01c0,1,2008.58,889.85,53,1438,FULL,2026-08-31
CUST000488,SMALL_BUSINESS,Bengaluru,KA,12.972,77.594,DVC-71bec37917,2,3248.54,1739.96,30,2354,FULL,2026-08-31
CUST000489,STUDENT,Mumbai,MH,19.076,72.877,DVC-de74000348,2,339.78,226.49,32,1570,FULL,2026-08-31
CUST000490,SALARIED_URBAN,Panaji,GA,15.491,73.828,DVC-254f68ac44,1,1802.96,827.78,35,1828,FULL,2026-08-31
CUST000491,GIG_WORKER,Chandigarh,CH,30.734,76.779,DVC-dbb0e3cd56,1,436.77,248.66,18,1959,FULL,2026-08-31
CUST000492,GIG_WORKER,Nagpur,MH,21.146,79.088,DVC-34424aee0e,2,1069.18,728.66,58,147,FULL,2026-08-31
CUST000493,AFFLUENT,Guwahati,AS,26.145,91.736,DVC-c540889825,1,8154.79,3615.96,13,2827,FULL,2026-08-31
CUST000494,GIG_WORKER,Pune,MH,18.52,73.857,DVC-2ca4b6b311,2,1091.48,539.59,34,2603,FULL,2026-08-31
CUST000495,GIG_WORKER,Chandigarh,CH,30.734,76.779,DVC-b1253ce033,1,1087.82,490.31,58,2852,FULL,2026-08-31
CUST000496,STUDENT,Delhi,DL,28.614,77.209,DVC-9ae193e00b,1,290.53,187.17,37,936,FULL,2026-08-31
CUST000497,SALARIED_URBAN,Chennai,TN,13.083,80.27,DVC-51acbb6fd8,1,1698.71,676.97,74,1117,FULL,2026-08-31
CUST000498,SALARIED_URBAN,Mumbai,MH,19.076,72.877,DVC-ba0c3780e7,2,2243.32,879.45,42,1084,MIN,2026-08-31
CUST000499,AFFLUENT,Guwahati,AS,26.145,91.736,DVC-89ca40d347,1,8601.39,2252.21,47,1773,FULL,2026-08-31
CUST000500,SALARIED_URBAN,Pune,MH,18.52,73.857,DVC-ea407add5c,1,1720.73,942.57,26,2406,FULL,2026-08-31
CUST000501,GIG_WORKER,Mumbai,MH,19.076,72.877,DVC-13016227dc,2,435.3,256.19,46,2450,FULL,2026-08-31
CUST000502,STUDENT,Kochi,KL,9.932,76.267,DVC-cb6f094c23,3,545.05,283.24,26,314,FULL,2026-08-31
CUST000503,SALARIED_URBAN,Indore,MP,22.72,75.858,DVC-59669c635b,3,2017.76,616.02,52,1175,FULL,2026-08-31
CUST000504,SMALL_BUSINESS,Mumbai,MH,19.076,72.877,DVC-97f75de7b4,2,3210.97,1639.9,33,482,FULL,2026-08-31
CUST000505,SMALL_BUSINESS,Kolkata,WB,22.573,88.364,DVC-4697e2beee,2,2338.46,836.28,14,1279,FULL,2026-08-31
CUST000506,SALARIED_URBAN,Guwahati,AS,26.145,91.736,DVC-8c4fe7d7cb,1,2122.97,826.92,48,1456,FULL,2026-08-31
CUST000507,STUDENT,Kolkata,WB,22.573,88.364,DVC-349aa31db3,3,350.82,231.79,30,439,FULL,2026-08-31
CUST000508,AFFLUENT,Kochi,KL,9.932,76.267,DVC-8150a4b419,1,15281.88,4095.69,42,2050,FULL,2026-08-31
CUST000509,SALARIED_URBAN,Indore,MP,22.72,75.858,DVC-b4288f3210,2,1499.62,595.49,43,1621,FULL,2026-08-31
CUST000510,SMALL_BUSINESS,Kochi,KL,9.932,76.267,DVC-33ff413d28,1,7387.74,3953.46,41,2529,FULL,2026-08-31
CUST000511,SALARIED_URBAN,Mumbai,MH,19.076,72.877,DVC-ea4493822c,3,2558.18,775.9,29,1905,FULL,2026-08-31
CUST000512,SMALL_BUSINESS,Bengaluru,KA,12.972,77.594,DVC-b866d85149,3,6336.95,2688.97,30,1513,FULL,2026-08-31
CUST000513,SALARIED_URBAN,Lucknow,UP,26.847,80.947,DVC-d143299b52,2,2463.38,1254.09,26,1145,FULL,2026-08-31
CUST000514,SALARIED_URBAN,Indore,MP,22.72,75.858,DVC-ad2aa892f3,1,1956.28,671.23,47,2385,FULL,2026-08-31
CUST000515,AFFLUENT,Bengaluru,KA,12.972,77.594,DVC-f78ea5f6fe,1,10305.41,3895.06,34,937,MIN,2026-08-31
CUST000516,AFFLUENT,Kolkata,WB,22.573,88.364,DVC-6ca8802bb6,1,10924.04,4654.97,27,2278,FULL,2026-08-31
CUST000517,GIG_WORKER,Hyderabad,TG,17.385,78.487,DVC-d74a53811e,1,1024.76,654.81,38,1562,FULL,2026-08-31
CUST000518,SALARIED_URBAN,Jaipur,RJ,26.912,75.787,DVC-0e0c7b3cf0,3,1521.16,546.28,37,2758,FULL,2026-08-31
CUST000519,STUDENT,Indore,MP,22.72,75.858,DVC-40d347c019,2,356.5,220.46,38,2020,FULL,2026-08-31
CUST000520,GIG_WORKER,Guwahati,AS,26.145,91.736,DVC-e782c41ad9,1,1086.2,655.98,53,1154,FULL,2026-08-31
CUST000521,GIG_WORKER,Pune,MH,18.52,73.857,DVC-7a7f084fb8,1,883.61,534.95,43,106,FULL,2026-08-31
CUST000522,SALARIED_URBAN,Jaipur,RJ,26.912,75.787,DVC-1c6ef61863,1,2060.98,839.33,52,2531,FULL,2026-08-31
CUST000523,STUDENT,Panaji,GA,15.491,73.828,DVC-d0ce1dbf8f,2,182.49,88.91,35,1098,FULL,2026-08-31
CUST000524,GIG_WORKER,Nagpur,MH,21.146,79.088,DVC-23a979a975,2,428.12,292.9,45,272,FULL,2026-08-31
CUST000525,SALARIED_URBAN,Lucknow,UP,26.847,80.947,DVC-0778d7a1b5,1,1364.08,432.58,30,319,FULL,2026-08-31
CUST000526,GIG_WORKER,Chandigarh,CH,30.734,76.779,DVC-d5e52eaf1a,3,756.88,524.96,31,747,FULL,2026-08-31
CUST000527,GIG_WORKER,Lucknow,UP,26.847,80.947,DVC-4d3be1a40a,2,1095.67,631.46,69,1722,FULL,2026-08-31
CUST000528,GIG_WORKER,Jaipur,RJ,26.912,75.787,DVC-ac4d58780f,1,672.25,426.34,58,96,FULL,2026-08-31
CUST000529,SMALL_BUSINESS,Pune,MH,18.52,73.857,DVC-7a9eccc9d8,1,5331.54,2993.45,38,1108,FULL,2026-08-31
CUST000530,GIG_WORKER,Chandigarh,CH,30.734,76.779,DVC-c5cf1b599b,1,673.8,441.01,43,1383,FULL,2026-08-31
CUST000531,GIG_WORKER,Chennai,TN,13.083,80.27,DVC-8c183738b8,2,890.01,510.94,39,258,FULL,2026-08-31
CUST000532,SMALL_BUSINESS,Panaji,GA,15.491,73.828,DVC-10357a0074,2,4034.45,2045.33,19,928,MIN,2026-08-31
CUST000533,AFFLUENT,Delhi,DL,28.614,77.209,DVC-012cd70b1f,1,10430.01,2957.19,33,2868,FULL,2026-08-31
CUST000534,SMALL_BUSINESS,Delhi,DL,28.614,77.209,DVC-9d4275695a,2,5375.06,2621.85,43,453,FULL,2026-08-31
CUST000535,AFFLUENT,Nagpur,MH,21.146,79.088,DVC-bcb8822f57,1,10231.96,3242.11,35,1789,FULL,2026-08-31
CUST000536,STUDENT,Indore,MP,22.72,75.858,DVC-84373ec3ba,2,484.95,287.22,36,186,FULL,2026-08-31
CUST000537,STUDENT,Kolkata,WB,22.573,88.364,DVC-1738c0afcf,1,630.1,306.84,21,68,FULL,2026-08-31
CUST000538,GIG_WORKER,Indore,MP,22.72,75.858,DVC-99956e2085,1,675.55,380.92,8,2420,FULL,2026-08-31
CUST000539,SMALL_BUSINESS,Chandigarh,CH,30.734,76.779,DVC-d116ebac24,1,6336.11,2792.75,50,1808,FULL,2026-08-31
CUST000540,STUDENT,Mumbai,MH,19.076,72.877,DVC-e43f38e99f,1,381.15,281.04,36,929,FULL,2026-08-31
CUST000541,SMALL_BUSINESS,Mumbai,MH,19.076,72.877,DVC-9387f13dce,2,3692.03,2129.1,41,1601,FULL,2026-08-31
CUST000542,SALARIED_URBAN,Indore,MP,22.72,75.858,DVC-0a2ad5bd4f,2,1894.72,704.0,22,1753,FULL,2026-08-31
CUST000543,SMALL_BUSINESS,Pune,MH,18.52,73.857,DVC-c46d12f417,1,3337.19,1616.85,31,735,FULL,2026-08-31
CUST000544,SALARIED_URBAN,Panaji,GA,15.491,73.828,DVC-7fb765c1ad,1,2445.45,1061.53,37,659,FULL,2026-08-31
CUST000545,SMALL_BUSINESS,Jaipur,RJ,26.912,75.787,DVC-8ddacc0010,1,2761.24,1167.12,19,2807,FULL,2026-08-31
CUST000546,SALARIED_URBAN,Kochi,KL,9.932,76.267,DVC-f0c43afc0e,1,1775.04,893.01,45,1937,MIN,2026-08-31
CUST000547,GIG_WORKER,Pune,MH,18.52,73.857,DVC-e8969a28a2,1,570.04,387.96,34,1114,MIN,2026-08-31
CUST000548,SMALL_BUSINESS,Panaji,GA,15.491,73.828,DVC-8c12f9b759,2,5963.26,2732.23,30,1286,FULL,2026-08-31
CUST000549,SALARIED_URBAN,Delhi,DL,28.614,77.209,DVC-2627a7cdef,2,1794.62,800.51,29,2717,FULL,2026-08-31
CUST000550,SALARIED_URBAN,Chandigarh,CH,30.734,76.779,DVC-ffbfbe0915,1,1817.81,824.5,43,94,FULL,2026-08-31
CUST000551,SMALL_BUSINESS,Lucknow,UP,26.847,80.947,DVC-61b27ea252,3,2829.54,1690.09,50,123,FULL,2026-08-31
CUST000552,SALARIED_URBAN,Delhi,DL,28.614,77.209,DVC-7fbf03b66b,1,1813.64,742.9,40,1524,FULL,2026-08-31
CUST000553,SMALL_BUSINESS,Mumbai,MH,19.076,72.877,DVC-ad537eb1d1,1,3176.47,1595.78,57,1570,FULL,2026-08-31
CUST000554,SALARIED_URBAN,Chandigarh,CH,30.734,76.779,DVC-bdd04fb61c,1,2448.22,1149.07,40,2863,FULL,2026-08-31
CUST000555,SALARIED_URBAN,Ahmedabad,GJ,23.023,72.571,DVC-a99f3e91ee,1,1163.99,463.64,28,283,FULL,2026-08-31
CUST000556,SALARIED_URBAN,Delhi,DL,28.614,77.209,DVC-e976876c14,2,2049.43,769.41,21,2139,FULL,2026-08-31
CUST000557,GIG_WORKER,Delhi,DL,28.614,77.209,DVC-839b656899,1,870.68,585.84,59,2059,FULL,2026-08-31
CUST000558,SALARIED_URBAN,Chandigarh,CH,30.734,76.779,DVC-7d6eb99234,1,2318.37,914.54,14,1547,FULL,2026-08-31
CUST000559,GIG_WORKER,Jaipur,RJ,26.912,75.787,DVC-76c0f63613,1,760.37,455.11,58,2126,FULL,2026-08-31
CUST000560,GIG_WORKER,Chandigarh,CH,30.734,76.779,DVC-3182e36957,1,591.61,350.19,17,393,FULL,2026-08-31
CUST000561,SALARIED_URBAN,Delhi,DL,28.614,77.209,DVC-f69304bb3a,1,2003.56,678.92,11,2565,FULL,2026-08-31
CUST000562,SMALL_BUSINESS,Indore,MP,22.72,75.858,DVC-775eb3e7f4,2,4416.59,2533.51,29,1489,FULL,2026-08-31
CUST000563,SMALL_BUSINESS,Mumbai,MH,19.076,72.877,DVC-98d6547416,2,5367.68,2645.52,31,2077,FULL,2026-08-31
CUST000564,SALARIED_URBAN,Ahmedabad,GJ,23.023,72.571,DVC-4b3f23acfa,2,2087.62,876.48,33,1207,FULL,2026-08-31
CUST000565,AFFLUENT,Jaipur,RJ,26.912,75.787,DVC-c80f81447d,1,13560.84,3990.3,29,956,FULL,2026-08-31
CUST000566,SALARIED_URBAN,Chennai,TN,13.083,80.27,DVC-a38f8e768b,1,1197.07,427.75,38,2380,FULL,2026-08-31
CUST000567,SALARIED_URBAN,Kochi,KL,9.932,76.267,DVC-ebbb7b3252,2,1344.32,681.08,38,2092,MIN,2026-08-31
CUST000568,SMALL_BUSINESS,Chennai,TN,13.083,80.27,DVC-57c56f4f87,1,5590.84,2468.22,40,1502,FULL,2026-08-31
CUST000569,AFFLUENT,Chandigarh,CH,30.734,76.779,DVC-fe2c72abaa,1,17029.88,6945.72,45,1658,FULL,2026-08-31
CUST000570,AFFLUENT,Chennai,TN,13.083,80.27,DVC-8fae5d98da,2,9460.93,3041.24,43,335,MIN,2026-08-31
CUST000571,STUDENT,Kolkata,WB,22.573,88.364,DVC-8ef98cd1b3,1,628.2,304.26,32,714,FULL,2026-08-31
CUST000572,SMALL_BUSINESS,Bengaluru,KA,12.972,77.594,DVC-c72ba1a69c,1,7327.72,4232.38,46,614,FULL,2026-08-31
CUST000573,STUDENT,Lucknow,UP,26.847,80.947,DVC-e1f352629e,1,282.04,145.06,31,932,FULL,2026-08-31
CUST000574,SALARIED_URBAN,Chennai,TN,13.083,80.27,DVC-b8fbb48a59,1,1644.75,606.65,19,1057,FULL,2026-08-31
CUST000575,GIG_WORKER,Indore,MP,22.72,75.858,DVC-2bdf25a598,2,372.39,209.71,48,2059,FULL,2026-08-31
CUST000576,SMALL_BUSINESS,Panaji,GA,15.491,73.828,DVC-390fecd88e,2,3695.32,2182.6,52,2042,FULL,2026-08-31
CUST000577,STUDENT,Panaji,GA,15.491,73.828,DVC-eee4eff0ad,2,444.81,326.06,33,688,FULL,2026-08-31
CUST000578,STUDENT,Guwahati,AS,26.145,91.736,DVC-281c35e6fc,2,615.58,342.2,57,63,FULL,2026-08-31
CUST000579,STUDENT,Chandigarh,CH,30.734,76.779,DVC-9bb12ac2f4,1,253.77,156.33,64,2588,FULL,2026-08-31
CUST000580,GIG_WORKER,Mumbai,MH,19.076,72.877,DVC-46f751fb61,1,930.39,480.99,59,340,FULL,2026-08-31
CUST000581,SMALL_BUSINESS,Bengaluru,KA,12.972,77.594,DVC-d9ed5569ae,1,4181.52,2124.07,42,488,FULL,2026-08-31
CUST000582,GIG_WORKER,Delhi,DL,28.614,77.209,DVC-931acdcf35,1,432.06,276.45,61,791,FULL,2026-08-31
CUST000583,SALARIED_URBAN,Bengaluru,KA,12.972,77.594,DVC-e21f7b1e2a,3,2036.15,871.7,64,2679,FULL,2026-08-31
CUST000584,SALARIED_URBAN,Guwahati,AS,26.145,91.736,DVC-d73cb125bd,2,1225.99,499.46,57,2859,FULL,2026-08-31
CUST000585,STUDENT,Ahmedabad,GJ,23.023,72.571,DVC-79031c6dc9,2,490.37,222.86,41,117,FULL,2026-08-31
CUST000586,AFFLUENT,Jaipur,RJ,26.912,75.787,DVC-1ad01c2340,1,15129.68,6145.27,35,1202,FULL,2026-08-31
CUST000587,SALARIED_URBAN,Kolkata,WB,22.573,88.364,DVC-d91ce6266b,2,2322.77,1207.55,44,778,FULL,2026-08-31
CUST000588,SALARIED_URBAN,Lucknow,UP,26.847,80.947,DVC-a677b4aaf8,2,1598.43,733.58,34,1546,FULL,2026-08-31
CUST000589,SMALL_BUSINESS,Mumbai,MH,19.076,72.877,DVC-8d1b8765ab,2,3514.04,1895.02,51,2290,FULL,2026-08-31
CUST000590,STUDENT,Hyderabad,TG,17.385,78.487,DVC-9aaca9b849,1,249.12,178.29,44,1573,FULL,2026-08-31
CUST000591,SALARIED_URBAN,Jaipur,RJ,26.912,75.787,DVC-055e3fa48f,1,2119.94,1164.91,45,911,FULL,2026-08-31
CUST000592,GIG_WORKER,Bengaluru,KA,12.972,77.594,DVC-d6565e37b8,2,884.96,574.26,27,1780,FULL,2026-08-31
CUST000593,AFFLUENT,Chennai,TN,13.083,80.27,DVC-9ae1a5a54c,2,7439.45,2679.44,43,2330,FULL,2026-08-31
CUST000594,SALARIED_URBAN,Mumbai,MH,19.076,72.877,DVC-9fa678544e,2,1222.97,505.13,27,861,FULL,2026-08-31
CUST000595,SMALL_BUSINESS,Bengaluru,KA,12.972,77.594,DVC-f79be77e7c,1,5171.3,3054.02,41,327,FULL,2026-08-31
CUST000596,SALARIED_URBAN,Panaji,GA,15.491,73.828,DVC-4cc793d7ac,2,2132.21,928.06,45,2611,FULL,2026-08-31
CUST000597,SALARIED_URBAN,Chandigarh,CH,30.734,76.779,DVC-5a82beeb5e,1,1986.01,664.45,21,1928,FULL,2026-08-31
CUST000598,STUDENT,Chandigarh,CH,30.734,76.779,DVC-da7063dc58,1,503.98,227.29,18,824,FULL,2026-08-31
CUST000599,SMALL_BUSINESS,Hyderabad,TG,17.385,78.487,DVC-72e45c3a43,2,3962.68,1864.54,43,192,FULL,2026-08-31
CUST000600,AFFLUENT,Guwahati,AS,26.145,91.736,DVC-b8bdefb0c3,1,11453.25,4837.9,14,1437,FULL,2026-08-31
CUST000601,STUDENT,Chennai,TN,13.083,80.27,DVC-e9ee294b18,3,303.47,226.83,51,1989,FULL,2026-08-31
CUST000602,SALARIED_URBAN,Kochi,KL,9.932,76.267,DVC-10b456eeda,1,1402.21,601.29,49,1397,FULL,2026-08-31
CUST000603,SALARIED_URBAN,Pune,MH,18.52,73.857,DVC-0445ed019f,1,1176.48,582.34,15,2296,FULL,2026-08-31
CUST000604,SMALL_BUSINESS,Delhi,DL,28.614,77.209,DVC-9419f6ff45,1,3941.01,1806.47,28,2311,FULL,2026-08-31
CUST000605,STUDENT,Hyderabad,TG,17.385,78.487,DVC-88e6d70c65,1,605.97,318.52,42,2426,FULL,2026-08-31
CUST000606,SALARIED_URBAN,Pune,MH,18.52,73.857,DVC-0b2f4c98ed,1,1944.75,869.93,21,2010,FULL,2026-08-31
CUST000607,STUDENT,Panaji,GA,15.491,73.828,DVC-d74d4d4b9a,1,484.53,311.99,33,2503,FULL,2026-08-31
CUST000608,SALARIED_URBAN,Hyderabad,TG,17.385,78.487,DVC-5a4e358593,1,1985.13,873.41,64,2552,FULL,2026-08-31
CUST000609,SALARIED_URBAN,Kolkata,WB,22.573,88.364,DVC-79afed7892,1,1821.51,995.13,34,334,FULL,2026-08-31
CUST000610,SALARIED_URBAN,Chandigarh,CH,30.734,76.779,DVC-9edaa7737f,1,2457.11,1164.13,23,1747,FULL,2026-08-31
CUST000611,GIG_WORKER,Chandigarh,CH,30.734,76.779,DVC-ac1fb0434b,1,502.49,350.73,55,1481,MIN,2026-08-31
CUST000612,STUDENT,Kolkata,WB,22.573,88.364,DVC-d5e0ad131e,2,594.07,324.04,45,1325,FULL,2026-08-31
CUST000613,STUDENT,Panaji,GA,15.491,73.828,DVC-90ff67a8a5,1,209.33,95.63,26,203,FULL,2026-08-31
CUST000614,GIG_WORKER,Kolkata,WB,22.573,88.364,DVC-dfe4d92252,2,832.0,510.25,50,2070,FULL,2026-08-31
CUST000615,SALARIED_URBAN,Chennai,TN,13.083,80.27,DVC-cfe6ba7fa0,1,1360.95,530.41,46,951,FULL,2026-08-31
CUST000616,SALARIED_URBAN,Hyderabad,TG,17.385,78.487,DVC-1c11096a89,1,2037.2,1034.77,29,535,FULL,2026-08-31
CUST000617,AFFLUENT,Bengaluru,KA,12.972,77.594,DVC-8df9fac874,1,15341.08,6360.61,57,1158,FULL,2026-08-31
CUST000618,SMALL_BUSINESS,Delhi,DL,28.614,77.209,DVC-825098ec08,1,4609.07,2225.38,38,1642,FULL,2026-08-31
CUST000619,SMALL_BUSINESS,Ahmedabad,GJ,23.023,72.571,DVC-31aaca00f5,2,2917.84,1031.33,55,1138,FULL,2026-08-31
CUST000620,AFFLUENT,Chennai,TN,13.083,80.27,DVC-3f034feee4,2,7470.6,2814.74,11,2148,FULL,2026-08-31
CUST000621,SMALL_BUSINESS,Panaji,GA,15.491,73.828,DVC-f9481b9eb6,2,4188.31,2502.86,42,79,FULL,2026-08-31
CUST000622,SALARIED_URBAN,Nagpur,MH,21.146,79.088,DVC-f12f428f6a,1,1363.64,721.57,26,766,FULL,2026-08-31
CUST000623,SALARIED_URBAN,Hyderabad,TG,17.385,78.487,DVC-d5f88ef13d,2,927.97,323.83,29,161,FULL,2026-08-31
CUST000624,AFFLUENT,Panaji,GA,15.491,73.828,DVC-38c2222908,2,15059.34,3930.69,45,1556,FULL,2026-08-31
CUST000625,SMALL_BUSINESS,Nagpur,MH,21.146,79.088,DVC-5d5f795db7,1,5830.57,2213.24,56,1550,MIN,2026-08-31
CUST000626,SALARIED_URBAN,Ahmedabad,GJ,23.023,72.571,DVC-3f1b1a044f,1,1260.47,645.51,9,2749,FULL,2026-08-31
CUST000627,GIG_WORKER,Chandigarh,CH,30.734,76.779,DVC-2e6750faee,2,739.4,471.19,46,1963,FULL,2026-08-31
CUST000628,STUDENT,Chennai,TN,13.083,80.27,DVC-f41420ce0c,1,596.1,368.85,29,1636,FULL,2026-08-31
CUST000629,SALARIED_URBAN,Jaipur,RJ,26.912,75.787,DVC-9a9110b7f0,2,2368.36,1301.59,50,1024,FULL,2026-08-31
CUST000630,SALARIED_URBAN,Delhi,DL,28.614,77.209,DVC-78595ce895,1,1179.72,553.21,44,1229,FULL,2026-08-31
CUST000631,SALARIED_URBAN,Bengaluru,KA,12.972,77.594,DVC-b7b9fc3648,2,1851.44,662.73,33,2067,FULL,2026-08-31
CUST000632,SALARIED_URBAN,Panaji,GA,15.491,73.828,DVC-92648f9462,3,1159.38,382.33,39,1457,FULL,2026-08-31
CUST000633,SMALL_BUSINESS,Ahmedabad,GJ,23.023,72.571,DVC-616b093e1f,2,6299.38,3637.1,53,913,FULL,2026-08-31
CUST000634,GIG_WORKER,Nagpur,MH,21.146,79.088,DVC-5056e68655,1,375.93,239.34,46,726,FULL,2026-08-31
CUST000635,GIG_WORKER,Lucknow,UP,26.847,80.947,DVC-f4a276d564,2,583.56,359.4,64,2560,FULL,2026-08-31
CUST000636,STUDENT,Guwahati,AS,26.145,91.736,DVC-b3e3b6c654,2,351.09,195.88,25,2401,FULL,2026-08-31
CUST000637,STUDENT,Pune,MH,18.52,73.857,DVC-3ae1bcfd5e,1,442.15,202.5,20,1489,FULL,2026-08-31
CUST000638,AFFLUENT,Lucknow,UP,26.847,80.947,DVC-6662d8b983,1,11692.43,3827.21,40,731,FULL,2026-08-31
CUST000639,SALARIED_URBAN,Kolkata,WB,22.573,88.364,DVC-ced3b19c05,2,1563.43,753.92,43,1096,FULL,2026-08-31
CUST000640,SALARIED_URBAN,Kochi,KL,9.932,76.267,DVC-e2f158d9ba,1,2552.88,1036.87,43,2584,FULL,2026-08-31
CUST000641,SALARIED_URBAN,Guwahati,AS,26.145,91.736,DVC-9007c1419a,2,2322.24,1051.36,51,105,FULL,2026-08-31
CUST000642,SALARIED_URBAN,Mumbai,MH,19.076,72.877,DVC-e1cdac4104,2,1789.7,662.76,70,1418,FULL,2026-08-31
CUST000643,SALARIED_URBAN,Chandigarh,CH,30.734,76.779,DVC-01a09f8d2c,1,2167.73,1173.11,16,2188,FULL,2026-08-31
CUST000644,SALARIED_URBAN,Jaipur,RJ,26.912,75.787,DVC-09dd8f2507,1,1132.52,355.4,21,1089,FULL,2026-08-31
CUST000645,SMALL_BUSINESS,Kolkata,WB,22.573,88.364,DVC-0376388fe6,1,4954.22,1738.6,26,1601,FULL,2026-08-31
CUST000646,SALARIED_URBAN,Chennai,TN,13.083,80.27,DVC-e25a3c2f11,1,1731.11,580.01,29,2384,FULL,2026-08-31
CUST000647,SALARIED_URBAN,Jaipur,RJ,26.912,75.787,DVC-c46a180467,2,2125.63,1082.85,30,1365,FULL,2026-08-31
CUST000648,SALARIED_URBAN,Chandigarh,CH,30.734,76.779,DVC-55829171bb,1,1354.85,643.41,23,1731,FULL,2026-08-31
CUST000649,SMALL_BUSINESS,Nagpur,MH,21.146,79.088,DVC-5475df6746,3,3019.75,1459.41,33,2826,FULL,2026-08-31
CUST000650,STUDENT,Delhi,DL,28.614,77.209,DVC-90aab41117,1,569.36,405.9,41,435,FULL,2026-08-31
CUST000651,STUDENT,Pune,MH,18.52,73.857,DVC-8795f28794,1,538.63,395.92,53,2211,FULL,2026-08-31
CUST000652,GIG_WORKER,Panaji,GA,15.491,73.828,DVC-778cb930a1,3,526.69,366.58,32,1097,FULL,2026-08-31
CUST000653,STUDENT,Hyderabad,TG,17.385,78.487,DVC-62356f1908,2,435.6,263.17,42,2311,FULL,2026-08-31
CUST000654,SALARIED_URBAN,Ahmedabad,GJ,23.023,72.571,DVC-a8c0a21924,1,1734.82,617.93,42,2802,FULL,2026-08-31
CUST000655,SMALL_BUSINESS,Bengaluru,KA,12.972,77.594,DVC-c3c725a3e2,1,2818.42,1679.3,36,1924,FULL,2026-08-31
CUST000656,SALARIED_URBAN,Guwahati,AS,26.145,91.736,DVC-ff8405dd7b,1,1623.19,809.46,46,1169,FULL,2026-08-31
CUST000657,SALARIED_URBAN,Jaipur,RJ,26.912,75.787,DVC-8f225dbbf5,1,1505.94,736.43,44,822,FULL,2026-08-31
CUST000658,GIG_WORKER,Jaipur,RJ,26.912,75.787,DVC-38fc5dc90f,3,920.41,482.24,17,2823,FULL,2026-08-31
CUST000659,AFFLUENT,Chennai,TN,13.083,80.27,DVC-fe3c0306d9,2,7170.26,2065.41,35,280,FULL,2026-08-31
CUST000660,GIG_WORKER,Hyderabad,TG,17.385,78.487,DVC-35bba632d3,1,908.62,418.95,48,1736,FULL,2026-08-31
CUST000661,SMALL_BUSINESS,Indore,MP,22.72,75.858,DVC-300e6ee587,1,2411.84,1412.27,34,1596,FULL,2026-08-31
CUST000662,STUDENT,Lucknow,UP,26.847,80.947,DVC-a600282f56,2,327.69,178.72,43,2239,FULL,2026-08-31
CUST000663,SMALL_BUSINESS,Jaipur,RJ,26.912,75.787,DVC-b068100565,2,3760.33,1335.98,27,636,FULL,2026-08-31
CUST000664,AFFLUENT,Ahmedabad,GJ,23.023,72.571,DVC-7b1d3a3090,2,12848.0,3546.47,18,702,FULL,2026-08-31
CUST000665,GIG_WORKER,Chandigarh,CH,30.734,76.779,DVC-93c1583499,1,942.38,582.24,25,2826,FULL,2026-08-31
CUST000666,SALARIED_URBAN,Chandigarh,CH,30.734,76.779,DVC-3ab4f22c33,1,1372.38,654.65,44,1284,FULL,2026-08-31
CUST000667,SALARIED_URBAN,Hyderabad,TG,17.385,78.487,DVC-db739afa9e,1,2264.73,1091.44,56,564,FULL,2026-08-31
CUST000668,STUDENT,Kolkata,WB,22.573,88.364,DVC-d681343b30,1,285.87,177.67,53,225,FULL,2026-08-31
CUST000669,SALARIED_URBAN,Guwahati,AS,26.145,91.736,DVC-392f1ba109,1,1690.44,734.33,43,2451,MIN,2026-08-31
CUST000670,SALARIED_URBAN,Nagpur,MH,21.146,79.088,DVC-869afb3d2d,1,1643.42,570.66,61,2147,FULL,2026-08-31
CUST000671,AFFLUENT,Jaipur,RJ,26.912,75.787,DVC-11d208e556,3,11838.85,4613.01,68,2220,FULL,2026-08-31
CUST000672,GIG_WORKER,Nagpur,MH,21.146,79.088,DVC-9b50693497,1,1013.0,450.1,62,953,FULL,2026-08-31
CUST000673,SMALL_BUSINESS,Chennai,TN,13.083,80.27,DVC-8c163aa14e,1,6625.6,3687.71,24,1898,FULL,2026-08-31
CUST000674,SMALL_BUSINESS,Pune,MH,18.52,73.857,DVC-da9f465aed,1,5465.53,2488.9,50,1724,FULL,2026-08-31
CUST000675,GIG_WORKER,Pune,MH,18.52,73.857,DVC-32b6702004,2,516.92,320.69,34,1170,FULL,2026-08-31
CUST000676,SALARIED_URBAN,Pune,MH,18.52,73.857,DVC-8422dfe00f,1,2151.07,1028.27,38,1115,FULL,2026-08-31
CUST000677,GIG_WORKER,Ahmedabad,GJ,23.023,72.571,DVC-4597e70d69,1,621.83,303.27,21,1041,FULL,2026-08-31
CUST000678,SALARIED_URBAN,Nagpur,MH,21.146,79.088,DVC-bbcaf5d7f0,1,1870.29,888.92,49,506,FULL,2026-08-31
CUST000679,SMALL_BUSINESS,Panaji,GA,15.491,73.828,DVC-27293fc505,1,5758.41,2592.49,56,1946,MIN,2026-08-31
CUST000680,SALARIED_URBAN,Indore,MP,22.72,75.858,DVC-bc49ae6801,1,2023.73,1007.46,30,1455,FULL,2026-08-31
CUST000681,STUDENT,Kochi,KL,9.932,76.267,DVC-49f90f167b,2,336.57,218.56,23,355,FULL,2026-08-31
CUST000682,SMALL_BUSINESS,Kochi,KL,9.932,76.267,DVC-ed50e8bb26,3,6472.61,3125.39,39,382,FULL,2026-08-31
CUST000683,AFFLUENT,Mumbai,MH,19.076,72.877,DVC-2a3211e6a8,1,9429.49,3621.66,29,470,FULL,2026-08-31
CUST000684,SALARIED_URBAN,Indore,MP,22.72,75.858,DVC-e41dbdf052,1,2101.88,894.31,61,1616,FULL,2026-08-31
CUST000685,SALARIED_URBAN,Bengaluru,KA,12.972,77.594,DVC-ea2e16ac0c,1,2527.83,856.28,36,1043,FULL,2026-08-31
CUST000686,SALARIED_URBAN,Panaji,GA,15.491,73.828,DVC-dc3e2e38ef,1,1371.2,602.0,43,2494,MIN,2026-08-31
CUST000687,GIG_WORKER,Lucknow,UP,26.847,80.947,DVC-5aa648e59c,3,431.83,269.4,27,796,FULL,2026-08-31
CUST000688,SALARIED_URBAN,Chandigarh,CH,30.734,76.779,DVC-f6dc01d936,2,2100.07,1106.89,47,2783,FULL,2026-08-31
CUST000689,STUDENT,Indore,MP,22.72,75.858,DVC-7f211e8c3d,1,488.96,313.65,59,1523,FULL,2026-08-31
CUST000690,SALARIED_URBAN,Guwahati,AS,26.145,91.736,DVC-5a0163045b,1,1245.1,671.08,33,2624,MIN,2026-08-31
CUST000691,SMALL_BUSINESS,Jaipur,RJ,26.912,75.787,DVC-4400d015b9,2,3095.62,1113.65,41,160,FULL,2026-08-31
CUST000692,AFFLUENT,Chandigarh,CH,30.734,76.779,DVC-ba00efdb34,1,10840.07,4732.67,45,257,FULL,2026-08-31
CUST000693,AFFLUENT,Bengaluru,KA,12.972,77.594,DVC-e367c60b33,1,15546.1,4547.78,65,59,FULL,2026-08-31
CUST000694,SMALL_BUSINESS,Ahmedabad,GJ,23.023,72.571,DVC-9cc5c29bc9,3,3113.5,1764.28,51,2230,FULL,2026-08-31
CUST000695,SALARIED_URBAN,Hyderabad,TG,17.385,78.487,DVC-63d6a7d8b2,2,1647.4,558.46,25,1266,FULL,2026-08-31
CUST000696,SMALL_BUSINESS,Lucknow,UP,26.847,80.947,DVC-f280f96077,2,2494.42,1413.26,54,445,FULL,2026-08-31
CUST000697,STUDENT,Chennai,TN,13.083,80.27,DVC-2ca1fe7c00,1,284.12,135.88,18,971,MIN,2026-08-31
CUST000698,AFFLUENT,Indore,MP,22.72,75.858,DVC-9f69635c1d,1,5628.12,2025.86,66,1968,FULL,2026-08-31
CUST000699,GIG_WORKER,Kolkata,WB,22.573,88.364,DVC-1094523018,2,436.83,297.75,27,138,FULL,2026-08-31
CUST000700,SMALL_BUSINESS,Ahmedabad,GJ,23.023,72.571,DVC-ace38b9785,1,5634.64,2712.22,24,280,FULL,2026-08-31
CUST000701,GIG_WORKER,Hyderabad,TG,17.385,78.487,DVC-3f41cf8cef,1,786.83,377.7,48,1299,FULL,2026-08-31
CUST000702,SALARIED_URBAN,Nagpur,MH,21.146,79.088,DVC-ab500eecbf,1,2194.72,997.55,25,955,FULL,2026-08-31
CUST000703,SMALL_BUSINESS,Ahmedabad,GJ,23.023,72.571,DVC-0ec99ea04b,1,4900.61,2202.7,26,245,FULL,2026-08-31
CUST000704,SALARIED_URBAN,Mumbai,MH,19.076,72.877,DVC-0623b1a487,1,1164.73,508.06,46,1921,FULL,2026-08-31
CUST000705,AFFLUENT,Pune,MH,18.52,73.857,DVC-40c6c5fdd1,2,5631.18,1423.77,59,2194,FULL,2026-08-31
CUST000706,GIG_WORKER,Jaipur,RJ,26.912,75.787,DVC-6dfedc8f0d,1,1029.43,436.96,39,1036,MIN,2026-08-31
CUST000707,SALARIED_URBAN,Mumbai,MH,19.076,72.877,DVC-9100901383,2,1022.76,415.98,37,130,MIN,2026-08-31
CUST000708,SMALL_BUSINESS,Lucknow,UP,26.847,80.947,DVC-a43bafe3d9,1,3156.37,1560.87,4,2467,FULL,2026-08-31
CUST000709,AFFLUENT,Pune,MH,18.52,73.857,DVC-244bb99faf,1,10896.28,3209.04,34,2446,FULL,2026-08-31
CUST000710,GIG_WORKER,Bengaluru,KA,12.972,77.594,DVC-867214e926,2,660.72,444.89,51,1439,FULL,2026-08-31
CUST000711,GIG_WORKER,Lucknow,UP,26.847,80.947,DVC-f80ab2acd8,2,642.24,315.37,37,2423,MIN,2026-08-31
CUST000712,SMALL_BUSINESS,Mumbai,MH,19.076,72.877,DVC-47b2f938c0,2,6964.07,4083.2,56,711,FULL,2026-08-31
CUST000713,SMALL_BUSINESS,Kochi,KL,9.932,76.267,DVC-9334409466,1,2501.71,933.66,50,2784,FULL,2026-08-31
CUST000714,GIG_WORKER,Lucknow,UP,26.847,80.947,DVC-cdd094facc,3,388.8,211.8,63,1663,FULL,2026-08-31
CUST000715,STUDENT,Panaji,GA,15.491,73.828,DVC-dec2b884d4,2,253.07,156.58,32,1850,FULL,2026-08-31
CUST000716,SALARIED_URBAN,Kolkata,WB,22.573,88.364,DVC-4705f32969,3,2436.37,1217.08,26,1020,FULL,2026-08-31
CUST000717,STUDENT,Kochi,KL,9.932,76.267,DVC-ddf63efb1c,1,479.62,275.05,52,66,MIN,2026-08-31
CUST000718,SMALL_BUSINESS,Kolkata,WB,22.573,88.364,DVC-412853077a,1,5263.5,2026.72,7,1706,FULL,2026-08-31
CUST000719,AFFLUENT,Pune,MH,18.52,73.857,DVC-66b8b53bec,2,14485.17,4444.71,41,2519,FULL,2026-08-31
CUST000720,STUDENT,Bengaluru,KA,12.972,77.594,DVC-95644c4022,1,327.16,148.88,39,2574,FULL,2026-08-31
CUST000721,GIG_WORKER,Jaipur,RJ,26.912,75.787,DVC-78739facad,1,730.79,322.84,35,190,FULL,2026-08-31
CUST000722,SALARIED_URBAN,Nagpur,MH,21.146,79.088,DVC-06bc90d894,1,2516.69,1032.06,11,1071,FULL,2026-08-31
CUST000723,SMALL_BUSINESS,Jaipur,RJ,26.912,75.787,DVC-08b4159436,1,5714.74,2468.85,43,335,FULL,2026-08-31
CUST000724,SMALL_BUSINESS,Chandigarh,CH,30.734,76.779,DVC-ca25fb0358,1,4074.41,2329.88,49,2167,FULL,2026-08-31
CUST000725,SMALL_BUSINESS,Ahmedabad,GJ,23.023,72.571,DVC-461de3e7ed,2,4971.94,1978.32,35,1650,FULL,2026-08-31
CUST000726,STUDENT,Kolkata,WB,22.573,88.364,DVC-3b680622fc,2,475.04,289.2,25,1931,FULL,2026-08-31
CUST000727,AFFLUENT,Chandigarh,CH,30.734,76.779,DVC-9697ce4885,1,9838.55,2671.7,24,2235,FULL,2026-08-31
CUST000728,STUDENT,Hyderabad,TG,17.385,78.487,DVC-1d7fc4e16f,2,418.25,249.83,12,216,FULL,2026-08-31
CUST000729,AFFLUENT,Guwahati,AS,26.145,91.736,DVC-c2a71721d2,1,16495.77,5891.97,42,174,FULL,2026-08-31
CUST000730,GIG_WORKER,Kochi,KL,9.932,76.267,DVC-8b76617f2b,1,821.29,393.56,35,1175,FULL,2026-08-31
CUST000731,SMALL_BUSINESS,Mumbai,MH,19.076,72.877,DVC-d8d46a3076,1,4656.53,2291.43,44,707,FULL,2026-08-31
CUST000732,SALARIED_URBAN,Panaji,GA,15.491,73.828,DVC-4297381a03,1,1673.47,532.24,38,1691,FULL,2026-08-31
CUST000733,SALARIED_URBAN,Lucknow,UP,26.847,80.947,DVC-907ffeac8d,1,1022.19,422.01,58,2016,FULL,2026-08-31
CUST000734,STUDENT,Panaji,GA,15.491,73.828,DVC-48a4fad988,1,302.93,150.37,55,2892,FULL,2026-08-31
CUST000735,AFFLUENT,Panaji,GA,15.491,73.828,DVC-fc8736b3c0,2,6027.33,1830.97,24,2474,FULL,2026-08-31
CUST000736,SALARIED_URBAN,Indore,MP,22.72,75.858,DVC-f2e2b7cf6b,1,2444.36,1095.34,44,520,FULL,2026-08-31
CUST000737,STUDENT,Bengaluru,KA,12.972,77.594,DVC-f005603005,2,409.08,193.73,53,772,FULL,2026-08-31
CUST000738,SALARIED_URBAN,Chennai,TN,13.083,80.27,DVC-3b48e4b3a8,2,2523.88,1312.26,4,2580,FULL,2026-08-31
CUST000739,GIG_WORKER,Pune,MH,18.52,73.857,DVC-fcd3274174,3,727.01,443.69,57,1933,MIN,2026-08-31
CUST000740,GIG_WORKER,Nagpur,MH,21.146,79.088,DVC-20a253209c,1,632.93,311.71,40,1523,FULL,2026-08-31
CUST000741,SMALL_BUSINESS,Delhi,DL,28.614,77.209,DVC-89d92372a7,1,7248.75,3198.05,31,536,FULL,2026-08-31
CUST000742,GIG_WORKER,Guwahati,AS,26.145,91.736,DVC-22427503b5,2,865.14,484.1,23,2087,FULL,2026-08-31
CUST000743,SALARIED_URBAN,Delhi,DL,28.614,77.209,DVC-75bcca3648,2,2563.26,1067.22,4,301,FULL,2026-08-31
CUST000744,GIG_WORKER,Chennai,TN,13.083,80.27,DVC-4f5cdac3f6,2,494.46,301.57,42,2610,FULL,2026-08-31
CUST000745,SALARIED_URBAN,Ahmedabad,GJ,23.023,72.571,DVC-eed35d4242,1,1157.18,532.87,28,2266,MIN,2026-08-31
CUST000746,SMALL_BUSINESS,Hyderabad,TG,17.385,78.487,DVC-f1f58eb16f,1,6341.22,3358.24,13,1194,FULL,2026-08-31
CUST000747,SALARIED_URBAN,Bengaluru,KA,12.972,77.594,DVC-2faef15979,1,1645.35,708.83,44,339,FULL,2026-08-31
CUST000748,SALARIED_URBAN,Chennai,TN,13.083,80.27,DVC-c7bbe41a68,2,1128.32,550.34,50,2022,FULL,2026-08-31
CUST000749,SALARIED_URBAN,Hyderabad,TG,17.385,78.487,DVC-487fee7404,1,2419.76,1234.35,52,2271,FULL,2026-08-31
CUST000750,SMALL_BUSINESS,Mumbai,MH,19.076,72.877,DVC-596858bb39,2,3969.79,1967.65,51,1062,FULL,2026-08-31
CUST000751,SALARIED_URBAN,Mumbai,MH,19.076,72.877,DVC-57a95ff6bb,1,1357.31,518.12,31,580,MIN,2026-08-31
CUST000752,SMALL_BUSINESS,Hyderabad,TG,17.385,78.487,DVC-c868a296ae,1,3083.08,1387.18,51,954,FULL,2026-08-31
CUST000753,SALARIED_URBAN,Kochi,KL,9.932,76.267,DVC-d7069f3825,3,2550.77,1021.56,25,597,FULL,2026-08-31
CUST000754,AFFLUENT,Kochi,KL,9.932,76.267,DVC-276db1417c,2,15140.16,5431.97,25,2164,FULL,2026-08-31
CUST000755,SMALL_BUSINESS,Kolkata,WB,22.573,88.364,DVC-65c4d655b5,1,3370.68,1245.76,38,2752,FULL,2026-08-31
CUST000756,STUDENT,Guwahati,AS,26.145,91.736,DVC-50989011c2,1,626.15,451.24,33,685,FULL,2026-08-31
CUST000757,GIG_WORKER,Indore,MP,22.72,75.858,DVC-348f53c313,2,1096.01,464.67,42,545,FULL,2026-08-31
CUST000758,SALARIED_URBAN,Kochi,KL,9.932,76.267,DVC-ac97ed1703,1,1824.55,844.57,58,605,FULL,2026-08-31
CUST000759,GIG_WORKER,Guwahati,AS,26.145,91.736,DVC-b20c33789f,3,562.14,370.64,34,1139,FULL,2026-08-31
CUST000760,SALARIED_URBAN,Nagpur,MH,21.146,79.088,DVC-3d32a3a0b3,2,2245.09,846.99,33,704,FULL,2026-08-31
CUST000761,GIG_WORKER,Panaji,GA,15.491,73.828,DVC-0245f31a7c,1,641.74,316.6,47,2784,FULL,2026-08-31
CUST000762,GIG_WORKER,Kochi,KL,9.932,76.267,DVC-206bfb611e,1,443.66,190.79,14,966,FULL,2026-08-31
CUST000763,SMALL_BUSINESS,Chennai,TN,13.083,80.27,DVC-fe5719de9f,1,4326.75,2391.7,25,2629,FULL,2026-08-31
CUST000764,SALARIED_URBAN,Jaipur,RJ,26.912,75.787,DVC-e37b3c4c99,2,996.93,445.05,52,2155,FULL,2026-08-31
CUST000765,STUDENT,Delhi,DL,28.614,77.209,DVC-865faacd72,2,643.57,294.31,56,1075,FULL,2026-08-31
CUST000766,AFFLUENT,Hyderabad,TG,17.385,78.487,DVC-2ed3c9a9a1,1,6043.52,2672.54,17,336,FULL,2026-08-31
CUST000767,SMALL_BUSINESS,Nagpur,MH,21.146,79.088,DVC-f20b976c7e,3,2429.38,888.66,46,2707,FULL,2026-08-31
CUST000768,SMALL_BUSINESS,Chennai,TN,13.083,80.27,DVC-6de40aa4bd,1,5135.51,2211.32,46,1687,FULL,2026-08-31
CUST000769,STUDENT,Pune,MH,18.52,73.857,DVC-dc0b0bb896,1,366.54,252.5,54,49,FULL,2026-08-31
CUST000770,STUDENT,Bengaluru,KA,12.972,77.594,DVC-9413fb08d0,3,306.69,219.31,15,900,FULL,2026-08-31
CUST000771,SMALL_BUSINESS,Indore,MP,22.72,75.858,DVC-221e2fd69c,1,3585.67,1375.4,37,2330,FULL,2026-08-31
CUST000772,SMALL_BUSINESS,Kochi,KL,9.932,76.267,DVC-e230c13ee9,1,5488.62,2952.76,41,1293,FULL,2026-08-31
CUST000773,SALARIED_URBAN,Hyderabad,TG,17.385,78.487,DVC-243f4113c6,1,985.84,466.82,28,1285,FULL,2026-08-31
CUST000774,SALARIED_URBAN,Guwahati,AS,26.145,91.736,DVC-5f428bf6c5,1,2460.31,768.86,47,1307,FULL,2026-08-31
CUST000775,SMALL_BUSINESS,Mumbai,MH,19.076,72.877,DVC-ada57bf962,2,4058.11,1629.42,30,1376,FULL,2026-08-31
CUST000776,GIG_WORKER,Kochi,KL,9.932,76.267,DVC-f57c5caaba,2,376.36,199.4,21,1797,FULL,2026-08-31
CUST000777,GIG_WORKER,Guwahati,AS,26.145,91.736,DVC-cff0f03747,1,478.23,319.8,55,203,FULL,2026-08-31
CUST000778,SMALL_BUSINESS,Panaji,GA,15.491,73.828,DVC-cea58e7cdb,1,6048.92,2575.82,34,2511,MIN,2026-08-31
CUST000779,SMALL_BUSINESS,Hyderabad,TG,17.385,78.487,DVC-1d63101871,1,2910.07,1114.22,41,2838,FULL,2026-08-31
CUST000780,STUDENT,Lucknow,UP,26.847,80.947,DVC-4861ec08de,1,493.01,369.57,47,405,FULL,2026-08-31
CUST000781,SMALL_BUSINESS,Ahmedabad,GJ,23.023,72.571,DVC-1b0eb24a3a,3,4884.14,2024.63,31,541,MIN,2026-08-31
CUST000782,SALARIED_URBAN,Lucknow,UP,26.847,80.947,DVC-d2dda37063,2,1786.37,622.88,17,513,FULL,2026-08-31
CUST000783,STUDENT,Kochi,KL,9.932,76.267,DVC-64374cf1ea,1,204.52,147.02,33,296,FULL,2026-08-31
CUST000784,AFFLUENT,Kolkata,WB,22.573,88.364,DVC-bfa319e089,3,8876.99,2715.1,28,1618,FULL,2026-08-31
CUST000785,SALARIED_URBAN,Hyderabad,TG,17.385,78.487,DVC-6b60d97ea9,2,1869.16,913.94,65,486,FULL,2026-08-31
CUST000786,SMALL_BUSINESS,Lucknow,UP,26.847,80.947,DVC-1216c79b28,1,6740.18,2929.9,27,267,FULL,2026-08-31
CUST000787,SALARIED_URBAN,Guwahati,AS,26.145,91.736,DVC-11cc3a0ccb,2,2480.44,798.01,55,2636,FULL,2026-08-31
CUST000788,SALARIED_URBAN,Mumbai,MH,19.076,72.877,DVC-dbcafdd500,1,2168.35,910.89,47,1263,FULL,2026-08-31
CUST000789,AFFLUENT,Kochi,KL,9.932,76.267,DVC-f36d2dc65f,2,4927.23,1294.7,24,1470,FULL,2026-08-31
CUST000790,SMALL_BUSINESS,Mumbai,MH,19.076,72.877,DVC-5ceee83f9c,2,2695.06,1018.04,58,228,FULL,2026-08-31
CUST000791,GIG_WORKER,Jaipur,RJ,26.912,75.787,DVC-be14526643,1,616.41,343.77,30,892,FULL,2026-08-31
CUST000792,SALARIED_URBAN,Mumbai,MH,19.076,72.877,DVC-1a0ff559f0,2,1721.85,580.47,67,1797,FULL,2026-08-31
CUST000793,AFFLUENT,Nagpur,MH,21.146,79.088,DVC-4707c275d1,2,17503.75,6237.55,60,1841,FULL,2026-08-31
CUST000794,SMALL_BUSINESS,Chandigarh,CH,30.734,76.779,DVC-742d4bdb44,1,6938.54,2967.27,45,2504,FULL,2026-08-31
CUST000795,AFFLUENT,Indore,MP,22.72,75.858,DVC-ee7add8d66,2,8680.65,3646.64,55,1883,FULL,2026-08-31
CUST000796,SALARIED_URBAN,Chandigarh,CH,30.734,76.779,DVC-d7b7b0b771,3,1227.15,466.55,51,265,FULL,2026-08-31
CUST000797,SALARIED_URBAN,Lucknow,UP,26.847,80.947,DVC-d3c4dda015,2,2283.75,821.69,26,2303,FULL,2026-08-31
CUST000798,SALARIED_URBAN,Indore,MP,22.72,75.858,DVC-2fa92f4636,2,2223.88,975.0,36,854,FULL,2026-08-31
CUST000799,SALARIED_URBAN,Bengaluru,KA,12.972,77.594,DVC-96f58202ef,2,1563.86,755.45,25,2282,FULL,2026-08-31
CUST000800,AFFLUENT,Guwahati,AS,26.145,91.736,DVC-57249e573f,1,6635.5,1856.45,33,393,FULL,2026-08-31
CUST000801,STUDENT,Ahmedabad,GJ,23.023,72.571,DVC-73be226b08,1,634.27,293.35,46,2394,FULL,2026-08-31
CUST000802,SALARIED_URBAN,Kochi,KL,9.932,76.267,DVC-729c88ecbc,1,1315.45,623.18,32,2568,FULL,2026-08-31
CUST000803,AFFLUENT,Indore,MP,22.72,75.858,DVC-c8faa596db,1,16754.96,5413.8,35,1858,FULL,2026-08-31
CUST000804,AFFLUENT,Kolkata,WB,22.573,88.364,DVC-4f99742e27,2,9218.84,2650.58,23,2757,FULL,2026-08-31
CUST000805,SALARIED_URBAN,Lucknow,UP,26.847,80.947,DVC-ef94e436c2,1,1724.39,674.96,49,442,FULL,2026-08-31
CUST000806,SMALL_BUSINESS,Bengaluru,KA,12.972,77.594,DVC-ca9cb4fb82,2,3316.19,1838.42,46,641,FULL,2026-08-31
CUST000807,GIG_WORKER,Pune,MH,18.52,73.857,DVC-7b0dc291ec,2,1076.21,632.37,18,2732,FULL,2026-08-31
CUST000808,SALARIED_URBAN,Guwahati,AS,26.145,91.736,DVC-9cf2743529,1,2453.68,1321.11,74,2529,FULL,2026-08-31
CUST000809,AFFLUENT,Nagpur,MH,21.146,79.088,DVC-06da2ad750,1,8417.88,2412.02,34,1520,FULL,2026-08-31
CUST000810,GIG_WORKER,Kochi,KL,9.932,76.267,DVC-eb061a5579,1,777.91,450.67,29,215,FULL,2026-08-31
CUST000811,SALARIED_URBAN,Nagpur,MH,21.146,79.088,DVC-726eb2b126,1,982.83,448.13,38,2717,FULL,2026-08-31
CUST000812,STUDENT,Hyderabad,TG,17.385,78.487,DVC-bb50ad9085,2,615.6,453.37,62,745,FULL,2026-08-31
CUST000813,SMALL_BUSINESS,Indore,MP,22.72,75.858,DVC-fa89c7dda7,1,2695.12,964.75,47,2027,FULL,2026-08-31
CUST000814,GIG_WORKER,Mumbai,MH,19.076,72.877,DVC-9e8c7bafcd,2,372.71,260.81,27,819,MIN,2026-08-31
CUST000815,SALARIED_URBAN,Kolkata,WB,22.573,88.364,DVC-fab2fc0b33,1,2457.03,1151.24,30,1128,FULL,2026-08-31
CUST000816,GIG_WORKER,Chandigarh,CH,30.734,76.779,DVC-70a513c1c3,1,515.49,311.78,29,1927,FULL,2026-08-31
CUST000817,SMALL_BUSINESS,Kochi,KL,9.932,76.267,DVC-d2abe38bfd,2,6587.82,3904.78,33,2567,FULL,2026-08-31
CUST000818,GIG_WORKER,Kolkata,WB,22.573,88.364,DVC-82fdec728d,1,444.9,187.33,31,1824,FULL,2026-08-31
CUST000819,AFFLUENT,Nagpur,MH,21.146,79.088,DVC-1302ea7bda,2,10461.95,4544.43,26,97,FULL,2026-08-31
CUST000820,GIG_WORKER,Chandigarh,CH,30.734,76.779,DVC-ba876e600f,2,1074.09,530.5,41,2310,FULL,2026-08-31
CUST000821,SALARIED_URBAN,Bengaluru,KA,12.972,77.594,DVC-c5b6d7c203,1,2156.16,853.89,35,2638,FULL,2026-08-31
CUST000822,SALARIED_URBAN,Nagpur,MH,21.146,79.088,DVC-46687df1f1,1,1250.52,611.05,43,1512,FULL,2026-08-31
CUST000823,SALARIED_URBAN,Guwahati,AS,26.145,91.736,DVC-7cfcf33d90,2,1463.18,489.88,41,1692,FULL,2026-08-31
CUST000824,AFFLUENT,Kolkata,WB,22.573,88.364,DVC-18d06cda3a,1,16151.2,4822.4,61,1893,FULL,2026-08-31
CUST000825,AFFLUENT,Jaipur,RJ,26.912,75.787,DVC-58771aa6d7,2,6710.76,2860.7,15,2466,FULL,2026-08-31
CUST000826,SALARIED_URBAN,Bengaluru,KA,12.972,77.594,DVC-bdf9744624,1,2254.96,739.82,25,2810,FULL,2026-08-31
CUST000827,GIG_WORKER,Chandigarh,CH,30.734,76.779,DVC-d84f5fdcb2,3,484.81,200.2,4,2822,FULL,2026-08-31
CUST000828,GIG_WORKER,Chandigarh,CH,30.734,76.779,DVC-f0dd564b7a,1,802.66,407.16,43,1101,FULL,2026-08-31
CUST000829,GIG_WORKER,Ahmedabad,GJ,23.023,72.571,DVC-ec7afe33ab,1,973.46,512.92,53,1428,FULL,2026-08-31
CUST000830,SMALL_BUSINESS,Jaipur,RJ,26.912,75.787,DVC-19b51d834b,1,2768.58,1352.3,36,849,FULL,2026-08-31
CUST000831,SALARIED_URBAN,Panaji,GA,15.491,73.828,DVC-696051d38e,2,1026.12,558.59,37,541,FULL,2026-08-31
CUST000832,SALARIED_URBAN,Kolkata,WB,22.573,88.364,DVC-6950b54c89,1,1365.85,418.54,19,1887,FULL,2026-08-31
CUST000833,SMALL_BUSINESS,Hyderabad,TG,17.385,78.487,DVC-f60153ce84,2,6473.57,3802.96,39,1930,FULL,2026-08-31
CUST000834,SALARIED_URBAN,Ahmedabad,GJ,23.023,72.571,DVC-0939298cd6,2,1129.41,345.54,26,2261,FULL,2026-08-31
CUST000835,GIG_WORKER,Kolkata,WB,22.573,88.364,DVC-ce22a9311d,1,896.06,391.14,34,2347,FULL,2026-08-31
CUST000836,SMALL_BUSINESS,Guwahati,AS,26.145,91.736,DVC-8974567f4b,1,3208.77,1463.3,30,1884,FULL,2026-08-31
CUST000837,SALARIED_URBAN,Kochi,KL,9.932,76.267,DVC-9eea023aaa,1,2086.71,651.11,40,931,FULL,2026-08-31
CUST000838,SMALL_BUSINESS,Kochi,KL,9.932,76.267,DVC-75ebcc238e,1,5547.96,2381.05,42,2040,FULL,2026-08-31
CUST000839,SALARIED_URBAN,Indore,MP,22.72,75.858,DVC-7f6ac983bc,2,1992.88,959.79,37,1034,FULL,2026-08-31
CUST000840,SMALL_BUSINESS,Hyderabad,TG,17.385,78.487,DVC-1655fe1169,2,6729.89,3774.83,43,2140,FULL,2026-08-31
CUST000841,STUDENT,Panaji,GA,15.491,73.828,DVC-c39616ca77,2,236.45,110.33,45,456,MIN,2026-08-31
CUST000842,STUDENT,Delhi,DL,28.614,77.209,DVC-81cd449ef0,1,270.19,177.81,35,647,FULL,2026-08-31
CUST000843,SALARIED_URBAN,Ahmedabad,GJ,23.023,72.571,DVC-c0d1cd546f,1,1303.92,471.09,24,1456,FULL,2026-08-31
CUST000844,SALARIED_URBAN,Kolkata,WB,22.573,88.364,DVC-958b4bb799,1,1848.72,860.21,32,2648,FULL,2026-08-31
CUST000845,STUDENT,Nagpur,MH,21.146,79.088,DVC-0380dd66d5,1,487.33,281.72,51,2256,FULL,2026-08-31
CUST000846,SMALL_BUSINESS,Chandigarh,CH,30.734,76.779,DVC-2fb84e0699,1,4336.77,2152.42,44,958,FULL,2026-08-31
CUST000847,AFFLUENT,Indore,MP,22.72,75.858,DVC-0733a46e52,1,12772.38,5598.67,43,217,FULL,2026-08-31
CUST000848,SMALL_BUSINESS,Chandigarh,CH,30.734,76.779,DVC-7df0902165,2,5962.18,3141.48,38,2515,FULL,2026-08-31
CUST000849,AFFLUENT,Kochi,KL,9.932,76.267,DVC-887f29212a,3,16335.4,6233.42,31,174,FULL,2026-08-31
CUST000850,GIG_WORKER,Jaipur,RJ,26.912,75.787,DVC-f329488e28,1,430.92,236.2,28,972,FULL,2026-08-31
CUST000851,STUDENT,Chandigarh,CH,30.734,76.779,DVC-60fbd96eca,2,600.48,404.25,45,2581,FULL,2026-08-31
CUST000852,SMALL_BUSINESS,Nagpur,MH,21.146,79.088,DVC-ce35a8e09c,3,6791.25,3282.1,40,238,FULL,2026-08-31
CUST000853,SALARIED_URBAN,Panaji,GA,15.491,73.828,DVC-714c92bb1d,1,1206.24,523.57,26,1803,FULL,2026-08-31
CUST000854,GIG_WORKER,Delhi,DL,28.614,77.209,DVC-cd400b7faf,1,643.68,399.28,59,943,FULL,2026-08-31
CUST000855,GIG_WORKER,Panaji,GA,15.491,73.828,DVC-000a5e9469,2,806.65,549.24,18,1135,FULL,2026-08-31
CUST000856,STUDENT,Lucknow,UP,26.847,80.947,DVC-f39ff2dbd0,1,597.04,409.24,29,901,FULL,2026-08-31
CUST000857,SMALL_BUSINESS,Mumbai,MH,19.076,72.877,DVC-4c11e1595f,1,6956.46,2784.97,29,2504,FULL,2026-08-31
CUST000858,SALARIED_URBAN,Chennai,TN,13.083,80.27,DVC-885b907065,1,1491.67,661.03,48,1780,FULL,2026-08-31
CUST000859,SMALL_BUSINESS,Jaipur,RJ,26.912,75.787,DVC-d6a0a346b3,1,4142.66,1542.09,41,1257,FULL,2026-08-31
CUST000860,SMALL_BUSINESS,Chennai,TN,13.083,80.27,DVC-5058aa035b,1,4638.96,1818.8,47,1777,FULL,2026-08-31
CUST000861,STUDENT,Mumbai,MH,19.076,72.877,DVC-19cb4f19ac,2,334.58,198.89,35,810,FULL,2026-08-31
CUST000862,SMALL_BUSINESS,Guwahati,AS,26.145,91.736,DVC-9996b108d1,1,5517.85,2846.41,30,1033,FULL,2026-08-31
CUST000863,AFFLUENT,Chandigarh,CH,30.734,76.779,DVC-c5797ad248,1,6938.35,2745.69,44,129,FULL,2026-08-31
CUST000864,SALARIED_URBAN,Pune,MH,18.52,73.857,DVC-b0f8bf841e,1,996.83,333.1,32,1456,FULL,2026-08-31
CUST000865,AFFLUENT,Nagpur,MH,21.146,79.088,DVC-e0a390388f,3,6040.56,2531.56,40,2014,FULL,2026-08-31
CUST000866,SALARIED_URBAN,Indore,MP,22.72,75.858,DVC-3f10692265,1,1655.39,677.33,19,1541,FULL,2026-08-31
CUST000867,STUDENT,Panaji,GA,15.491,73.828,DVC-2779bce63d,3,198.21,115.05,36,1512,FULL,2026-08-31
CUST000868,STUDENT,Jaipur,RJ,26.912,75.787,DVC-1b4cd427b0,2,569.2,418.47,36,243,FULL,2026-08-31
CUST000869,SALARIED_URBAN,Jaipur,RJ,26.912,75.787,DVC-50fee5c3af,1,1651.63,697.23,34,2283,FULL,2026-08-31
CUST000870,STUDENT,Kochi,KL,9.932,76.267,DVC-bc4b650f46,1,232.11,153.67,47,1412,FULL,2026-08-31
CUST000871,SMALL_BUSINESS,Indore,MP,22.72,75.858,DVC-f665c54fd1,1,3003.99,1778.06,48,2597,FULL,2026-08-31
CUST000872,SALARIED_URBAN,Pune,MH,18.52,73.857,DVC-f8688c8999,1,2121.94,931.49,43,1735,FULL,2026-08-31
CUST000873,STUDENT,Chennai,TN,13.083,80.27,DVC-23f3f1354c,1,180.25,81.96,20,2457,FULL,2026-08-31
CUST000874,SALARIED_URBAN,Chandigarh,CH,30.734,76.779,DVC-e5afe127b5,1,2583.62,1012.4,43,2783,FULL,2026-08-31
CUST000875,AFFLUENT,Mumbai,MH,19.076,72.877,DVC-e70206fccb,3,11190.28,4166.54,40,505,FULL,2026-08-31
CUST000876,SALARIED_URBAN,Ahmedabad,GJ,23.023,72.571,DVC-ea0bfc66bc,2,1092.23,350.8,53,288,FULL,2026-08-31
CUST000877,SALARIED_URBAN,Jaipur,RJ,26.912,75.787,DVC-9ea049d1d4,3,2108.42,1157.83,21,396,FULL,2026-08-31
CUST000878,STUDENT,Jaipur,RJ,26.912,75.787,DVC-827bfea9bd,1,439.13,273.1,27,1715,FULL,2026-08-31
CUST000879,STUDENT,Chennai,TN,13.083,80.27,DVC-305894587a,1,412.21,293.62,26,2386,FULL,2026-08-31
CUST000880,AFFLUENT,Nagpur,MH,21.146,79.088,DVC-caf6404ee2,2,12302.91,3638.45,57,2321,FULL,2026-08-31
CUST000881,GIG_WORKER,Mumbai,MH,19.076,72.877,DVC-a3d13e7503,3,1061.67,491.46,58,2783,FULL,2026-08-31
CUST000882,AFFLUENT,Kochi,KL,9.932,76.267,DVC-f9957db548,1,8462.22,2197.38,41,2630,FULL,2026-08-31
CUST000883,GIG_WORKER,Kochi,KL,9.932,76.267,DVC-85fa103543,1,725.59,319.47,32,1540,FULL,2026-08-31
CUST000884,GIG_WORKER,Guwahati,AS,26.145,91.736,DVC-4e5ca0845f,1,894.99,507.78,10,2099,FULL,2026-08-31
CUST000885,SALARIED_URBAN,Mumbai,MH,19.076,72.877,DVC-3e405a428a,2,1845.67,989.95,25,2070,FULL,2026-08-31
CUST000886,STUDENT,Chennai,TN,13.083,80.27,DVC-fc93df4a3c,1,623.98,285.87,27,647,FULL,2026-08-31
CUST000887,SMALL_BUSINESS,Kolkata,WB,22.573,88.364,DVC-bfbc969e59,1,6855.94,2601.86,52,858,FULL,2026-08-31
CUST000888,SALARIED_URBAN,Nagpur,MH,21.146,79.088,DVC-03de98e202,2,1438.63,747.05,41,585,FULL,2026-08-31
CUST000889,SALARIED_URBAN,Hyderabad,TG,17.385,78.487,DVC-6c4b6c733a,1,2266.14,1236.41,37,705,FULL,2026-08-31
CUST000890,SMALL_BUSINESS,Lucknow,UP,26.847,80.947,DVC-2e6f3faa2f,1,5867.2,2718.65,30,2324,FULL,2026-08-31
CUST000891,AFFLUENT,Guwahati,AS,26.145,91.736,DVC-7bc1104139,2,17629.02,6886.04,43,1486,FULL,2026-08-31
CUST000892,SALARIED_URBAN,Nagpur,MH,21.146,79.088,DVC-acc43aa00b,1,1281.71,410.84,38,150,FULL,2026-08-31
CUST000893,STUDENT,Delhi,DL,28.614,77.209,DVC-11ad5ef791,1,521.31,365.0,53,63,FULL,2026-08-31
CUST000894,SALARIED_URBAN,Chandigarh,CH,30.734,76.779,DVC-36c595af5d,1,1087.33,449.85,37,2887,FULL,2026-08-31
CUST000895,GIG_WORKER,Hyderabad,TG,17.385,78.487,DVC-180aaac7f9,1,488.23,249.65,42,1295,FULL,2026-08-31
CUST000896,GIG_WORKER,Pune,MH,18.52,73.857,DVC-946dc34289,1,534.21,333.17,31,2405,FULL,2026-08-31
CUST000897,SALARIED_URBAN,Kolkata,WB,22.573,88.364,DVC-d050b701a2,2,2220.87,1052.26,33,1493,FULL,2026-08-31
CUST000898,SMALL_BUSINESS,Panaji,GA,15.491,73.828,DVC-79ceebc71a,2,6818.68,3036.98,67,350,FULL,2026-08-31
CUST000899,SALARIED_URBAN,Panaji,GA,15.491,73.828,DVC-d780f6103c,1,1608.33,873.39,55,2877,FULL,2026-08-31
CUST000900,SMALL_BUSINESS,Panaji,GA,15.491,73.828,DVC-fe6e555b1e,2,6717.27,2659.48,23,1777,FULL,2026-08-31
CUST000901,GIG_WORKER,Kochi,KL,9.932,76.267,DVC-f080c48ad7,3,704.01,284.28,29,440,MIN,2026-08-31
CUST000902,STUDENT,Delhi,DL,28.614,77.209,DVC-cdb68bbd06,2,633.9,329.59,38,1576,FULL,2026-08-31
CUST000903,SALARIED_URBAN,Pune,MH,18.52,73.857,DVC-5d84c6b030,2,938.56,396.49,36,2387,FULL,2026-08-31
CUST000904,SALARIED_URBAN,Indore,MP,22.72,75.858,DVC-4aec730fa3,2,1885.92,635.37,4,1917,FULL,2026-08-31
CUST000905,AFFLUENT,Lucknow,UP,26.847,80.947,DVC-f3a1347467,1,17392.05,5035.0,45,1225,FULL,2026-08-31
CUST000906,SALARIED_URBAN,Pune,MH,18.52,73.857,DVC-5bdcf6719f,1,2068.93,683.02,32,1469,FULL,2026-08-31
CUST000907,SMALL_BUSINESS,Jaipur,RJ,26.912,75.787,DVC-9d6cf82ec1,1,5818.23,2121.77,32,2443,FULL,2026-08-31
CUST000908,AFFLUENT,Chandigarh,CH,30.734,76.779,DVC-3ffd6d64c1,2,14564.53,5295.87,38,2561,FULL,2026-08-31
CUST000909,AFFLUENT,Guwahati,AS,26.145,91.736,DVC-1c932c4141,2,10271.02,4298.75,70,1901,FULL,2026-08-31
CUST000910,SMALL_BUSINESS,Jaipur,RJ,26.912,75.787,DVC-f688ec2992,1,2867.51,1437.24,29,82,FULL,2026-08-31
CUST000911,SMALL_BUSINESS,Ahmedabad,GJ,23.023,72.571,DVC-30b767a2c1,1,5675.61,2320.22,29,817,FULL,2026-08-31
CUST000912,AFFLUENT,Delhi,DL,28.614,77.209,DVC-2032b49536,1,10985.16,4003.94,39,2469,FULL,2026-08-31
CUST000913,SMALL_BUSINESS,Chennai,TN,13.083,80.27,DVC-a2e201abdf,1,3541.46,1879.64,31,289,FULL,2026-08-31
CUST000914,AFFLUENT,Pune,MH,18.52,73.857,DVC-0f17a548d9,2,9952.79,4344.6,33,355,FULL,2026-08-31
CUST000915,SALARIED_URBAN,Pune,MH,18.52,73.857,DVC-2ca5dfd1b3,1,956.19,325.55,47,2349,FULL,2026-08-31
CUST000916,SALARIED_URBAN,Jaipur,RJ,26.912,75.787,DVC-7523e4dc74,1,2182.24,1162.26,31,1859,FULL,2026-08-31
CUST000917,SALARIED_URBAN,Mumbai,MH,19.076,72.877,DVC-267cfd907d,2,2524.44,1249.04,39,1091,FULL,2026-08-31
CUST000918,AFFLUENT,Bengaluru,KA,12.972,77.594,DVC-33b0eac076,1,16936.05,6468.68,32,972,FULL,2026-08-31
CUST000919,SMALL_BUSINESS,Jaipur,RJ,26.912,75.787,DVC-54d88bf447,1,6452.76,3685.43,26,2793,FULL,2026-08-31
CUST000920,SALARIED_URBAN,Hyderabad,TG,17.385,78.487,DVC-e70d7ef5bc,1,2531.35,1197.72,25,931,FULL,2026-08-31
CUST000921,SALARIED_URBAN,Bengaluru,KA,12.972,77.594,DVC-12fbb06634,2,978.54,293.84,45,1805,FULL,2026-08-31
CUST000922,SALARIED_URBAN,Nagpur,MH,21.146,79.088,DVC-9fbfaf81a8,1,2276.42,709.63,22,440,FULL,2026-08-31
CUST000923,GIG_WORKER,Lucknow,UP,26.847,80.947,DVC-41a14a9e33,2,491.44,267.78,28,64,FULL,2026-08-31
CUST000924,AFFLUENT,Indore,MP,22.72,75.858,DVC-54f0c5411d,1,17275.19,6412.53,24,2262,FULL,2026-08-31
CUST000925,STUDENT,Guwahati,AS,26.145,91.736,DVC-15731cd3d0,2,430.88,245.3,53,306,FULL,2026-08-31
CUST000926,STUDENT,Lucknow,UP,26.847,80.947,DVC-0abcc7c63c,3,306.83,143.02,60,849,FULL,2026-08-31
CUST000927,SALARIED_URBAN,Panaji,GA,15.491,73.828,DVC-b6e6d1d2ce,1,916.21,364.31,18,1123,FULL,2026-08-31
CUST000928,GIG_WORKER,Hyderabad,TG,17.385,78.487,DVC-6e488e0cb5,1,541.24,333.97,30,103,FULL,2026-08-31
CUST000929,SALARIED_URBAN,Pune,MH,18.52,73.857,DVC-ee05eb6707,2,2188.17,875.64,29,1315,FULL,2026-08-31
CUST000930,SMALL_BUSINESS,Pune,MH,18.52,73.857,DVC-b9ed933b11,3,5571.05,2682.17,9,2837,FULL,2026-08-31
CUST000931,SMALL_BUSINESS,Ahmedabad,GJ,23.023,72.571,DVC-73db9d32fc,2,5926.21,3232.24,41,165,FULL,2026-08-31
CUST000932,SALARIED_URBAN,Indore,MP,22.72,75.858,DVC-7330f3c3aa,1,2287.99,730.43,47,2416,FULL,2026-08-31
CUST000933,SMALL_BUSINESS,Pune,MH,18.52,73.857,DVC-bd5285a911,1,4032.53,1662.49,36,207,FULL,2026-08-31
CUST000934,SALARIED_URBAN,Chennai,TN,13.083,80.27,DVC-bc1916b2b9,1,947.31,358.06,54,2695,FULL,2026-08-31
CUST000935,AFFLUENT,Kochi,KL,9.932,76.267,DVC-5676ff6271,3,10280.67,4354.89,30,689,FULL,2026-08-31
CUST000936,AFFLUENT,Kolkata,WB,22.573,88.364,DVC-5dcccd347c,1,15189.87,4789.64,13,70,FULL,2026-08-31
CUST000937,GIG_WORKER,Bengaluru,KA,12.972,77.594,DVC-3d9677af5b,2,876.24,604.84,16,2573,FULL,2026-08-31
CUST000938,AFFLUENT,Delhi,DL,28.614,77.209,DVC-7e9ab770d9,1,9485.14,2464.56,30,936,FULL,2026-08-31
CUST000939,AFFLUENT,Bengaluru,KA,12.972,77.594,DVC-c094e4a8be,1,5522.47,2448.86,17,574,FULL,2026-08-31
CUST000940,SALARIED_URBAN,Pune,MH,18.52,73.857,DVC-b710060bfe,2,1349.23,440.5,41,110,FULL,2026-08-31
CUST000941,SALARIED_URBAN,Panaji,GA,15.491,73.828,DVC-76ea22a9cd,1,1521.67,730.99,55,994,FULL,2026-08-31
CUST000942,SALARIED_URBAN,Panaji,GA,15.491,73.828,DVC-05f3d00a75,3,2486.5,958.44,26,1677,FULL,2026-08-31
CUST000943,SALARIED_URBAN,Pune,MH,18.52,73.857,DVC-24533a5787,3,915.24,390.36,21,1012,MIN,2026-08-31
CUST000944,AFFLUENT,Chandigarh,CH,30.734,76.779,DVC-5a93eea37d,2,7253.74,2551.21,17,1156,FULL,2026-08-31
CUST000945,STUDENT,Bengaluru,KA,12.972,77.594,DVC-8eabccfd28,2,250.12,113.38,48,460,FULL,2026-08-31
CUST000946,SALARIED_URBAN,Bengaluru,KA,12.972,77.594,DVC-5ecb159e0f,3,2253.08,1199.13,39,498,FULL,2026-08-31
CUST000947,SMALL_BUSINESS,Mumbai,MH,19.076,72.877,DVC-0e2db67124,1,5962.36,3080.03,41,1992,FULL,2026-08-31
CUST000948,SMALL_BUSINESS,Bengaluru,KA,12.972,77.594,DVC-20ed0cd03c,1,3428.84,1961.72,42,2775,FULL,2026-08-31
CUST000949,AFFLUENT,Ahmedabad,GJ,23.023,72.571,DVC-a406afae1a,2,11174.14,3292.44,46,2684,FULL,2026-08-31
CUST000950,AFFLUENT,Panaji,GA,15.491,73.828,DVC-e8cb493d50,2,13448.43,5006.79,17,871,FULL,2026-08-31
CUST000951,SMALL_BUSINESS,Bengaluru,KA,12.972,77.594,DVC-bd6d45cfac,1,2668.06,1387.51,32,907,FULL,2026-08-31
CUST000952,GIG_WORKER,Kochi,KL,9.932,76.267,DVC-5216f6cbe1,2,888.47,543.08,42,1723,FULL,2026-08-31
CUST000953,STUDENT,Lucknow,UP,26.847,80.947,DVC-a75a6e2d16,2,397.68,293.56,37,2637,FULL,2026-08-31
CUST000954,SMALL_BUSINESS,Kochi,KL,9.932,76.267,DVC-b473a06997,1,4429.5,2489.97,41,1652,FULL,2026-08-31
CUST000955,SMALL_BUSINESS,Guwahati,AS,26.145,91.736,DVC-448ac2ffee,3,2956.25,1206.59,50,2043,FULL,2026-08-31
CUST000956,SALARIED_URBAN,Chandigarh,CH,30.734,76.779,DVC-aab786896e,3,1084.29,498.82,36,424,FULL,2026-08-31
CUST000957,SMALL_BUSINESS,Guwahati,AS,26.145,91.736,DVC-1a37b70120,2,6294.92,3028.47,35,1528,FULL,2026-08-31
CUST000958,AFFLUENT,Chandigarh,CH,30.734,76.779,DVC-1764e515c3,3,11262.1,4622.65,22,2673,FULL,2026-08-31
CUST000959,SALARIED_URBAN,Bengaluru,KA,12.972,77.594,DVC-81d7541500,1,2015.68,803.2,24,2536,FULL,2026-08-31
CUST000960,STUDENT,Kolkata,WB,22.573,88.364,DVC-de7aa0a1f3,2,236.49,122.28,58,1085,FULL,2026-08-31
CUST000961,STUDENT,Nagpur,MH,21.146,79.088,DVC-ce4bcdb5a3,2,381.81,185.3,4,1009,FULL,2026-08-31
CUST000962,STUDENT,Mumbai,MH,19.076,72.877,DVC-9c5ee0796f,1,276.7,176.7,36,60,FULL,2026-08-31
CUST000963,AFFLUENT,Chandigarh,CH,30.734,76.779,DVC-ca89e2821c,3,17869.74,6213.6,17,1559,FULL,2026-08-31
CUST000964,GIG_WORKER,Delhi,DL,28.614,77.209,DVC-93682657d0,2,455.47,280.95,35,377,FULL,2026-08-31
CUST000965,SALARIED_URBAN,Mumbai,MH,19.076,72.877,DVC-0b59fe1042,3,1394.56,540.5,62,2202,FULL,2026-08-31
CUST000966,AFFLUENT,Chandigarh,CH,30.734,76.779,DVC-127ec4fc86,1,8764.95,3526.33,37,1579,FULL,2026-08-31
CUST000967,STUDENT,Kolkata,WB,22.573,88.364,DVC-f77dade756,1,364.49,264.72,40,535,FULL,2026-08-31
CUST000968,SALARIED_URBAN,Kolkata,WB,22.573,88.364,DVC-9535fb5196,2,983.76,473.9,49,2301,FULL,2026-08-31
CUST000969,GIG_WORKER,Kochi,KL,9.932,76.267,DVC-338782ed97,1,948.54,640.55,29,874,FULL,2026-08-31
CUST000970,GIG_WORKER,Guwahati,AS,26.145,91.736,DVC-08169fed19,1,726.17,338.29,61,364,FULL,2026-08-31
CUST000971,SMALL_BUSINESS,Panaji,GA,15.491,73.828,DVC-59a7b2a671,1,3905.16,2070.04,53,957,FULL,2026-08-31
CUST000972,AFFLUENT,Hyderabad,TG,17.385,78.487,DVC-731858a27e,1,17055.19,5126.69,36,180,FULL,2026-08-31
CUST000973,STUDENT,Delhi,DL,28.614,77.209,DVC-e8bc98d68a,2,620.19,390.96,34,2360,FULL,2026-08-31
CUST000974,GIG_WORKER,Bengaluru,KA,12.972,77.594,DVC-f2785ac3c1,1,1029.66,563.23,50,868,FULL,2026-08-31
CUST000975,STUDENT,Ahmedabad,GJ,23.023,72.571,DVC-ef5a481244,2,473.74,270.06,41,2074,FULL,2026-08-31
CUST000976,SALARIED_URBAN,Kochi,KL,9.932,76.267,DVC-9187a6815a,1,1436.23,506.21,34,2177,FULL,2026-08-31
CUST000977,SALARIED_URBAN,Chandigarh,CH,30.734,76.779,DVC-b661c0cdb0,2,2581.36,1088.22,19,2855,FULL,2026-08-31
CUST000978,GIG_WORKER,Ahmedabad,GJ,23.023,72.571,DVC-fcd420a736,1,775.32,409.49,46,2208,FULL,2026-08-31
CUST000979,STUDENT,Lucknow,UP,26.847,80.947,DVC-6c841b40c3,2,467.51,307.39,59,919,FULL,2026-08-31
CUST000980,SALARIED_URBAN,Kolkata,WB,22.573,88.364,DVC-a8229be20d,2,1425.75,484.96,7,1777,FULL,2026-08-31
CUST000981,GIG_WORKER,Guwahati,AS,26.145,91.736,DVC-f3a6eb1603,1,724.33,453.25,37,1081,MIN,2026-08-31
CUST000982,SMALL_BUSINESS,Delhi,DL,28.614,77.209,DVC-0d33ec8aca,1,4007.79,2059.14,51,356,FULL,2026-08-31
CUST000983,SALARIED_URBAN,Delhi,DL,28.614,77.209,DVC-05fb301f8f,1,1502.82,824.5,31,2821,MIN,2026-08-31
CUST000984,SALARIED_URBAN,Indore,MP,22.72,75.858,DVC-dfb5c4ae4a,1,2194.41,1012.48,64,2476,FULL,2026-08-31
CUST000985,SALARIED_URBAN,Pune,MH,18.52,73.857,DVC-21cc84575f,1,2562.78,1328.64,43,774,FULL,2026-08-31
CUST000986,GIG_WORKER,Panaji,GA,15.491,73.828,DVC-f07e38909a,2,446.57,306.34,27,2054,MIN,2026-08-31
CUST000987,SALARIED_URBAN,Guwahati,AS,26.145,91.736,DVC-ba6a37dfa8,2,964.25,416.87,55,556,MIN,2026-08-31
CUST000988,STUDENT,Panaji,GA,15.491,73.828,DVC-502f4a50b7,1,445.12,280.23,37,1884,FULL,2026-08-31
CUST000989,SMALL_BUSINESS,Mumbai,MH,19.076,72.877,DVC-f7fd3ad181,1,6555.85,2933.4,17,2767,FULL,2026-08-31
CUST000990,GIG_WORKER,Kolkata,WB,22.573,88.364,DVC-c221707b2d,1,642.79,412.07,40,688,FULL,2026-08-31
CUST000991,SALARIED_URBAN,Indore,MP,22.72,75.858,DVC-b5b2f014a5,1,1219.94,453.21,39,75,FULL,2026-08-31
CUST000992,AFFLUENT,Mumbai,MH,19.076,72.877,DVC-7a62dc6783,2,17064.9,5743.8,46,879,FULL,2026-08-31
CUST000993,AFFLUENT,Lucknow,UP,26.847,80.947,DVC-477e75880c,2,5987.89,1717.43,42,293,FULL,2026-08-31
CUST000994,SALARIED_URBAN,Lucknow,UP,26.847,80.947,DVC-e271fcf8df,3,2496.74,902.82,48,980,FULL,2026-08-31
CUST000995,AFFLUENT,Lucknow,UP,26.847,80.947,DVC-3619dd3da1,2,14932.51,5733.33,45,1723,FULL,2026-08-31
CUST000996,AFFLUENT,Kochi,KL,9.932,76.267,DVC-4ae9659428,1,10149.99,2880.66,24,143,FULL,2026-08-31
CUST000997,GIG_WORKER,Kochi,KL,9.932,76.267,DVC-388c655208,2,874.86,521.99,32,2019,FULL,2026-08-31
CUST000998,SALARIED_URBAN,Hyderabad,TG,17.385,78.487,DVC-9faa036729,2,1713.54,918.54,39,2323,FULL,2026-08-31
CUST000999,STUDENT,Bengaluru,KA,12.972,77.594,DVC-2d6a673f43,1,413.11,295.63,30,287,MIN,2026-08-31
CUST001000,STUDENT,Kolkata,WB,22.573,88.364,DVC-143d46d7e3,1,357.55,170.6,31,1971,FULL,2026-08-31
CUST001001,SALARIED_URBAN,Indore,MP,22.72,75.858,DVC-72d3e29e93,1,1299.34,601.39,51,2393,FULL,2026-08-31
CUST001002,SALARIED_URBAN,Lucknow,UP,26.847,80.947,DVC-c01df8ee4e,1,1062.77,466.53,24,1725,FULL,2026-08-31
CUST001003,SMALL_BUSINESS,Chennai,TN,13.083,80.27,DVC-08b2ef4730,1,3560.77,1248.12,42,827,FULL,2026-08-31
CUST001004,SALARIED_URBAN,Ahmedabad,GJ,23.023,72.571,DVC-e8e1e34e4d,2,1794.05,635.35,38,2683,FULL,2026-08-31
CUST001005,STUDENT,Jaipur,RJ,26.912,75.787,DVC-22c29ec2b5,1,350.44,233.83,31,1870,FULL,2026-08-31
CUST001006,STUDENT,Kolkata,WB,22.573,88.364,DVC-7bb52abc7c,2,494.55,336.29,41,2590,FULL,2026-08-31
CUST001007,SALARIED_URBAN,Chennai,TN,13.083,80.27,DVC-83c55d9998,1,1544.31,761.73,11,1746,FULL,2026-08-31
CUST001008,GIG_WORKER,Indore,MP,22.72,75.858,DVC-144153f8b4,1,596.8,285.56,26,1736,MIN,2026-08-31
CUST001009,AFFLUENT,Jaipur,RJ,26.912,75.787,DVC-b443528e28,2,16869.6,7110.53,34,2564,FULL,2026-08-31
CUST001010,AFFLUENT,Ahmedabad,GJ,23.023,72.571,DVC-9f3660d45c,1,13227.91,4927.77,37,532,MIN,2026-08-31
CUST001011,SALARIED_URBAN,Mumbai,MH,19.076,72.877,DVC-1f11a8d7f8,1,928.15,407.82,28,2332,FULL,2026-08-31
CUST001012,SALARIED_URBAN,Ahmedabad,GJ,23.023,72.571,DVC-a774833176,1,1180.07,501.85,46,1994,FULL,2026-08-31
CUST001013,SALARIED_URBAN,Delhi,DL,28.614,77.209,DVC-73b6043883,2,1739.16,529.23,35,363,FULL,2026-08-31
CUST001014,STUDENT,Hyderabad,TG,17.385,78.487,DVC-b87431b6aa,3,447.71,306.46,35,2636,FULL,2026-08-31
CUST001015,SALARIED_URBAN,Guwahati,AS,26.145,91.736,DVC-1873d607f1,1,2265.64,694.77,25,752,FULL,2026-08-31
CUST001016,SALARIED_URBAN,Bengaluru,KA,12.972,77.594,DVC-2e6ce0f09d,1,1997.7,834.35,38,1802,FULL,2026-08-31
CUST001017,STUDENT,Kolkata,WB,22.573,88.364,DVC-ec20b8b450,1,228.13,169.94,20,1564,FULL,2026-08-31
CUST001018,SMALL_BUSINESS,Hyderabad,TG,17.385,78.487,DVC-b2b5405cde,1,3225.01,1828.0,38,1913,FULL,2026-08-31
CUST001019,AFFLUENT,Mumbai,MH,19.076,72.877,DVC-63c0f3707c,2,5256.26,1571.5,21,1263,FULL,2026-08-31
CUST001020,SMALL_BUSINESS,Ahmedabad,GJ,23.023,72.571,DVC-aa7bfa1a5c,2,6689.69,2613.47,29,1645,MIN,2026-08-31
CUST001021,SMALL_BUSINESS,Mumbai,MH,19.076,72.877,DVC-a20a073acc,2,3704.94,1634.62,35,886,FULL,2026-08-31
CUST001022,SALARIED_URBAN,Mumbai,MH,19.076,72.877,DVC-98929feae6,1,1951.09,791.1,32,83,FULL,2026-08-31
CUST001023,SALARIED_URBAN,Ahmedabad,GJ,23.023,72.571,DVC-f4d94f7490,1,1401.03,694.12,30,1476,FULL,2026-08-31
CUST001024,SALARIED_URBAN,Pune,MH,18.52,73.857,DVC-3a27f21e6c,1,2264.68,1046.5,27,2401,FULL,2026-08-31
CUST001025,SALARIED_URBAN,Kolkata,WB,22.573,88.364,DVC-799178ce36,3,1783.07,836.16,49,2446,FULL,2026-08-31
CUST001026,SALARIED_URBAN,Chennai,TN,13.083,80.27,DVC-39d3c518cc,1,1978.91,683.11,53,2699,MIN,2026-08-31
CUST001027,SMALL_BUSINESS,Indore,MP,22.72,75.858,DVC-c2615da508,2,6970.08,3485.41,41,1662,MIN,2026-08-31
CUST001028,STUDENT,Chennai,TN,13.083,80.27,DVC-e84f4b1899,1,638.94,403.79,39,1671,FULL,2026-08-31
CUST001029,GIG_WORKER,Ahmedabad,GJ,23.023,72.571,DVC-09d1ba63fd,2,653.24,435.88,48,660,FULL,2026-08-31
CUST001030,SALARIED_URBAN,Pune,MH,18.52,73.857,DVC-a5f883b0ec,1,1628.54,557.85,52,325,FULL,2026-08-31
CUST001031,SMALL_BUSINESS,Chennai,TN,13.083,80.27,DVC-c53ce6c6c3,3,4171.87,2319.23,26,1755,FULL,2026-08-31
CUST001032,STUDENT,Guwahati,AS,26.145,91.736,DVC-803257da47,1,260.26,131.98,21,1418,FULL,2026-08-31
CUST001033,GIG_WORKER,Guwahati,AS,26.145,91.736,DVC-c7752ee540,1,355.98,234.99,33,2236,FULL,2026-08-31
CUST001034,SALARIED_URBAN,Lucknow,UP,26.847,80.947,DVC-eabbc6b376,2,1945.07,801.54,36,1273,FULL,2026-08-31
CUST001035,SMALL_BUSINESS,Kolkata,WB,22.573,88.364,DVC-e0a6ee6fe2,1,4557.95,2698.29,46,2536,FULL,2026-08-31
CUST001036,SALARIED_URBAN,Jaipur,RJ,26.912,75.787,DVC-e70bb29ea0,1,2396.91,1302.81,49,2544,FULL,2026-08-31
CUST001037,STUDENT,Pune,MH,18.52,73.857,DVC-50ddecd442,2,313.79,187.14,42,788,FULL,2026-08-31
CUST001038,SMALL_BUSINESS,Jaipur,RJ,26.912,75.787,DVC-7553b8f935,2,5857.61,2088.56,32,1331,FULL,2026-08-31
CUST001039,SALARIED_URBAN,Nagpur,MH,21.146,79.088,DVC-5972d7d043,1,2096.11,1056.57,13,1220,FULL,2026-08-31
CUST001040,SMALL_BUSINESS,Guwahati,AS,26.145,91.736,DVC-aecf8aba05,2,5801.25,2733.01,34,851,FULL,2026-08-31
CUST001041,SALARIED_URBAN,Indore,MP,22.72,75.858,DVC-d6ebd96479,1,2577.4,1090.47,59,2641,FULL,2026-08-31
CUST001042,SALARIED_URBAN,Mumbai,MH,19.076,72.877,DVC-b2fdf77c2d,2,2404.53,833.95,11,1131,FULL,2026-08-31
CUST001043,SALARIED_URBAN,Kolkata,WB,22.573,88.364,DVC-d9b4fa7ad1,3,2131.12,757.23,48,829,FULL,2026-08-31
CUST001044,GIG_WORKER,Chandigarh,CH,30.734,76.779,DVC-2c422c461b,1,473.54,220.62,49,1322,FULL,2026-08-31
CUST001045,GIG_WORKER,Jaipur,RJ,26.912,75.787,DVC-816fa70c05,2,793.77,361.72,47,1067,FULL,2026-08-31
CUST001046,SALARIED_URBAN,Pune,MH,18.52,73.857,DVC-dd0e430af5,1,1307.24,450.56,38,332,FULL,2026-08-31
CUST001047,SALARIED_URBAN,Guwahati,AS,26.145,91.736,DVC-2fc97cff02,1,1910.06,895.61,58,1226,FULL,2026-08-31
CUST001048,SMALL_BUSINESS,Guwahati,AS,26.145,91.736,DVC-d39167b7be,2,6451.86,3183.6,46,97,FULL,2026-08-31
CUST001049,STUDENT,Bengaluru,KA,12.972,77.594,DVC-4506c7d6b5,2,442.66,279.46,49,2765,FULL,2026-08-31
CUST001050,STUDENT,Ahmedabad,GJ,23.023,72.571,DVC-fd70b85c67,1,201.89,139.02,21,2723,FULL,2026-08-31
CUST001051,SALARIED_URBAN,Panaji,GA,15.491,73.828,DVC-cdc5ba2ee0,1,2303.69,1033.82,17,1826,FULL,2026-08-31
CUST001052,SALARIED_URBAN,Jaipur,RJ,26.912,75.787,DVC-539759e07b,1,1674.9,685.91,48,2653,FULL,2026-08-31
CUST001053,STUDENT,Ahmedabad,GJ,23.023,72.571,DVC-922ca98d69,1,632.34,289.25,56,2626,FULL,2026-08-31
CUST001054,SALARIED_URBAN,Ahmedabad,GJ,23.023,72.571,DVC-3add8c6729,2,1633.86,844.34,24,1142,FULL,2026-08-31
CUST001055,GIG_WORKER,Kolkata,WB,22.573,88.364,DVC-4fd7d432ad,1,678.77,425.9,18,1087,FULL,2026-08-31
CUST001056,STUDENT,Indore,MP,22.72,75.858,DVC-f3f968d9fd,2,441.05,258.34,44,2139,FULL,2026-08-31
CUST001057,SMALL_BUSINESS,Delhi,DL,28.614,77.209,DVC-3b73cee748,1,5993.71,2575.16,4,889,FULL,2026-08-31
CUST001058,SALARIED_URBAN,Indore,MP,22.72,75.858,DVC-2c3da873c6,2,1673.37,873.64,63,1355,MIN,2026-08-31
CUST001059,SMALL_BUSINESS,Chandigarh,CH,30.734,76.779,DVC-e36fd3b508,1,2831.13,1219.52,32,2082,FULL,2026-08-31
CUST001060,SALARIED_URBAN,Chandigarh,CH,30.734,76.779,DVC-a414c326c3,1,1769.9,842.47,36,1575,FULL,2026-08-31
CUST001061,SMALL_BUSINESS,Guwahati,AS,26.145,91.736,DVC-940415fc7e,2,7443.91,3706.06,44,2571,FULL,2026-08-31
CUST001062,SALARIED_URBAN,Kolkata,WB,22.573,88.364,DVC-d0de21ffdf,2,974.53,449.25,22,1590,FULL,2026-08-31
CUST001063,SALARIED_URBAN,Kochi,KL,9.932,76.267,DVC-cfd1f10dff,1,1120.69,441.37,45,1971,FULL,2026-08-31
CUST001064,AFFLUENT,Bengaluru,KA,12.972,77.594,DVC-6328df9092,1,6882.23,2986.6,25,231,FULL,2026-08-31
CUST001065,SALARIED_URBAN,Kolkata,WB,22.573,88.364,DVC-f92ca25cf4,1,2570.72,1019.54,46,638,FULL,2026-08-31
CUST001066,GIG_WORKER,Pune,MH,18.52,73.857,DVC-71e941de51,3,908.33,491.57,39,832,FULL,2026-08-31
CUST001067,STUDENT,Hyderabad,TG,17.385,78.487,DVC-6b8fd96e38,2,461.38,276.02,36,2378,FULL,2026-08-31
CUST001068,STUDENT,Hyderabad,TG,17.385,78.487,DVC-e5fe9ba26d,1,307.4,221.8,39,1620,FULL,2026-08-31
CUST001069,AFFLUENT,Kolkata,WB,22.573,88.364,DVC-bb6a8ea77d,1,11842.55,3652.89,36,2688,FULL,2026-08-31
CUST001070,AFFLUENT,Chennai,TN,13.083,80.27,DVC-911671922f,3,9715.51,3469.0,60,114,FULL,2026-08-31
CUST001071,SALARIED_URBAN,Guwahati,AS,26.145,91.736,DVC-c88143c074,1,1184.61,458.53,38,494,FULL,2026-08-31
CUST001072,AFFLUENT,Indore,MP,22.72,75.858,DVC-9e09d06544,1,16825.63,4301.81,30,197,FULL,2026-08-31
CUST001073,SALARIED_URBAN,Indore,MP,22.72,75.858,DVC-b0228bd61d,3,1986.32,1072.95,18,94,FULL,2026-08-31
CUST001074,SALARIED_URBAN,Indore,MP,22.72,75.858,DVC-3fdac98c44,2,969.07,396.33,34,1629,FULL,2026-08-31
CUST001075,SALARIED_URBAN,Indore,MP,22.72,75.858,DVC-9f9735c2ee,3,1460.49,670.61,59,605,FULL,2026-08-31
CUST001076,STUDENT,Kochi,KL,9.932,76.267,DVC-07c6425dca,2,182.03,103.33,57,506,FULL,2026-08-31
CUST001077,SALARIED_URBAN,Ahmedabad,GJ,23.023,72.571,DVC-a0fdf4959b,1,2116.09,1132.03,38,1222,FULL,2026-08-31
CUST001078,SALARIED_URBAN,Pune,MH,18.52,73.857,DVC-075119f076,2,2140.89,684.39,33,2383,FULL,2026-08-31
CUST001079,STUDENT,Delhi,DL,28.614,77.209,DVC-92addac284,3,303.64,179.05,55,118,FULL,2026-08-31
CUST001080,SALARIED_URBAN,Bengaluru,KA,12.972,77.594,DVC-94268e909f,2,2430.34,1045.26,41,1629,FULL,2026-08-31
CUST001081,SMALL_BUSINESS,Hyderabad,TG,17.385,78.487,DVC-0ab142997c,3,7429.46,3353.42,35,69,FULL,2026-08-31
CUST001082,SALARIED_URBAN,Hyderabad,TG,17.385,78.487,DVC-7e2d19f240,2,1551.96,506.64,47,2552,FULL,2026-08-31
CUST001083,STUDENT,Chandigarh,CH,30.734,76.779,DVC-aeb68bcb7c,2,420.67,223.04,56,1355,FULL,2026-08-31
CUST001084,SALARIED_URBAN,Jaipur,RJ,26.912,75.787,DVC-21b7b5b17b,1,1230.67,603.13,38,2271,FULL,2026-08-31
CUST001085,SALARIED_URBAN,Ahmedabad,GJ,23.023,72.571,DVC-056208697e,3,1310.64,462.74,33,2684,FULL,2026-08-31
CUST001086,GIG_WORKER,Ahmedabad,GJ,23.023,72.571,DVC-1b0c8cf648,2,705.7,355.9,60,732,MIN,2026-08-31
CUST001087,AFFLUENT,Guwahati,AS,26.145,91.736,DVC-36179f0ca9,1,10555.63,4262.37,54,2031,FULL,2026-08-31
CUST001088,SMALL_BUSINESS,Jaipur,RJ,26.912,75.787,DVC-208b3d7bdc,1,4036.22,2398.31,24,1242,FULL,2026-08-31
CUST001089,SMALL_BUSINESS,Mumbai,MH,19.076,72.877,DVC-bc06cdc485,1,6581.93,3751.67,36,519,FULL,2026-08-31
CUST001090,SALARIED_URBAN,Guwahati,AS,26.145,91.736,DVC-3de9366044,3,2470.76,1014.88,49,2659,FULL,2026-08-31
CUST001091,STUDENT,Chennai,TN,13.083,80.27,DVC-c978a176e4,1,472.4,320.68,24,1123,FULL,2026-08-31
CUST001092,SALARIED_URBAN,Guwahati,AS,26.145,91.736,DVC-4509b52497,1,901.98,352.36,13,574,FULL,2026-08-31
CUST001093,STUDENT,Kochi,KL,9.932,76.267,DVC-2e51945095,1,425.42,222.51,42,464,FULL,2026-08-31
CUST001094,GIG_WORKER,Chandigarh,CH,30.734,76.779,DVC-b4388b3abb,2,616.11,308.68,38,1069,FULL,2026-08-31
CUST001095,SALARIED_URBAN,Lucknow,UP,26.847,80.947,DVC-80e657e1e0,1,2081.33,684.64,36,1447,FULL,2026-08-31
CUST001096,GIG_WORKER,Bengaluru,KA,12.972,77.594,DVC-1be0cc7ef6,2,715.68,452.26,32,2653,MIN,2026-08-31
CUST001097,AFFLUENT,Panaji,GA,15.491,73.828,DVC-db0b0eaae7,1,5882.83,1872.98,29,1820,FULL,2026-08-31
CUST001098,SALARIED_URBAN,Kochi,KL,9.932,76.267,DVC-478d4f5440,2,1713.16,916.57,34,1989,FULL,2026-08-31
CUST001099,SMALL_BUSINESS,Guwahati,AS,26.145,91.736,DVC-fea08259d9,1,5846.66,2125.98,37,564,FULL,2026-08-31
CUST001100,SMALL_BUSINESS,Nagpur,MH,21.146,79.088,DVC-59ead2dc13,1,2407.88,1334.92,53,2169,FULL,2026-08-31
CUST001101,SALARIED_URBAN,Nagpur,MH,21.146,79.088,DVC-068b45c738,3,1098.42,523.14,4,1006,FULL,2026-08-31
CUST001102,SMALL_BUSINESS,Hyderabad,TG,17.385,78.487,DVC-ff1315600c,3,7470.59,3430.89,34,2440,FULL,2026-08-31
CUST001103,SMALL_BUSINESS,Kochi,KL,9.932,76.267,DVC-9f366e85cc,2,6168.35,2438.54,23,741,FULL,2026-08-31
CUST001104,SMALL_BUSINESS,Kochi,KL,9.932,76.267,DVC-83b7e50c9e,2,2536.35,1333.37,26,2415,FULL,2026-08-31
CUST001105,GIG_WORKER,Nagpur,MH,21.146,79.088,DVC-46d23e74de,1,640.88,384.88,50,1978,FULL,2026-08-31
CUST001106,AFFLUENT,Indore,MP,22.72,75.858,DVC-2a7ec77287,3,12037.53,4144.39,34,2611,FULL,2026-08-31
CUST001107,SALARIED_URBAN,Kolkata,WB,22.573,88.364,DVC-3dad9d1af4,1,2571.52,1306.24,34,1332,FULL,2026-08-31
CUST001108,SALARIED_URBAN,Kochi,KL,9.932,76.267,DVC-46149c0a07,1,2101.07,875.58,41,108,FULL,2026-08-31
CUST001109,GIG_WORKER,Bengaluru,KA,12.972,77.594,DVC-1d8b8b3abc,3,1057.56,687.17,40,2012,FULL,2026-08-31
CUST001110,SALARIED_URBAN,Hyderabad,TG,17.385,78.487,DVC-8d6f53acee,1,1096.99,544.77,43,1778,FULL,2026-08-31
CUST001111,SALARIED_URBAN,Pune,MH,18.52,73.857,DVC-2dae92c846,1,1400.63,685.67,42,274,FULL,2026-08-31
CUST001112,GIG_WORKER,Kochi,KL,9.932,76.267,DVC-6cd1ea6e85,1,1089.42,494.59,47,1029,FULL,2026-08-31
CUST001113,AFFLUENT,Chandigarh,CH,30.734,76.779,DVC-13538d5a4a,1,6433.25,2109.0,58,2578,FULL,2026-08-31
CUST001114,GIG_WORKER,Lucknow,UP,26.847,80.947,DVC-af82362605,3,848.54,370.43,46,1997,FULL,2026-08-31
CUST001115,GIG_WORKER,Chandigarh,CH,30.734,76.779,DVC-3d43532ef5,1,834.66,499.67,35,2649,FULL,2026-08-31
CUST001116,GIG_WORKER,Bengaluru,KA,12.972,77.594,DVC-bf006e5f7d,1,518.73,287.52,46,1853,FULL,2026-08-31
CUST001117,GIG_WORKER,Guwahati,AS,26.145,91.736,DVC-2ec81aae27,2,803.18,374.65,44,2422,FULL,2026-08-31
CUST001118,AFFLUENT,Jaipur,RJ,26.912,75.787,DVC-efc86fcd4e,1,7251.22,2144.51,31,2604,FULL,2026-08-31
CUST001119,AFFLUENT,Bengaluru,KA,12.972,77.594,DVC-8eb5ccb92f,1,14097.5,4018.42,44,1349,FULL,2026-08-31
CUST001120,GIG_WORKER,Panaji,GA,15.491,73.828,DVC-d968bd3bb7,2,436.51,190.21,44,1734,MIN,2026-08-31
CUST001121,SALARIED_URBAN,Kochi,KL,9.932,76.267,DVC-934ba3aa9a,1,1963.35,804.39,27,293,FULL,2026-08-31
CUST001122,AFFLUENT,Chennai,TN,13.083,80.27,DVC-92d30a03f8,2,8578.0,2305.53,35,607,FULL,2026-08-31
CUST001123,STUDENT,Ahmedabad,GJ,23.023,72.571,DVC-6eeaba17ed,2,527.24,333.68,36,229,FULL,2026-08-31
CUST001124,SALARIED_URBAN,Guwahati,AS,26.145,91.736,DVC-8029261c00,2,1223.55,396.61,29,2698,FULL,2026-08-31
CUST001125,SALARIED_URBAN,Lucknow,UP,26.847,80.947,DVC-f89f1f9f97,1,1123.29,545.55,18,143,MIN,2026-08-31
CUST001126,AFFLUENT,Kolkata,WB,22.573,88.364,DVC-a631ad6d44,1,14247.08,4986.81,42,1962,MIN,2026-08-31
CUST001127,SMALL_BUSINESS,Bengaluru,KA,12.972,77.594,DVC-88b82f1f1b,1,4722.09,2240.39,37,57,FULL,2026-08-31
CUST001128,SALARIED_URBAN,Indore,MP,22.72,75.858,DVC-a5808a0681,1,2221.74,1041.87,14,2007,FULL,2026-08-31
CUST001129,GIG_WORKER,Indore,MP,22.72,75.858,DVC-3a2f5b52f2,1,434.9,301.59,40,1001,FULL,2026-08-31
CUST001130,SALARIED_URBAN,Kochi,KL,9.932,76.267,DVC-b453ad6f66,2,1940.94,806.39,18,1421,FULL,2026-08-31
CUST001131,SALARIED_URBAN,Pune,MH,18.52,73.857,DVC-99f845bd14,1,1158.75,541.79,34,2014,FULL,2026-08-31
CUST001132,AFFLUENT,Kochi,KL,9.932,76.267,DVC-aba649b76a,2,12695.14,4549.37,38,2336,FULL,2026-08-31
CUST001133,SALARIED_URBAN,Ahmedabad,GJ,23.023,72.571,DVC-f9fbc61596,1,2510.35,942.41,28,494,FULL,2026-08-31
CUST001134,SMALL_BUSINESS,Delhi,DL,28.614,77.209,DVC-a0ca9df48a,2,5535.54,2652.78,20,171,FULL,2026-08-31
CUST001135,GIG_WORKER,Nagpur,MH,21.146,79.088,DVC-125153bece,1,551.22,384.96,33,102,FULL,2026-08-31
CUST001136,STUDENT,Mumbai,MH,19.076,72.877,DVC-e5bcec6f40,3,203.35,125.09,28,988,FULL,2026-08-31
CUST001137,AFFLUENT,Guwahati,AS,26.145,91.736,DVC-e7566bbbec,1,13042.28,5522.96,28,2531,FULL,2026-08-31
CUST001138,SALARIED_URBAN,Ahmedabad,GJ,23.023,72.571,DVC-bd5d60fb20,1,1036.95,501.53,34,1049,FULL,2026-08-31
CUST001139,SALARIED_URBAN,Kolkata,WB,22.573,88.364,DVC-140f305f19,1,1474.03,475.05,55,1962,FULL,2026-08-31
CUST001140,STUDENT,Chandigarh,CH,30.734,76.779,DVC-b8fcc7bf19,1,424.88,291.34,44,1367,FULL,2026-08-31
CUST001141,GIG_WORKER,Chandigarh,CH,30.734,76.779,DVC-25a9959b6b,2,454.17,231.67,39,2257,FULL,2026-08-31
CUST001142,SALARIED_URBAN,Ahmedabad,GJ,23.023,72.571,DVC-086375b12c,3,988.08,313.15,51,1890,FULL,2026-08-31
CUST001143,GIG_WORKER,Chandigarh,CH,30.734,76.779,DVC-6f78ce3a82,2,657.0,419.16,46,1341,FULL,2026-08-31
CUST001144,SMALL_BUSINESS,Nagpur,MH,21.146,79.088,DVC-4f89502893,1,3273.88,1205.93,28,2827,FULL,2026-08-31
CUST001145,STUDENT,Chandigarh,CH,30.734,76.779,DVC-e66ec259cb,2,419.04,249.04,34,366,FULL,2026-08-31
CUST001146,GIG_WORKER,Chennai,TN,13.083,80.27,DVC-cc1884f065,2,509.98,220.67,46,388,FULL,2026-08-31
CUST001147,STUDENT,Kochi,KL,9.932,76.267,DVC-51fe0a6176,2,497.37,243.74,47,2516,FULL,2026-08-31
CUST001148,SMALL_BUSINESS,Pune,MH,18.52,73.857,DVC-690e8214eb,2,5733.69,3374.78,23,2550,FULL,2026-08-31
CUST001149,AFFLUENT,Guwahati,AS,26.145,91.736,DVC-f8d2b90155,1,10268.49,3265.59,18,2108,FULL,2026-08-31
CUST001150,SMALL_BUSINESS,Delhi,DL,28.614,77.209,DVC-632e05adf3,3,5752.65,3107.85,33,1217,FULL,2026-08-31
CUST001151,AFFLUENT,Chandigarh,CH,30.734,76.779,DVC-d18017b0ad,3,7921.45,2173.6,54,211,FULL,2026-08-31
CUST001152,GIG_WORKER,Guwahati,AS,26.145,91.736,DVC-84582f24c0,2,467.82,211.97,11,1486,FULL,2026-08-31
CUST001153,SMALL_BUSINESS,Hyderabad,TG,17.385,78.487,DVC-7637a8713b,2,7296.06,3615.55,37,2863,MIN,2026-08-31
CUST001154,AFFLUENT,Nagpur,MH,21.146,79.088,DVC-09aad73c08,1,11441.73,4422.76,23,679,MIN,2026-08-31
CUST001155,STUDENT,Lucknow,UP,26.847,80.947,DVC-69f9a0a37f,2,485.93,343.02,48,434,FULL,2026-08-31
CUST001156,STUDENT,Pune,MH,18.52,73.857,DVC-d8b6b211e5,3,267.77,125.04,39,723,FULL,2026-08-31
CUST001157,SMALL_BUSINESS,Kochi,KL,9.932,76.267,DVC-735de650e8,1,3517.4,1340.38,30,46,FULL,2026-08-31
CUST001158,STUDENT,Kochi,KL,9.932,76.267,DVC-975719b19b,2,507.86,242.77,37,2441,FULL,2026-08-31
CUST001159,GIG_WORKER,Bengaluru,KA,12.972,77.594,DVC-825043010d,1,382.97,261.69,34,2596,MIN,2026-08-31
CUST001160,SMALL_BUSINESS,Bengaluru,KA,12.972,77.594,DVC-45e09dc6b7,3,5452.91,2152.53,16,2169,FULL,2026-08-31
CUST001161,SMALL_BUSINESS,Lucknow,UP,26.847,80.947,DVC-66804179c7,2,5638.96,2986.63,49,2162,FULL,2026-08-31
CUST001162,STUDENT,Chennai,TN,13.083,80.27,DVC-85829f83ea,2,281.17,200.01,39,73,FULL,2026-08-31
CUST001163,SALARIED_URBAN,Kolkata,WB,22.573,88.364,DVC-63c381bdd0,2,1728.85,807.33,35,683,MIN,2026-08-31
CUST001164,STUDENT,Kochi,KL,9.932,76.267,DVC-d5d615ac67,3,432.3,256.04,28,47,FULL,2026-08-31
CUST001165,SALARIED_URBAN,Delhi,DL,28.614,77.209,DVC-26de84f8d4,2,2105.69,1042.17,26,1398,FULL,2026-08-31
CUST001166,STUDENT,Bengaluru,KA,12.972,77.594,DVC-f95975a14c,1,310.16,197.67,43,1361,FULL,2026-08-31
CUST001167,STUDENT,Chandigarh,CH,30.734,76.779,DVC-a4cd82f9d6,2,300.56,154.09,24,1165,FULL,2026-08-31
CUST001168,GIG_WORKER,Chandigarh,CH,30.734,76.779,DVC-a6fb64a60e,1,539.86,264.98,36,376,FULL,2026-08-31
CUST001169,AFFLUENT,Jaipur,RJ,26.912,75.787,DVC-4e7fd194c1,1,13068.5,5725.4,38,1195,FULL,2026-08-31
CUST001170,STUDENT,Delhi,DL,28.614,77.209,DVC-3b81fea1c4,2,478.42,218.67,8,1962,FULL,2026-08-31
CUST001171,GIG_WORKER,Nagpur,MH,21.146,79.088,DVC-2353b49d60,2,517.22,208.02,40,678,FULL,2026-08-31
CUST001172,AFFLUENT,Nagpur,MH,21.146,79.088,DVC-8a4a4b0b9c,2,4734.33,1388.34,62,1665,FULL,2026-08-31
CUST001173,STUDENT,Kochi,KL,9.932,76.267,DVC-9ab852459a,2,626.11,290.82,28,390,FULL,2026-08-31
CUST001174,STUDENT,Nagpur,MH,21.146,79.088,DVC-f9a45b8dbe,2,287.4,134.9,64,2498,FULL,2026-08-31
CUST001175,AFFLUENT,Kolkata,WB,22.573,88.364,DVC-1ec376c831,3,17307.45,4892.49,55,2730,FULL,2026-08-31
CUST001176,SALARIED_URBAN,Chandigarh,CH,30.734,76.779,DVC-ba8c97be5b,2,971.47,426.81,26,1037,FULL,2026-08-31
CUST001177,SMALL_BUSINESS,Ahmedabad,GJ,23.023,72.571,DVC-967c2d8a3c,1,6246.25,2552.49,51,2787,FULL,2026-08-31
CUST001178,GIG_WORKER,Hyderabad,TG,17.385,78.487,DVC-d35e430184,2,856.78,527.33,50,120,FULL,2026-08-31
CUST001179,STUDENT,Hyderabad,TG,17.385,78.487,DVC-27aec2dc86,2,397.37,294.23,47,1574,MIN,2026-08-31
CUST001180,GIG_WORKER,Chennai,TN,13.083,80.27,DVC-22ebd8c2e2,1,469.64,196.87,41,427,FULL,2026-08-31
CUST001181,SALARIED_URBAN,Panaji,GA,15.491,73.828,DVC-0b521c47cc,3,2526.06,1246.15,44,795,FULL,2026-08-31
CUST001182,SMALL_BUSINESS,Nagpur,MH,21.146,79.088,DVC-f2fbf252fd,1,7048.41,3137.83,51,1963,FULL,2026-08-31
CUST001183,AFFLUENT,Chandigarh,CH,30.734,76.779,DVC-affe614d78,1,7857.75,2587.7,40,903,FULL,2026-08-31
CUST001184,SALARIED_URBAN,Jaipur,RJ,26.912,75.787,DVC-81e08a0949,1,2595.8,1202.51,28,1804,FULL,2026-08-31
CUST001185,SMALL_BUSINESS,Nagpur,MH,21.146,79.088,DVC-5e33722cde,1,6119.77,3314.02,56,2803,FULL,2026-08-31
CUST001186,SALARIED_URBAN,Bengaluru,KA,12.972,77.594,DVC-3287fe4668,1,1479.74,766.86,38,1719,FULL,2026-08-31
CUST001187,SALARIED_URBAN,Chandigarh,CH,30.734,76.779,DVC-2b09bd764a,2,1506.17,585.25,18,1052,FULL,2026-08-31
CUST001188,SMALL_BUSINESS,Guwahati,AS,26.145,91.736,DVC-120fd93904,3,5903.91,3227.63,34,2492,FULL,2026-08-31
CUST001189,SALARIED_URBAN,Lucknow,UP,26.847,80.947,DVC-3996d5bd3d,2,940.75,290.07,51,1624,FULL,2026-08-31
CUST001190,SALARIED_URBAN,Mumbai,MH,19.076,72.877,DVC-e823529007,1,2423.46,764.7,34,1690,FULL,2026-08-31
CUST001191,AFFLUENT,Guwahati,AS,26.145,91.736,DVC-a299b867f9,1,15348.63,4188.66,23,52,FULL,2026-08-31
CUST001192,SALARIED_URBAN,Indore,MP,22.72,75.858,DVC-1bfadd8930,1,2070.2,822.3,25,2876,FULL,2026-08-31
CUST001193,SALARIED_URBAN,Guwahati,AS,26.145,91.736,DVC-615a082b41,2,1748.55,800.37,54,1448,FULL,2026-08-31
CUST001194,SMALL_BUSINESS,Ahmedabad,GJ,23.023,72.571,DVC-4fc5086fac,1,4464.79,2291.1,47,2095,FULL,2026-08-31
CUST001195,SALARIED_URBAN,Pune,MH,18.52,73.857,DVC-8d3d17e6d3,3,1810.6,593.25,38,1264,FULL,2026-08-31
CUST001196,GIG_WORKER,Panaji,GA,15.491,73.828,DVC-980e804f00,2,529.81,350.26,51,1993,FULL,2026-08-31
CUST001197,STUDENT,Chennai,TN,13.083,80.27,DVC-012c4dada0,1,413.1,271.59,40,1832,FULL,2026-08-31
CUST001198,SMALL_BUSINESS,Guwahati,AS,26.145,91.736,DVC-28de0f39da,1,3855.78,1658.53,20,2219,FULL,2026-08-31
CUST001199,SALARIED_URBAN,Ahmedabad,GJ,23.023,72.571,DVC-c355cdd24a,2,1847.23,766.27,19,2694,FULL,2026-08-31
CUST001200,SALARIED_URBAN,Chandigarh,CH,30.734,76.779,DVC-10af7e91d7,2,2260.84,1175.34,47,829,FULL,2026-08-31
CUST001201,SALARIED_URBAN,Pune,MH,18.52,73.857,DVC-61fd1af9b3,2,2342.16,824.32,26,2040,MIN,2026-08-31
CUST001202,SMALL_BUSINESS,Pune,MH,18.52,73.857,DVC-41d6cefe8a,1,4894.99,1765.32,40,1258,MIN,2026-08-31
CUST001203,GIG_WORKER,Indore,MP,22.72,75.858,DVC-a06816e0d5,1,832.82,480.61,29,359,FULL,2026-08-31
CUST001204,STUDENT,Panaji,GA,15.491,73.828,DVC-a8a41d52c3,2,221.8,117.56,46,1925,FULL,2026-08-31
CUST001205,SALARIED_URBAN,Bengaluru,KA,12.972,77.594,DVC-fa6eafd241,2,1032.08,552.16,56,600,FULL,2026-08-31
CUST001206,GIG_WORKER,Kochi,KL,9.932,76.267,DVC-dd2dff6e15,1,949.13,511.76,48,1195,FULL,2026-08-31
CUST001207,SMALL_BUSINESS,Kochi,KL,9.932,76.267,DVC-fd2aa85dae,1,6351.76,3397.14,28,849,FULL,2026-08-31
CUST001208,SALARIED_URBAN,Chennai,TN,13.083,80.27,DVC-db70c5159d,2,1979.68,1052.15,37,1783,FULL,2026-08-31
CUST001209,SMALL_BUSINESS,Chandigarh,CH,30.734,76.779,DVC-07e25fec65,3,6839.69,3829.76,20,1774,FULL,2026-08-31
CUST001210,SALARIED_URBAN,Kolkata,WB,22.573,88.364,DVC-4f59a393fc,1,1692.32,915.36,32,2265,MIN,2026-08-31
CUST001211,SALARIED_URBAN,Hyderabad,TG,17.385,78.487,DVC-59cfac86bb,1,1325.35,596.64,44,1889,MIN,2026-08-31
CUST001212,SMALL_BUSINESS,Mumbai,MH,19.076,72.877,DVC-efae1ab6d7,3,6689.82,3779.94,39,1005,FULL,2026-08-31
CUST001213,STUDENT,Kolkata,WB,22.573,88.364,DVC-96bb86029b,1,255.46,137.84,68,2455,FULL,2026-08-31
CUST001214,SMALL_BUSINESS,Chandigarh,CH,30.734,76.779,DVC-3751484725,2,6190.4,3287.67,36,2509,FULL,2026-08-31
CUST001215,SMALL_BUSINESS,Pune,MH,18.52,73.857,DVC-d09295f6c4,1,3723.01,1892.7,52,923,FULL,2026-08-31
CUST001216,SALARIED_URBAN,Mumbai,MH,19.076,72.877,DVC-bd961badf3,2,2224.32,929.51,33,1773,FULL,2026-08-31
CUST001217,STUDENT,Kochi,KL,9.932,76.267,DVC-6d06eb84b0,2,463.41,262.59,50,2196,FULL,2026-08-31
CUST001218,GIG_WORKER,Chennai,TN,13.083,80.27,DVC-23ef3b412a,2,623.75,362.0,35,2649,FULL,2026-08-31
CUST001219,SALARIED_URBAN,Guwahati,AS,26.145,91.736,DVC-e25dcb1b60,2,1533.91,611.72,10,1592,FULL,2026-08-31
CUST001220,SALARIED_URBAN,Chennai,TN,13.083,80.27,DVC-83eb6a20f2,3,1809.54,714.61,56,1434,FULL,2026-08-31
CUST001221,SALARIED_URBAN,Pune,MH,18.52,73.857,DVC-b9da22e495,2,2473.93,850.44,32,1394,FULL,2026-08-31
CUST001222,SMALL_BUSINESS,Jaipur,RJ,26.912,75.787,DVC-14fe569d56,1,2461.84,1401.55,48,1136,FULL,2026-08-31
CUST001223,STUDENT,Nagpur,MH,21.146,79.088,DVC-3deffdbc8c,1,297.48,194.87,62,1761,FULL,2026-08-31
CUST001224,STUDENT,Panaji,GA,15.491,73.828,DVC-a0e2c84ba0,1,491.83,262.87,8,2038,MIN,2026-08-31
CUST001225,SMALL_BUSINESS,Pune,MH,18.52,73.857,DVC-182aba89c5,1,3356.03,1352.07,18,1304,FULL,2026-08-31
CUST001226,SMALL_BUSINESS,Jaipur,RJ,26.912,75.787,DVC-caa36d63ba,1,4521.28,1635.22,38,66,FULL,2026-08-31
CUST001227,AFFLUENT,Jaipur,RJ,26.912,75.787,DVC-8f1c653b0b,1,8979.76,2277.19,44,442,FULL,2026-08-31
CUST001228,SALARIED_URBAN,Nagpur,MH,21.146,79.088,DVC-dd74e64471,1,2316.55,703.25,38,767,FULL,2026-08-31
CUST001229,SALARIED_URBAN,Lucknow,UP,26.847,80.947,DVC-89a7aaa526,3,2392.16,925.63,44,2161,FULL,2026-08-31
CUST001230,STUDENT,Kolkata,WB,22.573,88.364,DVC-e9e65a6253,1,517.97,319.23,56,274,FULL,2026-08-31
CUST001231,AFFLUENT,Hyderabad,TG,17.385,78.487,DVC-8bbde68eaf,2,12590.2,5013.36,52,2120,FULL,2026-08-31
CUST001232,AFFLUENT,Bengaluru,KA,12.972,77.594,DVC-7c55f8bb05,2,5479.22,1655.45,45,374,FULL,2026-08-31
CUST001233,SALARIED_URBAN,Kolkata,WB,22.573,88.364,DVC-7696231582,1,2308.37,929.19,60,1651,FULL,2026-08-31
CUST001234,SMALL_BUSINESS,Guwahati,AS,26.145,91.736,DVC-2f41de65fd,2,3671.75,1831.17,39,921,FULL,2026-08-31
CUST001235,SMALL_BUSINESS,Panaji,GA,15.491,73.828,DVC-5c62a68fa3,1,6050.02,2281.32,35,659,FULL,2026-08-31
CUST001236,GIG_WORKER,Delhi,DL,28.614,77.209,DVC-fb543a1aac,2,1091.21,661.78,24,1369,FULL,2026-08-31
CUST001237,SMALL_BUSINESS,Ahmedabad,GJ,23.023,72.571,DVC-115f9cdb31,1,2371.12,927.58,40,1121,FULL,2026-08-31
CUST001238,SMALL_BUSINESS,Chennai,TN,13.083,80.27,DVC-8440f2351d,2,5776.31,2896.58,22,385,FULL,2026-08-31
CUST001239,GIG_WORKER,Indore,MP,22.72,75.858,DVC-6aa84dec8e,1,863.27,525.94,64,67,FULL,2026-08-31
CUST001240,STUDENT,Mumbai,MH,19.076,72.877,DVC-08958a76e6,1,257.49,186.41,33,584,FULL,2026-08-31
CUST001241,STUDENT,Mumbai,MH,19.076,72.877,DVC-90e967ee03,1,429.48,289.37,43,2534,FULL,2026-08-31
CUST001242,SALARIED_URBAN,Ahmedabad,GJ,23.023,72.571,DVC-1d310cd49d,2,1205.74,530.32,43,323,FULL,2026-08-31
CUST001243,SALARIED_URBAN,Nagpur,MH,21.146,79.088,DVC-17ba9a771c,3,932.23,370.25,36,778,FULL,2026-08-31
CUST001244,STUDENT,Chennai,TN,13.083,80.27,DVC-4aae77c715,2,639.74,469.18,65,1010,FULL,2026-08-31
CUST001245,SMALL_BUSINESS,Jaipur,RJ,26.912,75.787,DVC-40ccbbf9ce,1,6234.86,2701.57,27,2590,FULL,2026-08-31
CUST001246,SALARIED_URBAN,Chandigarh,CH,30.734,76.779,DVC-f2569b6c21,3,1070.72,526.5,47,240,FULL,2026-08-31
CUST001247,SALARIED_URBAN,Panaji,GA,15.491,73.828,DVC-fd11f55134,1,2417.7,874.49,42,2653,FULL,2026-08-31
CUST001248,SMALL_BUSINESS,Mumbai,MH,19.076,72.877,DVC-6604b018ca,2,3349.25,1589.25,37,1874,FULL,2026-08-31
CUST001249,AFFLUENT,Kochi,KL,9.932,76.267,DVC-e4359b3b2c,2,6176.99,1903.87,30,2428,FULL,2026-08-31
CUST001250,SMALL_BUSINESS,Guwahati,AS,26.145,91.736,DVC-e69f464004,2,5837.77,2409.43,43,2289,FULL,2026-08-31
CUST001251,SALARIED_URBAN,Bengaluru,KA,12.972,77.594,DVC-86723834b8,1,2351.22,1019.76,36,440,FULL,2026-08-31
CUST001252,SALARIED_URBAN,Guwahati,AS,26.145,91.736,DVC-4701b64d94,3,1528.57,821.87,44,178,FULL,2026-08-31
CUST001253,AFFLUENT,Chandigarh,CH,30.734,76.779,DVC-3fe138c84e,1,8040.74,2649.23,67,100,FULL,2026-08-31
CUST001254,SMALL_BUSINESS,Kochi,KL,9.932,76.267,DVC-10ef008433,1,5994.64,3491.62,27,1365,FULL,2026-08-31
CUST001255,SALARIED_URBAN,Nagpur,MH,21.146,79.088,DVC-b175995f34,1,2548.06,961.32,37,2190,FULL,2026-08-31
CUST001256,AFFLUENT,Panaji,GA,15.491,73.828,DVC-882d680e04,3,13188.86,4286.77,27,2037,FULL,2026-08-31
CUST001257,SMALL_BUSINESS,Kolkata,WB,22.573,88.364,DVC-5f567446b8,3,3427.23,1300.01,60,47,FULL,2026-08-31
CUST001258,SALARIED_URBAN,Panaji,GA,15.491,73.828,DVC-baa2db0fb6,1,1859.17,745.19,50,2296,FULL,2026-08-31
CUST001259,SMALL_BUSINESS,Jaipur,RJ,26.912,75.787,DVC-61cd1122dc,1,4976.8,2036.11,37,224,FULL,2026-08-31
CUST001260,GIG_WORKER,Chennai,TN,13.083,80.27,DVC-5a178148ac,3,784.77,374.81,33,2092,FULL,2026-08-31
CUST001261,AFFLUENT,Pune,MH,18.52,73.857,DVC-69e08cd8c1,2,17434.41,6490.06,25,958,FULL,2026-08-31
CUST001262,GIG_WORKER,Delhi,DL,28.614,77.209,DVC-5c9da02d9c,1,991.28,692.47,28,2148,FULL,2026-08-31
CUST001263,SALARIED_URBAN,Kochi,KL,9.932,76.267,DVC-785ca546e8,3,1632.39,494.54,50,1686,FULL,2026-08-31
CUST001264,SMALL_BUSINESS,Pune,MH,18.52,73.857,DVC-11966924eb,2,4087.22,2442.74,33,352,FULL,2026-08-31
CUST001265,AFFLUENT,Chennai,TN,13.083,80.27,DVC-7984db5f63,3,4579.85,1368.04,46,2042,FULL,2026-08-31
CUST001266,GIG_WORKER,Hyderabad,TG,17.385,78.487,DVC-7d8d4f1de2,2,975.44,638.51,40,367,FULL,2026-08-31
CUST001267,SMALL_BUSINESS,Jaipur,RJ,26.912,75.787,DVC-a2fe821703,1,5075.0,2472.14,12,1776,FULL,2026-08-31
CUST001268,STUDENT,Nagpur,MH,21.146,79.088,DVC-f4f3b175f8,1,484.03,253.2,24,2232,FULL,2026-08-31
CUST001269,STUDENT,Mumbai,MH,19.076,72.877,DVC-25c8318efd,2,292.33,196.34,26,2659,FULL,2026-08-31
CUST001270,SMALL_BUSINESS,Hyderabad,TG,17.385,78.487,DVC-62f6cf0bc5,3,3707.33,1745.13,25,495,MIN,2026-08-31
CUST001271,SALARIED_URBAN,Pune,MH,18.52,73.857,DVC-912eb26639,2,939.94,443.3,4,2231,FULL,2026-08-31
CUST001272,SALARIED_URBAN,Indore,MP,22.72,75.858,DVC-753bd7d6d2,2,2479.84,967.86,62,2427,FULL,2026-08-31
CUST001273,STUDENT,Chandigarh,CH,30.734,76.779,DVC-42e7ead830,2,486.11,307.62,12,2274,FULL,2026-08-31
CUST001274,GIG_WORKER,Nagpur,MH,21.146,79.088,DVC-76f5d6cecc,1,648.8,396.42,35,560,FULL,2026-08-31
CUST001275,GIG_WORKER,Kochi,KL,9.932,76.267,DVC-32fda991c3,1,873.75,574.2,14,1066,FULL,2026-08-31
CUST001276,SMALL_BUSINESS,Kolkata,WB,22.573,88.364,DVC-3f958b601d,1,6395.59,2501.38,32,1816,FULL,2026-08-31
CUST001277,AFFLUENT,Kolkata,WB,22.573,88.364,DVC-12b5b6bbdd,2,11632.88,3893.92,35,1873,FULL,2026-08-31
CUST001278,SMALL_BUSINESS,Chennai,TN,13.083,80.27,DVC-602486ec5c,1,2252.46,861.22,52,1179,FULL,2026-08-31
CUST001279,SALARIED_URBAN,Delhi,DL,28.614,77.209,DVC-b986042ef7,2,1468.36,700.91,33,2617,FULL,2026-08-31
CUST001280,SMALL_BUSINESS,Pune,MH,18.52,73.857,DVC-c56657119b,1,7390.36,2875.67,33,551,FULL,2026-08-31
CUST001281,SALARIED_URBAN,Ahmedabad,GJ,23.023,72.571,DVC-fdd154fe87,1,1109.99,419.74,39,1603,FULL,2026-08-31
CUST001282,GIG_WORKER,Chennai,TN,13.083,80.27,DVC-74e1aa5827,2,732.9,392.21,28,1437,FULL,2026-08-31
CUST001283,AFFLUENT,Guwahati,AS,26.145,91.736,DVC-211784c0c7,1,5881.49,2313.63,43,1273,FULL,2026-08-31
CUST001284,SALARIED_URBAN,Ahmedabad,GJ,23.023,72.571,DVC-fc7206ff7a,1,1596.95,626.25,41,563,FULL,2026-08-31
CUST001285,GIG_WORKER,Guwahati,AS,26.145,91.736,DVC-8f7af26336,1,374.23,163.43,73,398,FULL,2026-08-31
CUST001286,AFFLUENT,Indore,MP,22.72,75.858,DVC-5072b9b39c,1,14208.48,5550.59,43,2183,FULL,2026-08-31
CUST001287,STUDENT,Indore,MP,22.72,75.858,DVC-bd8f7a1fea,1,250.15,138.58,44,1177,FULL,2026-08-31
CUST001288,GIG_WORKER,Ahmedabad,GJ,23.023,72.571,DVC-79ed8d85d1,1,664.72,365.0,31,2651,FULL,2026-08-31
CUST001289,SMALL_BUSINESS,Indore,MP,22.72,75.858,DVC-129d78e27c,1,5707.02,2186.72,51,2868,FULL,2026-08-31
CUST001290,SALARIED_URBAN,Lucknow,UP,26.847,80.947,DVC-6328c6e98f,1,1825.73,653.21,16,540,FULL,2026-08-31
CUST001291,SALARIED_URBAN,Chandigarh,CH,30.734,76.779,DVC-2d424e24fd,2,1699.55,548.26,18,2017,FULL,2026-08-31
CUST001292,SALARIED_URBAN,Guwahati,AS,26.145,91.736,DVC-5aa3b73f72,2,1390.33,742.79,38,1060,FULL,2026-08-31
CUST001293,AFFLUENT,Mumbai,MH,19.076,72.877,DVC-a09484df5e,3,6995.31,2769.72,61,1772,FULL,2026-08-31
CUST001294,GIG_WORKER,Hyderabad,TG,17.385,78.487,DVC-7fa51fc65a,1,655.31,323.64,40,1394,FULL,2026-08-31
CUST001295,SALARIED_URBAN,Lucknow,UP,26.847,80.947,DVC-2c6a52e3f6,1,2022.88,875.87,37,293,FULL,2026-08-31
CUST001296,GIG_WORKER,Panaji,GA,15.491,73.828,DVC-737b097173,1,1031.57,682.9,39,546,FULL,2026-08-31
CUST001297,GIG_WORKER,Kochi,KL,9.932,76.267,DVC-45f4c5695e,1,650.28,320.31,14,600,MIN,2026-08-31
CUST001298,GIG_WORKER,Ahmedabad,GJ,23.023,72.571,DVC-dbe2fb26ed,1,1019.21,471.29,30,1213,MIN,2026-08-31
CUST001299,SALARIED_URBAN,Panaji,GA,15.491,73.828,DVC-7d6cf2b1a5,1,1478.36,638.63,28,1480,FULL,2026-08-31
CUST001300,AFFLUENT,Delhi,DL,28.614,77.209,DVC-a6810516e6,1,5040.26,1889.95,64,2813,FULL,2026-08-31
CUST001301,AFFLUENT,Mumbai,MH,19.076,72.877,DVC-302db16576,1,15688.28,6278.78,53,168,MIN,2026-08-31
CUST001302,SMALL_BUSINESS,Jaipur,RJ,26.912,75.787,DVC-c261a92bae,1,6109.56,2580.9,29,820,FULL,2026-08-31
CUST001303,GIG_WORKER,Kolkata,WB,22.573,88.364,DVC-82cdfef56f,1,958.86,448.45,30,616,FULL,2026-08-31
CUST001304,GIG_WORKER,Delhi,DL,28.614,77.209,DVC-7410f27eca,1,413.46,270.33,41,1909,FULL,2026-08-31
CUST001305,GIG_WORKER,Kochi,KL,9.932,76.267,DVC-41ed6623a8,1,798.07,529.92,38,827,FULL,2026-08-31
CUST001306,SMALL_BUSINESS,Guwahati,AS,26.145,91.736,DVC-b0cc9bbdc1,2,4954.9,2876.08,30,2548,FULL,2026-08-31
CUST001307,SMALL_BUSINESS,Guwahati,AS,26.145,91.736,DVC-38a7e5b0cd,2,5992.78,2567.61,10,2189,FULL,2026-08-31
CUST001308,SALARIED_URBAN,Nagpur,MH,21.146,79.088,DVC-09874a67dc,2,2495.17,1346.99,12,2387,FULL,2026-08-31
CUST001309,GIG_WORKER,Panaji,GA,15.491,73.828,DVC-cc89bd7619,1,1079.59,529.63,37,1675,FULL,2026-08-31
CUST001310,AFFLUENT,Indore,MP,22.72,75.858,DVC-d13747eb88,1,4504.75,1208.66,42,461,FULL,2026-08-31
CUST001311,SALARIED_URBAN,Pune,MH,18.52,73.857,DVC-7f49558dd8,1,968.0,297.45,56,1434,FULL,2026-08-31
CUST001312,STUDENT,Jaipur,RJ,26.912,75.787,DVC-582355ae0d,1,504.36,325.46,60,65,MIN,2026-08-31
CUST001313,SMALL_BUSINESS,Ahmedabad,GJ,23.023,72.571,DVC-7264803404,1,7269.73,3548.26,36,1540,FULL,2026-08-31
CUST001314,SMALL_BUSINESS,Hyderabad,TG,17.385,78.487,DVC-4dead4b13f,1,6970.2,2753.24,25,1997,FULL,2026-08-31
CUST001315,SMALL_BUSINESS,Delhi,DL,28.614,77.209,DVC-044e701de7,2,4125.94,1707.26,59,1823,FULL,2026-08-31
CUST001316,STUDENT,Guwahati,AS,26.145,91.736,DVC-a471357cf1,1,406.27,243.47,28,1323,MIN,2026-08-31
CUST001317,SALARIED_URBAN,Panaji,GA,15.491,73.828,DVC-72a7151580,1,915.89,373.36,14,915,FULL,2026-08-31
CUST001318,SALARIED_URBAN,Mumbai,MH,19.076,72.877,DVC-c5917fa63e,1,2398.31,951.78,49,476,FULL,2026-08-31
CUST001319,SMALL_BUSINESS,Kochi,KL,9.932,76.267,DVC-b195d29aa8,1,5115.15,1911.98,33,1203,FULL,2026-08-31
CUST001320,SALARIED_URBAN,Delhi,DL,28.614,77.209,DVC-a24a1f67e6,1,1456.0,571.99,22,291,FULL,2026-08-31
CUST001321,SALARIED_URBAN,Jaipur,RJ,26.912,75.787,DVC-279f0affe2,1,2406.48,848.0,24,292,FULL,2026-08-31
CUST001322,SALARIED_URBAN,Pune,MH,18.52,73.857,DVC-ddcb1520c3,1,1843.49,822.89,23,1830,FULL,2026-08-31
CUST001323,SALARIED_URBAN,Bengaluru,KA,12.972,77.594,DVC-867981451d,2,1342.03,650.66,44,2606,FULL,2026-08-31
CUST001324,STUDENT,Nagpur,MH,21.146,79.088,DVC-90d5089b25,3,285.5,199.79,42,2688,FULL,2026-08-31
CUST001325,SALARIED_URBAN,Nagpur,MH,21.146,79.088,DVC-48b99cecf6,1,1860.26,864.78,54,1861,FULL,2026-08-31
CUST001326,STUDENT,Indore,MP,22.72,75.858,DVC-d050ff2a16,1,538.0,362.69,37,1330,FULL,2026-08-31
CUST001327,SMALL_BUSINESS,Jaipur,RJ,26.912,75.787,DVC-21cdbab308,3,2684.6,1362.31,31,1653,FULL,2026-08-31
CUST001328,SMALL_BUSINESS,Chandigarh,CH,30.734,76.779,DVC-466de4b49d,1,4398.68,1768.86,45,2834,FULL,2026-08-31
CUST001329,SALARIED_URBAN,Pune,MH,18.52,73.857,DVC-c4185431ad,2,2402.97,1170.89,47,291,FULL,2026-08-31
CUST001330,SALARIED_URBAN,Kolkata,WB,22.573,88.364,DVC-fc54151fbc,1,1237.52,614.52,29,2491,FULL,2026-08-31
CUST001331,AFFLUENT,Lucknow,UP,26.847,80.947,DVC-bec360cb11,1,5123.69,1967.43,28,2652,FULL,2026-08-31
CUST001332,STUDENT,Ahmedabad,GJ,23.023,72.571,DVC-98298711f7,2,601.88,352.69,41,291,FULL,2026-08-31
CUST001333,GIG_WORKER,Jaipur,RJ,26.912,75.787,DVC-4e5e0fb1ec,2,439.66,216.55,31,651,FULL,2026-08-31
CUST001334,SMALL_BUSINESS,Ahmedabad,GJ,23.023,72.571,DVC-3f551adf0d,1,6838.37,2446.68,52,371,FULL,2026-08-31
CUST001335,GIG_WORKER,Chennai,TN,13.083,80.27,DVC-e2dbb85b6d,2,890.48,517.0,29,1387,FULL,2026-08-31
CUST001336,GIG_WORKER,Guwahati,AS,26.145,91.736,DVC-da1f0cf360,1,562.62,238.43,38,2526,FULL,2026-08-31
CUST001337,GIG_WORKER,Guwahati,AS,26.145,91.736,DVC-d2f985674d,1,437.56,204.27,33,2027,FULL,2026-08-31
CUST001338,GIG_WORKER,Lucknow,UP,26.847,80.947,DVC-dd8ec6dbb3,1,695.82,405.89,24,730,FULL,2026-08-31
CUST001339,SALARIED_URBAN,Jaipur,RJ,26.912,75.787,DVC-7f9c5828eb,1,1370.13,446.86,43,610,FULL,2026-08-31
CUST001340,SALARIED_URBAN,Kolkata,WB,22.573,88.364,DVC-4f551467cf,1,1031.44,445.54,47,1822,FULL,2026-08-31
CUST001341,STUDENT,Ahmedabad,GJ,23.023,72.571,DVC-1de7964164,1,440.38,309.71,31,151,FULL,2026-08-31
CUST001342,SMALL_BUSINESS,Mumbai,MH,19.076,72.877,DVC-c7068ceed7,1,7325.06,3405.27,53,2507,FULL,2026-08-31
CUST001343,SALARIED_URBAN,Guwahati,AS,26.145,91.736,DVC-9da68fb2d5,2,1755.73,915.04,43,376,FULL,2026-08-31
CUST001344,SMALL_BUSINESS,Panaji,GA,15.491,73.828,DVC-4a7b5e4fe5,2,5425.87,1990.32,15,2483,FULL,2026-08-31
CUST001345,SALARIED_URBAN,Pune,MH,18.52,73.857,DVC-b013f27dff,1,1645.87,521.38,36,2387,FULL,2026-08-31
CUST001346,SALARIED_URBAN,Pune,MH,18.52,73.857,DVC-e1c9e0a13a,1,2159.9,1106.62,44,282,FULL,2026-08-31
CUST001347,AFFLUENT,Kolkata,WB,22.573,88.364,DVC-d6bea3342d,2,13240.2,4194.08,31,502,FULL,2026-08-31
CUST001348,SMALL_BUSINESS,Kolkata,WB,22.573,88.364,DVC-f4f9e19ee1,2,7163.29,4047.23,53,423,FULL,2026-08-31
CUST001349,SALARIED_URBAN,Kolkata,WB,22.573,88.364,DVC-def10197bc,3,1103.09,471.28,39,657,FULL,2026-08-31
CUST001350,GIG_WORKER,Pune,MH,18.52,73.857,DVC-08f80036f6,2,786.07,398.53,40,305,FULL,2026-08-31
CUST001351,AFFLUENT,Panaji,GA,15.491,73.828,DVC-aa27b8bc9a,2,15840.0,5789.95,34,1350,FULL,2026-08-31
CUST001352,AFFLUENT,Guwahati,AS,26.145,91.736,DVC-1d127321bc,1,16561.17,5135.58,26,809,FULL,2026-08-31
CUST001353,AFFLUENT,Chandigarh,CH,30.734,76.779,DVC-ffcedaf63c,3,11642.08,3860.77,31,2027,FULL,2026-08-31
CUST001354,SALARIED_URBAN,Kolkata,WB,22.573,88.364,DVC-c34fc14e31,1,2148.06,1008.96,27,2451,FULL,2026-08-31
CUST001355,SMALL_BUSINESS,Lucknow,UP,26.847,80.947,DVC-a7c244ec4f,2,2571.16,1316.02,52,2474,FULL,2026-08-31
CUST001356,SALARIED_URBAN,Chandigarh,CH,30.734,76.779,DVC-f9844e24a4,1,1096.79,502.48,25,2074,FULL,2026-08-31
CUST001357,STUDENT,Pune,MH,18.52,73.857,DVC-d23079feb9,1,501.41,289.98,21,104,FULL,2026-08-31
CUST001358,AFFLUENT,Lucknow,UP,26.847,80.947,DVC-fbebfcc6ae,1,5178.84,1295.08,42,1388,FULL,2026-08-31
CUST001359,STUDENT,Hyderabad,TG,17.385,78.487,DVC-5142f4373d,2,330.62,148.97,21,649,FULL,2026-08-31
CUST001360,SALARIED_URBAN,Mumbai,MH,19.076,72.877,DVC-dc9693bca3,1,2060.52,817.76,45,1023,FULL,2026-08-31
CUST001361,STUDENT,Ahmedabad,GJ,23.023,72.571,DVC-e10d48b8e1,1,394.59,260.05,46,166,FULL,2026-08-31
CUST001362,AFFLUENT,Kolkata,WB,22.573,88.364,DVC-5ef159f731,1,10856.23,4401.42,29,92,FULL,2026-08-31
CUST001363,SALARIED_URBAN,Ahmedabad,GJ,23.023,72.571,DVC-13836c46ad,2,1431.81,494.08,42,2316,FULL,2026-08-31
CUST001364,SMALL_BUSINESS,Chennai,TN,13.083,80.27,DVC-6a3d633c86,2,7303.87,4244.27,46,1609,FULL,2026-08-31
CUST001365,GIG_WORKER,Ahmedabad,GJ,23.023,72.571,DVC-c897cbee1d,1,1053.58,710.91,51,1822,FULL,2026-08-31
CUST001366,SALARIED_URBAN,Chennai,TN,13.083,80.27,DVC-e0d8421d95,3,1705.36,895.83,47,414,FULL,2026-08-31
CUST001367,SMALL_BUSINESS,Delhi,DL,28.614,77.209,DVC-6f0ae118c5,1,4171.06,2343.09,43,945,FULL,2026-08-31
CUST001368,GIG_WORKER,Indore,MP,22.72,75.858,DVC-090be77e7c,1,1062.49,648.26,29,1546,FULL,2026-08-31
CUST001369,STUDENT,Panaji,GA,15.491,73.828,DVC-7bfe04ea3e,1,232.26,115.46,38,602,FULL,2026-08-31
CUST001370,SALARIED_URBAN,Lucknow,UP,26.847,80.947,DVC-acbb595bd2,1,1969.94,738.36,32,575,FULL,2026-08-31
CUST001371,STUDENT,Mumbai,MH,19.076,72.877,DVC-f93cf3cb62,1,254.83,145.48,24,1951,FULL,2026-08-31
CUST001372,SALARIED_URBAN,Kochi,KL,9.932,76.267,DVC-1653e6d440,2,1642.82,751.47,23,2372,FULL,2026-08-31
CUST001373,SMALL_BUSINESS,Hyderabad,TG,17.385,78.487,DVC-d240eec718,1,4614.55,2705.45,53,1300,FULL,2026-08-31
CUST001374,GIG_WORKER,Indore,MP,22.72,75.858,DVC-9c3aca7e4f,1,423.26,169.55,24,870,FULL,2026-08-31
CUST001375,SMALL_BUSINESS,Nagpur,MH,21.146,79.088,DVC-704da954f4,2,7491.96,3169.59,23,2501,FULL,2026-08-31
CUST001376,SALARIED_URBAN,Chennai,TN,13.083,80.27,DVC-50f52c4ad7,2,2348.11,742.43,41,1677,FULL,2026-08-31
CUST001377,SMALL_BUSINESS,Delhi,DL,28.614,77.209,DVC-d0bb37f1f2,1,4882.68,1772.65,40,1428,FULL,2026-08-31
CUST001378,GIG_WORKER,Mumbai,MH,19.076,72.877,DVC-ee9237d66f,1,948.41,393.42,56,251,FULL,2026-08-31
CUST001379,SMALL_BUSINESS,Kochi,KL,9.932,76.267,DVC-c2c3344c56,1,6043.21,3462.44,48,2523,FULL,2026-08-31
CUST001380,SALARIED_URBAN,Pune,MH,18.52,73.857,DVC-05813a7d4e,1,2130.79,802.71,42,1011,FULL,2026-08-31
CUST001381,GIG_WORKER,Guwahati,AS,26.145,91.736,DVC-629678d9a7,1,705.88,314.91,46,235,FULL,2026-08-31
CUST001382,SALARIED_URBAN,Bengaluru,KA,12.972,77.594,DVC-a4722b932c,1,2151.97,922.37,49,1152,FULL,2026-08-31
CUST001383,SMALL_BUSINESS,Guwahati,AS,26.145,91.736,DVC-2f003a21c0,3,2690.29,1508.55,38,506,FULL,2026-08-31
CUST001384,SALARIED_URBAN,Bengaluru,KA,12.972,77.594,DVC-1498905798,1,924.38,355.67,43,252,FULL,2026-08-31
CUST001385,SMALL_BUSINESS,Pune,MH,18.52,73.857,DVC-6e42952879,3,6737.94,2404.19,31,759,FULL,2026-08-31
CUST001386,STUDENT,Kochi,KL,9.932,76.267,DVC-6d4d677d72,2,600.41,278.82,28,177,MIN,2026-08-31
CUST001387,SALARIED_URBAN,Ahmedabad,GJ,23.023,72.571,DVC-90c718160f,1,1140.71,570.72,40,2660,FULL,2026-08-31
CUST001388,SALARIED_URBAN,Delhi,DL,28.614,77.209,DVC-5a55147701,2,2317.05,1036.23,48,2636,FULL,2026-08-31
CUST001389,SALARIED_URBAN,Kochi,KL,9.932,76.267,DVC-8aaa47be23,1,1026.82,378.49,27,277,FULL,2026-08-31
CUST001390,SALARIED_URBAN,Panaji,GA,15.491,73.828,DVC-a0f331b660,1,1117.27,431.42,33,1227,FULL,2026-08-31
CUST001391,AFFLUENT,Indore,MP,22.72,75.858,DVC-9429395f7c,3,14785.25,5077.7,22,857,FULL,2026-08-31
CUST001392,SALARIED_URBAN,Hyderabad,TG,17.385,78.487,DVC-30d52f1ce2,2,1176.39,486.84,19,1335,FULL,2026-08-31
CUST001393,SALARIED_URBAN,Guwahati,AS,26.145,91.736,DVC-095f73cdfa,1,1048.8,489.71,19,871,FULL,2026-08-31
CUST001394,SALARIED_URBAN,Hyderabad,TG,17.385,78.487,DVC-d86044bbe2,2,1034.75,387.41,42,2382,FULL,2026-08-31
CUST001395,SMALL_BUSINESS,Chandigarh,CH,30.734,76.779,DVC-9f6d5f9e9d,1,6493.66,2557.59,38,706,MIN,2026-08-31
CUST001396,GIG_WORKER,Ahmedabad,GJ,23.023,72.571,DVC-2d1032de47,2,663.02,294.66,42,1866,FULL,2026-08-31
CUST001397,STUDENT,Lucknow,UP,26.847,80.947,DVC-8e01178647,2,575.62,356.11,4,2511,FULL,2026-08-31
CUST001398,GIG_WORKER,Chandigarh,CH,30.734,76.779,DVC-538206b8d9,1,1023.85,550.54,48,2361,FULL,2026-08-31
CUST001399,SALARIED_URBAN,Lucknow,UP,26.847,80.947,DVC-6772d113db,1,923.59,317.26,54,2161,FULL,2026-08-31
CUST001400,STUDENT,Panaji,GA,15.491,73.828,DVC-8a5c6d4d3e,1,286.44,208.95,58,2893,FULL,2026-08-31
CUST001401,SALARIED_URBAN,Chandigarh,CH,30.734,76.779,DVC-f58c516899,1,1731.11,757.18,18,1464,FULL,2026-08-31
CUST001402,SALARIED_URBAN,Indore,MP,22.72,75.858,DVC-7a3e33f34f,2,1909.46,606.26,32,502,FULL,2026-08-31
CUST001403,SMALL_BUSINESS,Kochi,KL,9.932,76.267,DVC-702b41a64e,2,3295.51,1347.13,20,2853,FULL,2026-08-31
CUST001404,SALARIED_URBAN,Guwahati,AS,26.145,91.736,DVC-fd6581383f,1,1074.79,389.94,47,667,FULL,2026-08-31
CUST001405,AFFLUENT,Mumbai,MH,19.076,72.877,DVC-91bd26c02d,1,8939.42,3374.47,28,415,FULL,2026-08-31
CUST001406,GIG_WORKER,Delhi,DL,28.614,77.209,DVC-869a1f86cb,2,579.28,322.7,30,1959,FULL,2026-08-31
CUST001407,SMALL_BUSINESS,Chennai,TN,13.083,80.27,DVC-8cd7f367d7,1,2295.42,1327.73,52,2862,FULL,2026-08-31
CUST001408,SALARIED_URBAN,Guwahati,AS,26.145,91.736,DVC-c1d0d48059,2,2161.57,757.2,53,290,FULL,2026-08-31
CUST001409,SALARIED_URBAN,Ahmedabad,GJ,23.023,72.571,DVC-ed9fab02d3,2,1403.74,654.65,43,482,FULL,2026-08-31
CUST001410,STUDENT,Kochi,KL,9.932,76.267,DVC-a733f45fa9,1,464.33,338.51,56,2441,MIN,2026-08-31
CUST001411,SALARIED_URBAN,Indore,MP,22.72,75.858,DVC-3807bfc4ca,1,1202.06,657.03,48,413,FULL,2026-08-31
CUST001412,GIG_WORKER,Hyderabad,TG,17.385,78.487,DVC-eef2b0c94a,1,562.73,311.97,69,2879,FULL,2026-08-31
CUST001413,AFFLUENT,Lucknow,UP,26.847,80.947,DVC-beb3a968d9,1,15579.4,6441.45,51,2443,FULL,2026-08-31
CUST001414,GIG_WORKER,Nagpur,MH,21.146,79.088,DVC-54cecbfbae,1,1044.9,432.67,27,792,MIN,2026-08-31
CUST001415,STUDENT,Chandigarh,CH,30.734,76.779,DVC-4a1d15174f,1,574.81,346.36,26,2721,FULL,2026-08-31
CUST001416,GIG_WORKER,Panaji,GA,15.491,73.828,DVC-4e86e99a7d,2,992.61,436.56,28,2385,FULL,2026-08-31
CUST001417,SALARIED_URBAN,Jaipur,RJ,26.912,75.787,DVC-57e5d73bd8,2,1289.12,684.65,31,2338,FULL,2026-08-31
CUST001418,SALARIED_URBAN,Lucknow,UP,26.847,80.947,DVC-6259534384,1,1910.73,615.43,61,729,FULL,2026-08-31
CUST001419,SALARIED_URBAN,Panaji,GA,15.491,73.828,DVC-d22117ac81,2,1209.34,418.28,42,2762,FULL,2026-08-31
CUST001420,STUDENT,Kochi,KL,9.932,76.267,DVC-35940c62ca,2,278.57,140.56,25,2428,FULL,2026-08-31
CUST001421,GIG_WORKER,Chennai,TN,13.083,80.27,DVC-c62e84ddce,2,1047.33,618.08,29,1074,FULL,2026-08-31
CUST001422,SMALL_BUSINESS,Nagpur,MH,21.146,79.088,DVC-9e635a4374,1,5570.57,2157.49,37,2757,MIN,2026-08-31
CUST001423,GIG_WORKER,Mumbai,MH,19.076,72.877,DVC-56644ece42,2,809.74,558.49,39,144,MIN,2026-08-31
CUST001424,GIG_WORKER,Hyderabad,TG,17.385,78.487,DVC-b4ac3cd808,3,1044.53,689.61,51,2657,MIN,2026-08-31
CUST001425,GIG_WORKER,Chandigarh,CH,30.734,76.779,DVC-33a77e5656,2,916.04,373.23,53,1463,FULL,2026-08-31
CUST001426,STUDENT,Delhi,DL,28.614,77.209,DVC-69c99fae10,2,413.01,241.93,47,2060,FULL,2026-08-31
CUST001427,SMALL_BUSINESS,Mumbai,MH,19.076,72.877,DVC-2d595f94f1,1,5545.2,3272.57,31,343,FULL,2026-08-31
CUST001428,AFFLUENT,Panaji,GA,15.491,73.828,DVC-7080962e55,1,17221.02,7448.67,41,911,FULL,2026-08-31
CUST001429,SALARIED_URBAN,Indore,MP,22.72,75.858,DVC-d749f9aa44,1,1438.33,640.62,60,1257,FULL,2026-08-31
CUST001430,GIG_WORKER,Ahmedabad,GJ,23.023,72.571,DVC-c349c2538f,1,675.22,415.97,36,884,FULL,2026-08-31
CUST001431,SALARIED_URBAN,Pune,MH,18.52,73.857,DVC-2344f6e21c,1,1984.65,799.95,61,396,FULL,2026-08-31
CUST001432,AFFLUENT,Chennai,TN,13.083,80.27,DVC-e74dcdfaa3,3,5031.81,2076.45,11,656,FULL,2026-08-31
CUST001433,SALARIED_URBAN,Guwahati,AS,26.145,91.736,DVC-8122efacd0,3,1416.83,531.21,55,67,FULL,2026-08-31
CUST001434,SMALL_BUSINESS,Panaji,GA,15.491,73.828,DVC-e3a6d62780,3,4982.32,2955.82,8,1456,FULL,2026-08-31
CUST001435,SALARIED_URBAN,Hyderabad,TG,17.385,78.487,DVC-774d3d6e8e,1,2427.88,806.33,19,2081,FULL,2026-08-31
CUST001436,STUDENT,Delhi,DL,28.614,77.209,DVC-692a8f3283,2,497.36,303.22,37,473,MIN,2026-08-31
CUST001437,GIG_WORKER,Indore,MP,22.72,75.858,DVC-112ca9faec,3,973.1,526.86,64,1353,FULL,2026-08-31
CUST001438,SMALL_BUSINESS,Hyderabad,TG,17.385,78.487,DVC-66714a59db,1,7315.62,4033.12,33,2307,FULL,2026-08-31
CUST001439,SALARIED_URBAN,Indore,MP,22.72,75.858,DVC-4274b443df,1,1761.17,957.98,56,344,FULL,2026-08-31
CUST001440,GIG_WORKER,Pune,MH,18.52,73.857,DVC-19d73749e2,2,803.49,507.22,52,1679,FULL,2026-08-31
CUST001441,SALARIED_URBAN,Chennai,TN,13.083,80.27,DVC-cdb52ccbe2,2,1241.67,571.38,32,1098,FULL,2026-08-31
CUST001442,SMALL_BUSINESS,Nagpur,MH,21.146,79.088,DVC-bc19c8efa2,2,7123.66,2522.5,55,550,MIN,2026-08-31
CUST001443,AFFLUENT,Jaipur,RJ,26.912,75.787,DVC-3774d8cdea,1,6395.17,2464.93,40,953,FULL,2026-08-31
CUST001444,SMALL_BUSINESS,Chennai,TN,13.083,80.27,DVC-0d36726441,1,5852.76,2889.09,42,2844,FULL,2026-08-31
CUST001445,AFFLUENT,Lucknow,UP,26.847,80.947,DVC-860c58d23f,3,17279.26,4463.8,56,1325,FULL,2026-08-31
CUST001446,SALARIED_URBAN,Nagpur,MH,21.146,79.088,DVC-f33f1f54bf,2,1313.84,518.1,59,1487,FULL,2026-08-31
CUST001447,STUDENT,Pune,MH,18.52,73.857,DVC-58299dbee7,3,341.82,245.82,37,617,FULL,2026-08-31
CUST001448,SALARIED_URBAN,Pune,MH,18.52,73.857,DVC-a49aa86b02,2,2563.83,1249.74,60,2156,FULL,2026-08-31
CUST001449,SMALL_BUSINESS,Delhi,DL,28.614,77.209,DVC-a06e42a86e,1,4484.14,1700.89,34,1599,FULL,2026-08-31
CUST001450,STUDENT,Bengaluru,KA,12.972,77.594,DVC-99792b3d28,3,348.24,163.71,25,717,FULL,2026-08-31
CUST001451,GIG_WORKER,Kochi,KL,9.932,76.267,DVC-c70e3ef329,1,823.29,495.85,51,2897,MIN,2026-08-31
CUST001452,SALARIED_URBAN,Lucknow,UP,26.847,80.947,DVC-878764aa74,1,1732.45,872.45,28,2623,FULL,2026-08-31
CUST001453,SALARIED_URBAN,Ahmedabad,GJ,23.023,72.571,DVC-6958e64f17,1,1638.01,785.87,42,898,FULL,2026-08-31
CUST001454,GIG_WORKER,Hyderabad,TG,17.385,78.487,DVC-f1ec251e94,1,1057.48,603.35,27,380,FULL,2026-08-31
CUST001455,SALARIED_URBAN,Kolkata,WB,22.573,88.364,DVC-3d4ec480ef,1,1742.69,531.38,26,1274,FULL,2026-08-31
CUST001456,SALARIED_URBAN,Chandigarh,CH,30.734,76.779,DVC-e804e479aa,1,1585.86,849.67,29,965,FULL,2026-08-31
CUST001457,SALARIED_URBAN,Indore,MP,22.72,75.858,DVC-d25636e3f4,1,1418.76,476.56,31,1001,FULL,2026-08-31
CUST001458,SMALL_BUSINESS,Panaji,GA,15.491,73.828,DVC-d8df3deecf,1,6217.34,3342.58,12,1071,FULL,2026-08-31
CUST001459,GIG_WORKER,Chandigarh,CH,30.734,76.779,DVC-25a9f33245,1,624.39,286.53,12,2406,FULL,2026-08-31
CUST001460,SMALL_BUSINESS,Kolkata,WB,22.573,88.364,DVC-093d4cf153,1,4169.5,1857.27,51,905,FULL,2026-08-31
CUST001461,SALARIED_URBAN,Panaji,GA,15.491,73.828,DVC-7a1d179bb6,1,928.35,483.3,24,422,FULL,2026-08-31
CUST001462,SALARIED_URBAN,Kolkata,WB,22.573,88.364,DVC-002b72244c,1,2330.81,1123.95,44,2449,FULL,2026-08-31
CUST001463,AFFLUENT,Delhi,DL,28.614,77.209,DVC-b1a0f5bb05,2,6348.11,2563.71,43,159,MIN,2026-08-31
CUST001464,SALARIED_URBAN,Kolkata,WB,22.573,88.364,DVC-4faf0e63b5,1,1836.54,881.91,29,548,FULL,2026-08-31
CUST001465,AFFLUENT,Hyderabad,TG,17.385,78.487,DVC-1a814a3494,3,5120.41,1428.53,50,1335,FULL,2026-08-31
CUST001466,AFFLUENT,Hyderabad,TG,17.385,78.487,DVC-195eae8fce,3,4741.1,1378.66,39,344,FULL,2026-08-31
CUST001467,SALARIED_URBAN,Hyderabad,TG,17.385,78.487,DVC-a33b724f69,1,2392.62,848.1,65,1761,FULL,2026-08-31
CUST001468,SALARIED_URBAN,Hyderabad,TG,17.385,78.487,DVC-30d3af09e7,2,2070.12,661.84,52,1064,FULL,2026-08-31
CUST001469,SMALL_BUSINESS,Delhi,DL,28.614,77.209,DVC-101741d292,3,4668.3,2067.82,16,1709,FULL,2026-08-31
CUST001470,SALARIED_URBAN,Kochi,KL,9.932,76.267,DVC-7e9d663027,1,1974.05,950.61,38,151,FULL,2026-08-31
CUST001471,SMALL_BUSINESS,Pune,MH,18.52,73.857,DVC-881f318f06,1,6522.07,3385.57,51,2728,FULL,2026-08-31
CUST001472,GIG_WORKER,Mumbai,MH,19.076,72.877,DVC-a511a9174a,2,909.36,535.84,19,648,FULL,2026-08-31
CUST001473,AFFLUENT,Bengaluru,KA,12.972,77.594,DVC-2cf285d329,1,14702.82,5665.66,34,973,FULL,2026-08-31
CUST001474,STUDENT,Mumbai,MH,19.076,72.877,DVC-83d8666339,2,212.99,118.71,39,1634,FULL,2026-08-31
CUST001475,SALARIED_URBAN,Guwahati,AS,26.145,91.736,DVC-02adad2077,1,2235.9,1036.85,51,1077,FULL,2026-08-31
CUST001476,GIG_WORKER,Pune,MH,18.52,73.857,DVC-b94d4669a6,3,383.59,254.02,41,2107,FULL,2026-08-31
CUST001477,STUDENT,Jaipur,RJ,26.912,75.787,DVC-c926f27c9a,1,391.52,216.21,16,1678,FULL,2026-08-31
CUST001478,SALARIED_URBAN,Delhi,DL,28.614,77.209,DVC-684e5f2067,1,1876.37,834.13,54,1052,FULL,2026-08-31
CUST001479,SMALL_BUSINESS,Kolkata,WB,22.573,88.364,DVC-81ed2a3c33,2,3249.91,1291.18,38,2282,FULL,2026-08-31
CUST001480,STUDENT,Kolkata,WB,22.573,88.364,DVC-cb8e28cf67,3,502.03,227.21,46,837,FULL,2026-08-31
CUST001481,SMALL_BUSINESS,Nagpur,MH,21.146,79.088,DVC-f0ced6d7d4,2,3241.76,1896.22,37,2585,FULL,2026-08-31
CUST001482,STUDENT,Kolkata,WB,22.573,88.364,DVC-61c9ec3af8,2,559.52,357.93,43,1627,FULL,2026-08-31
CUST001483,SALARIED_URBAN,Delhi,DL,28.614,77.209,DVC-34146cf623,1,2033.77,934.97,39,1462,FULL,2026-08-31
CUST001484,SMALL_BUSINESS,Chandigarh,CH,30.734,76.779,DVC-bdb370f585,1,3282.13,1431.64,43,1816,FULL,2026-08-31
CUST001485,SALARIED_URBAN,Hyderabad,TG,17.385,78.487,DVC-5e24481b9b,2,2500.12,1281.07,60,2641,FULL,2026-08-31
CUST001486,STUDENT,Chandigarh,CH,30.734,76.779,DVC-b5d58ef70f,1,627.11,423.49,45,2406,FULL,2026-08-31
CUST001487,GIG_WORKER,Lucknow,UP,26.847,80.947,DVC-3263c8ea83,3,831.98,455.79,56,2011,FULL,2026-08-31
CUST001488,STUDENT,Guwahati,AS,26.145,91.736,DVC-d207729e4d,2,398.5,191.96,64,1730,FULL,2026-08-31
CUST001489,SALARIED_URBAN,Guwahati,AS,26.145,91.736,DVC-381b400937,2,1551.75,684.69,29,1088,FULL,2026-08-31
CUST001490,STUDENT,Hyderabad,TG,17.385,78.487,DVC-d27e15d0a3,3,485.44,252.77,42,2320,FULL,2026-08-31
CUST001491,SMALL_BUSINESS,Jaipur,RJ,26.912,75.787,DVC-488916eb2c,2,2567.21,1153.71,66,1665,FULL,2026-08-31
CUST001492,SMALL_BUSINESS,Ahmedabad,GJ,23.023,72.571,DVC-1bb01582b1,2,3199.93,1216.49,41,1225,FULL,2026-08-31
CUST001493,SALARIED_URBAN,Panaji,GA,15.491,73.828,DVC-6876f3bd56,1,2188.19,1066.48,62,2148,FULL,2026-08-31
CUST001494,SALARIED_URBAN,Bengaluru,KA,12.972,77.594,DVC-90e680d5b5,2,2403.2,762.81,32,849,FULL,2026-08-31
CUST001495,SALARIED_URBAN,Bengaluru,KA,12.972,77.594,DVC-7198850b21,1,1400.23,464.31,61,286,FULL,2026-08-31
CUST001496,SMALL_BUSINESS,Lucknow,UP,26.847,80.947,DVC-a23bfbb5a4,1,5207.86,2238.59,32,2093,FULL,2026-08-31
CUST001497,STUDENT,Pune,MH,18.52,73.857,DVC-a5b29adb86,1,529.33,369.19,29,1404,FULL,2026-08-31
CUST001498,AFFLUENT,Pune,MH,18.52,73.857,DVC-7d4bb712f5,1,8992.5,2696.9,6,2435,FULL,2026-08-31
CUST001499,SALARIED_URBAN,Indore,MP,22.72,75.858,DVC-3c2222b166,1,1271.67,636.42,34,798,FULL,2026-08-31
CUST001500,SALARIED_URBAN,Kochi,KL,9.932,76.267,DVC-c9c4d6c471,1,2341.15,1224.65,40,416,FULL,2026-08-31
CUST001501,SALARIED_URBAN,Pune,MH,18.52,73.857,DVC-cb4f888b69,1,1967.24,657.27,24,199,FULL,2026-08-31
CUST001502,STUDENT,Lucknow,UP,26.847,80.947,DVC-fd54b35786,3,357.5,245.04,43,1356,FULL,2026-08-31
CUST001503,GIG_WORKER,Chandigarh,CH,30.734,76.779,DVC-4dcde5c4e8,1,689.9,289.61,48,85,FULL,2026-08-31
CUST001504,SMALL_BUSINESS,Chennai,TN,13.083,80.27,DVC-6f6d0687f1,1,3170.31,1652.66,35,921,FULL,2026-08-31
CUST001505,GIG_WORKER,Lucknow,UP,26.847,80.947,DVC-66acf967d2,1,631.89,325.89,25,914,FULL,2026-08-31
CUST001506,STUDENT,Hyderabad,TG,17.385,78.487,DVC-a13f4aeef7,2,311.58,227.92,39,1670,FULL,2026-08-31
CUST001507,STUDENT,Pune,MH,18.52,73.857,DVC-3822757141,1,449.35,237.2,50,1306,FULL,2026-08-31
CUST001508,STUDENT,Panaji,GA,15.491,73.828,DVC-0790dfddb8,1,386.62,197.49,30,2356,FULL,2026-08-31
CUST001509,GIG_WORKER,Delhi,DL,28.614,77.209,DVC-a2fb75da25,3,712.51,305.49,17,449,MIN,2026-08-31
CUST001510,GIG_WORKER,Jaipur,RJ,26.912,75.787,DVC-6c726ad8f7,2,481.19,301.97,32,1386,FULL,2026-08-31
CUST001511,SMALL_BUSINESS,Jaipur,RJ,26.912,75.787,DVC-f2d3151deb,1,3031.19,1729.52,37,868,MIN,2026-08-31
CUST001512,SALARIED_URBAN,Chandigarh,CH,30.734,76.779,DVC-39fa82ca8e,2,1914.21,656.98,36,271,FULL,2026-08-31
CUST001513,STUDENT,Kolkata,WB,22.573,88.364,DVC-c383a1900e,2,415.63,285.7,52,1760,MIN,2026-08-31
CUST001514,SALARIED_URBAN,Lucknow,UP,26.847,80.947,DVC-0b1cd8b966,1,989.63,501.77,29,2314,FULL,2026-08-31
CUST001515,AFFLUENT,Lucknow,UP,26.847,80.947,DVC-f5d58193d8,2,5292.36,2333.2,47,1022,FULL,2026-08-31
CUST001516,STUDENT,Ahmedabad,GJ,23.023,72.571,DVC-a6cf4ae08b,1,470.79,248.42,21,936,FULL,2026-08-31
CUST001517,SMALL_BUSINESS,Jaipur,RJ,26.912,75.787,DVC-651ea4e668,1,3920.76,2019.21,29,2808,FULL,2026-08-31
CUST001518,SALARIED_URBAN,Kochi,KL,9.932,76.267,DVC-569213f068,2,1063.21,444.74,38,1545,FULL,2026-08-31
CUST001519,SALARIED_URBAN,Hyderabad,TG,17.385,78.487,DVC-ce500246c4,1,1071.01,491.93,44,2020,FULL,2026-08-31
CUST001520,SALARIED_URBAN,Delhi,DL,28.614,77.209,DVC-602a822758,2,2094.14,686.04,46,2164,FULL,2026-08-31
CUST001521,SMALL_BUSINESS,Kolkata,WB,22.573,88.364,DVC-542586d05d,1,3954.83,1975.35,52,670,FULL,2026-08-31
CUST001522,STUDENT,Kolkata,WB,22.573,88.364,DVC-e354519881,3,403.05,248.14,51,667,FULL,2026-08-31
CUST001523,SMALL_BUSINESS,Jaipur,RJ,26.912,75.787,DVC-be6ca85886,1,4163.41,1798.6,8,503,FULL,2026-08-31
CUST001524,AFFLUENT,Kolkata,WB,22.573,88.364,DVC-53fa5c7970,1,10048.28,4448.19,49,1354,FULL,2026-08-31
CUST001525,SMALL_BUSINESS,Nagpur,MH,21.146,79.088,DVC-4d6e9603a1,1,3713.03,1667.55,34,116,MIN,2026-08-31
CUST001526,GIG_WORKER,Jaipur,RJ,26.912,75.787,DVC-f40f857699,3,483.64,214.58,27,1236,MIN,2026-08-31
CUST001527,SMALL_BUSINESS,Bengaluru,KA,12.972,77.594,DVC-bb5c8b6258,2,5457.93,2700.58,45,2600,FULL,2026-08-31
CUST001528,AFFLUENT,Nagpur,MH,21.146,79.088,DVC-66fde79045,2,13948.29,4099.73,25,2676,FULL,2026-08-31
CUST001529,SMALL_BUSINESS,Hyderabad,TG,17.385,78.487,DVC-07cbc349df,2,2874.19,1715.76,20,2002,FULL,2026-08-31
CUST001530,GIG_WORKER,Chennai,TN,13.083,80.27,DVC-c654570705,1,512.17,254.33,32,1431,FULL,2026-08-31
CUST001531,GIG_WORKER,Chandigarh,CH,30.734,76.779,DVC-999a9b12c4,2,582.28,314.34,49,2007,FULL,2026-08-31
CUST001532,STUDENT,Ahmedabad,GJ,23.023,72.571,DVC-254a64d558,1,199.4,138.39,49,2745,FULL,2026-08-31
CUST001533,STUDENT,Pune,MH,18.52,73.857,DVC-22c9f80bb0,1,343.46,210.53,50,1038,FULL,2026-08-31
CUST001534,SALARIED_URBAN,Chandigarh,CH,30.734,76.779,DVC-85522ffd01,1,1813.32,607.08,23,255,FULL,2026-08-31
CUST001535,AFFLUENT,Ahmedabad,GJ,23.023,72.571,DVC-df7f20af92,1,8291.79,3488.39,30,1242,FULL,2026-08-31
CUST001536,SALARIED_URBAN,Chandigarh,CH,30.734,76.779,DVC-6aab288c18,2,2135.57,681.77,54,949,FULL,2026-08-31
CUST001537,STUDENT,Chandigarh,CH,30.734,76.779,DVC-1aa4aed297,1,634.55,351.63,30,971,FULL,2026-08-31
CUST001538,SALARIED_URBAN,Delhi,DL,28.614,77.209,DVC-039a60c323,2,2443.23,932.47,52,869,FULL,2026-08-31
CUST001539,SMALL_BUSINESS,Chennai,TN,13.083,80.27,DVC-1f55d1b3ac,2,5290.49,1868.4,31,675,FULL,2026-08-31
CUST001540,SALARIED_URBAN,Delhi,DL,28.614,77.209,DVC-44179f5844,2,2243.84,1193.77,37,550,FULL,2026-08-31
CUST001541,GIG_WORKER,Kochi,KL,9.932,76.267,DVC-9362db057f,1,892.04,557.69,5,1291,FULL,2026-08-31
CUST001542,SALARIED_URBAN,Chennai,TN,13.083,80.27,DVC-ec19be42ed,1,1305.85,423.68,45,889,MIN,2026-08-31
CUST001543,AFFLUENT,Hyderabad,TG,17.385,78.487,DVC-98ea181017,2,16675.65,7186.49,48,806,FULL,2026-08-31
CUST001544,STUDENT,Ahmedabad,GJ,23.023,72.571,DVC-f22fb160ae,2,446.64,281.62,61,1316,FULL,2026-08-31
CUST001545,SALARIED_URBAN,Chandigarh,CH,30.734,76.779,DVC-971b39f56f,2,1760.2,940.48,15,2348,FULL,2026-08-31
CUST001546,SMALL_BUSINESS,Guwahati,AS,26.145,91.736,DVC-73117cfca8,1,6687.28,2976.98,46,1472,FULL,2026-08-31
CUST001547,STUDENT,Chennai,TN,13.083,80.27,DVC-2ad5bd1769,1,457.96,271.49,37,2888,FULL,2026-08-31
CUST001548,GIG_WORKER,Indore,MP,22.72,75.858,DVC-b0eb1ccb78,1,362.21,240.34,25,67,FULL,2026-08-31
CUST001549,AFFLUENT,Panaji,GA,15.491,73.828,DVC-e2fb68df03,1,8758.56,3229.06,53,2040,FULL,2026-08-31
CUST001550,STUDENT,Indore,MP,22.72,75.858,DVC-41d08f99f6,3,237.7,139.82,25,539,FULL,2026-08-31
CUST001551,GIG_WORKER,Jaipur,RJ,26.912,75.787,DVC-811376f65e,1,386.72,179.25,30,321,FULL,2026-08-31
CUST001552,GIG_WORKER,Delhi,DL,28.614,77.209,DVC-f2098d009f,2,992.17,658.26,61,200,FULL,2026-08-31
CUST001553,AFFLUENT,Lucknow,UP,26.847,80.947,DVC-15eaa5a0ed,1,14140.89,5900.16,38,2853,MIN,2026-08-31
CUST001554,SALARIED_URBAN,Pune,MH,18.52,73.857,DVC-09124af32e,2,1653.57,706.01,30,69,FULL,2026-08-31
CUST001555,SMALL_BUSINESS,Indore,MP,22.72,75.858,DVC-5fc6cb52fb,2,5685.88,2796.56,36,1746,FULL,2026-08-31
CUST001556,AFFLUENT,Ahmedabad,GJ,23.023,72.571,DVC-118a7fe4a4,1,12434.98,4286.74,41,1681,FULL,2026-08-31
CUST001557,AFFLUENT,Pune,MH,18.52,73.857,DVC-22aebda301,2,13907.9,5485.46,39,2253,FULL,2026-08-31
CUST001558,SMALL_BUSINESS,Indore,MP,22.72,75.858,DVC-6915a621cf,1,4177.37,1578.54,30,1589,FULL,2026-08-31
CUST001559,SMALL_BUSINESS,Delhi,DL,28.614,77.209,DVC-6d9992ee55,2,5881.65,2974.62,43,2411,FULL,2026-08-31
CUST001560,GIG_WORKER,Jaipur,RJ,26.912,75.787,DVC-b136247dae,1,1094.21,742.51,32,2081,MIN,2026-08-31
CUST001561,GIG_WORKER,Pune,MH,18.52,73.857,DVC-c0108ab780,1,528.38,335.63,39,2088,FULL,2026-08-31
CUST001562,STUDENT,Nagpur,MH,21.146,79.088,DVC-18269411ba,1,397.44,280.26,42,1934,FULL,2026-08-31
CUST001563,SALARIED_URBAN,Bengaluru,KA,12.972,77.594,DVC-d932b54bfe,3,2413.48,1222.38,43,2432,FULL,2026-08-31
CUST001564,SALARIED_URBAN,Chennai,TN,13.083,80.27,DVC-314cd83723,1,1701.75,647.67,36,1139,FULL,2026-08-31
CUST001565,SALARIED_URBAN,Kolkata,WB,22.573,88.364,DVC-6767d212b7,1,2574.08,1222.56,29,2702,FULL,2026-08-31
CUST001566,GIG_WORKER,Bengaluru,KA,12.972,77.594,DVC-ba2ec61617,3,728.52,298.3,23,410,FULL,2026-08-31
CUST001567,STUDENT,Jaipur,RJ,26.912,75.787,DVC-7122e500d0,3,229.46,121.19,38,1878,FULL,2026-08-31
CUST001568,SALARIED_URBAN,Ahmedabad,GJ,23.023,72.571,DVC-aaa62bbddd,2,2588.32,1368.93,37,2070,FULL,2026-08-31
CUST001569,SALARIED_URBAN,Delhi,DL,28.614,77.209,DVC-c1a08111e0,1,1569.41,487.19,16,2609,MIN,2026-08-31
CUST001570,GIG_WORKER,Chennai,TN,13.083,80.27,DVC-a3b2aea363,2,577.85,305.37,26,2722,FULL,2026-08-31
CUST001571,SALARIED_URBAN,Mumbai,MH,19.076,72.877,DVC-137bff369b,1,2174.9,703.86,49,1131,FULL,2026-08-31
CUST001572,STUDENT,Indore,MP,22.72,75.858,DVC-0c3562471c,1,208.32,97.77,42,2452,MIN,2026-08-31
CUST001573,SALARIED_URBAN,Delhi,DL,28.614,77.209,DVC-3a636143d2,2,1800.11,718.43,56,2805,FULL,2026-08-31
CUST001574,STUDENT,Lucknow,UP,26.847,80.947,DVC-a06042ebe8,2,189.58,107.76,52,1662,FULL,2026-08-31
CUST001575,SALARIED_URBAN,Panaji,GA,15.491,73.828,DVC-cd9cbe9107,1,1542.18,544.5,44,2780,FULL,2026-08-31
CUST001576,STUDENT,Delhi,DL,28.614,77.209,DVC-9db7832c7c,1,316.39,164.91,38,2430,FULL,2026-08-31
CUST001577,STUDENT,Chennai,TN,13.083,80.27,DVC-31e45ad6dc,2,484.11,308.3,19,978,FULL,2026-08-31
CUST001578,SMALL_BUSINESS,Pune,MH,18.52,73.857,DVC-d842f4ae29,1,4103.39,1985.01,20,1644,FULL,2026-08-31
CUST001579,SALARIED_URBAN,Hyderabad,TG,17.385,78.487,DVC-f51d44869d,2,1116.17,506.43,44,493,FULL,2026-08-31
CUST001580,AFFLUENT,Delhi,DL,28.614,77.209,DVC-0736bbcb52,2,9880.18,4257.7,32,2316,FULL,2026-08-31
CUST001581,GIG_WORKER,Indore,MP,22.72,75.858,DVC-43757eafea,1,777.59,359.94,70,1137,FULL,2026-08-31
CUST001582,SMALL_BUSINESS,Nagpur,MH,21.146,79.088,DVC-491be2a320,2,7306.03,2983.58,45,119,FULL,2026-08-31
CUST001583,SALARIED_URBAN,Hyderabad,TG,17.385,78.487,DVC-5b89c23e34,2,2019.93,709.92,35,2805,FULL,2026-08-31
CUST001584,SALARIED_URBAN,Ahmedabad,GJ,23.023,72.571,DVC-7fa2e81db3,2,1821.73,673.55,37,2774,FULL,2026-08-31
CUST001585,SALARIED_URBAN,Lucknow,UP,26.847,80.947,DVC-609a2933c0,2,1797.68,920.12,15,1616,FULL,2026-08-31
CUST001586,STUDENT,Guwahati,AS,26.145,91.736,DVC-c95c35a758,1,626.51,336.86,51,2061,FULL,2026-08-31
CUST001587,SMALL_BUSINESS,Jaipur,RJ,26.912,75.787,DVC-b27524faa1,1,2316.33,1316.3,23,1647,FULL,2026-08-31
CUST001588,SMALL_BUSINESS,Nagpur,MH,21.146,79.088,DVC-33fa676c3d,1,4554.82,2221.84,5,651,FULL,2026-08-31
CUST001589,GIG_WORKER,Jaipur,RJ,26.912,75.787,DVC-285d2cb100,1,376.54,226.3,38,2324,FULL,2026-08-31
CUST001590,SALARIED_URBAN,Lucknow,UP,26.847,80.947,DVC-7ce825899b,1,2280.43,845.09,26,698,FULL,2026-08-31
CUST001591,STUDENT,Lucknow,UP,26.847,80.947,DVC-64e6b21c9e,3,422.86,234.5,70,1263,FULL,2026-08-31
CUST001592,STUDENT,Lucknow,UP,26.847,80.947,DVC-29017e2c31,1,361.34,233.88,29,766,FULL,2026-08-31
CUST001593,GIG_WORKER,Bengaluru,KA,12.972,77.594,DVC-5e107c177c,2,1026.75,701.2,36,395,FULL,2026-08-31
CUST001594,AFFLUENT,Ahmedabad,GJ,23.023,72.571,DVC-1255b5eb7d,1,14885.98,6156.77,50,339,FULL,2026-08-31
CUST001595,SALARIED_URBAN,Mumbai,MH,19.076,72.877,DVC-cfc9e0b9c9,1,2481.94,1309.47,48,1063,FULL,2026-08-31
CUST001596,SMALL_BUSINESS,Indore,MP,22.72,75.858,DVC-7542ba1b67,2,3904.54,2104.83,33,993,FULL,2026-08-31
CUST001597,GIG_WORKER,Bengaluru,KA,12.972,77.594,DVC-cee12bdebc,1,790.55,376.68,43,1639,MIN,2026-08-31
CUST001598,SALARIED_URBAN,Nagpur,MH,21.146,79.088,DVC-0ee545e653,1,1796.54,822.19,56,2810,FULL,2026-08-31
CUST001599,STUDENT,Kochi,KL,9.932,76.267,DVC-c8fa97a89d,1,241.59,128.01,56,910,FULL,2026-08-31
CUST001600,SALARIED_URBAN,Guwahati,AS,26.145,91.736,DVC-41cee698ef,2,2109.72,1132.33,50,307,FULL,2026-08-31
CUST001601,STUDENT,Hyderabad,TG,17.385,78.487,DVC-e0fcda44ed,2,330.57,177.18,13,2214,FULL,2026-08-31
CUST001602,STUDENT,Pune,MH,18.52,73.857,DVC-5588e5f761,2,485.34,358.88,36,2515,FULL,2026-08-31
CUST001603,STUDENT,Ahmedabad,GJ,23.023,72.571,DVC-985c653c36,2,410.78,210.38,22,1046,FULL,2026-08-31
CUST001604,GIG_WORKER,Guwahati,AS,26.145,91.736,DVC-e151eef05d,3,725.32,338.88,31,1972,FULL,2026-08-31
CUST001605,AFFLUENT,Kochi,KL,9.932,76.267,DVC-43cc33109a,1,5556.98,1676.97,35,1713,FULL,2026-08-31
CUST001606,STUDENT,Nagpur,MH,21.146,79.088,DVC-a0b3d66d83,3,448.95,249.51,55,800,FULL,2026-08-31
CUST001607,GIG_WORKER,Kochi,KL,9.932,76.267,DVC-640c729c83,2,592.83,412.69,21,2068,FULL,2026-08-31
CUST001608,GIG_WORKER,Guwahati,AS,26.145,91.736,DVC-59b187f767,3,996.08,685.72,16,2823,FULL,2026-08-31
CUST001609,STUDENT,Chennai,TN,13.083,80.27,DVC-a30dae16bf,1,194.72,97.27,33,654,MIN,2026-08-31
CUST001610,AFFLUENT,Panaji,GA,15.491,73.828,DVC-b5b8b4ca6f,3,8202.03,2816.16,31,2610,FULL,2026-08-31
CUST001611,SALARIED_URBAN,Lucknow,UP,26.847,80.947,DVC-a0bd850cd6,2,924.87,311.12,47,2284,FULL,2026-08-31
CUST001612,SALARIED_URBAN,Lucknow,UP,26.847,80.947,DVC-f4e0792282,2,2177.36,1195.14,23,1843,FULL,2026-08-31
CUST001613,SALARIED_URBAN,Jaipur,RJ,26.912,75.787,DVC-5e142949ce,1,1390.85,749.05,43,1954,FULL,2026-08-31
CUST001614,GIG_WORKER,Chennai,TN,13.083,80.27,DVC-e42d6c8b61,3,401.7,169.54,28,2361,FULL,2026-08-31
CUST001615,AFFLUENT,Hyderabad,TG,17.385,78.487,DVC-f5af076e87,1,16941.33,5199.47,25,794,FULL,2026-08-31
CUST001616,SMALL_BUSINESS,Kochi,KL,9.932,76.267,DVC-f764009a90,1,6321.72,3769.3,29,540,FULL,2026-08-31
CUST001617,SALARIED_URBAN,Lucknow,UP,26.847,80.947,DVC-58d501e09b,3,1889.02,822.98,45,502,FULL,2026-08-31
CUST001618,STUDENT,Pune,MH,18.52,73.857,DVC-b3ee746f51,1,412.48,264.79,29,894,FULL,2026-08-31
CUST001619,STUDENT,Indore,MP,22.72,75.858,DVC-9f0ea750e6,1,591.24,379.57,33,808,FULL,2026-08-31
CUST001620,SALARIED_URBAN,Guwahati,AS,26.145,91.736,DVC-51144e95f5,1,1949.7,949.05,12,1375,FULL,2026-08-31
CUST001621,SALARIED_URBAN,Kochi,KL,9.932,76.267,DVC-15b7eb9951,3,2528.79,818.75,29,2249,FULL,2026-08-31
CUST001622,AFFLUENT,Bengaluru,KA,12.972,77.594,DVC-939bd9d628,2,15985.46,6526.61,26,1236,FULL,2026-08-31
CUST001623,SALARIED_URBAN,Chandigarh,CH,30.734,76.779,DVC-ef796baa79,1,2185.09,888.03,37,441,FULL,2026-08-31
CUST001624,STUDENT,Mumbai,MH,19.076,72.877,DVC-6a20b949b9,1,490.41,350.73,42,1032,FULL,2026-08-31
CUST001625,STUDENT,Nagpur,MH,21.146,79.088,DVC-580ac425b1,1,613.05,449.33,56,776,FULL,2026-08-31
CUST001626,AFFLUENT,Ahmedabad,GJ,23.023,72.571,DVC-f1bbb10ab0,1,17814.63,7469.79,18,272,FULL,2026-08-31
CUST001627,SMALL_BUSINESS,Guwahati,AS,26.145,91.736,DVC-a47113e25c,1,3533.96,1970.03,30,1892,FULL,2026-08-31
CUST001628,SMALL_BUSINESS,Bengaluru,KA,12.972,77.594,DVC-84a38be71f,2,3451.46,1365.11,10,2553,FULL,2026-08-31
CUST001629,STUDENT,Pune,MH,18.52,73.857,DVC-e1b70f25e9,1,205.38,99.75,43,1617,FULL,2026-08-31
CUST001630,STUDENT,Mumbai,MH,19.076,72.877,DVC-ba9a4725a7,1,185.67,87.27,44,732,FULL,2026-08-31
CUST001631,GIG_WORKER,Ahmedabad,GJ,23.023,72.571,DVC-33ecd529ab,1,1038.75,451.35,4,2667,FULL,2026-08-31
CUST001632,GIG_WORKER,Kochi,KL,9.932,76.267,DVC-26b5ee49a6,3,1063.84,633.75,30,444,FULL,2026-08-31
CUST001633,AFFLUENT,Kochi,KL,9.932,76.267,DVC-0568e27d59,1,13396.46,4835.6,51,537,FULL,2026-08-31
CUST001634,STUDENT,Kochi,KL,9.932,76.267,DVC-f522ca79a6,3,264.96,156.21,66,1681,FULL,2026-08-31
CUST001635,GIG_WORKER,Indore,MP,22.72,75.858,DVC-f60d5eed2d,2,882.88,456.58,32,162,FULL,2026-08-31
CUST001636,SALARIED_URBAN,Guwahati,AS,26.145,91.736,DVC-afa590880e,1,2589.68,1177.42,56,843,FULL,2026-08-31
CUST001637,STUDENT,Nagpur,MH,21.146,79.088,DVC-82364f4c45,1,436.82,240.92,39,1712,FULL,2026-08-31
CUST001638,STUDENT,Jaipur,RJ,26.912,75.787,DVC-a565afeb52,2,549.8,282.25,29,2293,FULL,2026-08-31
CUST001639,STUDENT,Indore,MP,22.72,75.858,DVC-a725262357,3,534.82,349.57,21,2564,FULL,2026-08-31
CUST001640,AFFLUENT,Bengaluru,KA,12.972,77.594,DVC-1bb083e7f9,2,8290.42,3088.08,31,1565,FULL,2026-08-31
CUST001641,STUDENT,Bengaluru,KA,12.972,77.594,DVC-d6ea215f32,2,526.65,382.54,44,1491,FULL,2026-08-31
CUST001642,SALARIED_URBAN,Chandigarh,CH,30.734,76.779,DVC-335bff46a2,1,1737.24,857.46,11,340,FULL,2026-08-31
CUST001643,SMALL_BUSINESS,Chandigarh,CH,30.734,76.779,DVC-6373716f1e,3,4067.2,2033.08,30,2377,FULL,2026-08-31
CUST001644,STUDENT,Chandigarh,CH,30.734,76.779,DVC-6d5a783280,3,456.82,339.12,29,317,FULL,2026-08-31
CUST001645,SMALL_BUSINESS,Kolkata,WB,22.573,88.364,DVC-fba0dd0643,3,4473.54,2197.12,44,706,FULL,2026-08-31
CUST001646,GIG_WORKER,Lucknow,UP,26.847,80.947,DVC-f685a6b7fc,2,730.61,340.84,35,2402,MIN,2026-08-31
CUST001647,STUDENT,Nagpur,MH,21.146,79.088,DVC-ff3da6600c,1,567.53,259.15,54,2716,FULL,2026-08-31
CUST001648,SALARIED_URBAN,Chennai,TN,13.083,80.27,DVC-b719d4e378,2,1417.09,636.8,40,2888,FULL,2026-08-31
CUST001649,SALARIED_URBAN,Bengaluru,KA,12.972,77.594,DVC-64a7483d5a,1,1163.12,557.74,50,533,FULL,2026-08-31
CUST001650,STUDENT,Delhi,DL,28.614,77.209,DVC-8c4ec06e9a,3,266.58,169.73,41,595,FULL,2026-08-31
CUST001651,SMALL_BUSINESS,Pune,MH,18.52,73.857,DVC-e7377e97bd,1,2819.09,1068.7,50,783,FULL,2026-08-31
CUST001652,AFFLUENT,Ahmedabad,GJ,23.023,72.571,DVC-276e7da0b9,2,10350.77,3032.8,43,2079,FULL,2026-08-31
CUST001653,AFFLUENT,Chandigarh,CH,30.734,76.779,DVC-cce6342c8d,1,9149.22,2979.01,54,639,FULL,2026-08-31
CUST001654,GIG_WORKER,Indore,MP,22.72,75.858,DVC-f4b4ea7dcd,1,616.78,364.96,34,1520,FULL,2026-08-31
CUST001655,SALARIED_URBAN,Jaipur,RJ,26.912,75.787,DVC-61dfdcf443,2,1652.86,793.49,26,100,FULL,2026-08-31
CUST001656,AFFLUENT,Lucknow,UP,26.847,80.947,DVC-cfe6049ada,2,15973.29,6112.71,62,230,MIN,2026-08-31
CUST001657,SMALL_BUSINESS,Ahmedabad,GJ,23.023,72.571,DVC-5a36f96e43,1,5932.23,3283.83,64,127,FULL,2026-08-31
CUST001658,SALARIED_URBAN,Bengaluru,KA,12.972,77.594,DVC-59372c7126,1,1501.66,775.22,15,2634,FULL,2026-08-31
CUST001659,GIG_WORKER,Delhi,DL,28.614,77.209,DVC-7fb0808dd7,2,986.93,428.54,56,1794,FULL,2026-08-31
CUST001660,SALARIED_URBAN,Lucknow,UP,26.847,80.947,DVC-be0ec1edfd,1,2329.77,983.36,37,1089,MIN,2026-08-31
CUST001661,GIG_WORKER,Hyderabad,TG,17.385,78.487,DVC-869c888b14,2,410.95,194.6,15,1555,FULL,2026-08-31
CUST001662,AFFLUENT,Mumbai,MH,19.076,72.877,DVC-023b8ef7e0,2,10055.74,2804.69,29,1516,FULL,2026-08-31
CUST001663,SALARIED_URBAN,Panaji,GA,15.491,73.828,DVC-cbbe3a8c67,2,1663.77,517.52,47,377,FULL,2026-08-31
CUST001664,STUDENT,Nagpur,MH,21.146,79.088,DVC-f99d6c712c,2,634.81,472.62,29,66,FULL,2026-08-31
CUST001665,SMALL_BUSINESS,Panaji,GA,15.491,73.828,DVC-174cd42856,1,5512.63,3182.91,15,72,MIN,2026-08-31
CUST001666,SALARIED_URBAN,Guwahati,AS,26.145,91.736,DVC-d3f4c54727,1,1096.91,350.76,44,1655,FULL,2026-08-31
CUST001667,SALARIED_URBAN,Indore,MP,22.72,75.858,DVC-b5827c92bb,1,923.85,300.4,33,2800,FULL,2026-08-31
CUST001668,GIG_WORKER,Chennai,TN,13.083,80.27,DVC-e95db2651d,3,481.55,299.93,42,2442,FULL,2026-08-31
CUST001669,AFFLUENT,Mumbai,MH,19.076,72.877,DVC-bb42e8cdaa,1,11006.46,3816.27,36,1987,FULL,2026-08-31
CUST001670,SALARIED_URBAN,Panaji,GA,15.491,73.828,DVC-83aa9cb33a,3,2051.28,668.63,28,1628,FULL,2026-08-31
CUST001671,SMALL_BUSINESS,Kolkata,WB,22.573,88.364,DVC-179565550e,2,5292.82,2430.82,66,2331,FULL,2026-08-31
CUST001672,SALARIED_URBAN,Nagpur,MH,21.146,79.088,DVC-f4bbc2b14b,2,1700.37,682.07,37,1309,FULL,2026-08-31
CUST001673,SALARIED_URBAN,Jaipur,RJ,26.912,75.787,DVC-c88586195b,3,2536.66,1134.55,50,1712,FULL,2026-08-31
CUST001674,SALARIED_URBAN,Panaji,GA,15.491,73.828,DVC-d1b924c902,1,1281.11,671.28,42,596,MIN,2026-08-31
CUST001675,AFFLUENT,Lucknow,UP,26.847,80.947,DVC-5a61da8224,1,7240.26,2187.61,21,2029,FULL,2026-08-31
CUST001676,STUDENT,Guwahati,AS,26.145,91.736,DVC-4260e0981e,1,201.64,91.59,46,2505,FULL,2026-08-31
CUST001677,STUDENT,Lucknow,UP,26.847,80.947,DVC-5fb6cf3160,2,580.83,263.85,45,2464,FULL,2026-08-31
CUST001678,STUDENT,Jaipur,RJ,26.912,75.787,DVC-8ca6fbf7fa,1,547.53,386.61,43,1330,FULL,2026-08-31
CUST001679,STUDENT,Mumbai,MH,19.076,72.877,DVC-3b2aa0ff7b,3,402.92,215.31,23,331,FULL,2026-08-31
CUST001680,SMALL_BUSINESS,Delhi,DL,28.614,77.209,DVC-60e5b26be9,1,7309.89,2945.56,32,1655,FULL,2026-08-31
CUST001681,SMALL_BUSINESS,Panaji,GA,15.491,73.828,DVC-f6b63974c6,3,4315.11,1560.34,35,240,MIN,2026-08-31
CUST001682,GIG_WORKER,Mumbai,MH,19.076,72.877,DVC-f08d2f9e52,3,706.34,316.81,9,1008,FULL,2026-08-31
CUST001683,SALARIED_URBAN,Kolkata,WB,22.573,88.364,DVC-b2e368b2a2,1,1756.29,666.49,40,2724,FULL,2026-08-31
CUST001684,SMALL_BUSINESS,Hyderabad,TG,17.385,78.487,DVC-49beb54897,1,2411.56,1223.31,18,535,FULL,2026-08-31
CUST001685,STUDENT,Chennai,TN,13.083,80.27,DVC-a65429d49e,2,585.03,404.89,26,1006,FULL,2026-08-31
CUST001686,STUDENT,Kolkata,WB,22.573,88.364,DVC-30058f6ce7,3,589.05,355.51,30,211,FULL,2026-08-31
CUST001687,SMALL_BUSINESS,Chennai,TN,13.083,80.27,DVC-f0914c7626,2,7273.57,3774.03,41,604,FULL,2026-08-31
CUST001688,SALARIED_URBAN,Pune,MH,18.52,73.857,DVC-2562f9e6f3,3,1356.78,570.76,32,1390,FULL,2026-08-31
CUST001689,SMALL_BUSINESS,Jaipur,RJ,26.912,75.787,DVC-8b24cb2327,3,3711.45,2008.21,35,2193,FULL,2026-08-31
CUST001690,GIG_WORKER,Kolkata,WB,22.573,88.364,DVC-ab1e654447,1,946.08,528.24,28,505,FULL,2026-08-31
CUST001691,STUDENT,Bengaluru,KA,12.972,77.594,DVC-3d002e77ee,1,356.79,177.16,33,2327,FULL,2026-08-31
CUST001692,SMALL_BUSINESS,Nagpur,MH,21.146,79.088,DVC-932c5973fa,1,4666.57,2438.38,32,1856,FULL,2026-08-31
CUST001693,STUDENT,Kochi,KL,9.932,76.267,DVC-fc33e6324b,3,325.39,202.04,31,2683,FULL,2026-08-31
CUST001694,SMALL_BUSINESS,Kochi,KL,9.932,76.267,DVC-f48e5ae9fa,3,6303.68,2711.8,28,498,FULL,2026-08-31
CUST001695,GIG_WORKER,Delhi,DL,28.614,77.209,DVC-d1a7089393,1,1041.84,626.06,31,1986,FULL,2026-08-31
CUST001696,SALARIED_URBAN,Jaipur,RJ,26.912,75.787,DVC-ed03921ba0,1,1312.42,701.99,59,2376,FULL,2026-08-31
CUST001697,SALARIED_URBAN,Delhi,DL,28.614,77.209,DVC-2d6a8fcb53,1,2151.61,1135.86,34,1168,FULL,2026-08-31
CUST001698,SALARIED_URBAN,Indore,MP,22.72,75.858,DVC-8af1cad331,1,2527.34,897.91,27,972,FULL,2026-08-31
CUST001699,SALARIED_URBAN,Mumbai,MH,19.076,72.877,DVC-f598ecdba9,1,1231.39,541.27,4,2482,FULL,2026-08-31
CUST001700,SMALL_BUSINESS,Pune,MH,18.52,73.857,DVC-8ddff03ed8,1,6443.03,2725.88,53,2646,FULL,2026-08-31
CUST001701,SALARIED_URBAN,Ahmedabad,GJ,23.023,72.571,DVC-ce02403feb,3,2574.48,805.23,36,2624,FULL,2026-08-31
CUST001702,SALARIED_URBAN,Delhi,DL,28.614,77.209,DVC-95532b1edb,2,1652.0,836.01,34,60,FULL,2026-08-31
CUST001703,STUDENT,Chennai,TN,13.083,80.27,DVC-b43bf41462,1,502.15,350.63,47,614,FULL,2026-08-31
CUST001704,SMALL_BUSINESS,Lucknow,UP,26.847,80.947,DVC-f9ae27dcab,3,2736.27,1056.94,48,414,FULL,2026-08-31
CUST001705,SALARIED_URBAN,Guwahati,AS,26.145,91.736,DVC-d8167e5deb,2,2551.71,1140.14,42,554,FULL,2026-08-31
CUST001706,GIG_WORKER,Guwahati,AS,26.145,91.736,DVC-221aa09368,1,1066.45,509.03,32,468,FULL,2026-08-31
CUST001707,GIG_WORKER,Kolkata,WB,22.573,88.364,DVC-32ccb23bfd,2,802.24,512.57,45,2657,FULL,2026-08-31
CUST001708,SMALL_BUSINESS,Pune,MH,18.52,73.857,DVC-886489efd2,2,2390.37,1184.05,4,1948,FULL,2026-08-31
CUST001709,GIG_WORKER,Bengaluru,KA,12.972,77.594,DVC-a184374d34,1,709.32,403.21,21,1160,FULL,2026-08-31
CUST001710,STUDENT,Delhi,DL,28.614,77.209,DVC-c0f37b5b31,1,305.27,197.76,41,2418,FULL,2026-08-31
CUST001711,SALARIED_URBAN,Ahmedabad,GJ,23.023,72.571,DVC-c74005e8a0,1,1598.58,746.81,33,2482,FULL,2026-08-31
CUST001712,STUDENT,Nagpur,MH,21.146,79.088,DVC-169e241a7b,1,457.14,333.49,50,76,FULL,2026-08-31
CUST001713,SMALL_BUSINESS,Hyderabad,TG,17.385,78.487,DVC-1765d8815f,2,5269.03,2163.72,47,1558,FULL,2026-08-31
CUST001714,GIG_WORKER,Chandigarh,CH,30.734,76.779,DVC-1e09d9ee5d,2,991.22,484.75,54,654,FULL,2026-08-31
CUST001715,SALARIED_URBAN,Bengaluru,KA,12.972,77.594,DVC-34b2340264,2,1451.63,774.03,23,1411,FULL,2026-08-31
CUST001716,SALARIED_URBAN,Kolkata,WB,22.573,88.364,DVC-0a420616e5,3,1909.56,1034.74,34,2818,FULL,2026-08-31
CUST001717,SALARIED_URBAN,Bengaluru,KA,12.972,77.594,DVC-1bb07e983c,1,2560.38,1359.92,46,440,FULL,2026-08-31
CUST001718,SALARIED_URBAN,Chandigarh,CH,30.734,76.779,DVC-0366efd1d2,1,1511.28,825.54,27,2805,FULL,2026-08-31
CUST001719,SALARIED_URBAN,Chennai,TN,13.083,80.27,DVC-52abb52df2,2,1243.1,492.22,31,777,FULL,2026-08-31
CUST001720,AFFLUENT,Hyderabad,TG,17.385,78.487,DVC-fd1da93bb0,1,17088.74,4506.29,59,2615,MIN,2026-08-31
CUST001721,STUDENT,Kolkata,WB,22.573,88.364,DVC-963685c549,1,342.81,204.77,30,1643,FULL,2026-08-31
CUST001722,SALARIED_URBAN,Bengaluru,KA,12.972,77.594,DVC-607de38a74,2,2375.46,1067.31,23,874,FULL,2026-08-31
CUST001723,AFFLUENT,Chennai,TN,13.083,80.27,DVC-70c546f848,1,6598.09,2405.01,31,2574,FULL,2026-08-31
CUST001724,SALARIED_URBAN,Panaji,GA,15.491,73.828,DVC-c2cc5c8880,1,2350.09,821.34,36,1219,FULL,2026-08-31
CUST001725,STUDENT,Lucknow,UP,26.847,80.947,DVC-504b026dca,3,219.57,110.53,16,2554,MIN,2026-08-31
CUST001726,GIG_WORKER,Ahmedabad,GJ,23.023,72.571,DVC-33aeb3ff7f,3,355.4,186.48,38,2507,FULL,2026-08-31
CUST001727,AFFLUENT,Jaipur,RJ,26.912,75.787,DVC-108ac908cf,2,5868.33,1954.93,48,2716,FULL,2026-08-31
CUST001728,SALARIED_URBAN,Indore,MP,22.72,75.858,DVC-55e8e3a84f,2,2542.2,1256.13,52,2758,FULL,2026-08-31
CUST001729,SALARIED_URBAN,Delhi,DL,28.614,77.209,DVC-78275fdebb,1,2088.62,1091.47,22,348,FULL,2026-08-31
CUST001730,GIG_WORKER,Hyderabad,TG,17.385,78.487,DVC-fec068d23a,3,525.9,364.44,17,2843,MIN,2026-08-31
CUST001731,SMALL_BUSINESS,Chennai,TN,13.083,80.27,DVC-b9fc4aadc2,3,3163.61,1442.16,38,1306,FULL,2026-08-31
CUST001732,GIG_WORKER,Chennai,TN,13.083,80.27,DVC-03a1255627,1,853.85,430.27,49,1129,FULL,2026-08-31
CUST001733,SALARIED_URBAN,Delhi,DL,28.614,77.209,DVC-b7fdc2eeb1,3,1757.2,528.46,28,2266,FULL,2026-08-31
CUST001734,GIG_WORKER,Ahmedabad,GJ,23.023,72.571,DVC-9fa232b345,2,991.21,456.9,41,184,MIN,2026-08-31
CUST001735,SALARIED_URBAN,Ahmedabad,GJ,23.023,72.571,DVC-79ec011d54,1,2156.05,999.52,32,2792,FULL,2026-08-31
CUST001736,SALARIED_URBAN,Kolkata,WB,22.573,88.364,DVC-93f622a5ae,2,2204.76,1125.02,7,782,FULL,2026-08-31
CUST001737,SALARIED_URBAN,Chandigarh,CH,30.734,76.779,DVC-398dbe70a5,2,1592.41,524.99,23,1849,MIN,2026-08-31
CUST001738,GIG_WORKER,Kolkata,WB,22.573,88.364,DVC-961b1f8c26,2,884.06,372.82,65,725,FULL,2026-08-31
CUST001739,GIG_WORKER,Guwahati,AS,26.145,91.736,DVC-6079362a90,2,614.18,370.55,53,2009,FULL,2026-08-31
CUST001740,STUDENT,Guwahati,AS,26.145,91.736,DVC-891a29c97e,2,239.52,143.89,37,445,FULL,2026-08-31
CUST001741,AFFLUENT,Delhi,DL,28.614,77.209,DVC-01a4a04969,2,15657.24,4531.77,29,2301,FULL,2026-08-31
CUST001742,SMALL_BUSINESS,Bengaluru,KA,12.972,77.594,DVC-1f26e7010d,1,6026.45,2815.19,18,620,FULL,2026-08-31
CUST001743,STUDENT,Pune,MH,18.52,73.857,DVC-58fb388a4e,1,252.19,156.01,36,2326,FULL,2026-08-31
CUST001744,SALARIED_URBAN,Panaji,GA,15.491,73.828,DVC-756e25c43a,3,1901.29,956.04,38,650,FULL,2026-08-31
CUST001745,SALARIED_URBAN,Kochi,KL,9.932,76.267,DVC-8a439b0631,1,2437.76,811.28,25,1959,FULL,2026-08-31
CUST001746,AFFLUENT,Lucknow,UP,26.847,80.947,DVC-d3653b4e61,1,7196.13,2722.74,19,2470,FULL,2026-08-31
CUST001747,SMALL_BUSINESS,Ahmedabad,GJ,23.023,72.571,DVC-82908192d0,3,5204.93,2244.36,34,2320,FULL,2026-08-31
CUST001748,SALARIED_URBAN,Chandigarh,CH,30.734,76.779,DVC-8a805e5215,1,2015.17,701.76,41,374,FULL,2026-08-31
CUST001749,SALARIED_URBAN,Panaji,GA,15.491,73.828,DVC-ba9b065e7c,3,2102.81,940.99,42,1248,FULL,2026-08-31
CUST001750,GIG_WORKER,Lucknow,UP,26.847,80.947,DVC-00a26d7c87,2,825.81,541.05,42,1520,FULL,2026-08-31
CUST001751,SMALL_BUSINESS,Panaji,GA,15.491,73.828,DVC-d08c357b01,1,3407.9,1894.34,29,687,MIN,2026-08-31
CUST001752,SALARIED_URBAN,Hyderabad,TG,17.385,78.487,DVC-ac3476caf9,1,1271.7,627.99,18,1117,FULL,2026-08-31
CUST001753,SALARIED_URBAN,Pune,MH,18.52,73.857,DVC-2bde994ab4,1,1841.34,802.21,38,875,FULL,2026-08-31
CUST001754,GIG_WORKER,Kochi,KL,9.932,76.267,DVC-64e9b28638,2,863.69,357.22,22,687,FULL,2026-08-31
CUST001755,SALARIED_URBAN,Lucknow,UP,26.847,80.947,DVC-f0a7e87ffa,2,2250.49,968.69,13,1263,FULL,2026-08-31
CUST001756,STUDENT,Bengaluru,KA,12.972,77.594,DVC-dcbbab55c8,1,366.51,225.1,27,1585,MIN,2026-08-31
CUST001757,SMALL_BUSINESS,Nagpur,MH,21.146,79.088,DVC-a4a35bb307,2,4924.77,2464.68,25,2266,FULL,2026-08-31
CUST001758,SALARIED_URBAN,Bengaluru,KA,12.972,77.594,DVC-33d6c9ee11,1,2155.48,1026.5,32,2317,FULL,2026-08-31
CUST001759,SMALL_BUSINESS,Delhi,DL,28.614,77.209,DVC-e52d2fb172,1,3351.96,1609.16,35,2390,FULL,2026-08-31
CUST001760,AFFLUENT,Ahmedabad,GJ,23.023,72.571,DVC-5b832cde0b,1,9725.8,2887.93,50,736,FULL,2026-08-31
CUST001761,AFFLUENT,Kochi,KL,9.932,76.267,DVC-1935b00589,1,5893.15,1753.29,13,1659,FULL,2026-08-31
CUST001762,SMALL_BUSINESS,Delhi,DL,28.614,77.209,DVC-9986b4d60b,1,5492.97,2623.65,37,2667,FULL,2026-08-31
CUST001763,SALARIED_URBAN,Hyderabad,TG,17.385,78.487,DVC-dfabbb30ff,1,1981.23,884.7,11,200,FULL,2026-08-31
CUST001764,SMALL_BUSINESS,Chandigarh,CH,30.734,76.779,DVC-db554d7adf,2,7087.59,3356.48,58,2450,MIN,2026-08-31
CUST001765,STUDENT,Ahmedabad,GJ,23.023,72.571,DVC-ef139c609a,1,368.63,242.73,17,1147,FULL,2026-08-31
CUST001766,GIG_WORKER,Mumbai,MH,19.076,72.877,DVC-dd7c82783c,1,451.46,284.13,20,928,FULL,2026-08-31
CUST001767,SALARIED_URBAN,Indore,MP,22.72,75.858,DVC-e4e5efe109,2,2191.57,1020.56,47,2871,FULL,2026-08-31
CUST001768,SMALL_BUSINESS,Guwahati,AS,26.145,91.736,DVC-a949df64d6,1,3788.5,2265.5,38,477,MIN,2026-08-31
CUST001769,STUDENT,Indore,MP,22.72,75.858,DVC-e3afa417c9,1,616.41,336.58,30,280,FULL,2026-08-31
CUST001770,SALARIED_URBAN,Panaji,GA,15.491,73.828,DVC-fabb5923e6,1,1037.59,499.47,27,2484,FULL,2026-08-31
CUST001771,SALARIED_URBAN,Indore,MP,22.72,75.858,DVC-a3a42cf6ea,1,1070.41,574.6,42,895,FULL,2026-08-31
CUST001772,GIG_WORKER,Ahmedabad,GJ,23.023,72.571,DVC-d253ae3b68,2,777.57,361.09,38,1844,FULL,2026-08-31
CUST001773,SMALL_BUSINESS,Guwahati,AS,26.145,91.736,DVC-82c94abb30,3,3736.9,1914.02,54,106,FULL,2026-08-31
CUST001774,SMALL_BUSINESS,Guwahati,AS,26.145,91.736,DVC-d25cc1d9bf,1,6089.09,3222.46,35,1181,FULL,2026-08-31
CUST001775,SMALL_BUSINESS,Ahmedabad,GJ,23.023,72.571,DVC-7feca37a1f,1,5964.49,2496.96,49,1227,FULL,2026-08-31
CUST001776,SALARIED_URBAN,Jaipur,RJ,26.912,75.787,DVC-3516d093ab,1,1154.52,366.49,40,2814,FULL,2026-08-31
CUST001777,SALARIED_URBAN,Kochi,KL,9.932,76.267,DVC-81210f9d28,1,1881.83,949.89,49,1592,FULL,2026-08-31
CUST001778,GIG_WORKER,Jaipur,RJ,26.912,75.787,DVC-736b797a85,2,683.26,429.49,37,1420,FULL,2026-08-31
CUST001779,SMALL_BUSINESS,Bengaluru,KA,12.972,77.594,DVC-e8e403a6f5,1,4770.91,1674.48,14,1721,MIN,2026-08-31
CUST001780,GIG_WORKER,Mumbai,MH,19.076,72.877,DVC-e6b4210e25,2,681.8,366.77,62,2122,FULL,2026-08-31
CUST001781,STUDENT,Hyderabad,TG,17.385,78.487,DVC-01c88abaac,1,223.66,136.42,33,2378,FULL,2026-08-31
CUST001782,GIG_WORKER,Kochi,KL,9.932,76.267,DVC-8b2ef696ab,2,546.79,247.02,31,2105,FULL,2026-08-31
CUST001783,STUDENT,Bengaluru,KA,12.972,77.594,DVC-be5bb8cf89,2,424.64,270.09,15,762,MIN,2026-08-31
CUST001784,SALARIED_URBAN,Indore,MP,22.72,75.858,DVC-f54fb58ba7,1,2167.81,804.58,68,94,FULL,2026-08-31
CUST001785,STUDENT,Pune,MH,18.52,73.857,DVC-f4ca6b1035,3,375.28,180.26,36,1803,FULL,2026-08-31
CUST001786,SMALL_BUSINESS,Indore,MP,22.72,75.858,DVC-525a9b7518,1,6348.7,2796.84,52,554,FULL,2026-08-31
CUST001787,SMALL_BUSINESS,Kolkata,WB,22.573,88.364,DVC-eea104fdd0,1,5434.75,2429.41,29,642,FULL,2026-08-31
CUST001788,AFFLUENT,Bengaluru,KA,12.972,77.594,DVC-f7f13a30ba,2,15909.82,5836.08,44,526,MIN,2026-08-31
CUST001789,SALARIED_URBAN,Guwahati,AS,26.145,91.736,DVC-e1fca4ff59,1,1832.1,991.82,40,488,FULL,2026-08-31
CUST001790,SALARIED_URBAN,Chennai,TN,13.083,80.27,DVC-4510d20644,1,1006.26,405.37,25,911,FULL,2026-08-31
CUST001791,GIG_WORKER,Kochi,KL,9.932,76.267,DVC-259e4a0f7e,1,935.77,420.22,41,1750,FULL,2026-08-31
CUST001792,SALARIED_URBAN,Pune,MH,18.52,73.857,DVC-996fabd8ed,3,1270.67,615.82,44,2366,FULL,2026-08-31
CUST001793,SALARIED_URBAN,Nagpur,MH,21.146,79.088,DVC-0a729a7661,3,1877.14,584.65,40,58,FULL,2026-08-31
CUST001794,STUDENT,Lucknow,UP,26.847,80.947,DVC-fe65510bde,3,263.0,172.51,42,250,FULL,2026-08-31
CUST001795,SMALL_BUSINESS,Nagpur,MH,21.146,79.088,DVC-452b1fe6b6,2,5927.59,3324.62,4,269,FULL,2026-08-31
CUST001796,SALARIED_URBAN,Indore,MP,22.72,75.858,DVC-53b092f6a9,1,1316.56,509.27,22,1561,FULL,2026-08-31
CUST001797,SMALL_BUSINESS,Indore,MP,22.72,75.858,DVC-d32fecf406,1,3913.83,1910.83,34,1922,FULL,2026-08-31
CUST001798,GIG_WORKER,Pune,MH,18.52,73.857,DVC-a885d9e28e,1,899.57,466.55,43,1589,FULL,2026-08-31
CUST001799,GIG_WORKER,Kolkata,WB,22.573,88.364,DVC-9b0055ea51,3,491.5,226.77,62,685,FULL,2026-08-31
CUST001800,AFFLUENT,Guwahati,AS,26.145,91.736,DVC-704be8234f,3,5622.31,1601.8,25,2241,FULL,2026-08-31
CUST001801,SMALL_BUSINESS,Kolkata,WB,22.573,88.364,DVC-f48fc880fe,2,5799.46,2444.97,35,663,FULL,2026-08-31
CUST001802,AFFLUENT,Hyderabad,TG,17.385,78.487,DVC-e4321a2759,2,8560.39,2512.15,29,458,FULL,2026-08-31
CUST001803,GIG_WORKER,Ahmedabad,GJ,23.023,72.571,DVC-1e028337e2,1,676.73,357.73,54,1910,FULL,2026-08-31
CUST001804,SALARIED_URBAN,Kolkata,WB,22.573,88.364,DVC-b219b6c37d,2,999.95,509.6,42,499,FULL,2026-08-31
CUST001805,GIG_WORKER,Indore,MP,22.72,75.858,DVC-95c058a2b9,1,767.02,360.96,47,691,FULL,2026-08-31
CUST001806,GIG_WORKER,Chandigarh,CH,30.734,76.779,DVC-8dd5fca58c,1,857.92,571.46,38,2351,FULL,2026-08-31
CUST001807,SALARIED_URBAN,Chennai,TN,13.083,80.27,DVC-6f8ce66c26,2,2446.53,738.08,21,846,FULL,2026-08-31
CUST001808,GIG_WORKER,Chandigarh,CH,30.734,76.779,DVC-87414b53be,2,517.6,345.17,36,2410,FULL,2026-08-31
CUST001809,SALARIED_URBAN,Chandigarh,CH,30.734,76.779,DVC-49f49b2bd0,2,1589.91,632.79,38,2161,MIN,2026-08-31
CUST001810,GIG_WORKER,Jaipur,RJ,26.912,75.787,DVC-28cbb4672c,1,766.22,528.8,17,269,FULL,2026-08-31
CUST001811,SMALL_BUSINESS,Lucknow,UP,26.847,80.947,DVC-0e28981914,2,6038.48,2791.39,27,2204,FULL,2026-08-31
CUST001812,SALARIED_URBAN,Panaji,GA,15.491,73.828,DVC-1e6c516251,2,1722.64,597.22,38,1803,FULL,2026-08-31
CUST001813,SALARIED_URBAN,Bengaluru,KA,12.972,77.594,DVC-8a4f66bc37,1,2176.8,1059.79,20,2354,FULL,2026-08-31
CUST001814,SMALL_BUSINESS,Hyderabad,TG,17.385,78.487,DVC-e2ff0e797b,1,6881.93,3641.12,42,2571,FULL,2026-08-31
CUST001815,AFFLUENT,Nagpur,MH,21.146,79.088,DVC-c114b8a4ea,2,7678.43,2558.65,47,766,MIN,2026-08-31
CUST001816,STUDENT,Kochi,KL,9.932,76.267,DVC-5be30679d1,3,632.92,312.96,17,1526,MIN,2026-08-31
CUST001817,SALARIED_URBAN,Panaji,GA,15.491,73.828,DVC-113b0a8e8f,1,1704.73,562.73,45,77,FULL,2026-08-31
CUST001818,STUDENT,Lucknow,UP,26.847,80.947,DVC-4380b4a431,2,339.6,169.22,33,698,MIN,2026-08-31
CUST001819,STUDENT,Kochi,KL,9.932,76.267,DVC-4597e0a6fe,1,420.13,279.62,45,593,FULL,2026-08-31
CUST001820,SMALL_BUSINESS,Kolkata,WB,22.573,88.364,DVC-1b80620f3c,1,2521.15,893.75,15,2218,FULL,2026-08-31
CUST001821,GIG_WORKER,Chennai,TN,13.083,80.27,DVC-92223c0d89,3,387.34,241.42,56,727,FULL,2026-08-31
CUST001822,SALARIED_URBAN,Pune,MH,18.52,73.857,DVC-f6b7360120,1,1157.14,465.38,18,2283,FULL,2026-08-31
CUST001823,SMALL_BUSINESS,Kochi,KL,9.932,76.267,DVC-bfe8ae1d8e,3,6690.11,3223.44,20,152,FULL,2026-08-31
CUST001824,STUDENT,Ahmedabad,GJ,23.023,72.571,DVC-68e448de00,1,231.94,163.43,29,2270,FULL,2026-08-31
CUST001825,STUDENT,Hyderabad,TG,17.385,78.487,DVC-673393dd90,1,464.27,291.27,48,2732,MIN,2026-08-31
CUST001826,SMALL_BUSINESS,Kolkata,WB,22.573,88.364,DVC-0d4d7d8327,1,3985.53,2158.23,47,1169,FULL,2026-08-31
CUST001827,SMALL_BUSINESS,Chennai,TN,13.083,80.27,DVC-37d8b7df81,2,7291.83,3349.77,4,2094,FULL,2026-08-31
CUST001828,AFFLUENT,Panaji,GA,15.491,73.828,DVC-1785ea39e5,2,17553.91,4688.11,37,1016,FULL,2026-08-31
CUST001829,SMALL_BUSINESS,Kochi,KL,9.932,76.267,DVC-12714a0104,1,2446.54,1400.55,43,2683,FULL,2026-08-31
CUST001830,AFFLUENT,Mumbai,MH,19.076,72.877,DVC-8f0b867845,2,12828.25,5276.09,48,2367,FULL,2026-08-31
CUST001831,GIG_WORKER,Hyderabad,TG,17.385,78.487,DVC-7ad4e5b342,2,484.0,233.94,46,757,FULL,2026-08-31
CUST001832,GIG_WORKER,Lucknow,UP,26.847,80.947,DVC-0ff982e198,1,1017.86,473.47,45,2286,FULL,2026-08-31
CUST001833,SALARIED_URBAN,Lucknow,UP,26.847,80.947,DVC-fba1c778c2,1,2233.29,1024.11,36,608,FULL,2026-08-31
CUST001834,STUDENT,Lucknow,UP,26.847,80.947,DVC-00c091f88d,2,378.4,210.79,58,2169,FULL,2026-08-31
CUST001835,GIG_WORKER,Guwahati,AS,26.145,91.736,DVC-f83c80b703,2,421.06,289.45,74,461,FULL,2026-08-31
CUST001836,SMALL_BUSINESS,Bengaluru,KA,12.972,77.594,DVC-a5d7e81648,3,3351.19,1840.02,57,568,FULL,2026-08-31
CUST001837,GIG_WORKER,Indore,MP,22.72,75.858,DVC-221dd589f5,2,1062.0,663.88,35,1341,FULL,2026-08-31
CUST001838,SALARIED_URBAN,Bengaluru,KA,12.972,77.594,DVC-1c18ccb596,3,1282.85,659.86,48,939,FULL,2026-08-31
CUST001839,SALARIED_URBAN,Ahmedabad,GJ,23.023,72.571,DVC-a07b07e4ec,3,2344.35,921.46,30,170,FULL,2026-08-31
CUST001840,STUDENT,Bengaluru,KA,12.972,77.594,DVC-6f0a1c85cd,2,222.52,131.83,13,142,FULL,2026-08-31
CUST001841,GIG_WORKER,Delhi,DL,28.614,77.209,DVC-f7712349bd,1,1085.99,549.12,50,657,FULL,2026-08-31
CUST001842,SALARIED_URBAN,Nagpur,MH,21.146,79.088,DVC-834919451a,2,1364.02,516.33,37,1539,FULL,2026-08-31
CUST001843,SALARIED_URBAN,Kolkata,WB,22.573,88.364,DVC-c6c5d917cb,2,2583.0,923.53,63,1197,FULL,2026-08-31
CUST001844,SALARIED_URBAN,Panaji,GA,15.491,73.828,DVC-d8f3471298,2,1652.81,637.29,40,2675,FULL,2026-08-31
CUST001845,SMALL_BUSINESS,Hyderabad,TG,17.385,78.487,DVC-f434cc6f83,1,2417.92,970.16,59,737,FULL,2026-08-31
CUST001846,STUDENT,Indore,MP,22.72,75.858,DVC-327f91ac7c,2,196.8,139.59,22,2489,FULL,2026-08-31
CUST001847,GIG_WORKER,Pune,MH,18.52,73.857,DVC-bfcdca96d7,1,941.05,451.16,46,2631,FULL,2026-08-31
CUST001848,GIG_WORKER,Indore,MP,22.72,75.858,DVC-f8c1218552,2,431.16,279.09,40,2832,FULL,2026-08-31
CUST001849,SALARIED_URBAN,Kochi,KL,9.932,76.267,DVC-9c56cfece4,1,1111.19,539.64,55,2103,FULL,2026-08-31
CUST001850,GIG_WORKER,Lucknow,UP,26.847,80.947,DVC-c8a608dcb2,1,604.5,252.4,30,117,FULL,2026-08-31
CUST001851,GIG_WORKER,Mumbai,MH,19.076,72.877,DVC-9c49ae64f9,2,399.31,265.68,46,234,MIN,2026-08-31
CUST001852,GIG_WORKER,Pune,MH,18.52,73.857,DVC-2d49be3ed7,1,1023.98,581.86,25,2724,FULL,2026-08-31
CUST001853,SALARIED_URBAN,Kolkata,WB,22.573,88.364,DVC-034bc4b66e,2,1085.87,527.71,47,1538,FULL,2026-08-31
CUST001854,SMALL_BUSINESS,Pune,MH,18.52,73.857,DVC-3ea24b4604,1,6880.49,3340.88,22,2040,FULL,2026-08-31
CUST001855,SMALL_BUSINESS,Chennai,TN,13.083,80.27,DVC-d1c884f332,2,2414.11,1075.35,73,765,FULL,2026-08-31
CUST001856,SALARIED_URBAN,Jaipur,RJ,26.912,75.787,DVC-cd4dc1aeb0,1,1932.59,738.38,47,1210,FULL,2026-08-31
CUST001857,SALARIED_URBAN,Lucknow,UP,26.847,80.947,DVC-3ea9acdcb6,2,1196.21,603.49,21,1183,FULL,2026-08-31
CUST001858,SALARIED_URBAN,Chennai,TN,13.083,80.27,DVC-346618f92e,1,1700.34,796.87,71,433,FULL,2026-08-31
CUST001859,SMALL_BUSINESS,Nagpur,MH,21.146,79.088,DVC-5f943c0b20,2,7283.22,3266.01,39,1182,FULL,2026-08-31
CUST001860,AFFLUENT,Panaji,GA,15.491,73.828,DVC-cb8bd3bd79,1,11068.4,4581.95,30,1785,FULL,2026-08-31
CUST001861,SALARIED_URBAN,Nagpur,MH,21.146,79.088,DVC-ed18ed4142,1,2086.7,923.33,38,1589,FULL,2026-08-31
CUST001862,AFFLUENT,Pune,MH,18.52,73.857,DVC-cdd6d41d22,1,14195.97,5615.77,31,2268,FULL,2026-08-31
CUST001863,SALARIED_URBAN,Chandigarh,CH,30.734,76.779,DVC-45d69345cf,3,1045.19,550.16,45,2132,FULL,2026-08-31
CUST001864,STUDENT,Jaipur,RJ,26.912,75.787,DVC-2f13b9e328,3,251.21,177.36,39,890,FULL,2026-08-31
CUST001865,STUDENT,Bengaluru,KA,12.972,77.594,DVC-fc3fa67a8c,2,483.86,314.68,30,1862,FULL,2026-08-31
CUST001866,GIG_WORKER,Indore,MP,22.72,75.858,DVC-3cfe39b633,1,629.98,281.72,55,1845,FULL,2026-08-31
CUST001867,SALARIED_URBAN,Nagpur,MH,21.146,79.088,DVC-5f53fd24fb,2,2281.86,1210.67,20,1339,FULL,2026-08-31
CUST001868,SALARIED_URBAN,Ahmedabad,GJ,23.023,72.571,DVC-94a31ea95b,3,2579.86,1162.61,33,1820,FULL,2026-08-31
CUST001869,GIG_WORKER,Guwahati,AS,26.145,91.736,DVC-7f7f7a5cac,1,400.25,268.38,27,369,FULL,2026-08-31
CUST001870,SMALL_BUSINESS,Guwahati,AS,26.145,91.736,DVC-aee2d10f31,2,2855.52,1174.58,36,1877,FULL,2026-08-31
CUST001871,AFFLUENT,Guwahati,AS,26.145,91.736,DVC-0db4d5fd5e,2,5109.62,1777.97,47,1740,FULL,2026-08-31
CUST001872,SMALL_BUSINESS,Chennai,TN,13.083,80.27,DVC-90a78b09c2,1,6505.57,3275.79,35,1788,FULL,2026-08-31
CUST001873,GIG_WORKER,Pune,MH,18.52,73.857,DVC-eddbc763ea,1,639.74,341.43,36,2006,FULL,2026-08-31
CUST001874,SMALL_BUSINESS,Pune,MH,18.52,73.857,DVC-75c2ebf7e2,2,7071.08,2532.08,58,1603,FULL,2026-08-31
CUST001875,AFFLUENT,Kochi,KL,9.932,76.267,DVC-cfb34b0668,2,5225.28,1977.04,45,1930,FULL,2026-08-31
CUST001876,AFFLUENT,Hyderabad,TG,17.385,78.487,DVC-beef5a5577,3,10083.76,2812.31,36,2151,FULL,2026-08-31
CUST001877,SALARIED_URBAN,Hyderabad,TG,17.385,78.487,DVC-145237f4e1,2,1019.58,323.51,47,2370,FULL,2026-08-31
CUST001878,SALARIED_URBAN,Kolkata,WB,22.573,88.364,DVC-ba5a4bc0a6,1,2166.7,717.1,19,2553,FULL,2026-08-31
CUST001879,SMALL_BUSINESS,Panaji,GA,15.491,73.828,DVC-c83e659e4a,1,2559.24,1100.88,62,2270,FULL,2026-08-31
CUST001880,AFFLUENT,Panaji,GA,15.491,73.828,DVC-1ae832664d,1,7303.98,2954.88,37,547,FULL,2026-08-31
CUST001881,SMALL_BUSINESS,Lucknow,UP,26.847,80.947,DVC-44e5b5012f,1,2420.07,1093.45,14,2261,FULL,2026-08-31
CUST001882,SMALL_BUSINESS,Lucknow,UP,26.847,80.947,DVC-ba6f3aa4ca,1,4585.84,1946.97,26,2759,FULL,2026-08-31
CUST001883,SMALL_BUSINESS,Panaji,GA,15.491,73.828,DVC-d0f99de79e,1,4205.73,2175.96,65,304,FULL,2026-08-31
CUST001884,SMALL_BUSINESS,Chandigarh,CH,30.734,76.779,DVC-7593da0a32,1,3898.31,1759.69,42,288,FULL,2026-08-31
CUST001885,SALARIED_URBAN,Delhi,DL,28.614,77.209,DVC-52005cb40d,1,2225.8,1075.75,52,2838,FULL,2026-08-31
CUST001886,SALARIED_URBAN,Pune,MH,18.52,73.857,DVC-a2dadbc8d3,1,2140.83,952.98,39,2558,FULL,2026-08-31
CUST001887,SALARIED_URBAN,Bengaluru,KA,12.972,77.594,DVC-858dec6934,2,1977.02,684.75,30,602,FULL,2026-08-31
CUST001888,STUDENT,Guwahati,AS,26.145,91.736,DVC-5960d167f9,3,500.42,287.07,29,909,FULL,2026-08-31
CUST001889,SALARIED_URBAN,Bengaluru,KA,12.972,77.594,DVC-79ba01652e,3,2322.95,1031.19,40,2609,FULL,2026-08-31
CUST001890,SALARIED_URBAN,Chandigarh,CH,30.734,76.779,DVC-482101a785,1,1085.95,579.14,53,1527,FULL,2026-08-31
CUST001891,GIG_WORKER,Kochi,KL,9.932,76.267,DVC-6fe7c5a5a3,1,1072.32,597.06,51,1395,FULL,2026-08-31
CUST001892,SALARIED_URBAN,Kolkata,WB,22.573,88.364,DVC-32007395c0,1,2362.48,1217.63,47,2148,FULL,2026-08-31
CUST001893,SALARIED_URBAN,Guwahati,AS,26.145,91.736,DVC-9390181509,3,1723.4,798.87,36,2449,FULL,2026-08-31
CUST001894,GIG_WORKER,Bengaluru,KA,12.972,77.594,DVC-1f86ba66c4,1,619.06,292.6,65,1454,FULL,2026-08-31
CUST001895,STUDENT,Kochi,KL,9.932,76.267,DVC-518264601c,2,388.34,279.47,27,1852,MIN,2026-08-31
CUST001896,SMALL_BUSINESS,Kolkata,WB,22.573,88.364,DVC-ee87bfe86f,2,2944.96,1351.55,50,2121,FULL,2026-08-31
CUST001897,SMALL_BUSINESS,Jaipur,RJ,26.912,75.787,DVC-79ff5925a0,1,2227.92,1074.04,28,940,FULL,2026-08-31
CUST001898,GIG_WORKER,Bengaluru,KA,12.972,77.594,DVC-2de752f42c,1,538.72,264.36,44,2391,FULL,2026-08-31
CUST001899,SMALL_BUSINESS,Kolkata,WB,22.573,88.364,DVC-844c43a596,3,4070.19,1891.07,25,1346,FULL,2026-08-31
CUST001900,SALARIED_URBAN,Lucknow,UP,26.847,80.947,DVC-309181f7af,1,1724.89,706.35,21,1731,FULL,2026-08-31
CUST001901,GIG_WORKER,Kochi,KL,9.932,76.267,DVC-523a13fb47,1,616.72,410.42,54,1649,FULL,2026-08-31
CUST001902,STUDENT,Ahmedabad,GJ,23.023,72.571,DVC-cba53a8d1c,3,185.26,94.39,35,1547,FULL,2026-08-31
CUST001903,GIG_WORKER,Ahmedabad,GJ,23.023,72.571,DVC-c9ef38aeee,1,482.14,291.62,21,772,FULL,2026-08-31
CUST001904,SALARIED_URBAN,Chandigarh,CH,30.734,76.779,DVC-1e5b9ccd34,2,1497.51,749.64,22,945,FULL,2026-08-31
CUST001905,STUDENT,Panaji,GA,15.491,73.828,DVC-63d65f2adf,2,259.26,142.49,56,2458,MIN,2026-08-31
CUST001906,SMALL_BUSINESS,Lucknow,UP,26.847,80.947,DVC-99b2b7caee,1,5143.95,2174.15,42,605,FULL,2026-08-31
CUST001907,SMALL_BUSINESS,Delhi,DL,28.614,77.209,DVC-de27bbe3ba,3,7169.19,2619.05,66,1829,FULL,2026-08-31
CUST001908,SALARIED_URBAN,Indore,MP,22.72,75.858,DVC-4040d9bc5d,2,1007.96,373.92,63,1355,FULL,2026-08-31
CUST001909,SALARIED_URBAN,Kolkata,WB,22.573,88.364,DVC-68d0eac3dd,1,1118.96,493.81,54,246,FULL,2026-08-31
CUST001910,SMALL_BUSINESS,Indore,MP,22.72,75.858,DVC-556b7f106c,2,4685.36,2727.51,62,1583,FULL,2026-08-31
CUST001911,SALARIED_URBAN,Chennai,TN,13.083,80.27,DVC-85e910604c,2,1655.36,707.25,49,2569,FULL,2026-08-31
CUST001912,SALARIED_URBAN,Jaipur,RJ,26.912,75.787,DVC-21a239e49e,1,2464.3,937.27,42,876,FULL,2026-08-31
CUST001913,GIG_WORKER,Hyderabad,TG,17.385,78.487,DVC-202f659fbd,2,955.09,401.28,32,1326,FULL,2026-08-31
CUST001914,SALARIED_URBAN,Indore,MP,22.72,75.858,DVC-d0eeb28a36,1,2586.71,1041.59,39,2676,FULL,2026-08-31
CUST001915,SALARIED_URBAN,Ahmedabad,GJ,23.023,72.571,DVC-3f0f10a21f,2,1839.2,972.23,40,2524,FULL,2026-08-31
CUST001916,GIG_WORKER,Chandigarh,CH,30.734,76.779,DVC-5bfeb7f882,1,366.64,148.52,51,1558,FULL,2026-08-31
CUST001917,SALARIED_URBAN,Delhi,DL,28.614,77.209,DVC-504d124cfb,2,2063.92,1134.21,58,260,FULL,2026-08-31
CUST001918,SALARIED_URBAN,Jaipur,RJ,26.912,75.787,DVC-eb0bb4bf20,1,1875.09,791.0,46,2321,FULL,2026-08-31
CUST001919,GIG_WORKER,Jaipur,RJ,26.912,75.787,DVC-f43bf9f5cb,1,419.47,289.93,57,417,FULL,2026-08-31
CUST001920,STUDENT,Nagpur,MH,21.146,79.088,DVC-b1a54c1442,1,222.47,113.16,41,2501,FULL,2026-08-31
CUST001921,STUDENT,Hyderabad,TG,17.385,78.487,DVC-35806cb734,2,534.14,369.68,55,1591,MIN,2026-08-31
CUST001922,STUDENT,Kochi,KL,9.932,76.267,DVC-b2602937f0,1,311.77,172.21,48,878,FULL,2026-08-31
CUST001923,GIG_WORKER,Ahmedabad,GJ,23.023,72.571,DVC-0d47d2757a,1,890.39,519.07,57,111,FULL,2026-08-31
CUST001924,STUDENT,Bengaluru,KA,12.972,77.594,DVC-e0dbce2b2e,1,316.19,225.81,31,111,FULL,2026-08-31
CUST001925,SMALL_BUSINESS,Guwahati,AS,26.145,91.736,DVC-a15ecf4620,3,2773.78,1341.66,42,959,FULL,2026-08-31
CUST001926,SMALL_BUSINESS,Pune,MH,18.52,73.857,DVC-c49ed5399e,1,4493.11,2039.72,47,1595,FULL,2026-08-31
CUST001927,GIG_WORKER,Guwahati,AS,26.145,91.736,DVC-771eb91471,1,484.18,304.14,12,284,FULL,2026-08-31
CUST001928,SALARIED_URBAN,Pune,MH,18.52,73.857,DVC-52cfd5c81e,3,2381.7,1270.71,42,2856,FULL,2026-08-31
CUST001929,GIG_WORKER,Guwahati,AS,26.145,91.736,DVC-35f298fe67,2,985.78,651.14,42,2101,FULL,2026-08-31
CUST001930,SMALL_BUSINESS,Kolkata,WB,22.573,88.364,DVC-37b0e1fbd8,1,4559.59,2623.47,40,1591,FULL,2026-08-31
CUST001931,SALARIED_URBAN,Chennai,TN,13.083,80.27,DVC-30e1927861,2,2148.29,877.71,30,906,FULL,2026-08-31
CUST001932,AFFLUENT,Lucknow,UP,26.847,80.947,DVC-59d8a15669,1,11593.27,4809.27,40,1317,FULL,2026-08-31
CUST001933,SALARIED_URBAN,Jaipur,RJ,26.912,75.787,DVC-d57e036175,1,982.37,362.62,9,586,FULL,2026-08-31
CUST001934,GIG_WORKER,Nagpur,MH,21.146,79.088,DVC-4f79b85b18,1,677.63,394.87,37,2401,MIN,2026-08-31
CUST001935,SALARIED_URBAN,Lucknow,UP,26.847,80.947,DVC-a613547ed8,1,2588.11,983.88,29,2672,MIN,2026-08-31
CUST001936,SALARIED_URBAN,Lucknow,UP,26.847,80.947,DVC-f24edd48ac,3,1141.81,494.47,23,1443,FULL,2026-08-31
CUST001937,SALARIED_URBAN,Bengaluru,KA,12.972,77.594,DVC-5d613d50c5,1,1099.61,416.57,49,746,FULL,2026-08-31
CUST001938,SMALL_BUSINESS,Chandigarh,CH,30.734,76.779,DVC-9efd6c99a5,1,4189.46,2142.72,11,1984,FULL,2026-08-31
CUST001939,SMALL_BUSINESS,Jaipur,RJ,26.912,75.787,DVC-7c86e33307,1,6673.66,3198.9,46,1745,FULL,2026-08-31
CUST001940,SMALL_BUSINESS,Chennai,TN,13.083,80.27,DVC-ee517f6cad,3,6494.38,3171.52,52,2176,FULL,2026-08-31
CUST001941,SALARIED_URBAN,Indore,MP,22.72,75.858,DVC-b637e3b7b8,1,1337.0,648.95,20,2316,FULL,2026-08-31
CUST001942,SALARIED_URBAN,Delhi,DL,28.614,77.209,DVC-5157bc330b,1,1303.27,583.7,39,2507,FULL,2026-08-31
CUST001943,AFFLUENT,Jaipur,RJ,26.912,75.787,DVC-27803976ce,2,7431.18,2532.27,45,1238,FULL,2026-08-31
CUST001944,SALARIED_URBAN,Mumbai,MH,19.076,72.877,DVC-c652fb7305,1,1379.36,713.06,38,2085,FULL,2026-08-31
CUST001945,AFFLUENT,Chandigarh,CH,30.734,76.779,DVC-4025ffa4ac,2,5743.67,1969.82,27,1806,FULL,2026-08-31
CUST001946,SALARIED_URBAN,Kochi,KL,9.932,76.267,DVC-c9052d3f27,1,1934.66,1026.3,41,2587,FULL,2026-08-31
CUST001947,SALARIED_URBAN,Kochi,KL,9.932,76.267,DVC-8f76d7bc71,1,1971.57,947.59,42,2201,MIN,2026-08-31
CUST001948,SMALL_BUSINESS,Bengaluru,KA,12.972,77.594,DVC-3c6510b38a,2,3724.81,1967.3,46,2865,MIN,2026-08-31
CUST001949,GIG_WORKER,Pune,MH,18.52,73.857,DVC-230a05a0a3,2,529.66,333.73,32,812,FULL,2026-08-31
CUST001950,GIG_WORKER,Pune,MH,18.52,73.857,DVC-def1a13df8,1,731.06,326.5,36,2184,FULL,2026-08-31
CUST001951,AFFLUENT,Lucknow,UP,26.847,80.947,DVC-ca6237e286,2,8488.18,2360.32,33,2715,FULL,2026-08-31
CUST001952,GIG_WORKER,Delhi,DL,28.614,77.209,DVC-afaef9dfe1,1,372.69,219.46,40,1992,FULL,2026-08-31
CUST001953,AFFLUENT,Jaipur,RJ,26.912,75.787,DVC-f32af7ff03,3,14013.25,6243.92,34,1577,FULL,2026-08-31
CUST001954,SMALL_BUSINESS,Panaji,GA,15.491,73.828,DVC-4eaedbce49,1,2449.46,1362.81,34,1956,FULL,2026-08-31
CUST001955,STUDENT,Guwahati,AS,26.145,91.736,DVC-e0bd24b6cf,3,489.51,320.98,43,1762,FULL,2026-08-31
CUST001956,SALARIED_URBAN,Jaipur,RJ,26.912,75.787,DVC-469b37e67d,2,2512.75,1162.74,19,1389,FULL,2026-08-31
CUST001957,SALARIED_URBAN,Panaji,GA,15.491,73.828,DVC-621c7a439a,2,1435.84,763.33,36,818,FULL,2026-08-31
CUST001958,GIG_WORKER,Panaji,GA,15.491,73.828,DVC-da9241f1d9,2,684.67,323.51,50,736,FULL,2026-08-31
CUST001959,SMALL_BUSINESS,Jaipur,RJ,26.912,75.787,DVC-93864aa397,1,2973.17,1260.03,45,600,FULL,2026-08-31
CUST001960,SMALL_BUSINESS,Panaji,GA,15.491,73.828,DVC-3bd9092c1a,2,3769.04,2118.39,53,2637,FULL,2026-08-31
CUST001961,SALARIED_URBAN,Mumbai,MH,19.076,72.877,DVC-75748d1a2c,3,2575.12,899.46,43,129,FULL,2026-08-31
CUST001962,AFFLUENT,Panaji,GA,15.491,73.828,DVC-8f52252c3e,2,16049.92,4896.75,45,1790,FULL,2026-08-31
CUST001963,AFFLUENT,Hyderabad,TG,17.385,78.487,DVC-e1a117a15b,1,11765.69,5050.0,16,101,FULL,2026-08-31
CUST001964,SALARIED_URBAN,Hyderabad,TG,17.385,78.487,DVC-08c495b771,1,2458.14,938.89,50,812,MIN,2026-08-31
CUST001965,AFFLUENT,Hyderabad,TG,17.385,78.487,DVC-221ed06fda,1,5752.37,2576.06,59,1182,FULL,2026-08-31
CUST001966,SALARIED_URBAN,Guwahati,AS,26.145,91.736,DVC-34978782b6,1,1511.0,726.96,62,1166,FULL,2026-08-31
CUST001967,STUDENT,Panaji,GA,15.491,73.828,DVC-3e462b375a,3,216.99,101.27,41,1344,FULL,2026-08-31
CUST001968,STUDENT,Hyderabad,TG,17.385,78.487,DVC-07a17b6a7c,1,406.4,275.12,24,2150,FULL,2026-08-31
CUST001969,SALARIED_URBAN,Delhi,DL,28.614,77.209,DVC-4496695ccf,1,1693.76,815.57,30,767,FULL,2026-08-31
CUST001970,GIG_WORKER,Chandigarh,CH,30.734,76.779,DVC-0694223d15,3,519.74,329.58,40,2581,FULL,2026-08-31
CUST001971,SALARIED_URBAN,Indore,MP,22.72,75.858,DVC-d84cce1fb1,1,1260.82,575.66,38,579,FULL,2026-08-31
CUST001972,STUDENT,Mumbai,MH,19.076,72.877,DVC-6f3e152f97,1,191.62,137.66,41,2091,FULL,2026-08-31
CUST001973,SALARIED_URBAN,Hyderabad,TG,17.385,78.487,DVC-fa355cca9e,1,2186.47,804.56,16,994,FULL,2026-08-31
CUST001974,AFFLUENT,Hyderabad,TG,17.385,78.487,DVC-c01ffdd4bf,2,9787.74,2622.79,20,1962,FULL,2026-08-31
CUST001975,SALARIED_URBAN,Jaipur,RJ,26.912,75.787,DVC-66a1f8867f,1,1121.09,422.26,10,793,FULL,2026-08-31
CUST001976,AFFLUENT,Jaipur,RJ,26.912,75.787,DVC-505fd12ceb,1,15611.6,4438.06,26,510,FULL,2026-08-31
CUST001977,SALARIED_URBAN,Chennai,TN,13.083,80.27,DVC-214a945ab6,1,1644.76,565.48,49,1034,FULL,2026-08-31
CUST001978,SMALL_BUSINESS,Delhi,DL,28.614,77.209,DVC-eb75f3e6cd,3,5878.91,3442.02,50,1935,FULL,2026-08-31
CUST001979,STUDENT,Nagpur,MH,21.146,79.088,DVC-0889926e03,2,184.88,109.0,9,1322,FULL,2026-08-31
CUST001980,SALARIED_URBAN,Guwahati,AS,26.145,91.736,DVC-0d07eea1e6,1,2475.18,1216.29,26,903,FULL,2026-08-31
CUST001981,GIG_WORKER,Mumbai,MH,19.076,72.877,DVC-80a7dcac43,1,1073.17,628.23,31,283,FULL,2026-08-31
CUST001982,GIG_WORKER,Chandigarh,CH,30.734,76.779,DVC-3cec27da6d,1,718.79,346.07,46,2385,FULL,2026-08-31
CUST001983,SALARIED_URBAN,Nagpur,MH,21.146,79.088,DVC-be1a32d432,2,1796.73,751.94,8,1060,FULL,2026-08-31
CUST001984,SALARIED_URBAN,Bengaluru,KA,12.972,77.594,DVC-bc9fb8c199,3,1381.44,692.0,45,69,FULL,2026-08-31
CUST001985,SALARIED_URBAN,Ahmedabad,GJ,23.023,72.571,DVC-00863eeda3,1,1995.0,789.89,39,885,FULL,2026-08-31
CUST001986,SALARIED_URBAN,Panaji,GA,15.491,73.828,DVC-4e3731298f,1,1514.36,719.38,40,1767,FULL,2026-08-31
CUST001987,SALARIED_URBAN,Ahmedabad,GJ,23.023,72.571,DVC-fb661a9795,2,1836.39,845.44,33,1878,FULL,2026-08-31
CUST001988,STUDENT,Jaipur,RJ,26.912,75.787,DVC-97fda18aa6,2,373.26,269.5,40,1445,FULL,2026-08-31
CUST001989,SMALL_BUSINESS,Guwahati,AS,26.145,91.736,DVC-07c591f108,2,6433.22,2618.42,43,550,FULL,2026-08-31
CUST001990,GIG_WORKER,Panaji,GA,15.491,73.828,DVC-f7921639c6,1,885.58,493.26,40,1377,FULL,2026-08-31
CUST001991,SMALL_BUSINESS,Mumbai,MH,19.076,72.877,DVC-f6c0c4da34,1,4425.64,2104.95,39,498,FULL,2026-08-31
CUST001992,SMALL_BUSINESS,Pune,MH,18.52,73.857,DVC-cde62b3ef3,1,6852.79,3881.88,60,1291,FULL,2026-08-31
CUST001993,STUDENT,Kochi,KL,9.932,76.267,DVC-7a5a152d0a,1,510.63,356.65,36,1928,FULL,2026-08-31
CUST001994,SALARIED_URBAN,Chandigarh,CH,30.734,76.779,DVC-3df11bf56f,2,1172.7,484.87,44,1994,FULL,2026-08-31
CUST001995,GIG_WORKER,Nagpur,MH,21.146,79.088,DVC-88a57188ce,2,415.35,246.12,67,1220,FULL,2026-08-31
CUST001996,STUDENT,Jaipur,RJ,26.912,75.787,DVC-56fb0c3293,1,502.16,278.67,31,1131,FULL,2026-08-31
CUST001997,SALARIED_URBAN,Kolkata,WB,22.573,88.364,DVC-ac6764afcd,1,2318.34,1093.22,47,2385,FULL,2026-08-31
CUST001998,STUDENT,Bengaluru,KA,12.972,77.594,DVC-dc2051f465,1,300.72,135.56,44,2671,MIN,2026-08-31
CUST001999,STUDENT,Chandigarh,CH,30.734,76.779,DVC-c7e64e1cef,1,606.67,355.28,27,2453,FULL,2026-08-31
CUST002000,SALARIED_URBAN,Chandigarh,CH,30.734,76.779,DVC-1c945bd566,2,2242.79,944.22,42,96,FULL,2026-08-31
CUST002001,GIG_WORKER,Pune,MH,18.52,73.857,DVC-5878d38a82,1,788.4,531.2,44,397,FULL,2026-08-31
CUST002002,STUDENT,Bengaluru,KA,12.972,77.594,DVC-fffadf42b3,1,319.2,171.27,11,1300,FULL,2026-08-31
CUST002003,GIG_WORKER,Delhi,DL,28.614,77.209,DVC-d97e8a3dc0,1,943.33,648.8,21,1967,FULL,2026-08-31
CUST002004,SALARIED_URBAN,Ahmedabad,GJ,23.023,72.571,DVC-06a79de378,1,1002.45,466.25,33,2566,FULL,2026-08-31
CUST002005,SALARIED_URBAN,Guwahati,AS,26.145,91.736,DVC-7e97f08125,1,1472.84,742.14,28,158,FULL,2026-08-31
CUST002006,AFFLUENT,Kochi,KL,9.932,76.267,DVC-0485847b65,2,6412.95,2016.76,36,2039,FULL,2026-08-31
CUST002007,GIG_WORKER,Ahmedabad,GJ,23.023,72.571,DVC-30f0e292dc,1,463.09,280.82,35,1119,FULL,2026-08-31
CUST002008,AFFLUENT,Nagpur,MH,21.146,79.088,DVC-188e00365f,3,14753.57,4473.16,55,1948,MIN,2026-08-31
CUST002009,SALARIED_URBAN,Nagpur,MH,21.146,79.088,DVC-055ed93119,2,2165.12,963.14,63,888,FULL,2026-08-31
CUST002010,SMALL_BUSINESS,Chennai,TN,13.083,80.27,DVC-b77704dbb3,2,7344.66,4078.24,43,536,FULL,2026-08-31
CUST002011,GIG_WORKER,Kolkata,WB,22.573,88.364,DVC-68a4ebcd27,2,674.04,434.04,33,1657,MIN,2026-08-31
CUST002012,SMALL_BUSINESS,Pune,MH,18.52,73.857,DVC-662895d360,3,3747.72,2118.13,34,1370,FULL,2026-08-31
CUST002013,GIG_WORKER,Panaji,GA,15.491,73.828,DVC-b8ba45e0d9,2,883.95,454.42,36,2510,FULL,2026-08-31
CUST002014,STUDENT,Guwahati,AS,26.145,91.736,DVC-108fcd1317,1,643.9,355.17,50,2815,FULL,2026-08-31
CUST002015,SALARIED_URBAN,Pune,MH,18.52,73.857,DVC-5eae6f503f,3,2120.43,985.77,50,1907,FULL,2026-08-31
CUST002016,GIG_WORKER,Pune,MH,18.52,73.857,DVC-b82d028553,1,1017.14,711.32,23,999,MIN,2026-08-31
CUST002017,SALARIED_URBAN,Bengaluru,KA,12.972,77.594,DVC-9d072609da,1,1282.09,442.15,24,226,FULL,2026-08-31
CUST002018,SALARIED_URBAN,Kochi,KL,9.932,76.267,DVC-b14a231238,1,1317.8,615.23,53,335,MIN,2026-08-31
CUST002019,SALARIED_URBAN,Pune,MH,18.52,73.857,DVC-cca0537b48,2,2244.17,1086.62,36,1905,FULL,2026-08-31
CUST002020,SALARIED_URBAN,Jaipur,RJ,26.912,75.787,DVC-fc8ecaf42f,1,1162.86,533.63,38,1513,FULL,2026-08-31
CUST002021,GIG_WORKER,Lucknow,UP,26.847,80.947,DVC-52d5130f54,1,1041.11,582.32,15,828,FULL,2026-08-31
CUST002022,SALARIED_URBAN,Indore,MP,22.72,75.858,DVC-77a773c0bc,2,1342.38,476.24,38,2563,FULL,2026-08-31
CUST002023,GIG_WORKER,Panaji,GA,15.491,73.828,DVC-07c364b85c,2,352.99,189.62,38,2628,FULL,2026-08-31
CUST002024,STUDENT,Delhi,DL,28.614,77.209,DVC-f3079e3fc5,2,512.98,282.83,13,2793,FULL,2026-08-31
CUST002025,SMALL_BUSINESS,Panaji,GA,15.491,73.828,DVC-47d13a39b5,3,7489.44,4034.8,40,2607,FULL,2026-08-31
CUST002026,SALARIED_URBAN,Chandigarh,CH,30.734,76.779,DVC-41847c011a,2,1387.58,530.37,53,1508,FULL,2026-08-31
CUST002027,SMALL_BUSINESS,Nagpur,MH,21.146,79.088,DVC-cdc20b8bde,2,2662.27,1046.38,38,599,FULL,2026-08-31
CUST002028,SALARIED_URBAN,Pune,MH,18.52,73.857,DVC-403f60ba9e,2,1785.83,808.2,72,1639,FULL,2026-08-31
CUST002029,SMALL_BUSINESS,Nagpur,MH,21.146,79.088,DVC-70b8b16481,1,7100.05,2524.39,42,287,MIN,2026-08-31
CUST002030,AFFLUENT,Chandigarh,CH,30.734,76.779,DVC-3f27c94545,1,11154.24,3982.76,35,987,FULL,2026-08-31
CUST002031,SMALL_BUSINESS,Kochi,KL,9.932,76.267,DVC-55ff023371,1,3991.69,1417.58,38,863,FULL,2026-08-31
CUST002032,SALARIED_URBAN,Indore,MP,22.72,75.858,DVC-3a3410aff2,2,2421.19,1018.8,39,900,FULL,2026-08-31
CUST002033,SMALL_BUSINESS,Ahmedabad,GJ,23.023,72.571,DVC-867dd82dc1,2,2380.26,1120.06,52,2068,FULL,2026-08-31
CUST002034,SALARIED_URBAN,Lucknow,UP,26.847,80.947,DVC-b16f53dfdb,3,1153.39,517.15,13,465,FULL,2026-08-31
CUST002035,STUDENT,Nagpur,MH,21.146,79.088,DVC-c49ac33599,1,605.84,410.87,26,2031,FULL,2026-08-31
CUST002036,AFFLUENT,Ahmedabad,GJ,23.023,72.571,DVC-6602930bac,3,9072.09,2900.08,44,343,FULL,2026-08-31
CUST002037,AFFLUENT,Kolkata,WB,22.573,88.364,DVC-7d71525537,2,6462.06,2291.96,22,1320,FULL,2026-08-31
CUST002038,STUDENT,Lucknow,UP,26.847,80.947,DVC-9f4ee0680d,2,509.54,271.95,35,784,FULL,2026-08-31
CUST002039,GIG_WORKER,Indore,MP,22.72,75.858,DVC-4f697e0692,2,829.02,411.73,25,1426,FULL,2026-08-31
CUST002040,SALARIED_URBAN,Lucknow,UP,26.847,80.947,DVC-b525616cee,1,1486.22,743.7,44,1273,FULL,2026-08-31
CUST002041,AFFLUENT,Indore,MP,22.72,75.858,DVC-850c94317a,1,11735.67,4689.61,16,164,FULL,2026-08-31
CUST002042,STUDENT,Guwahati,AS,26.145,91.736,DVC-e6abc8abf3,1,182.96,91.57,41,1672,FULL,2026-08-31
CUST002043,SALARIED_URBAN,Delhi,DL,28.614,77.209,DVC-72b06b3d18,3,1910.1,629.18,48,2893,FULL,2026-08-31
CUST002044,SALARIED_URBAN,Lucknow,UP,26.847,80.947,DVC-a243bf507a,2,1434.03,763.68,33,1388,FULL,2026-08-31
CUST002045,SMALL_BUSINESS,Indore,MP,22.72,75.858,DVC-a40790e01b,2,6881.23,3921.78,50,2256,FULL,2026-08-31
CUST002046,SALARIED_URBAN,Bengaluru,KA,12.972,77.594,DVC-a18b77e5c0,1,1866.57,704.76,34,2810,FULL,2026-08-31
CUST002047,SMALL_BUSINESS,Ahmedabad,GJ,23.023,72.571,DVC-a5aed62424,1,5328.97,2997.49,23,2880,FULL,2026-08-31
CUST002048,SALARIED_URBAN,Ahmedabad,GJ,23.023,72.571,DVC-72810b2f36,2,1142.8,572.79,47,1319,FULL,2026-08-31
CUST002049,GIG_WORKER,Panaji,GA,15.491,73.828,DVC-c9edc90d21,3,671.54,314.63,47,536,FULL,2026-08-31
CUST002050,GIG_WORKER,Bengaluru,KA,12.972,77.594,DVC-f1ab6d4bf0,1,919.07,474.05,27,751,FULL,2026-08-31
CUST002051,SMALL_BUSINESS,Mumbai,MH,19.076,72.877,DVC-7158734360,3,6758.42,4034.7,34,2886,FULL,2026-08-31
CUST002052,SALARIED_URBAN,Delhi,DL,28.614,77.209,DVC-3b72066a2b,2,2464.92,882.84,44,2202,FULL,2026-08-31
CUST002053,GIG_WORKER,Kochi,KL,9.932,76.267,DVC-8cae8dcf5e,1,467.97,203.2,10,909,FULL,2026-08-31
CUST002054,SALARIED_URBAN,Jaipur,RJ,26.912,75.787,DVC-81d078de75,1,1093.53,589.99,49,1905,FULL,2026-08-31
CUST002055,SALARIED_URBAN,Nagpur,MH,21.146,79.088,DVC-9f7bec61d4,2,2139.44,1016.49,52,2361,FULL,2026-08-31
CUST002056,GIG_WORKER,Kolkata,WB,22.573,88.364,DVC-d45340914b,3,1028.51,715.2,54,752,MIN,2026-08-31
CUST002057,STUDENT,Chandigarh,CH,30.734,76.779,DVC-e050defd97,3,344.67,180.41,43,2845,FULL,2026-08-31
CUST002058,GIG_WORKER,Indore,MP,22.72,75.858,DVC-51815f932c,1,563.98,361.62,52,2046,FULL,2026-08-31
CUST002059,SALARIED_URBAN,Guwahati,AS,26.145,91.736,DVC-76a1c38740,2,1453.53,556.27,48,2772,FULL,2026-08-31
CUST002060,GIG_WORKER,Panaji,GA,15.491,73.828,DVC-12b105ff20,2,763.96,355.7,49,1768,MIN,2026-08-31
CUST002061,STUDENT,Hyderabad,TG,17.385,78.487,DVC-6646407ae5,1,647.01,299.54,28,959,FULL,2026-08-31
CUST002062,STUDENT,Guwahati,AS,26.145,91.736,DVC-f419e62a27,1,560.37,274.03,51,2555,FULL,2026-08-31
CUST002063,STUDENT,Ahmedabad,GJ,23.023,72.571,DVC-26042521af,3,191.62,92.65,37,2232,FULL,2026-08-31
CUST002064,SALARIED_URBAN,Kochi,KL,9.932,76.267,DVC-af9a6dd140,1,1452.15,772.4,12,1960,FULL,2026-08-31
CUST002065,SMALL_BUSINESS,Nagpur,MH,21.146,79.088,DVC-a7d8a5ff10,1,4918.8,2831.36,42,2706,FULL,2026-08-31
CUST002066,STUDENT,Jaipur,RJ,26.912,75.787,DVC-fe5457a4d7,1,482.63,301.99,29,2887,FULL,2026-08-31
CUST002067,SALARIED_URBAN,Indore,MP,22.72,75.858,DVC-867316e474,1,2475.69,849.42,8,1297,MIN,2026-08-31
CUST002068,GIG_WORKER,Hyderabad,TG,17.385,78.487,DVC-6010df8ac1,1,492.77,331.56,38,1339,FULL,2026-08-31
CUST002069,SALARIED_URBAN,Pune,MH,18.52,73.857,DVC-0878228c2f,1,1498.43,620.13,51,1645,FULL,2026-08-31
CUST002070,SALARIED_URBAN,Jaipur,RJ,26.912,75.787,DVC-33aca058b8,3,1398.86,420.79,32,1096,MIN,2026-08-31
CUST002071,GIG_WORKER,Mumbai,MH,19.076,72.877,DVC-a2b2f90808,1,1061.76,443.29,38,1546,FULL,2026-08-31
CUST002072,AFFLUENT,Panaji,GA,15.491,73.828,DVC-d3bdba65c1,2,15167.84,6059.93,59,2736,FULL,2026-08-31
CUST002073,GIG_WORKER,Jaipur,RJ,26.912,75.787,DVC-19fdba0d17,3,525.6,354.33,52,2454,FULL,2026-08-31
CUST002074,GIG_WORKER,Kolkata,WB,22.573,88.364,DVC-3914cf920e,2,523.77,313.14,41,669,MIN,2026-08-31
CUST002075,GIG_WORKER,Guwahati,AS,26.145,91.736,DVC-87986264d1,2,679.81,335.27,40,1090,FULL,2026-08-31
CUST002076,SMALL_BUSINESS,Lucknow,UP,26.847,80.947,DVC-232cbc3332,1,6798.53,3114.35,52,191,FULL,2026-08-31
CUST002077,STUDENT,Kochi,KL,9.932,76.267,DVC-24e9808881,2,550.38,358.45,35,2244,MIN,2026-08-31
CUST002078,GIG_WORKER,Chandigarh,CH,30.734,76.779,DVC-50d6715c82,3,1066.65,505.96,35,961,FULL,2026-08-31
CUST002079,SMALL_BUSINESS,Kochi,KL,9.932,76.267,DVC-950b822150,2,4541.29,2169.91,54,177,FULL,2026-08-31
CUST002080,SALARIED_URBAN,Delhi,DL,28.614,77.209,DVC-5a21d7b53c,2,2222.93,815.86,66,488,FULL,2026-08-31
CUST002081,SMALL_BUSINESS,Panaji,GA,15.491,73.828,DVC-223642b8b2,3,5640.4,2476.11,55,1401,FULL,2026-08-31
CUST002082,GIG_WORKER,Panaji,GA,15.491,73.828,DVC-6e16fc7c4c,3,469.6,233.85,44,1638,FULL,2026-08-31
CUST002083,SALARIED_URBAN,Hyderabad,TG,17.385,78.487,DVC-5ee07356a7,1,1024.77,340.31,24,820,FULL,2026-08-31
CUST002084,STUDENT,Lucknow,UP,26.847,80.947,DVC-e5e6664089,1,587.77,358.14,54,1185,FULL,2026-08-31
CUST002085,SALARIED_URBAN,Chennai,TN,13.083,80.27,DVC-420362a13a,1,1797.43,632.12,42,2528,FULL,2026-08-31
CUST002086,GIG_WORKER,Nagpur,MH,21.146,79.088,DVC-f5b1c6f11c,1,807.47,369.98,26,694,FULL,2026-08-31
CUST002087,SALARIED_URBAN,Ahmedabad,GJ,23.023,72.571,DVC-0e94371197,1,1547.44,484.2,28,51,FULL,2026-08-31
CUST002088,SALARIED_URBAN,Mumbai,MH,19.076,72.877,DVC-b84b80e634,1,2094.88,1119.59,35,2070,FULL,2026-08-31
CUST002089,SMALL_BUSINESS,Pune,MH,18.52,73.857,DVC-dcb692bd55,2,5258.56,2424.87,36,963,FULL,2026-08-31
CUST002090,SALARIED_URBAN,Hyderabad,TG,17.385,78.487,DVC-18c4e6d7f2,1,2361.61,982.56,42,396,FULL,2026-08-31
CUST002091,AFFLUENT,Indore,MP,22.72,75.858,DVC-da242a9713,1,16798.7,7542.66,33,2132,FULL,2026-08-31
CUST002092,GIG_WORKER,Lucknow,UP,26.847,80.947,DVC-fffa1c7015,3,1089.25,563.86,40,379,FULL,2026-08-31
CUST002093,STUDENT,Lucknow,UP,26.847,80.947,DVC-d850f700a5,1,306.78,229.15,34,1435,FULL,2026-08-31
CUST002094,STUDENT,Nagpur,MH,21.146,79.088,DVC-68c57e1a57,2,322.81,148.25,45,1716,FULL,2026-08-31
CUST002095,SMALL_BUSINESS,Pune,MH,18.52,73.857,DVC-f97350a6ce,1,3768.19,1514.43,24,2688,FULL,2026-08-31
CUST002096,GIG_WORKER,Hyderabad,TG,17.385,78.487,DVC-5b8fa059ad,2,419.41,290.3,37,1097,FULL,2026-08-31
CUST002097,STUDENT,Panaji,GA,15.491,73.828,DVC-9cb33ab3d6,2,451.92,324.49,39,479,FULL,2026-08-31
CUST002098,AFFLUENT,Panaji,GA,15.491,73.828,DVC-936567ac0a,1,13881.03,3864.06,24,1201,FULL,2026-08-31
CUST002099,STUDENT,Guwahati,AS,26.145,91.736,DVC-770b11bd45,2,460.6,289.42,40,2850,FULL,2026-08-31
CUST002100,SMALL_BUSINESS,Guwahati,AS,26.145,91.736,DVC-ae73899807,1,3124.75,1800.41,19,1541,FULL,2026-08-31
CUST002101,GIG_WORKER,Guwahati,AS,26.145,91.736,DVC-1affac0e64,1,410.11,174.66,52,1462,FULL,2026-08-31
CUST002102,SALARIED_URBAN,Guwahati,AS,26.145,91.736,DVC-d4df1b536d,1,1048.02,367.11,36,1706,FULL,2026-08-31
CUST002103,SMALL_BUSINESS,Panaji,GA,15.491,73.828,DVC-4e0291d0b5,1,5224.24,3021.82,18,48,FULL,2026-08-31
CUST002104,SALARIED_URBAN,Mumbai,MH,19.076,72.877,DVC-0d33bf59bf,1,1463.17,696.2,41,262,FULL,2026-08-31
CUST002105,SALARIED_URBAN,Panaji,GA,15.491,73.828,DVC-692470c7a1,1,1308.05,702.02,28,2553,FULL,2026-08-31
CUST002106,SALARIED_URBAN,Delhi,DL,28.614,77.209,DVC-d54b609674,1,2118.1,1134.76,46,2563,FULL,2026-08-31
CUST002107,AFFLUENT,Delhi,DL,28.614,77.209,DVC-b48840d222,1,6361.55,2464.98,49,2353,FULL,2026-08-31
CUST002108,SALARIED_URBAN,Bengaluru,KA,12.972,77.594,DVC-d2c1c7a5a5,2,1382.7,641.63,49,211,FULL,2026-08-31
CUST002109,SALARIED_URBAN,Kochi,KL,9.932,76.267,DVC-6f1b06d76f,1,1082.73,351.84,4,787,FULL,2026-08-31
CUST002110,SALARIED_URBAN,Ahmedabad,GJ,23.023,72.571,DVC-6e4cb67752,1,2266.85,803.46,51,186,FULL,2026-08-31
CUST002111,GIG_WORKER,Guwahati,AS,26.145,91.736,DVC-6f053ba4b5,1,812.41,340.83,39,928,FULL,2026-08-31
CUST002112,SMALL_BUSINESS,Guwahati,AS,26.145,91.736,DVC-a4ab1079df,1,6608.26,3374.1,36,819,FULL,2026-08-31
CUST002113,SALARIED_URBAN,Bengaluru,KA,12.972,77.594,DVC-0a1a397f3f,1,1466.71,468.33,5,1217,FULL,2026-08-31
CUST002114,SALARIED_URBAN,Chennai,TN,13.083,80.27,DVC-0602ae3d54,3,2024.83,1068.07,28,1267,FULL,2026-08-31
CUST002115,SALARIED_URBAN,Bengaluru,KA,12.972,77.594,DVC-e761856967,2,2200.52,928.91,34,1914,FULL,2026-08-31
CUST002116,AFFLUENT,Delhi,DL,28.614,77.209,DVC-77a77237ca,2,16197.46,4571.0,45,612,FULL,2026-08-31
CUST002117,AFFLUENT,Delhi,DL,28.614,77.209,DVC-eb0fb4ef46,2,7958.59,3221.26,30,283,FULL,2026-08-31
CUST002118,GIG_WORKER,Chandigarh,CH,30.734,76.779,DVC-50f57f6ca3,2,1023.6,562.07,4,149,MIN,2026-08-31
CUST002119,GIG_WORKER,Kolkata,WB,22.573,88.364,DVC-491b865f92,2,1070.1,687.55,20,2177,FULL,2026-08-31
CUST002120,GIG_WORKER,Bengaluru,KA,12.972,77.594,DVC-76e0dbd3a8,1,597.83,317.99,64,847,FULL,2026-08-31
CUST002121,SALARIED_URBAN,Indore,MP,22.72,75.858,DVC-c5c796b161,2,2407.63,1185.97,48,1114,FULL,2026-08-31
CUST002122,STUDENT,Chandigarh,CH,30.734,76.779,DVC-6d43f3fc33,2,499.59,296.19,16,2411,FULL,2026-08-31
CUST002123,GIG_WORKER,Pune,MH,18.52,73.857,DVC-809ada7c81,2,1075.64,540.22,28,1096,FULL,2026-08-31
CUST002124,GIG_WORKER,Jaipur,RJ,26.912,75.787,DVC-07e16f6547,3,928.78,520.52,47,2739,FULL,2026-08-31
CUST002125,GIG_WORKER,Ahmedabad,GJ,23.023,72.571,DVC-deff63b915,1,749.68,352.92,42,1192,FULL,2026-08-31
CUST002126,STUDENT,Nagpur,MH,21.146,79.088,DVC-dc39c620ae,1,382.86,201.6,48,2351,FULL,2026-08-31
CUST002127,SALARIED_URBAN,Mumbai,MH,19.076,72.877,DVC-41872998e9,2,2580.43,1357.65,29,738,FULL,2026-08-31
CUST002128,AFFLUENT,Kochi,KL,9.932,76.267,DVC-0d8a7fbb8b,2,15579.87,5480.49,34,1506,FULL,2026-08-31
CUST002129,SMALL_BUSINESS,Pune,MH,18.52,73.857,DVC-9e98992d51,1,4937.08,1819.43,54,1509,FULL,2026-08-31
CUST002130,AFFLUENT,Delhi,DL,28.614,77.209,DVC-9592a490f8,1,10881.87,4058.14,41,826,FULL,2026-08-31
CUST002131,SALARIED_URBAN,Panaji,GA,15.491,73.828,DVC-0aabbbd10b,2,1321.8,561.67,32,2700,FULL,2026-08-31
CUST002132,SMALL_BUSINESS,Kolkata,WB,22.573,88.364,DVC-2389149918,2,6533.83,2315.32,44,1789,FULL,2026-08-31
CUST002133,STUDENT,Chandigarh,CH,30.734,76.779,DVC-f8295dce12,1,448.97,222.15,55,563,FULL,2026-08-31
CUST002134,SALARIED_URBAN,Bengaluru,KA,12.972,77.594,DVC-cfce3786c7,1,2569.92,1239.79,72,621,FULL,2026-08-31
CUST002135,STUDENT,Panaji,GA,15.491,73.828,DVC-4702da18f9,1,649.74,329.48,20,2694,FULL,2026-08-31
CUST002136,SMALL_BUSINESS,Indore,MP,22.72,75.858,DVC-581cd72a4b,2,3485.58,2079.72,70,596,FULL,2026-08-31
CUST002137,GIG_WORKER,Chandigarh,CH,30.734,76.779,DVC-a969ad7f51,2,852.69,450.94,53,2315,FULL,2026-08-31
CUST002138,GIG_WORKER,Jaipur,RJ,26.912,75.787,DVC-fd51afce91,2,782.22,539.59,28,700,FULL,2026-08-31
CUST002139,GIG_WORKER,Indore,MP,22.72,75.858,DVC-c0e4b6cf7a,1,617.98,331.16,36,2413,FULL,2026-08-31
CUST002140,SMALL_BUSINESS,Pune,MH,18.52,73.857,DVC-aeb00047af,1,2333.06,1286.39,34,778,FULL,2026-08-31
CUST002141,SMALL_BUSINESS,Kochi,KL,9.932,76.267,DVC-0890eafe56,3,4181.98,1929.92,57,2843,FULL,2026-08-31
CUST002142,SALARIED_URBAN,Jaipur,RJ,26.912,75.787,DVC-647a177c2b,1,1032.07,525.12,45,446,FULL,2026-08-31
CUST002143,SALARIED_URBAN,Bengaluru,KA,12.972,77.594,DVC-a855cabf2d,1,1211.66,519.49,56,1271,FULL,2026-08-31
CUST002144,STUDENT,Hyderabad,TG,17.385,78.487,DVC-d3654a6974,3,303.83,172.47,57,1155,FULL,2026-08-31
CUST002145,SALARIED_URBAN,Hyderabad,TG,17.385,78.487,DVC-edc566169d,2,2425.21,978.14,45,46,FULL,2026-08-31
CUST002146,STUDENT,Panaji,GA,15.491,73.828,DVC-aa2e8291bf,2,399.56,277.36,9,1494,FULL,2026-08-31
CUST002147,SALARIED_URBAN,Chennai,TN,13.083,80.27,DVC-59e2542792,1,1362.41,492.91,44,2810,FULL,2026-08-31
CUST002148,AFFLUENT,Panaji,GA,15.491,73.828,DVC-4199d3f5cf,2,10470.89,3628.66,42,1704,MIN,2026-08-31
CUST002149,SALARIED_URBAN,Nagpur,MH,21.146,79.088,DVC-d029682266,3,1735.36,745.92,41,629,FULL,2026-08-31
CUST002150,STUDENT,Indore,MP,22.72,75.858,DVC-f37d31146c,2,518.86,236.16,40,1513,FULL,2026-08-31
CUST002151,GIG_WORKER,Hyderabad,TG,17.385,78.487,DVC-87ccc812cd,2,943.29,490.29,52,1161,FULL,2026-08-31
CUST002152,AFFLUENT,Indore,MP,22.72,75.858,DVC-a1b71a2648,2,6612.64,2794.12,42,633,FULL,2026-08-31
CUST002153,SMALL_BUSINESS,Hyderabad,TG,17.385,78.487,DVC-388dfa2f25,1,7201.68,2827.95,42,1140,FULL,2026-08-31
CUST002154,SALARIED_URBAN,Kochi,KL,9.932,76.267,DVC-bcf22c1073,1,2152.91,987.09,25,1992,FULL,2026-08-31
CUST002155,GIG_WORKER,Indore,MP,22.72,75.858,DVC-30f40338a5,1,423.8,262.5,33,2405,FULL,2026-08-31
CUST002156,STUDENT,Chandigarh,CH,30.734,76.779,DVC-1578a6e23d,1,227.98,108.82,9,2453,FULL,2026-08-31
CUST002157,STUDENT,Panaji,GA,15.491,73.828,DVC-eca746bd9a,2,644.12,480.35,37,1704,MIN,2026-08-31
CUST002158,SMALL_BUSINESS,Chennai,TN,13.083,80.27,DVC-1fb8f7d064,1,5222.7,2005.46,18,2424,FULL,2026-08-31
CUST002159,SMALL_BUSINESS,Panaji,GA,15.491,73.828,DVC-5807d1d8a4,2,3567.6,1496.05,21,1786,FULL,2026-08-31
CUST002160,STUDENT,Ahmedabad,GJ,23.023,72.571,DVC-7bdccfed8f,3,288.81,196.1,15,1434,FULL,2026-08-31
CUST002161,GIG_WORKER,Chennai,TN,13.083,80.27,DVC-82369e3df1,2,983.86,537.26,22,416,FULL,2026-08-31
CUST002162,SMALL_BUSINESS,Chennai,TN,13.083,80.27,DVC-bb73ca164c,2,6414.24,2895.15,35,2798,FULL,2026-08-31
CUST002163,SALARIED_URBAN,Ahmedabad,GJ,23.023,72.571,DVC-dda890bc4e,2,2419.06,788.73,43,2638,FULL,2026-08-31
CUST002164,SALARIED_URBAN,Ahmedabad,GJ,23.023,72.571,DVC-06a8cb1843,3,982.16,521.74,27,839,FULL,2026-08-31
CUST002165,STUDENT,Mumbai,MH,19.076,72.877,DVC-7e6e60be5e,2,238.52,132.56,53,546,FULL,2026-08-31
CUST002166,SMALL_BUSINESS,Kochi,KL,9.932,76.267,DVC-fa37f99011,1,3804.93,2027.92,40,2880,FULL,2026-08-31
CUST002167,AFFLUENT,Lucknow,UP,26.847,80.947,DVC-b3d2ab5143,1,8898.09,2453.75,41,223,FULL,2026-08-31
CUST002168,SALARIED_URBAN,Chennai,TN,13.083,80.27,DVC-6546c73e25,1,2226.13,804.15,11,154,MIN,2026-08-31
CUST002169,GIG_WORKER,Bengaluru,KA,12.972,77.594,DVC-b6175f96a7,2,448.55,269.56,37,2654,FULL,2026-08-31
CUST002170,SMALL_BUSINESS,Jaipur,RJ,26.912,75.787,DVC-5c2bf3ef45,3,2782.6,1349.66,12,956,FULL,2026-08-31
CUST002171,STUDENT,Indore,MP,22.72,75.858,DVC-73cea036c1,2,199.68,91.46,61,1221,FULL,2026-08-31
CUST002172,STUDENT,Kolkata,WB,22.573,88.364,DVC-481016c755,3,362.97,215.28,39,575,FULL,2026-08-31
CUST002173,SALARIED_URBAN,Mumbai,MH,19.076,72.877,DVC-40c1a133b8,2,2496.37,966.53,22,2556,FULL,2026-08-31
CUST002174,STUDENT,Hyderabad,TG,17.385,78.487,DVC-7edef10617,2,499.65,327.47,37,2568,FULL,2026-08-31
CUST002175,SALARIED_URBAN,Hyderabad,TG,17.385,78.487,DVC-abc7131fbf,2,2494.43,1281.32,38,2349,FULL,2026-08-31
CUST002176,GIG_WORKER,Ahmedabad,GJ,23.023,72.571,DVC-979f1273de,1,554.08,293.11,56,2100,FULL,2026-08-31
CUST002177,SALARIED_URBAN,Ahmedabad,GJ,23.023,72.571,DVC-4b6a09e087,2,2165.94,677.07,52,2604,FULL,2026-08-31
CUST002178,SALARIED_URBAN,Jaipur,RJ,26.912,75.787,DVC-27514625b9,1,1082.16,508.83,57,2547,FULL,2026-08-31
CUST002179,AFFLUENT,Chandigarh,CH,30.734,76.779,DVC-2492be9b23,2,14578.43,4295.26,6,2856,MIN,2026-08-31
CUST002180,AFFLUENT,Nagpur,MH,21.146,79.088,DVC-0bc888561f,2,6244.72,2463.55,49,1630,FULL,2026-08-31
CUST002181,GIG_WORKER,Lucknow,UP,26.847,80.947,DVC-6e77241560,2,601.2,339.18,36,743,FULL,2026-08-31
CUST002182,SALARIED_URBAN,Kochi,KL,9.932,76.267,DVC-dce82f4cc7,2,1180.07,509.59,49,582,FULL,2026-08-31
CUST002183,STUDENT,Chandigarh,CH,30.734,76.779,DVC-3b740a1fb1,2,303.59,137.53,29,752,FULL,2026-08-31
CUST002184,STUDENT,Kochi,KL,9.932,76.267,DVC-d33ce04c4f,2,618.73,456.19,36,1429,FULL,2026-08-31
CUST002185,SMALL_BUSINESS,Pune,MH,18.52,73.857,DVC-6641d295f7,1,2951.26,1461.67,59,1094,FULL,2026-08-31
CUST002186,GIG_WORKER,Guwahati,AS,26.145,91.736,DVC-35f17892d2,2,1013.52,582.58,65,97,FULL,2026-08-31
CUST002187,AFFLUENT,Kochi,KL,9.932,76.267,DVC-e63ebca646,1,7144.51,2114.2,27,322,FULL,2026-08-31
CUST002188,GIG_WORKER,Panaji,GA,15.491,73.828,DVC-e53c2c3da7,3,577.45,294.54,33,1510,MIN,2026-08-31
CUST002189,SMALL_BUSINESS,Jaipur,RJ,26.912,75.787,DVC-32b54ca6c5,1,3132.58,1643.54,25,2007,FULL,2026-08-31
CUST002190,GIG_WORKER,Kolkata,WB,22.573,88.364,DVC-f5a723d0be,2,1054.28,686.2,31,2889,FULL,2026-08-31
CUST002191,SMALL_BUSINESS,Nagpur,MH,21.146,79.088,DVC-c2cd4c0aa9,1,6190.96,3382.52,40,281,FULL,2026-08-31
CUST002192,SMALL_BUSINESS,Ahmedabad,GJ,23.023,72.571,DVC-59442607e8,1,5669.21,2142.67,48,909,FULL,2026-08-31
CUST002193,AFFLUENT,Chandigarh,CH,30.734,76.779,DVC-0fe5edcd6a,3,14119.47,6032.02,48,1966,FULL,2026-08-31
CUST002194,SALARIED_URBAN,Guwahati,AS,26.145,91.736,DVC-b1b6553ab7,1,1024.1,436.02,34,2490,FULL,2026-08-31
CUST002195,AFFLUENT,Bengaluru,KA,12.972,77.594,DVC-3fe7d3bf32,2,4556.53,1752.13,61,690,FULL,2026-08-31
CUST002196,AFFLUENT,Pune,MH,18.52,73.857,DVC-96288ce462,1,16618.83,5579.28,21,1311,FULL,2026-08-31
CUST002197,AFFLUENT,Jaipur,RJ,26.912,75.787,DVC-e9b9e7b474,1,9163.37,2698.66,50,833,FULL,2026-08-31
CUST002198,SALARIED_URBAN,Nagpur,MH,21.146,79.088,DVC-40ac52bd0a,1,1139.61,465.22,23,301,FULL,2026-08-31
CUST002199,SALARIED_URBAN,Delhi,DL,28.614,77.209,DVC-0c71aa4112,2,919.22,344.59,19,670,FULL,2026-08-31
CUST002200,SALARIED_URBAN,Ahmedabad,GJ,23.023,72.571,DVC-731cb3a0d9,2,1978.12,643.18,33,312,FULL,2026-08-31
CUST002201,GIG_WORKER,Guwahati,AS,26.145,91.736,DVC-e293322360,1,408.79,203.02,31,1479,FULL,2026-08-31
CUST002202,STUDENT,Delhi,DL,28.614,77.209,DVC-b713acf377,1,309.58,199.88,43,2181,MIN,2026-08-31
CUST002203,SALARIED_URBAN,Indore,MP,22.72,75.858,DVC-ac2ac5f0ef,2,1315.91,657.06,44,2045,FULL,2026-08-31
CUST002204,SMALL_BUSINESS,Bengaluru,KA,12.972,77.594,DVC-308eb07aa4,2,2960.02,1610.46,68,692,FULL,2026-08-31
CUST002205,GIG_WORKER,Jaipur,RJ,26.912,75.787,DVC-1ac08dcec2,2,630.14,367.37,13,2471,FULL,2026-08-31
CUST002206,SALARIED_URBAN,Jaipur,RJ,26.912,75.787,DVC-0d59d11b0d,2,1248.69,517.36,38,2819,FULL,2026-08-31
CUST002207,SALARIED_URBAN,Kochi,KL,9.932,76.267,DVC-a0ea4d11fe,1,1292.94,673.06,45,721,FULL,2026-08-31
CUST002208,AFFLUENT,Chennai,TN,13.083,80.27,DVC-d27f4c180a,2,4643.24,1951.22,30,1993,FULL,2026-08-31
CUST002209,SALARIED_URBAN,Mumbai,MH,19.076,72.877,DVC-acb41a9777,2,1901.37,748.37,22,988,FULL,2026-08-31
CUST002210,AFFLUENT,Lucknow,UP,26.847,80.947,DVC-2db85ceb72,3,16389.14,4588.46,53,1334,FULL,2026-08-31
CUST002211,GIG_WORKER,Jaipur,RJ,26.912,75.787,DVC-1cbefc7aa8,1,1024.26,650.07,63,82,FULL,2026-08-31
CUST002212,SMALL_BUSINESS,Chennai,TN,13.083,80.27,DVC-438143c414,2,3027.09,1672.56,40,2192,MIN,2026-08-31
CUST002213,SALARIED_URBAN,Indore,MP,22.72,75.858,DVC-53fc19396d,1,1791.61,896.85,37,1716,FULL,2026-08-31
CUST002214,AFFLUENT,Nagpur,MH,21.146,79.088,DVC-cb4420ca81,1,12388.32,4289.49,46,1958,FULL,2026-08-31
CUST002215,GIG_WORKER,Indore,MP,22.72,75.858,DVC-64d339c9f5,1,1069.97,532.97,50,249,FULL,2026-08-31
CUST002216,STUDENT,Panaji,GA,15.491,73.828,DVC-099188084e,2,314.66,172.37,61,2405,FULL,2026-08-31
CUST002217,GIG_WORKER,Panaji,GA,15.491,73.828,DVC-3f7c826098,1,522.47,270.1,26,1601,FULL,2026-08-31
CUST002218,AFFLUENT,Indore,MP,22.72,75.858,DVC-d32ac5cafc,1,4875.59,1554.08,21,516,FULL,2026-08-31
CUST002219,SALARIED_URBAN,Chandigarh,CH,30.734,76.779,DVC-8b2ab7d68e,3,2142.32,1067.28,46,156,FULL,2026-08-31
CUST002220,SMALL_BUSINESS,Chandigarh,CH,30.734,76.779,DVC-325dec846f,1,4745.93,1692.81,52,1585,FULL,2026-08-31
CUST002221,SMALL_BUSINESS,Lucknow,UP,26.847,80.947,DVC-e05f532c01,1,5359.5,2259.88,32,1521,FULL,2026-08-31
CUST002222,SALARIED_URBAN,Kochi,KL,9.932,76.267,DVC-485e0d7247,2,1621.93,500.59,34,1321,MIN,2026-08-31
CUST002223,GIG_WORKER,Mumbai,MH,19.076,72.877,DVC-920fa89f59,1,777.93,454.35,24,1986,FULL,2026-08-31
CUST002224,STUDENT,Nagpur,MH,21.146,79.088,DVC-6ebb0da188,2,342.06,237.5,64,2358,FULL,2026-08-31
CUST002225,GIG_WORKER,Indore,MP,22.72,75.858,DVC-cfcf85abed,1,457.66,250.69,45,2162,FULL,2026-08-31
CUST002226,SMALL_BUSINESS,Indore,MP,22.72,75.858,DVC-4a993ad8fe,1,5478.13,3206.41,31,2736,FULL,2026-08-31
CUST002227,SALARIED_URBAN,Panaji,GA,15.491,73.828,DVC-89f634b5fa,1,1365.79,695.02,24,2327,FULL,2026-08-31
CUST002228,SALARIED_URBAN,Indore,MP,22.72,75.858,DVC-2538cf1013,2,2459.59,1253.16,33,2700,FULL,2026-08-31
CUST002229,SALARIED_URBAN,Jaipur,RJ,26.912,75.787,DVC-8987c6e0c0,2,1346.49,641.71,43,2016,FULL,2026-08-31
CUST002230,SMALL_BUSINESS,Lucknow,UP,26.847,80.947,DVC-bef1d79151,3,4738.98,2391.4,55,345,FULL,2026-08-31
CUST002231,SMALL_BUSINESS,Ahmedabad,GJ,23.023,72.571,DVC-4cbe249d11,2,3936.97,2242.05,26,2663,FULL,2026-08-31
CUST002232,AFFLUENT,Lucknow,UP,26.847,80.947,DVC-6fda93c14a,1,9969.55,2556.12,33,2140,FULL,2026-08-31
CUST002233,SALARIED_URBAN,Kolkata,WB,22.573,88.364,DVC-15380bb2f9,1,1596.55,677.85,40,2737,FULL,2026-08-31
CUST002234,SALARIED_URBAN,Hyderabad,TG,17.385,78.487,DVC-d4eedeb12f,2,932.74,376.67,20,581,FULL,2026-08-31
CUST002235,GIG_WORKER,Hyderabad,TG,17.385,78.487,DVC-b32fe1869f,2,910.12,411.72,60,557,FULL,2026-08-31
CUST002236,STUDENT,Hyderabad,TG,17.385,78.487,DVC-b1ecb4ea9e,2,488.9,279.79,43,1390,FULL,2026-08-31
CUST002237,SMALL_BUSINESS,Panaji,GA,15.491,73.828,DVC-bdb67d4284,2,6851.68,2799.71,33,526,FULL,2026-08-31
CUST002238,AFFLUENT,Delhi,DL,28.614,77.209,DVC-4856ab0eb4,2,9355.38,2519.7,11,1406,FULL,2026-08-31
CUST002239,GIG_WORKER,Pune,MH,18.52,73.857,DVC-107bd00577,1,797.31,482.19,44,1501,FULL,2026-08-31
CUST002240,SALARIED_URBAN,Bengaluru,KA,12.972,77.594,DVC-a5502e00f3,2,2442.74,1247.42,33,253,FULL,2026-08-31
CUST002241,SALARIED_URBAN,Chennai,TN,13.083,80.27,DVC-3d8bf06486,1,2494.89,1152.94,26,1447,FULL,2026-08-31
CUST002242,GIG_WORKER,Nagpur,MH,21.146,79.088,DVC-300702242e,3,985.11,532.55,28,1447,FULL,2026-08-31
CUST002243,SALARIED_URBAN,Nagpur,MH,21.146,79.088,DVC-d4cda6e71b,2,1075.17,372.79,17,1394,FULL,2026-08-31
CUST002244,AFFLUENT,Mumbai,MH,19.076,72.877,DVC-7e4081a2e4,1,7497.26,2031.99,88,503,FULL,2026-08-31
CUST002245,SMALL_BUSINESS,Ahmedabad,GJ,23.023,72.571,DVC-30c8c45799,1,4705.49,2059.3,48,2080,FULL,2026-08-31
CUST002246,SMALL_BUSINESS,Chennai,TN,13.083,80.27,DVC-0bc13d2009,1,5394.42,2531.04,34,832,FULL,2026-08-31
CUST002247,SALARIED_URBAN,Lucknow,UP,26.847,80.947,DVC-2eb7047fb6,1,1717.15,594.63,82,919,MIN,2026-08-31
CUST002248,SALARIED_URBAN,Chennai,TN,13.083,80.27,DVC-a94c616326,2,1189.35,364.83,20,1172,FULL,2026-08-31
CUST002249,GIG_WORKER,Chandigarh,CH,30.734,76.779,DVC-f756e317ca,1,761.88,358.23,58,672,FULL,2026-08-31
CUST002250,SMALL_BUSINESS,Jaipur,RJ,26.912,75.787,DVC-48670335b5,2,5941.03,3457.99,48,540,FULL,2026-08-31
CUST002251,AFFLUENT,Kolkata,WB,22.573,88.364,DVC-f34e1d0dd2,1,11222.51,4771.68,17,484,FULL,2026-08-31
CUST002252,AFFLUENT,Chandigarh,CH,30.734,76.779,DVC-ea67800779,2,4554.69,1992.9,20,673,FULL,2026-08-31
CUST002253,GIG_WORKER,Hyderabad,TG,17.385,78.487,DVC-0c21a25c36,1,425.51,279.49,56,434,FULL,2026-08-31
CUST002254,STUDENT,Hyderabad,TG,17.385,78.487,DVC-99850643e5,1,553.23,319.0,23,2157,FULL,2026-08-31
CUST002255,SALARIED_URBAN,Ahmedabad,GJ,23.023,72.571,DVC-781e8aec1b,1,1288.29,501.7,43,222,FULL,2026-08-31
CUST002256,AFFLUENT,Kolkata,WB,22.573,88.364,DVC-d34123f359,1,16571.67,4158.74,34,2424,FULL,2026-08-31
CUST002257,GIG_WORKER,Panaji,GA,15.491,73.828,DVC-0dd522d924,2,1003.22,601.39,4,310,FULL,2026-08-31
CUST002258,STUDENT,Delhi,DL,28.614,77.209,DVC-d32d4085d7,1,503.88,314.82,40,2718,FULL,2026-08-31
CUST002259,SALARIED_URBAN,Chandigarh,CH,30.734,76.779,DVC-c42f00d9dc,1,1194.27,524.33,56,2481,FULL,2026-08-31
CUST002260,SALARIED_URBAN,Mumbai,MH,19.076,72.877,DVC-66c38f47e1,1,1795.1,737.17,33,536,FULL,2026-08-31
CUST002261,SALARIED_URBAN,Delhi,DL,28.614,77.209,DVC-f44c13725d,3,1704.39,522.31,23,382,FULL,2026-08-31
CUST002262,SMALL_BUSINESS,Jaipur,RJ,26.912,75.787,DVC-fcf0a84e26,2,5516.09,2165.82,20,1607,FULL,2026-08-31
CUST002263,SALARIED_URBAN,Hyderabad,TG,17.385,78.487,DVC-6bc33610c0,2,2253.04,879.33,66,1340,FULL,2026-08-31
CUST002264,SMALL_BUSINESS,Lucknow,UP,26.847,80.947,DVC-6571a05e20,1,6862.93,2490.81,44,681,FULL,2026-08-31
CUST002265,GIG_WORKER,Delhi,DL,28.614,77.209,DVC-368fd01174,3,857.93,514.36,27,429,FULL,2026-08-31
CUST002266,GIG_WORKER,Delhi,DL,28.614,77.209,DVC-f573f26166,1,1086.87,581.02,33,1890,FULL,2026-08-31
CUST002267,SALARIED_URBAN,Nagpur,MH,21.146,79.088,DVC-240aed9725,1,2457.72,789.8,43,1467,FULL,2026-08-31
CUST002268,SALARIED_URBAN,Bengaluru,KA,12.972,77.594,DVC-fbab0f8328,1,970.64,368.41,32,2528,FULL,2026-08-31
CUST002269,SALARIED_URBAN,Indore,MP,22.72,75.858,DVC-809bcd64b0,1,2062.4,1060.1,47,637,FULL,2026-08-31
CUST002270,AFFLUENT,Chandigarh,CH,30.734,76.779,DVC-7a9ce47eda,1,16256.33,7049.27,21,1747,FULL,2026-08-31
CUST002271,SMALL_BUSINESS,Kochi,KL,9.932,76.267,DVC-53494989b7,1,4535.99,2256.98,36,1165,FULL,2026-08-31
CUST002272,STUDENT,Lucknow,UP,26.847,80.947,DVC-4e2644b419,1,245.5,122.89,12,1707,FULL,2026-08-31
CUST002273,SALARIED_URBAN,Panaji,GA,15.491,73.828,DVC-6e55d95f59,1,1845.83,981.45,44,1964,FULL,2026-08-31
CUST002274,AFFLUENT,Mumbai,MH,19.076,72.877,DVC-97bcbb35e5,3,12982.43,3704.65,52,547,FULL,2026-08-31
CUST002275,GIG_WORKER,Panaji,GA,15.491,73.828,DVC-a973bc8c8d,3,483.45,249.39,38,2193,FULL,2026-08-31
CUST002276,GIG_WORKER,Jaipur,RJ,26.912,75.787,DVC-a7738826ea,1,787.99,370.42,58,2027,FULL,2026-08-31
CUST002277,AFFLUENT,Pune,MH,18.52,73.857,DVC-a381cfb7e8,2,17674.48,7800.63,13,1215,FULL,2026-08-31
CUST002278,SMALL_BUSINESS,Kolkata,WB,22.573,88.364,DVC-b496574b02,1,5589.77,2306.75,14,2833,FULL,2026-08-31
CUST002279,SMALL_BUSINESS,Lucknow,UP,26.847,80.947,DVC-9481d05244,1,6705.93,2409.77,19,1161,FULL,2026-08-31
CUST002280,SMALL_BUSINESS,Kolkata,WB,22.573,88.364,DVC-d09f38fb1e,1,2887.84,1134.99,39,758,FULL,2026-08-31
CUST002281,STUDENT,Lucknow,UP,26.847,80.947,DVC-4b80cc5147,2,286.35,193.86,38,882,MIN,2026-08-31
CUST002282,STUDENT,Hyderabad,TG,17.385,78.487,DVC-11534ddcaa,2,309.75,190.43,20,227,FULL,2026-08-31
CUST002283,SALARIED_URBAN,Mumbai,MH,19.076,72.877,DVC-bb251fe73d,2,1582.66,865.72,32,523,FULL,2026-08-31
CUST002284,SALARIED_URBAN,Indore,MP,22.72,75.858,DVC-729cd221f8,2,2269.3,962.9,26,2883,FULL,2026-08-31
CUST002285,SALARIED_URBAN,Indore,MP,22.72,75.858,DVC-c77d7f8993,2,1292.38,430.99,45,1342,FULL,2026-08-31
CUST002286,GIG_WORKER,Bengaluru,KA,12.972,77.594,DVC-fca78b30b7,1,1033.06,631.46,29,1758,MIN,2026-08-31
CUST002287,AFFLUENT,Kochi,KL,9.932,76.267,DVC-badc6c4720,2,16366.79,6066.94,21,666,FULL,2026-08-31
CUST002288,AFFLUENT,Mumbai,MH,19.076,72.877,DVC-a045c89278,1,16711.59,7053.59,80,1002,FULL,2026-08-31
CUST002289,AFFLUENT,Kochi,KL,9.932,76.267,DVC-6f9e227441,1,6714.19,2376.46,16,2857,FULL,2026-08-31
CUST002290,SALARIED_URBAN,Nagpur,MH,21.146,79.088,DVC-a9e89c873d,2,2341.65,1114.12,24,2348,FULL,2026-08-31
CUST002291,SALARIED_URBAN,Nagpur,MH,21.146,79.088,DVC-571af1fdd6,1,1430.83,762.25,20,586,FULL,2026-08-31
CUST002292,GIG_WORKER,Nagpur,MH,21.146,79.088,DVC-423bc5cc04,2,552.95,382.86,18,397,MIN,2026-08-31
CUST002293,GIG_WORKER,Bengaluru,KA,12.972,77.594,DVC-5a877e4ca7,1,650.96,416.27,24,2892,MIN,2026-08-31
CUST002294,SALARIED_URBAN,Chandigarh,CH,30.734,76.779,DVC-2312a9ad62,1,2076.41,918.66,38,1964,FULL,2026-08-31
CUST002295,SALARIED_URBAN,Pune,MH,18.52,73.857,DVC-27d0094f99,1,2511.58,1199.3,64,2737,FULL,2026-08-31
CUST002296,AFFLUENT,Chennai,TN,13.083,80.27,DVC-3425110586,2,14089.23,4084.98,38,962,FULL,2026-08-31
CUST002297,GIG_WORKER,Mumbai,MH,19.076,72.877,DVC-673d302c1f,2,638.94,318.69,42,475,MIN,2026-08-31
CUST002298,SALARIED_URBAN,Indore,MP,22.72,75.858,DVC-52c4aaa4de,3,2403.76,1083.88,20,125,FULL,2026-08-31
CUST002299,STUDENT,Ahmedabad,GJ,23.023,72.571,DVC-577c2b95de,3,474.1,268.55,31,849,FULL,2026-08-31
CUST002300,GIG_WORKER,Kochi,KL,9.932,76.267,DVC-f5653507b8,3,1099.24,763.56,31,2895,FULL,2026-08-31
CUST002301,SALARIED_URBAN,Pune,MH,18.52,73.857,DVC-ed81fece0d,1,2134.85,963.12,39,1758,MIN,2026-08-31
CUST002302,SMALL_BUSINESS,Panaji,GA,15.491,73.828,DVC-ed0aba89dc,2,2677.38,1222.09,47,1810,FULL,2026-08-31
CUST002303,SALARIED_URBAN,Chandigarh,CH,30.734,76.779,DVC-9304eb177e,1,2182.05,820.79,31,549,FULL,2026-08-31
CUST002304,GIG_WORKER,Delhi,DL,28.614,77.209,DVC-90a6241ad1,2,858.14,571.18,61,2680,FULL,2026-08-31
CUST002305,SMALL_BUSINESS,Lucknow,UP,26.847,80.947,DVC-f5248bc6a6,1,3116.97,1802.15,18,980,FULL,2026-08-31
CUST002306,SALARIED_URBAN,Ahmedabad,GJ,23.023,72.571,DVC-fbe8dcd9ca,1,1920.05,758.26,45,382,FULL,2026-08-31
CUST002307,SALARIED_URBAN,Lucknow,UP,26.847,80.947,DVC-7613cb8373,2,2330.18,872.17,30,1709,FULL,2026-08-31
CUST002308,SALARIED_URBAN,Jaipur,RJ,26.912,75.787,DVC-94398622e5,1,1493.35,758.45,32,1032,FULL,2026-08-31
CUST002309,SALARIED_URBAN,Nagpur,MH,21.146,79.088,DVC-dfc538b796,1,2271.43,959.88,33,2380,FULL,2026-08-31
CUST002310,AFFLUENT,Pune,MH,18.52,73.857,DVC-6858b973ea,1,10957.16,3467.42,45,2369,FULL,2026-08-31
CUST002311,SMALL_BUSINESS,Delhi,DL,28.614,77.209,DVC-bf3ea9cf4d,1,6003.9,3510.21,32,1480,FULL,2026-08-31
CUST002312,GIG_WORKER,Mumbai,MH,19.076,72.877,DVC-ba2ecd79c3,2,720.85,335.62,35,1677,FULL,2026-08-31
CUST002313,GIG_WORKER,Delhi,DL,28.614,77.209,DVC-107e1eaede,2,895.58,601.85,18,1655,FULL,2026-08-31
CUST002314,GIG_WORKER,Kochi,KL,9.932,76.267,DVC-0627a46d30,3,441.58,271.26,26,1656,FULL,2026-08-31
CUST002315,SALARIED_URBAN,Guwahati,AS,26.145,91.736,DVC-e94d856714,1,1937.21,774.93,35,1695,FULL,2026-08-31
CUST002316,SALARIED_URBAN,Ahmedabad,GJ,23.023,72.571,DVC-9046e539a6,1,1916.88,990.47,53,2767,FULL,2026-08-31
CUST002317,SALARIED_URBAN,Chennai,TN,13.083,80.27,DVC-54aebe6042,3,1380.88,694.06,28,694,FULL,2026-08-31
CUST002318,STUDENT,Indore,MP,22.72,75.858,DVC-2ac87a7730,2,538.25,335.29,30,2243,FULL,2026-08-31
CUST002319,GIG_WORKER,Kochi,KL,9.932,76.267,DVC-272841aa27,1,1042.05,485.15,35,823,FULL,2026-08-31
CUST002320,GIG_WORKER,Lucknow,UP,26.847,80.947,DVC-242b30a72f,1,443.28,290.05,49,2886,FULL,2026-08-31
CUST002321,STUDENT,Kochi,KL,9.932,76.267,DVC-a62814f035,2,527.5,295.27,18,1951,FULL,2026-08-31
CUST002322,SALARIED_URBAN,Nagpur,MH,21.146,79.088,DVC-41461135f6,1,1324.83,446.67,20,752,FULL,2026-08-31
CUST002323,SMALL_BUSINESS,Nagpur,MH,21.146,79.088,DVC-275b7e82a4,3,4252.78,1664.61,18,1136,FULL,2026-08-31
CUST002324,STUDENT,Guwahati,AS,26.145,91.736,DVC-de21e4d113,1,203.06,144.06,29,1692,FULL,2026-08-31
CUST002325,SALARIED_URBAN,Nagpur,MH,21.146,79.088,DVC-090d1efb1e,3,1342.21,515.05,34,2856,FULL,2026-08-31
CUST002326,GIG_WORKER,Nagpur,MH,21.146,79.088,DVC-003efb2672,1,785.94,447.31,31,2306,FULL,2026-08-31
CUST002327,SMALL_BUSINESS,Kolkata,WB,22.573,88.364,DVC-ef7def661e,2,4507.96,2495.26,36,1343,FULL,2026-08-31
CUST002328,SALARIED_URBAN,Jaipur,RJ,26.912,75.787,DVC-e39722f5e4,2,1397.69,482.2,35,450,FULL,2026-08-31
CUST002329,SALARIED_URBAN,Ahmedabad,GJ,23.023,72.571,DVC-1d590bef83,1,2193.95,1104.96,35,1707,FULL,2026-08-31
CUST002330,GIG_WORKER,Lucknow,UP,26.847,80.947,DVC-63493f5eeb,2,591.05,327.88,54,1849,FULL,2026-08-31
CUST002331,SALARIED_URBAN,Kochi,KL,9.932,76.267,DVC-43e147e153,3,2053.05,1118.12,66,771,FULL,2026-08-31
CUST002332,GIG_WORKER,Kochi,KL,9.932,76.267,DVC-cbfd16c96c,1,636.82,285.2,30,2347,FULL,2026-08-31
CUST002333,AFFLUENT,Kolkata,WB,22.573,88.364,DVC-72b9037d79,1,12700.54,3222.0,38,338,FULL,2026-08-31
CUST002334,SMALL_BUSINESS,Mumbai,MH,19.076,72.877,DVC-78140cf05f,2,7299.45,2955.1,48,650,FULL,2026-08-31
CUST002335,STUDENT,Lucknow,UP,26.847,80.947,DVC-7dfb69b13e,1,392.21,238.08,50,126,FULL,2026-08-31
CUST002336,GIG_WORKER,Chandigarh,CH,30.734,76.779,DVC-607dd357a6,1,1063.95,463.85,31,365,FULL,2026-08-31
CUST002337,SMALL_BUSINESS,Hyderabad,TG,17.385,78.487,DVC-d2c7120cec,2,7441.69,3551.54,26,2138,FULL,2026-08-31
CUST002338,SMALL_BUSINESS,Chandigarh,CH,30.734,76.779,DVC-e20fd8d6ae,1,7125.88,4129.06,42,2854,FULL,2026-08-31
CUST002339,SALARIED_URBAN,Jaipur,RJ,26.912,75.787,DVC-d3cfb3420a,2,2593.43,964.58,31,2497,FULL,2026-08-31
CUST002340,SALARIED_URBAN,Guwahati,AS,26.145,91.736,DVC-c1020bf0bf,1,1614.32,880.52,40,1464,FULL,2026-08-31
CUST002341,SMALL_BUSINESS,Indore,MP,22.72,75.858,DVC-8966aa5e68,2,6733.86,2799.33,42,2384,FULL,2026-08-31
CUST002342,SALARIED_URBAN,Mumbai,MH,19.076,72.877,DVC-0c6db34f7f,1,1484.11,517.83,56,799,FULL,2026-08-31
CUST002343,SMALL_BUSINESS,Kolkata,WB,22.573,88.364,DVC-58438a0969,1,2270.79,1023.48,20,185,MIN,2026-08-31
CUST002344,SMALL_BUSINESS,Pune,MH,18.52,73.857,DVC-43db9f2844,2,2734.91,1275.52,18,2497,FULL,2026-08-31
CUST002345,SMALL_BUSINESS,Lucknow,UP,26.847,80.947,DVC-88be9cbda1,1,4598.08,1712.9,16,1322,FULL,2026-08-31
CUST002346,STUDENT,Jaipur,RJ,26.912,75.787,DVC-3ddfd7dddd,1,454.89,210.78,60,486,FULL,2026-08-31
CUST002347,SALARIED_URBAN,Indore,MP,22.72,75.858,DVC-6f85b6b2a1,2,1525.13,682.67,37,615,FULL,2026-08-31
CUST002348,SMALL_BUSINESS,Ahmedabad,GJ,23.023,72.571,DVC-a379817ba5,1,4616.55,1895.97,56,862,FULL,2026-08-31
CUST002349,GIG_WORKER,Chandigarh,CH,30.734,76.779,DVC-ee00314639,2,987.32,686.81,42,1238,FULL,2026-08-31
CUST002350,SALARIED_URBAN,Indore,MP,22.72,75.858,DVC-3276496fa2,2,2020.68,716.9,46,1548,FULL,2026-08-31
CUST002351,GIG_WORKER,Chennai,TN,13.083,80.27,DVC-c997df4928,2,740.62,308.82,58,849,FULL,2026-08-31
CUST002352,AFFLUENT,Chandigarh,CH,30.734,76.779,DVC-3b37360c10,1,12226.18,4145.35,31,704,FULL,2026-08-31
CUST002353,SALARIED_URBAN,Lucknow,UP,26.847,80.947,DVC-f16ef6f763,3,1005.67,339.67,44,2577,FULL,2026-08-31
CUST002354,STUDENT,Delhi,DL,28.614,77.209,DVC-e4ed895db2,1,345.1,194.62,30,264,FULL,2026-08-31
CUST002355,STUDENT,Bengaluru,KA,12.972,77.594,DVC-ac1cd486fd,2,208.86,122.1,6,1048,FULL,2026-08-31
CUST002356,SALARIED_URBAN,Ahmedabad,GJ,23.023,72.571,DVC-06661315b5,2,2413.49,822.85,46,928,FULL,2026-08-31
CUST002357,GIG_WORKER,Bengaluru,KA,12.972,77.594,DVC-25d79595d6,1,654.05,342.09,53,853,FULL,2026-08-31
CUST002358,STUDENT,Mumbai,MH,19.076,72.877,DVC-a5c1f4bb69,1,547.0,314.42,37,1399,FULL,2026-08-31
CUST002359,GIG_WORKER,Nagpur,MH,21.146,79.088,DVC-e55b5005b1,1,1023.54,708.85,41,1742,FULL,2026-08-31
CUST002360,SALARIED_URBAN,Delhi,DL,28.614,77.209,DVC-2cd6169dd7,1,998.55,513.18,30,787,MIN,2026-08-31
CUST002361,SALARIED_URBAN,Kolkata,WB,22.573,88.364,DVC-7787f4cd4a,2,1683.72,519.94,18,1761,FULL,2026-08-31
CUST002362,GIG_WORKER,Kochi,KL,9.932,76.267,DVC-4d2b7b9625,3,475.59,290.23,34,2302,FULL,2026-08-31
CUST002363,STUDENT,Bengaluru,KA,12.972,77.594,DVC-2f74bf2f56,1,591.84,410.55,33,920,FULL,2026-08-31
CUST002364,SALARIED_URBAN,Pune,MH,18.52,73.857,DVC-d5d2bd4042,1,2501.37,1035.75,33,2276,FULL,2026-08-31
CUST002365,STUDENT,Jaipur,RJ,26.912,75.787,DVC-55e8618aa4,2,464.88,305.88,51,93,FULL,2026-08-31
CUST002366,SMALL_BUSINESS,Mumbai,MH,19.076,72.877,DVC-2ec07d7f93,1,6041.35,2438.13,43,499,FULL,2026-08-31
CUST002367,SMALL_BUSINESS,Lucknow,UP,26.847,80.947,DVC-08d1754094,1,3428.92,1822.65,46,991,FULL,2026-08-31
CUST002368,AFFLUENT,Jaipur,RJ,26.912,75.787,DVC-3af96ec614,1,11457.59,4696.19,22,2365,FULL,2026-08-31
CUST002369,SALARIED_URBAN,Lucknow,UP,26.847,80.947,DVC-57d7441557,3,1023.62,448.71,41,163,FULL,2026-08-31
CUST002370,STUDENT,Delhi,DL,28.614,77.209,DVC-be575225fa,1,605.72,345.66,39,800,FULL,2026-08-31
CUST002371,STUDENT,Kochi,KL,9.932,76.267,DVC-3d07c1c11a,1,420.62,241.6,43,2008,FULL,2026-08-31
CUST002372,GIG_WORKER,Mumbai,MH,19.076,72.877,DVC-6d1b1c5a06,1,907.31,468.71,20,601,FULL,2026-08-31
CUST002373,SALARIED_URBAN,Jaipur,RJ,26.912,75.787,DVC-28aa5e88d2,3,1750.26,569.41,43,1419,FULL,2026-08-31
CUST002374,STUDENT,Bengaluru,KA,12.972,77.594,DVC-f755506dea,1,240.39,156.57,25,1177,FULL,2026-08-31
CUST002375,STUDENT,Mumbai,MH,19.076,72.877,DVC-adcbe9bfa6,1,462.79,240.09,30,622,FULL,2026-08-31
CUST002376,AFFLUENT,Nagpur,MH,21.146,79.088,DVC-be4aea76d7,1,14002.8,3532.88,35,1944,FULL,2026-08-31
CUST002377,GIG_WORKER,Mumbai,MH,19.076,72.877,DVC-4e9d641a69,2,902.28,378.24,19,1107,FULL,2026-08-31
CUST002378,GIG_WORKER,Hyderabad,TG,17.385,78.487,DVC-4037536dfc,3,975.68,473.35,53,1107,MIN,2026-08-31
CUST002379,GIG_WORKER,Pune,MH,18.52,73.857,DVC-29dc774e47,1,959.69,654.17,34,2422,FULL,2026-08-31
CUST002380,SALARIED_URBAN,Lucknow,UP,26.847,80.947,DVC-94711b2cea,1,1351.64,736.98,30,761,FULL,2026-08-31
CUST002381,GIG_WORKER,Mumbai,MH,19.076,72.877,DVC-8d16b37671,1,1069.79,675.74,40,599,FULL,2026-08-31
CUST002382,SALARIED_URBAN,Indore,MP,22.72,75.858,DVC-fe2102063c,1,1984.6,646.55,36,1885,FULL,2026-08-31
CUST002383,STUDENT,Lucknow,UP,26.847,80.947,DVC-f798aeb5d1,1,536.59,325.96,18,1976,FULL,2026-08-31
CUST002384,SMALL_BUSINESS,Chennai,TN,13.083,80.27,DVC-9715923ba8,1,5283.65,3162.63,51,2025,FULL,2026-08-31
CUST002385,SMALL_BUSINESS,Delhi,DL,28.614,77.209,DVC-6998d5a019,2,6165.61,2690.88,61,1056,FULL,2026-08-31
CUST002386,SALARIED_URBAN,Panaji,GA,15.491,73.828,DVC-2615144a33,1,926.44,487.77,55,105,FULL,2026-08-31
CUST002387,SMALL_BUSINESS,Nagpur,MH,21.146,79.088,DVC-02e81d9d71,3,7218.85,3115.52,39,1928,FULL,2026-08-31
CUST002388,SALARIED_URBAN,Jaipur,RJ,26.912,75.787,DVC-821b0ee15d,1,1091.53,548.37,52,2280,FULL,2026-08-31
CUST002389,AFFLUENT,Mumbai,MH,19.076,72.877,DVC-c575e5514a,2,6947.05,2536.97,25,1262,FULL,2026-08-31
CUST002390,STUDENT,Delhi,DL,28.614,77.209,DVC-569ebbbf41,2,186.18,102.24,18,2716,MIN,2026-08-31
CUST002391,GIG_WORKER,Ahmedabad,GJ,23.023,72.571,DVC-9c5dde7f24,3,715.82,377.99,48,162,FULL,2026-08-31
CUST002392,SMALL_BUSINESS,Delhi,DL,28.614,77.209,DVC-2060b78621,2,2435.02,1427.88,41,1843,FULL,2026-08-31
CUST002393,SMALL_BUSINESS,Delhi,DL,28.614,77.209,DVC-19c852c306,1,6803.76,3258.93,48,264,FULL,2026-08-31
CUST002394,AFFLUENT,Delhi,DL,28.614,77.209,DVC-b9759513c4,2,9109.52,3602.31,39,110,FULL,2026-08-31
CUST002395,SALARIED_URBAN,Hyderabad,TG,17.385,78.487,DVC-1fe150c118,2,2015.87,912.22,59,1788,FULL,2026-08-31
CUST002396,SALARIED_URBAN,Mumbai,MH,19.076,72.877,DVC-5956dba8b7,3,1229.12,454.74,57,1593,FULL,2026-08-31
CUST002397,SALARIED_URBAN,Pune,MH,18.52,73.857,DVC-0ef3b73f3c,1,932.04,420.5,50,1176,FULL,2026-08-31
CUST002398,GIG_WORKER,Pune,MH,18.52,73.857,DVC-1548d963f1,1,1022.48,667.84,31,809,FULL,2026-08-31
CUST002399,AFFLUENT,Chennai,TN,13.083,80.27,DVC-f63c1e9ebc,2,12721.39,5053.99,38,1542,FULL,2026-08-31
CUST002400,GIG_WORKER,Jaipur,RJ,26.912,75.787,DVC-bfa0cdc023,1,488.27,204.42,49,396,FULL,2026-08-31
CUST002401,STUDENT,Ahmedabad,GJ,23.023,72.571,DVC-057c33ca79,2,345.07,250.16,69,1969,FULL,2026-08-31
CUST002402,SMALL_BUSINESS,Kochi,KL,9.932,76.267,DVC-5a27d84e0c,1,4087.18,2276.45,35,876,FULL,2026-08-31
CUST002403,SALARIED_URBAN,Delhi,DL,28.614,77.209,DVC-8b4675db72,2,2405.21,1006.69,27,2521,FULL,2026-08-31
CUST002404,STUDENT,Guwahati,AS,26.145,91.736,DVC-4330ae6ed4,1,464.21,322.06,52,2227,FULL,2026-08-31
CUST002405,AFFLUENT,Panaji,GA,15.491,73.828,DVC-3c4ed9bb27,1,9717.81,3977.39,4,1057,FULL,2026-08-31
CUST002406,SALARIED_URBAN,Kolkata,WB,22.573,88.364,DVC-351eccb39e,2,1673.37,613.97,56,1093,FULL,2026-08-31
CUST002407,GIG_WORKER,Panaji,GA,15.491,73.828,DVC-8450261aba,2,531.57,289.9,39,727,FULL,2026-08-31
CUST002408,GIG_WORKER,Hyderabad,TG,17.385,78.487,DVC-864198af85,1,530.93,219.64,54,2272,FULL,2026-08-31
CUST002409,SALARIED_URBAN,Chennai,TN,13.083,80.27,DVC-61f09f16cd,1,1964.97,662.54,31,980,FULL,2026-08-31
CUST002410,STUDENT,Bengaluru,KA,12.972,77.594,DVC-9157b50ea3,1,296.53,138.46,47,182,FULL,2026-08-31
CUST002411,STUDENT,Delhi,DL,28.614,77.209,DVC-9915ea87d5,2,556.82,287.99,35,621,FULL,2026-08-31
CUST002412,SALARIED_URBAN,Mumbai,MH,19.076,72.877,DVC-23e69433d5,2,2369.36,746.65,58,243,FULL,2026-08-31
CUST002413,SALARIED_URBAN,Lucknow,UP,26.847,80.947,DVC-0a0f0017d4,2,1416.38,770.1,40,2771,FULL,2026-08-31
CUST002414,STUDENT,Hyderabad,TG,17.385,78.487,DVC-bf953a4b9e,2,579.85,396.54,34,1640,FULL,2026-08-31
CUST002415,STUDENT,Pune,MH,18.52,73.857,DVC-3f4b205593,1,298.02,137.72,33,550,FULL,2026-08-31
CUST002416,GIG_WORKER,Delhi,DL,28.614,77.209,DVC-172b7079f1,1,1086.66,486.1,27,433,FULL,2026-08-31
CUST002417,SALARIED_URBAN,Chennai,TN,13.083,80.27,DVC-5d6e5d29b7,1,2034.85,962.73,35,822,FULL,2026-08-31
CUST002418,SALARIED_URBAN,Nagpur,MH,21.146,79.088,DVC-9d37dc064b,1,2501.05,878.44,31,1565,FULL,2026-08-31
CUST002419,SALARIED_URBAN,Mumbai,MH,19.076,72.877,DVC-dc9dd3411d,1,1992.21,952.22,36,611,FULL,2026-08-31
CUST002420,GIG_WORKER,Chandigarh,CH,30.734,76.779,DVC-8ae89e5821,2,760.35,319.66,45,2174,FULL,2026-08-31
CUST002421,SALARIED_URBAN,Guwahati,AS,26.145,91.736,DVC-182fd312fe,1,2081.8,1093.77,64,1024,FULL,2026-08-31
CUST002422,STUDENT,Delhi,DL,28.614,77.209,DVC-ccad11f60c,3,584.76,311.67,59,2315,FULL,2026-08-31
CUST002423,AFFLUENT,Delhi,DL,28.614,77.209,DVC-df67715af9,2,13987.64,5377.06,19,958,FULL,2026-08-31
CUST002424,AFFLUENT,Guwahati,AS,26.145,91.736,DVC-dd1cd2e03e,3,16589.48,5538.47,28,1000,FULL,2026-08-31
CUST002425,SALARIED_URBAN,Delhi,DL,28.614,77.209,DVC-d69fdab6d1,2,1267.02,508.9,40,2640,FULL,2026-08-31
CUST002426,GIG_WORKER,Delhi,DL,28.614,77.209,DVC-8c26fc68d7,2,444.1,237.26,26,1273,FULL,2026-08-31
CUST002427,GIG_WORKER,Bengaluru,KA,12.972,77.594,DVC-5f52059a24,3,916.37,375.87,23,2350,FULL,2026-08-31
CUST002428,GIG_WORKER,Hyderabad,TG,17.385,78.487,DVC-27cda87840,1,999.27,645.03,34,689,FULL,2026-08-31
CUST002429,STUDENT,Kolkata,WB,22.573,88.364,DVC-8c80387bde,2,354.42,218.61,41,136,FULL,2026-08-31
CUST002430,GIG_WORKER,Jaipur,RJ,26.912,75.787,DVC-c13a10d85f,1,635.29,363.17,47,1321,MIN,2026-08-31
CUST002431,SMALL_BUSINESS,Indore,MP,22.72,75.858,DVC-573f3b0af9,1,7190.93,2670.27,26,1746,MIN,2026-08-31
CUST002432,SALARIED_URBAN,Nagpur,MH,21.146,79.088,DVC-9574ae9763,2,1458.3,791.9,43,905,FULL,2026-08-31
CUST002433,SALARIED_URBAN,Indore,MP,22.72,75.858,DVC-df43a3f2c6,2,2578.67,989.94,32,1313,FULL,2026-08-31
CUST002434,GIG_WORKER,Lucknow,UP,26.847,80.947,DVC-4aa01fefb9,1,983.1,647.67,31,1466,MIN,2026-08-31
CUST002435,AFFLUENT,Kochi,KL,9.932,76.267,DVC-2296e20d27,1,13527.94,5613.46,4,1270,FULL,2026-08-31
CUST002436,SMALL_BUSINESS,Pune,MH,18.52,73.857,DVC-be7e95cffd,2,4786.58,2262.57,55,136,FULL,2026-08-31
CUST002437,GIG_WORKER,Nagpur,MH,21.146,79.088,DVC-647258a376,1,540.95,337.89,37,880,FULL,2026-08-31
CUST002438,SMALL_BUSINESS,Indore,MP,22.72,75.858,DVC-e1ecaa8091,2,2532.64,986.18,8,1769,MIN,2026-08-31
CUST002439,SALARIED_URBAN,Hyderabad,TG,17.385,78.487,DVC-f8ebabf624,1,2110.19,674.44,44,384,MIN,2026-08-31
CUST002440,GIG_WORKER,Pune,MH,18.52,73.857,DVC-f01cb031fc,1,715.71,341.53,36,1384,FULL,2026-08-31
CUST002441,SALARIED_URBAN,Guwahati,AS,26.145,91.736,DVC-cb4ff4c9ab,2,2397.42,851.95,35,470,FULL,2026-08-31
CUST002442,SALARIED_URBAN,Chennai,TN,13.083,80.27,DVC-ce0b121401,2,1879.86,603.04,35,984,FULL,2026-08-31
CUST002443,AFFLUENT,Pune,MH,18.52,73.857,DVC-468e95bc65,2,17997.18,4680.03,50,530,MIN,2026-08-31
CUST002444,SALARIED_URBAN,Hyderabad,TG,17.385,78.487,DVC-22b80dd63f,1,1225.11,558.64,19,606,FULL,2026-08-31
CUST002445,SALARIED_URBAN,Indore,MP,22.72,75.858,DVC-e12f4dd009,2,1548.57,827.36,57,2740,FULL,2026-08-31
CUST002446,SMALL_BUSINESS,Chandigarh,CH,30.734,76.779,DVC-385c3a16d7,3,4525.64,2195.43,76,2760,FULL,2026-08-31
CUST002447,AFFLUENT,Jaipur,RJ,26.912,75.787,DVC-79b6855298,3,15824.38,5298.91,61,1622,FULL,2026-08-31
CUST002448,GIG_WORKER,Pune,MH,18.52,73.857,DVC-a3edf66577,2,619.08,287.61,34,1571,FULL,2026-08-31
CUST002449,SMALL_BUSINESS,Ahmedabad,GJ,23.023,72.571,DVC-26d51114fb,1,6480.63,2491.84,19,186,FULL,2026-08-31
CUST002450,STUDENT,Nagpur,MH,21.146,79.088,DVC-67d94b1d6a,1,434.8,268.93,19,301,FULL,2026-08-31
CUST002451,GIG_WORKER,Chennai,TN,13.083,80.27,DVC-6424f38b14,1,531.7,305.83,66,2791,FULL,2026-08-31
CUST002452,SMALL_BUSINESS,Nagpur,MH,21.146,79.088,DVC-ea7af010dd,2,5660.51,3057.91,35,2100,FULL,2026-08-31
CUST002453,STUDENT,Guwahati,AS,26.145,91.736,DVC-f24d2db4e9,1,575.85,263.34,22,1413,FULL,2026-08-31
CUST002454,STUDENT,Lucknow,UP,26.847,80.947,DVC-c9957dada6,1,357.06,233.66,33,2597,FULL,2026-08-31
CUST002455,AFFLUENT,Indore,MP,22.72,75.858,DVC-2f83b6353e,2,13797.03,4386.3,20,566,FULL,2026-08-31
CUST002456,SALARIED_URBAN,Chennai,TN,13.083,80.27,DVC-92106e40c3,1,1380.09,585.49,22,1620,FULL,2026-08-31
CUST002457,SMALL_BUSINESS,Panaji,GA,15.491,73.828,DVC-b24b99ae91,1,6973.93,2536.93,15,1341,FULL,2026-08-31
CUST002458,GIG_WORKER,Nagpur,MH,21.146,79.088,DVC-6507d043b0,3,746.43,332.76,50,1251,FULL,2026-08-31
CUST002459,GIG_WORKER,Guwahati,AS,26.145,91.736,DVC-fbd4792a9b,1,645.92,260.92,23,753,FULL,2026-08-31
CUST002460,STUDENT,Delhi,DL,28.614,77.209,DVC-b8f0f03928,1,419.58,312.33,34,1335,FULL,2026-08-31
CUST002461,GIG_WORKER,Hyderabad,TG,17.385,78.487,DVC-1442118888,3,839.88,338.31,44,1708,FULL,2026-08-31
CUST002462,SMALL_BUSINESS,Ahmedabad,GJ,23.023,72.571,DVC-3e8bc71f6e,1,3264.96,1702.4,36,2350,MIN,2026-08-31
CUST002463,SALARIED_URBAN,Jaipur,RJ,26.912,75.787,DVC-77307cf254,2,1563.24,574.43,26,889,FULL,2026-08-31
CUST002464,SALARIED_URBAN,Delhi,DL,28.614,77.209,DVC-aae765dc3f,2,979.8,407.61,27,648,FULL,2026-08-31
CUST002465,STUDENT,Lucknow,UP,26.847,80.947,DVC-5541d7ebd5,2,575.33,271.48,49,2366,FULL,2026-08-31
CUST002466,SMALL_BUSINESS,Chennai,TN,13.083,80.27,DVC-94c69070e3,3,5356.96,2240.19,53,1400,FULL,2026-08-31
CUST002467,SMALL_BUSINESS,Chennai,TN,13.083,80.27,DVC-28ff08900c,2,6650.96,3205.44,34,1151,FULL,2026-08-31
CUST002468,GIG_WORKER,Mumbai,MH,19.076,72.877,DVC-b63488f981,3,856.47,442.31,41,1053,FULL,2026-08-31
CUST002469,GIG_WORKER,Delhi,DL,28.614,77.209,DVC-48bf0dea9c,1,449.92,272.59,44,1795,FULL,2026-08-31
CUST002470,GIG_WORKER,Chennai,TN,13.083,80.27,DVC-43ab9d45a1,2,385.85,160.22,49,330,FULL,2026-08-31
CUST002471,AFFLUENT,Chennai,TN,13.083,80.27,DVC-14e3bd2cc4,2,9323.58,2885.3,28,2001,FULL,2026-08-31
CUST002472,SMALL_BUSINESS,Hyderabad,TG,17.385,78.487,DVC-8491c8a1f9,1,2603.83,1322.25,28,2539,FULL,2026-08-31
CUST002473,SALARIED_URBAN,Ahmedabad,GJ,23.023,72.571,DVC-d4ab232f1c,2,1531.99,699.23,36,2724,FULL,2026-08-31
CUST002474,SALARIED_URBAN,Bengaluru,KA,12.972,77.594,DVC-cbf520e205,3,1848.24,721.19,62,274,FULL,2026-08-31
CUST002475,GIG_WORKER,Nagpur,MH,21.146,79.088,DVC-0923312729,3,1000.42,563.02,70,2637,FULL,2026-08-31
CUST002476,SALARIED_URBAN,Mumbai,MH,19.076,72.877,DVC-02a98c3e20,2,2556.52,1226.73,49,2798,FULL,2026-08-31
CUST002477,SALARIED_URBAN,Bengaluru,KA,12.972,77.594,DVC-e82a26eda9,2,2111.5,931.67,59,2169,FULL,2026-08-31
CUST002478,GIG_WORKER,Panaji,GA,15.491,73.828,DVC-a6dae23aab,1,990.13,469.74,35,1758,FULL,2026-08-31
CUST002479,SMALL_BUSINESS,Panaji,GA,15.491,73.828,DVC-f6c22a1429,1,6649.24,2339.42,41,223,FULL,2026-08-31
CUST002480,GIG_WORKER,Kolkata,WB,22.573,88.364,DVC-b72c6ab3e6,1,523.32,302.18,43,2771,FULL,2026-08-31
CUST002481,GIG_WORKER,Pune,MH,18.52,73.857,DVC-0bac466f1e,1,661.59,322.0,62,1353,FULL,2026-08-31
CUST002482,SALARIED_URBAN,Indore,MP,22.72,75.858,DVC-5bffb5de82,1,2459.69,896.41,52,795,FULL,2026-08-31
CUST002483,SMALL_BUSINESS,Guwahati,AS,26.145,91.736,DVC-bd032327bc,2,2928.59,1249.35,35,177,FULL,2026-08-31
CUST002484,SALARIED_URBAN,Panaji,GA,15.491,73.828,DVC-bdaa24f2ed,1,1197.24,431.34,49,714,FULL,2026-08-31
CUST002485,AFFLUENT,Jaipur,RJ,26.912,75.787,DVC-d363007c99,1,14132.61,5572.37,22,285,FULL,2026-08-31
CUST002486,SALARIED_URBAN,Chandigarh,CH,30.734,76.779,DVC-177237f553,1,2414.96,1248.05,47,1277,FULL,2026-08-31
CUST002487,SALARIED_URBAN,Bengaluru,KA,12.972,77.594,DVC-205ec65a52,1,2361.18,1133.23,10,1835,FULL,2026-08-31
CUST002488,GIG_WORKER,Jaipur,RJ,26.912,75.787,DVC-fa449e2a5c,1,807.78,351.25,43,304,FULL,2026-08-31
CUST002489,SMALL_BUSINESS,Guwahati,AS,26.145,91.736,DVC-1e4969447c,2,4417.83,2518.75,60,2763,FULL,2026-08-31
CUST002490,GIG_WORKER,Pune,MH,18.52,73.857,DVC-892b4f3769,2,1069.85,621.4,33,1024,FULL,2026-08-31
CUST002491,SMALL_BUSINESS,Nagpur,MH,21.146,79.088,DVC-13acc06911,2,3607.07,1858.09,38,871,FULL,2026-08-31
CUST002492,SMALL_BUSINESS,Delhi,DL,28.614,77.209,DVC-f30437339f,2,2248.02,1312.43,40,2569,FULL,2026-08-31
CUST002493,SALARIED_URBAN,Chennai,TN,13.083,80.27,DVC-4c92f1c722,1,2573.97,1157.04,39,444,FULL,2026-08-31
CUST002494,GIG_WORKER,Indore,MP,22.72,75.858,DVC-19d5ed0091,1,518.64,244.72,40,1871,FULL,2026-08-31
CUST002495,SMALL_BUSINESS,Kochi,KL,9.932,76.267,DVC-23dcee2caa,2,6787.93,3244.74,43,76,FULL,2026-08-31
CUST002496,SALARIED_URBAN,Chennai,TN,13.083,80.27,DVC-db4ab3d778,2,1549.95,590.53,47,321,FULL,2026-08-31
CUST002497,SMALL_BUSINESS,Bengaluru,KA,12.972,77.594,DVC-7a7f3a3f54,1,7068.98,3832.99,18,2370,FULL,2026-08-31
CUST002498,GIG_WORKER,Kolkata,WB,22.573,88.364,DVC-246acd986a,1,1011.14,595.7,38,88,FULL,2026-08-31
CUST002499,AFFLUENT,Nagpur,MH,21.146,79.088,DVC-9d8654e9a2,2,15562.38,5166.58,31,1406,FULL,2026-08-31
CUST002500,SMALL_BUSINESS,Hyderabad,TG,17.385,78.487,DVC-72cb52e197,1,6101.65,2645.53,27,1078,FULL,2026-08-31
CUST002501,GIG_WORKER,Panaji,GA,15.491,73.828,DVC-592da9906e,2,633.13,275.54,23,1003,FULL,2026-08-31
CUST002502,SMALL_BUSINESS,Mumbai,MH,19.076,72.877,DVC-371279099d,1,5449.07,2010.86,44,586,FULL,2026-08-31
CUST002503,STUDENT,Nagpur,MH,21.146,79.088,DVC-76226712ad,1,541.49,295.47,30,2130,FULL,2026-08-31
CUST002504,SMALL_BUSINESS,Ahmedabad,GJ,23.023,72.571,DVC-9841281330,1,7308.94,4160.33,27,2387,FULL,2026-08-31
CUST002505,STUDENT,Chandigarh,CH,30.734,76.779,DVC-f080ae1525,2,183.61,113.5,30,673,FULL,2026-08-31
CUST002506,AFFLUENT,Mumbai,MH,19.076,72.877,DVC-7ca8ca56e0,1,5531.9,1725.16,48,687,FULL,2026-08-31
CUST002507,SALARIED_URBAN,Guwahati,AS,26.145,91.736,DVC-89b7514035,2,2312.71,992.23,28,2128,FULL,2026-08-31
CUST002508,GIG_WORKER,Delhi,DL,28.614,77.209,DVC-2bf0b7ce0a,2,604.03,276.25,33,1267,FULL,2026-08-31
CUST002509,AFFLUENT,Jaipur,RJ,26.912,75.787,DVC-6bc2ea5d20,2,10097.85,2860.66,34,699,FULL,2026-08-31
CUST002510,STUDENT,Mumbai,MH,19.076,72.877,DVC-76221dedd8,1,467.8,267.59,19,604,FULL,2026-08-31
CUST002511,GIG_WORKER,Jaipur,RJ,26.912,75.787,DVC-489830b811,1,837.54,479.21,22,480,FULL,2026-08-31
CUST002512,SALARIED_URBAN,Pune,MH,18.52,73.857,DVC-130accf72d,2,1118.11,402.05,27,529,FULL,2026-08-31
CUST002513,SALARIED_URBAN,Kochi,KL,9.932,76.267,DVC-ee65d11a45,1,1395.57,765.69,38,787,FULL,2026-08-31
CUST002514,STUDENT,Ahmedabad,GJ,23.023,72.571,DVC-d8edabf848,1,509.31,363.63,47,1123,FULL,2026-08-31
CUST002515,SALARIED_URBAN,Kochi,KL,9.932,76.267,DVC-f222d68ddf,1,1391.14,683.43,59,1735,FULL,2026-08-31
CUST002516,SALARIED_URBAN,Chennai,TN,13.083,80.27,DVC-2b12dbff54,1,1338.04,484.47,14,2131,FULL,2026-08-31
CUST002517,SALARIED_URBAN,Indore,MP,22.72,75.858,DVC-c0a94ee0a4,1,1799.96,614.45,37,382,FULL,2026-08-31
CUST002518,SMALL_BUSINESS,Nagpur,MH,21.146,79.088,DVC-0ac0c5f6ec,1,2231.96,1115.28,9,1771,FULL,2026-08-31
CUST002519,GIG_WORKER,Nagpur,MH,21.146,79.088,DVC-54c3dc9ef8,2,732.53,438.84,27,2163,FULL,2026-08-31
CUST002520,SALARIED_URBAN,Indore,MP,22.72,75.858,DVC-db8b3c6028,1,2447.43,1303.67,44,1291,FULL,2026-08-31
CUST002521,STUDENT,Jaipur,RJ,26.912,75.787,DVC-a6eeb4b381,1,645.68,418.93,32,410,FULL,2026-08-31
CUST002522,SALARIED_URBAN,Bengaluru,KA,12.972,77.594,DVC-540ce814d7,3,2597.16,1055.82,59,1345,FULL,2026-08-31
CUST002523,SMALL_BUSINESS,Ahmedabad,GJ,23.023,72.571,DVC-cb033423a4,3,7015.9,2646.91,48,461,FULL,2026-08-31
CUST002524,GIG_WORKER,Mumbai,MH,19.076,72.877,DVC-4cf2f734fa,2,782.6,486.7,43,852,FULL,2026-08-31
CUST002525,AFFLUENT,Panaji,GA,15.491,73.828,DVC-8b5266554c,3,15951.47,5030.91,38,1679,MIN,2026-08-31
CUST002526,SALARIED_URBAN,Jaipur,RJ,26.912,75.787,DVC-9d26f9621f,3,2047.12,935.14,18,1311,FULL,2026-08-31
CUST002527,STUDENT,Nagpur,MH,21.146,79.088,DVC-8998ffc881,3,431.79,243.46,46,1167,FULL,2026-08-31
CUST002528,GIG_WORKER,Panaji,GA,15.491,73.828,DVC-2972ecf699,1,712.64,403.29,55,1155,FULL,2026-08-31
CUST002529,SMALL_BUSINESS,Mumbai,MH,19.076,72.877,DVC-1a62ed02d5,1,2494.12,1227.44,29,2776,FULL,2026-08-31
CUST002530,GIG_WORKER,Guwahati,AS,26.145,91.736,DVC-7267138f90,3,524.51,212.38,20,959,FULL,2026-08-31
CUST002531,SMALL_BUSINESS,Chandigarh,CH,30.734,76.779,DVC-ab02513674,3,4049.9,1822.46,63,2657,FULL,2026-08-31
CUST002532,STUDENT,Hyderabad,TG,17.385,78.487,DVC-8817c7f264,3,597.59,343.89,43,614,MIN,2026-08-31
CUST002533,SALARIED_URBAN,Chandigarh,CH,30.734,76.779,DVC-67940cfb32,2,1765.06,931.38,38,2660,FULL,2026-08-31
CUST002534,SALARIED_URBAN,Pune,MH,18.52,73.857,DVC-206d074955,1,2070.35,1123.74,23,1516,FULL,2026-08-31
CUST002535,GIG_WORKER,Kochi,KL,9.932,76.267,DVC-b255056f4b,1,743.32,331.54,21,1688,FULL,2026-08-31
CUST002536,SALARIED_URBAN,Jaipur,RJ,26.912,75.787,DVC-011ed54cab,2,2501.48,887.09,52,1820,FULL,2026-08-31
CUST002537,STUDENT,Jaipur,RJ,26.912,75.787,DVC-262cf38ec8,1,628.67,458.27,35,69,FULL,2026-08-31
CUST002538,SMALL_BUSINESS,Panaji,GA,15.491,73.828,DVC-5a293627bf,1,5692.55,2021.49,39,1025,FULL,2026-08-31
CUST002539,GIG_WORKER,Hyderabad,TG,17.385,78.487,DVC-aae268a925,1,396.55,208.1,27,1807,FULL,2026-08-31
CUST002540,STUDENT,Pune,MH,18.52,73.857,DVC-d6d69103b6,2,256.47,154.68,17,734,FULL,2026-08-31
CUST002541,SMALL_BUSINESS,Mumbai,MH,19.076,72.877,DVC-2cca02d007,2,4998.61,2731.36,56,962,FULL,2026-08-31
CUST002542,SALARIED_URBAN,Kochi,KL,9.932,76.267,DVC-6a2463427d,1,1337.47,467.05,43,1065,FULL,2026-08-31
CUST002543,STUDENT,Delhi,DL,28.614,77.209,DVC-2fe2d5a430,2,632.21,322.38,17,2578,FULL,2026-08-31
CUST002544,SALARIED_URBAN,Hyderabad,TG,17.385,78.487,DVC-6884f195cd,1,2155.46,946.0,57,2117,FULL,2026-08-31
CUST002545,AFFLUENT,Pune,MH,18.52,73.857,DVC-6a587b4d10,1,14510.5,4871.63,46,468,FULL,2026-08-31
CUST002546,AFFLUENT,Mumbai,MH,19.076,72.877,DVC-d91b88e2c7,1,9338.58,2347.49,53,2641,FULL,2026-08-31
CUST002547,STUDENT,Guwahati,AS,26.145,91.736,DVC-5c5fd622d7,1,199.27,121.47,56,915,FULL,2026-08-31
CUST002548,SMALL_BUSINESS,Pune,MH,18.52,73.857,DVC-d73cf3787b,1,3917.39,1696.26,27,2893,FULL,2026-08-31
CUST002549,GIG_WORKER,Hyderabad,TG,17.385,78.487,DVC-7e134d4a94,1,674.02,287.01,38,2683,FULL,2026-08-31
CUST002550,SALARIED_URBAN,Panaji,GA,15.491,73.828,DVC-79e1244df0,1,2278.25,1178.34,54,1141,FULL,2026-08-31
CUST002551,SALARIED_URBAN,Pune,MH,18.52,73.857,DVC-95abc12f1b,1,1096.96,553.64,24,1399,FULL,2026-08-31
CUST002552,SALARIED_URBAN,Ahmedabad,GJ,23.023,72.571,DVC-aa209352a2,3,2025.15,1002.38,36,414,FULL,2026-08-31
CUST002553,GIG_WORKER,Bengaluru,KA,12.972,77.594,DVC-52e701e5f2,2,375.47,203.59,41,428,FULL,2026-08-31
CUST002554,SALARIED_URBAN,Panaji,GA,15.491,73.828,DVC-fee2d3ecc8,2,1841.78,991.5,45,1007,FULL,2026-08-31
CUST002555,AFFLUENT,Panaji,GA,15.491,73.828,DVC-f0e30be6ec,1,16634.85,7114.17,30,2237,FULL,2026-08-31
CUST002556,SALARIED_URBAN,Mumbai,MH,19.076,72.877,DVC-961bc3340f,2,1503.45,615.4,35,1835,FULL,2026-08-31
CUST002557,GIG_WORKER,Kolkata,WB,22.573,88.364,DVC-3fcfefa58e,2,546.76,324.58,39,2101,FULL,2026-08-31
CUST002558,SMALL_BUSINESS,Delhi,DL,28.614,77.209,DVC-85ebfebf22,1,5178.83,2376.13,29,1777,FULL,2026-08-31
CUST002559,STUDENT,Kolkata,WB,22.573,88.364,DVC-b9d1bb712f,1,526.38,298.74,43,2770,FULL,2026-08-31
CUST002560,SALARIED_URBAN,Bengaluru,KA,12.972,77.594,DVC-e246d5bc99,3,2390.11,1213.5,45,2187,FULL,2026-08-31
CUST002561,SALARIED_URBAN,Guwahati,AS,26.145,91.736,DVC-66a46457d9,1,920.89,413.86,11,548,FULL,2026-08-31
CUST002562,SALARIED_URBAN,Jaipur,RJ,26.912,75.787,DVC-bc74076404,1,1932.29,1017.2,20,2181,FULL,2026-08-31
CUST002563,STUDENT,Guwahati,AS,26.145,91.736,DVC-1ff762fdc4,2,463.24,325.74,37,2031,FULL,2026-08-31
CUST002564,SALARIED_URBAN,Nagpur,MH,21.146,79.088,DVC-3d9323a2e5,2,1541.87,582.97,51,2770,FULL,2026-08-31
CUST002565,AFFLUENT,Mumbai,MH,19.076,72.877,DVC-141037309c,1,17794.92,4592.2,59,2460,FULL,2026-08-31
CUST002566,SALARIED_URBAN,Bengaluru,KA,12.972,77.594,DVC-b6cc38d720,3,1824.31,873.2,51,2843,MIN,2026-08-31
CUST002567,SMALL_BUSINESS,Pune,MH,18.52,73.857,DVC-a94b54ea25,1,3401.51,1897.59,29,1832,FULL,2026-08-31
CUST002568,AFFLUENT,Chandigarh,CH,30.734,76.779,DVC-9cea6530c4,1,17436.68,5164.49,46,61,FULL,2026-08-31
CUST002569,SALARIED_URBAN,Lucknow,UP,26.847,80.947,DVC-a46ce636aa,2,1693.76,885.26,37,2278,FULL,2026-08-31
CUST002570,SMALL_BUSINESS,Hyderabad,TG,17.385,78.487,DVC-0acdb77728,3,6472.0,2670.8,38,2877,FULL,2026-08-31
CUST002571,SALARIED_URBAN,Pune,MH,18.52,73.857,DVC-6427d53944,1,1597.5,636.46,63,1396,FULL,2026-08-31
CUST002572,STUDENT,Guwahati,AS,26.145,91.736,DVC-50b8dd62ed,2,391.85,212.18,74,868,FULL,2026-08-31
CUST002573,SALARIED_URBAN,Bengaluru,KA,12.972,77.594,DVC-b59b76f9ea,1,1418.4,531.06,34,535,FULL,2026-08-31
CUST002574,SALARIED_URBAN,Panaji,GA,15.491,73.828,DVC-ce1d7eabc4,1,954.38,447.41,57,2406,FULL,2026-08-31
CUST002575,SMALL_BUSINESS,Lucknow,UP,26.847,80.947,DVC-ab85304920,1,5616.15,2288.24,26,2000,FULL,2026-08-31
CUST002576,GIG_WORKER,Nagpur,MH,21.146,79.088,DVC-d645edd50e,1,969.57,467.97,50,2717,FULL,2026-08-31
CUST002577,STUDENT,Mumbai,MH,19.076,72.877,DVC-a74e71c2d7,2,223.28,153.93,39,682,FULL,2026-08-31
CUST002578,STUDENT,Kochi,KL,9.932,76.267,DVC-f19c257219,2,500.43,273.33,39,962,FULL,2026-08-31
CUST002579,AFFLUENT,Indore,MP,22.72,75.858,DVC-d3772b5727,1,15768.89,4290.75,31,985,FULL,2026-08-31
CUST002580,SALARIED_URBAN,Indore,MP,22.72,75.858,DVC-316b2e5204,3,1877.82,702.98,22,2404,FULL,2026-08-31
CUST002581,SALARIED_URBAN,Delhi,DL,28.614,77.209,DVC-1fdc42f8dc,2,1147.15,456.01,23,2227,FULL,2026-08-31
CUST002582,SALARIED_URBAN,Kolkata,WB,22.573,88.364,DVC-ae75a55724,1,935.81,352.82,39,2603,FULL,2026-08-31
CUST002583,SALARIED_URBAN,Jaipur,RJ,26.912,75.787,DVC-1bd01b9b6d,1,1379.03,703.68,56,2130,FULL,2026-08-31
CUST002584,GIG_WORKER,Kochi,KL,9.932,76.267,DVC-010278fecb,1,889.42,552.03,40,1259,FULL,2026-08-31
CUST002585,SALARIED_URBAN,Bengaluru,KA,12.972,77.594,DVC-7840acdbfc,2,2125.63,748.61,38,1288,FULL,2026-08-31
CUST002586,SALARIED_URBAN,Guwahati,AS,26.145,91.736,DVC-dc10c811a7,1,1255.46,572.41,32,272,FULL,2026-08-31
CUST002587,SALARIED_URBAN,Guwahati,AS,26.145,91.736,DVC-f4ecf5ea76,2,2373.47,1176.17,10,2364,FULL,2026-08-31
CUST002588,SMALL_BUSINESS,Kochi,KL,9.932,76.267,DVC-f8e0b058ed,2,4428.66,2425.61,49,1412,FULL,2026-08-31
CUST002589,SMALL_BUSINESS,Panaji,GA,15.491,73.828,DVC-3f00c0c401,1,6872.86,2528.36,52,1403,FULL,2026-08-31
CUST002590,SMALL_BUSINESS,Guwahati,AS,26.145,91.736,DVC-83a2d1cbe0,1,2387.46,1036.24,23,2618,FULL,2026-08-31
CUST002591,AFFLUENT,Hyderabad,TG,17.385,78.487,DVC-9849749c08,1,9809.23,3677.12,12,607,FULL,2026-08-31
CUST002592,SALARIED_URBAN,Kochi,KL,9.932,76.267,DVC-80c16f7e9f,2,1632.38,635.88,44,593,FULL,2026-08-31
CUST002593,SALARIED_URBAN,Mumbai,MH,19.076,72.877,DVC-76e3a343f8,1,1738.77,570.0,33,2117,FULL,2026-08-31
CUST002594,SALARIED_URBAN,Hyderabad,TG,17.385,78.487,DVC-97703aab07,1,1218.79,546.29,40,608,FULL,2026-08-31
CUST002595,SALARIED_URBAN,Panaji,GA,15.491,73.828,DVC-b242503e6e,1,2468.19,848.79,44,2242,FULL,2026-08-31
CUST002596,STUDENT,Delhi,DL,28.614,77.209,DVC-81922f6e3f,1,597.38,364.36,34,941,FULL,2026-08-31
CUST002597,SALARIED_URBAN,Jaipur,RJ,26.912,75.787,DVC-61c80c343e,1,1694.56,885.02,61,1754,FULL,2026-08-31
CUST002598,SALARIED_URBAN,Chennai,TN,13.083,80.27,DVC-74b7e7368e,2,2326.78,1126.46,60,554,FULL,2026-08-31
CUST002599,SALARIED_URBAN,Hyderabad,TG,17.385,78.487,DVC-7ff2ff6189,2,1302.84,525.88,43,2423,FULL,2026-08-31
CUST002600,SMALL_BUSINESS,Nagpur,MH,21.146,79.088,DVC-9c2feb27c3,1,5868.17,3335.41,33,928,FULL,2026-08-31
CUST002601,GIG_WORKER,Mumbai,MH,19.076,72.877,DVC-3cc19cf3ac,2,1035.17,509.6,36,2124,FULL,2026-08-31
CUST002602,SALARIED_URBAN,Chandigarh,CH,30.734,76.779,DVC-d911a15b73,2,2325.35,1060.86,4,221,FULL,2026-08-31
CUST002603,SMALL_BUSINESS,Chennai,TN,13.083,80.27,DVC-f3039a10f9,1,6796.73,3291.84,35,1865,FULL,2026-08-31
CUST002604,GIG_WORKER,Ahmedabad,GJ,23.023,72.571,DVC-184c5b9e99,3,1042.73,531.76,41,1270,FULL,2026-08-31
CUST002605,SALARIED_URBAN,Kochi,KL,9.932,76.267,DVC-9708148444,2,1737.64,913.74,49,1420,FULL,2026-08-31
CUST002606,SMALL_BUSINESS,Nagpur,MH,21.146,79.088,DVC-d2d582a407,1,3454.08,1949.46,43,2762,FULL,2026-08-31
CUST002607,SALARIED_URBAN,Indore,MP,22.72,75.858,DVC-60d4148897,2,1030.52,324.44,49,502,MIN,2026-08-31
CUST002608,SALARIED_URBAN,Ahmedabad,GJ,23.023,72.571,DVC-532c1ebac0,1,2402.02,1095.27,37,586,FULL,2026-08-31
CUST002609,GIG_WORKER,Panaji,GA,15.491,73.828,DVC-0730e2404a,1,988.02,529.33,47,2131,MIN,2026-08-31
CUST002610,AFFLUENT,Chennai,TN,13.083,80.27,DVC-5ba7689fa8,1,4873.45,2026.56,47,2795,FULL,2026-08-31
CUST002611,AFFLUENT,Bengaluru,KA,12.972,77.594,DVC-796e201995,2,17178.62,5864.66,47,2686,FULL,2026-08-31
CUST002612,STUDENT,Kochi,KL,9.932,76.267,DVC-7cd9aa85f0,1,523.67,323.23,41,2205,MIN,2026-08-31
CUST002613,STUDENT,Mumbai,MH,19.076,72.877,DVC-883704e163,1,459.41,290.03,19,239,FULL,2026-08-31
CUST002614,SMALL_BUSINESS,Panaji,GA,15.491,73.828,DVC-e924b5c14d,3,3364.16,1570.53,18,1725,FULL,2026-08-31
CUST002615,AFFLUENT,Delhi,DL,28.614,77.209,DVC-54dcbe8cd8,1,13530.19,4959.9,12,210,FULL,2026-08-31
CUST002616,SALARIED_URBAN,Panaji,GA,15.491,73.828,DVC-95f397070f,1,1110.3,418.85,30,378,FULL,2026-08-31
CUST002617,SMALL_BUSINESS,Delhi,DL,28.614,77.209,DVC-e0b9422b7a,2,6792.7,4057.61,56,462,FULL,2026-08-31
CUST002618,STUDENT,Jaipur,RJ,26.912,75.787,DVC-37486b0186,2,581.11,274.68,47,1927,FULL,2026-08-31
CUST002619,SALARIED_URBAN,Nagpur,MH,21.146,79.088,DVC-aaf8aac617,2,1400.74,761.18,42,1166,FULL,2026-08-31
CUST002620,GIG_WORKER,Chennai,TN,13.083,80.27,DVC-9efcaaf1bc,1,744.17,406.69,50,893,FULL,2026-08-31
CUST002621,GIG_WORKER,Panaji,GA,15.491,73.828,DVC-d97b5df07c,3,658.2,350.66,25,1867,FULL,2026-08-31
CUST002622,SALARIED_URBAN,Jaipur,RJ,26.912,75.787,DVC-f8adf8013c,1,1886.75,763.6,41,1981,FULL,2026-08-31
CUST002623,GIG_WORKER,Pune,MH,18.52,73.857,DVC-130ce1d335,2,614.37,315.82,56,1173,FULL,2026-08-31
CUST002624,SALARIED_URBAN,Chandigarh,CH,30.734,76.779,DVC-30f3a8ed53,3,2404.18,781.31,32,1532,FULL,2026-08-31
CUST002625,SALARIED_URBAN,Hyderabad,TG,17.385,78.487,DVC-fca3a2d05e,1,1706.65,914.14,45,359,FULL,2026-08-31
CUST002626,STUDENT,Guwahati,AS,26.145,91.736,DVC-706dafc296,3,330.85,183.16,34,1863,FULL,2026-08-31
CUST002627,SMALL_BUSINESS,Chandigarh,CH,30.734,76.779,DVC-f07d75e730,3,6091.5,2456.72,13,2105,FULL,2026-08-31
CUST002628,SALARIED_URBAN,Guwahati,AS,26.145,91.736,DVC-a1bf1cad2d,3,1249.75,636.99,27,1752,FULL,2026-08-31
CUST002629,AFFLUENT,Pune,MH,18.52,73.857,DVC-cee6b58aa9,1,16879.87,5891.1,32,531,FULL,2026-08-31
CUST002630,STUDENT,Ahmedabad,GJ,23.023,72.571,DVC-54dc817473,2,594.12,344.76,42,1876,FULL,2026-08-31
CUST002631,SALARIED_URBAN,Lucknow,UP,26.847,80.947,DVC-caf8f9fbd9,2,984.38,425.54,59,2212,FULL,2026-08-31
CUST002632,SALARIED_URBAN,Ahmedabad,GJ,23.023,72.571,DVC-84345a7629,3,2281.58,976.32,59,247,FULL,2026-08-31
CUST002633,SMALL_BUSINESS,Chandigarh,CH,30.734,76.779,DVC-41f4f0e9e1,1,5359.43,3080.54,30,231,FULL,2026-08-31
CUST002634,SALARIED_URBAN,Jaipur,RJ,26.912,75.787,DVC-cd674f3cc1,1,1589.82,667.61,43,1194,FULL,2026-08-31
CUST002635,STUDENT,Hyderabad,TG,17.385,78.487,DVC-2fc39a5888,1,493.91,237.18,50,700,FULL,2026-08-31
CUST002636,SMALL_BUSINESS,Guwahati,AS,26.145,91.736,DVC-b26dcd2fe5,2,2898.81,1692.39,20,2778,FULL,2026-08-31
CUST002637,SALARIED_URBAN,Lucknow,UP,26.847,80.947,DVC-0b00660c10,2,1741.93,883.88,43,426,FULL,2026-08-31
CUST002638,SALARIED_URBAN,Pune,MH,18.52,73.857,DVC-f3e3b6ae92,1,1436.27,503.57,45,618,FULL,2026-08-31
CUST002639,SMALL_BUSINESS,Delhi,DL,28.614,77.209,DVC-7283e6cb75,1,4279.61,2513.18,21,344,FULL,2026-08-31
CUST002640,SALARIED_URBAN,Mumbai,MH,19.076,72.877,DVC-d6276a503d,2,1026.52,365.61,26,759,FULL,2026-08-31
CUST002641,SMALL_BUSINESS,Mumbai,MH,19.076,72.877,DVC-b2e78ab409,2,2541.86,1505.28,49,1446,FULL,2026-08-31
CUST002642,SALARIED_URBAN,Kolkata,WB,22.573,88.364,DVC-40cf58e1f3,2,1622.47,697.48,20,547,FULL,2026-08-31
CUST002643,GIG_WORKER,Mumbai,MH,19.076,72.877,DVC-083cd92d21,1,411.91,285.64,36,831,FULL,2026-08-31
CUST002644,STUDENT,Chandigarh,CH,30.734,76.779,DVC-bb280718b8,2,491.56,279.46,35,909,FULL,2026-08-31
CUST002645,SMALL_BUSINESS,Pune,MH,18.52,73.857,DVC-1421867644,3,4330.24,2083.33,17,2466,FULL,2026-08-31
CUST002646,AFFLUENT,Panaji,GA,15.491,73.828,DVC-b5bbc07786,1,9162.05,3907.46,38,2397,FULL,2026-08-31
CUST002647,AFFLUENT,Ahmedabad,GJ,23.023,72.571,DVC-b4abc5c028,1,10011.97,3653.63,37,1932,FULL,2026-08-31
CUST002648,SALARIED_URBAN,Indore,MP,22.72,75.858,DVC-a44ac68974,2,1169.01,525.25,40,829,FULL,2026-08-31
CUST002649,SALARIED_URBAN,Chennai,TN,13.083,80.27,DVC-21581d7fa6,3,1014.33,419.84,12,1312,FULL,2026-08-31
CUST002650,STUDENT,Kochi,KL,9.932,76.267,DVC-8b43225229,3,645.07,446.54,43,1021,FULL,2026-08-31
CUST002651,SMALL_BUSINESS,Panaji,GA,15.491,73.828,DVC-5ed5c49fa1,2,7021.89,2618.27,33,1226,FULL,2026-08-31
CUST002652,SMALL_BUSINESS,Hyderabad,TG,17.385,78.487,DVC-55519a2d3c,3,6327.49,2865.44,28,985,FULL,2026-08-31
CUST002653,SALARIED_URBAN,Jaipur,RJ,26.912,75.787,DVC-842665bb6b,2,2071.85,1098.5,25,1903,FULL,2026-08-31
CUST002654,AFFLUENT,Bengaluru,KA,12.972,77.594,DVC-45530c5143,1,5052.2,1738.48,64,550,FULL,2026-08-31
CUST002655,GIG_WORKER,Pune,MH,18.52,73.857,DVC-6652590930,3,774.86,422.46,20,1914,FULL,2026-08-31
CUST002656,AFFLUENT,Ahmedabad,GJ,23.023,72.571,DVC-bb6be5d541,1,6480.44,1869.71,42,2557,FULL,2026-08-31
CUST002657,SALARIED_URBAN,Panaji,GA,15.491,73.828,DVC-a48e6e674e,1,2027.07,1085.21,13,615,FULL,2026-08-31
CUST002658,GIG_WORKER,Kochi,KL,9.932,76.267,DVC-7884f52238,2,819.67,550.44,36,432,FULL,2026-08-31
CUST002659,STUDENT,Jaipur,RJ,26.912,75.787,DVC-af609e2cc4,1,435.58,311.95,17,1767,MIN,2026-08-31
CUST002660,SALARIED_URBAN,Kolkata,WB,22.573,88.364,DVC-bce7195e98,2,2244.41,693.28,51,850,FULL,2026-08-31
CUST002661,AFFLUENT,Kolkata,WB,22.573,88.364,DVC-a926cd983e,1,4633.53,1653.91,71,2425,FULL,2026-08-31
CUST002662,AFFLUENT,Mumbai,MH,19.076,72.877,DVC-5e76a6de07,1,17913.05,6874.73,43,426,FULL,2026-08-31
CUST002663,AFFLUENT,Bengaluru,KA,12.972,77.594,DVC-98b9fc622d,1,6261.39,2101.12,32,653,FULL,2026-08-31
CUST002664,SALARIED_URBAN,Nagpur,MH,21.146,79.088,DVC-c840e11a43,1,1677.66,764.02,37,1486,FULL,2026-08-31
CUST002665,SMALL_BUSINESS,Indore,MP,22.72,75.858,DVC-63ff4578a9,1,2749.59,1244.27,33,2100,FULL,2026-08-31
CUST002666,SALARIED_URBAN,Indore,MP,22.72,75.858,DVC-8958aa0d33,1,1925.61,641.14,17,2026,FULL,2026-08-31
CUST002667,SALARIED_URBAN,Mumbai,MH,19.076,72.877,DVC-9fde46f416,1,1197.9,396.47,62,2127,FULL,2026-08-31
CUST002668,GIG_WORKER,Lucknow,UP,26.847,80.947,DVC-63449622f1,2,760.3,329.15,55,1193,FULL,2026-08-31
CUST002669,AFFLUENT,Ahmedabad,GJ,23.023,72.571,DVC-c9a28cca49,1,13289.52,4150.98,46,2445,FULL,2026-08-31
CUST002670,STUDENT,Kochi,KL,9.932,76.267,DVC-c592571f70,1,225.38,150.78,46,1760,FULL,2026-08-31
CUST002671,SALARIED_URBAN,Nagpur,MH,21.146,79.088,DVC-c8182ab130,1,2244.79,982.55,25,1683,FULL,2026-08-31
CUST002672,AFFLUENT,Pune,MH,18.52,73.857,DVC-6881c707ce,2,8035.3,2365.0,51,2312,FULL,2026-08-31
CUST002673,SALARIED_URBAN,Chennai,TN,13.083,80.27,DVC-549c1b452b,2,1075.99,512.59,21,1644,MIN,2026-08-31
CUST002674,SALARIED_URBAN,Hyderabad,TG,17.385,78.487,DVC-bbe70f804a,1,1861.23,682.41,40,1557,MIN,2026-08-31
CUST002675,SALARIED_URBAN,Jaipur,RJ,26.912,75.787,DVC-b853cfbfe4,2,1229.73,598.94,52,2262,FULL,2026-08-31
CUST002676,SALARIED_URBAN,Delhi,DL,28.614,77.209,DVC-6a3806e197,1,2240.25,1072.28,64,587,FULL,2026-08-31
CUST002677,STUDENT,Hyderabad,TG,17.385,78.487,DVC-66815d5816,2,209.32,116.66,44,2056,FULL,2026-08-31
CUST002678,SALARIED_URBAN,Chennai,TN,13.083,80.27,DVC-b1e015e907,1,2140.01,796.5,51,523,FULL,2026-08-31
CUST002679,STUDENT,Pune,MH,18.52,73.857,DVC-be80596e15,1,342.07,188.19,27,98,FULL,2026-08-31
CUST002680,SMALL_BUSINESS,Indore,MP,22.72,75.858,DVC-4540735fcc,2,3529.55,1369.02,39,1452,FULL,2026-08-31
CUST002681,STUDENT,Nagpur,MH,21.146,79.088,DVC-1354475d0b,1,557.32,366.23,25,1868,FULL,2026-08-31
CUST002682,AFFLUENT,Bengaluru,KA,12.972,77.594,DVC-6468671e99,1,9887.2,3325.94,25,2008,FULL,2026-08-31
CUST002683,SALARIED_URBAN,Guwahati,AS,26.145,91.736,DVC-d9d3c1b354,1,1864.83,668.86,43,2791,FULL,2026-08-31
CUST002684,SALARIED_URBAN,Panaji,GA,15.491,73.828,DVC-cb8e360948,1,2146.95,741.61,57,2662,FULL,2026-08-31
CUST002685,GIG_WORKER,Hyderabad,TG,17.385,78.487,DVC-8c6ae6f2c8,1,647.76,290.43,8,1361,FULL,2026-08-31
CUST002686,SALARIED_URBAN,Chandigarh,CH,30.734,76.779,DVC-aff8ca3d4d,1,945.35,289.33,24,1637,FULL,2026-08-31
CUST002687,SALARIED_URBAN,Guwahati,AS,26.145,91.736,DVC-27b01f1d8d,1,1495.17,505.13,27,976,FULL,2026-08-31
CUST002688,STUDENT,Kochi,KL,9.932,76.267,DVC-e290afdaab,1,622.29,334.47,30,1525,FULL,2026-08-31
CUST002689,SMALL_BUSINESS,Mumbai,MH,19.076,72.877,DVC-6c573dadcb,2,2550.81,1226.48,46,1064,FULL,2026-08-31
CUST002690,GIG_WORKER,Lucknow,UP,26.847,80.947,DVC-f3a89087ac,3,690.08,470.92,41,1017,FULL,2026-08-31
CUST002691,SALARIED_URBAN,Jaipur,RJ,26.912,75.787,DVC-345b4df6a7,3,1040.76,430.9,40,1841,FULL,2026-08-31
CUST002692,SALARIED_URBAN,Jaipur,RJ,26.912,75.787,DVC-596863771f,3,2022.39,839.09,37,2703,FULL,2026-08-31
CUST002693,SMALL_BUSINESS,Mumbai,MH,19.076,72.877,DVC-c0d279b5b3,1,4632.03,1732.41,41,1796,FULL,2026-08-31
CUST002694,SALARIED_URBAN,Guwahati,AS,26.145,91.736,DVC-3d9b4e83bb,1,1144.76,395.82,41,830,FULL,2026-08-31
CUST002695,SALARIED_URBAN,Lucknow,UP,26.847,80.947,DVC-5bd599101f,1,1278.58,674.46,69,895,FULL,2026-08-31
CUST002696,GIG_WORKER,Bengaluru,KA,12.972,77.594,DVC-2dd4a38fe6,2,733.27,318.27,48,807,FULL,2026-08-31
CUST002697,STUDENT,Nagpur,MH,21.146,79.088,DVC-001c277c83,1,193.69,89.66,32,1882,FULL,2026-08-31
CUST002698,SMALL_BUSINESS,Kochi,KL,9.932,76.267,DVC-722da6dfab,3,6633.75,3189.99,48,1876,FULL,2026-08-31
CUST002699,SMALL_BUSINESS,Panaji,GA,15.491,73.828,DVC-3b92033f36,1,3223.68,1659.32,31,1468,FULL,2026-08-31
CUST002700,SMALL_BUSINESS,Pune,MH,18.52,73.857,DVC-a6fd2c41f1,3,7269.94,2609.86,45,341,FULL,2026-08-31
CUST002701,SALARIED_URBAN,Ahmedabad,GJ,23.023,72.571,DVC-dd996c9b3a,1,1850.5,954.3,43,1951,FULL,2026-08-31
CUST002702,STUDENT,Nagpur,MH,21.146,79.088,DVC-fd269a2883,1,330.34,193.29,42,2507,FULL,2026-08-31
CUST002703,SALARIED_URBAN,Ahmedabad,GJ,23.023,72.571,DVC-48a8fc318e,1,2465.72,1345.49,61,1371,FULL,2026-08-31
CUST002704,GIG_WORKER,Kolkata,WB,22.573,88.364,DVC-c95b935231,1,1018.89,645.05,52,1390,FULL,2026-08-31
CUST002705,GIG_WORKER,Ahmedabad,GJ,23.023,72.571,DVC-b1e9644b72,2,394.06,163.93,41,1552,FULL,2026-08-31
CUST002706,SMALL_BUSINESS,Jaipur,RJ,26.912,75.787,DVC-f30f6d63d4,3,4551.07,2514.97,27,2072,FULL,2026-08-31
CUST002707,STUDENT,Lucknow,UP,26.847,80.947,DVC-e99442d34e,1,381.18,210.37,41,2149,FULL,2026-08-31
CUST002708,GIG_WORKER,Guwahati,AS,26.145,91.736,DVC-424ae3601a,2,1099.71,629.3,16,2497,FULL,2026-08-31
CUST002709,AFFLUENT,Nagpur,MH,21.146,79.088,DVC-307fdc7e66,2,12805.68,3834.64,62,280,FULL,2026-08-31
CUST002710,STUDENT,Mumbai,MH,19.076,72.877,DVC-7fb39e14ae,1,348.44,246.72,70,878,FULL,2026-08-31
CUST002711,SALARIED_URBAN,Kochi,KL,9.932,76.267,DVC-8cf97eb229,2,2424.42,1208.51,48,1418,FULL,2026-08-31
CUST002712,GIG_WORKER,Bengaluru,KA,12.972,77.594,DVC-974bb5f967,2,762.5,446.11,24,2067,FULL,2026-08-31
CUST002713,GIG_WORKER,Nagpur,MH,21.146,79.088,DVC-fe3775607b,2,415.46,270.89,17,773,FULL,2026-08-31
CUST002714,AFFLUENT,Ahmedabad,GJ,23.023,72.571,DVC-0dc8aa8bff,2,10550.63,4516.04,51,390,FULL,2026-08-31
CUST002715,SALARIED_URBAN,Indore,MP,22.72,75.858,DVC-be7e95df36,1,2460.66,937.41,36,2784,FULL,2026-08-31
CUST002716,SMALL_BUSINESS,Panaji,GA,15.491,73.828,DVC-6b2d67d839,3,3771.85,2089.35,60,146,FULL,2026-08-31
CUST002717,AFFLUENT,Hyderabad,TG,17.385,78.487,DVC-c6d4061171,2,7081.58,2431.01,47,2800,FULL,2026-08-31
CUST002718,STUDENT,Nagpur,MH,21.146,79.088,DVC-cdbfb202af,3,465.27,322.86,65,374,FULL,2026-08-31
CUST002719,GIG_WORKER,Kolkata,WB,22.573,88.364,DVC-7f6c4fb0f0,1,1089.02,580.65,63,452,FULL,2026-08-31
CUST002720,GIG_WORKER,Jaipur,RJ,26.912,75.787,DVC-5b74753bdb,1,708.77,406.08,6,1148,FULL,2026-08-31
CUST002721,SMALL_BUSINESS,Lucknow,UP,26.847,80.947,DVC-3280bfd787,1,5374.89,2386.56,35,2684,FULL,2026-08-31
CUST002722,SALARIED_URBAN,Lucknow,UP,26.847,80.947,DVC-88a0db9574,1,1194.53,476.85,30,1378,FULL,2026-08-31
CUST002723,SALARIED_URBAN,Chandigarh,CH,30.734,76.779,DVC-d8c4b02d30,1,2089.72,1047.66,21,1020,FULL,2026-08-31
CUST002724,GIG_WORKER,Guwahati,AS,26.145,91.736,DVC-f22fb0b745,1,734.06,359.53,21,2231,FULL,2026-08-31
CUST002725,STUDENT,Chandigarh,CH,30.734,76.779,DVC-5a3712b679,1,370.16,213.02,26,2598,FULL,2026-08-31
CUST002726,STUDENT,Pune,MH,18.52,73.857,DVC-269c1c77af,2,616.83,422.17,45,610,FULL,2026-08-31
CUST002727,SALARIED_URBAN,Jaipur,RJ,26.912,75.787,DVC-69ded14d92,1,1163.28,416.55,41,2171,FULL,2026-08-31
CUST002728,SMALL_BUSINESS,Lucknow,UP,26.847,80.947,DVC-fe318fdc46,1,6727.95,2817.6,33,1305,FULL,2026-08-31
CUST002729,SMALL_BUSINESS,Mumbai,MH,19.076,72.877,DVC-b1852df7e7,2,2618.88,1412.23,52,829,FULL,2026-08-31
CUST002730,GIG_WORKER,Bengaluru,KA,12.972,77.594,DVC-e68cebd393,1,457.71,242.44,42,1681,FULL,2026-08-31
CUST002731,SMALL_BUSINESS,Panaji,GA,15.491,73.828,DVC-46dcd26e59,3,3964.82,2047.63,30,1903,FULL,2026-08-31
CUST002732,SALARIED_URBAN,Guwahati,AS,26.145,91.736,DVC-86fcf791d5,2,1310.25,586.5,47,961,FULL,2026-08-31
CUST002733,SMALL_BUSINESS,Mumbai,MH,19.076,72.877,DVC-a8ca4d2c8d,2,3318.64,1711.34,27,804,FULL,2026-08-31
CUST002734,SMALL_BUSINESS,Nagpur,MH,21.146,79.088,DVC-7dd3ae38b6,3,2431.49,1391.95,34,2755,FULL,2026-08-31
CUST002735,AFFLUENT,Mumbai,MH,19.076,72.877,DVC-2d852d6127,1,12201.43,4789.11,47,2522,FULL,2026-08-31
CUST002736,SMALL_BUSINESS,Jaipur,RJ,26.912,75.787,DVC-7b2219b2d7,2,5852.03,2398.31,32,410,FULL,2026-08-31
CUST002737,STUDENT,Chennai,TN,13.083,80.27,DVC-8d9d5f3a2a,2,354.19,216.14,13,2514,FULL,2026-08-31
CUST002738,STUDENT,Chandigarh,CH,30.734,76.779,DVC-9abcfcbeee,1,386.4,213.51,35,1586,FULL,2026-08-31
CUST002739,SALARIED_URBAN,Chandigarh,CH,30.734,76.779,DVC-ef5b46e193,1,1819.2,955.14,23,2276,FULL,2026-08-31
CUST002740,AFFLUENT,Indore,MP,22.72,75.858,DVC-ffd6755b51,2,15578.32,5183.21,30,230,FULL,2026-08-31
CUST002741,SALARIED_URBAN,Bengaluru,KA,12.972,77.594,DVC-e5fdae25b9,1,992.93,498.35,6,2595,FULL,2026-08-31
CUST002742,STUDENT,Nagpur,MH,21.146,79.088,DVC-66e577a5ad,1,405.5,298.09,10,995,FULL,2026-08-31
CUST002743,SALARIED_URBAN,Nagpur,MH,21.146,79.088,DVC-23898a25ac,2,2149.49,1136.68,39,2559,FULL,2026-08-31
CUST002744,SALARIED_URBAN,Mumbai,MH,19.076,72.877,DVC-339036bba7,1,1357.99,637.64,52,589,FULL,2026-08-31
CUST002745,SALARIED_URBAN,Jaipur,RJ,26.912,75.787,DVC-cebb2ddf70,3,1832.75,710.58,27,1965,FULL,2026-08-31
CUST002746,SALARIED_URBAN,Hyderabad,TG,17.385,78.487,DVC-3ad049f509,1,2399.67,1139.14,5,161,FULL,2026-08-31
CUST002747,AFFLUENT,Pune,MH,18.52,73.857,DVC-895159f494,2,16586.56,5869.49,45,2751,FULL,2026-08-31
CUST002748,AFFLUENT,Delhi,DL,28.614,77.209,DVC-e50015749c,1,13510.44,5878.42,29,1865,MIN,2026-08-31
CUST002749,GIG_WORKER,Lucknow,UP,26.847,80.947,DVC-24cd77aa93,1,607.53,355.14,20,1958,FULL,2026-08-31
CUST002750,STUDENT,Kochi,KL,9.932,76.267,DVC-69968703a5,1,641.88,373.09,30,401,FULL,2026-08-31
CUST002751,SMALL_BUSINESS,Guwahati,AS,26.145,91.736,DVC-5ffd84920f,1,7008.87,3552.36,50,577,FULL,2026-08-31
CUST002752,SALARIED_URBAN,Panaji,GA,15.491,73.828,DVC-8c8d597a1a,3,1589.03,659.39,13,271,FULL,2026-08-31
CUST002753,STUDENT,Ahmedabad,GJ,23.023,72.571,DVC-1b5236ad0d,1,237.21,164.63,33,1735,FULL,2026-08-31
CUST002754,STUDENT,Jaipur,RJ,26.912,75.787,DVC-51e10eefdc,2,493.9,301.17,30,2588,FULL,2026-08-31
CUST002755,SALARIED_URBAN,Mumbai,MH,19.076,72.877,DVC-cbdbf13e5d,1,1249.8,506.06,48,1728,FULL,2026-08-31
CUST002756,SALARIED_URBAN,Mumbai,MH,19.076,72.877,DVC-266382a9bf,1,2203.02,716.08,41,484,FULL,2026-08-31
CUST002757,SMALL_BUSINESS,Delhi,DL,28.614,77.209,DVC-fa9b9f6416,1,6982.69,3093.73,46,60,FULL,2026-08-31
CUST002758,AFFLUENT,Indore,MP,22.72,75.858,DVC-5f9400d5e8,3,17045.93,6079.58,35,2560,FULL,2026-08-31
CUST002759,STUDENT,Pune,MH,18.52,73.857,DVC-6f6e9c8777,2,347.02,240.18,39,2523,FULL,2026-08-31
CUST002760,SMALL_BUSINESS,Mumbai,MH,19.076,72.877,DVC-330c563b4f,3,6574.43,3013.47,25,642,FULL,2026-08-31
CUST002761,SMALL_BUSINESS,Pune,MH,18.52,73.857,DVC-4456b874e0,1,5479.05,3230.73,49,2674,FULL,2026-08-31
CUST002762,SMALL_BUSINESS,Pune,MH,18.52,73.857,DVC-8a31b6db04,1,6943.44,2716.76,7,1963,FULL,2026-08-31
CUST002763,STUDENT,Indore,MP,22.72,75.858,DVC-084be59dc8,1,366.63,181.92,26,231,FULL,2026-08-31
CUST002764,SALARIED_URBAN,Ahmedabad,GJ,23.023,72.571,DVC-39e1897357,1,1293.17,425.51,23,496,MIN,2026-08-31
CUST002765,AFFLUENT,Nagpur,MH,21.146,79.088,DVC-f0bea9f2dc,1,15466.68,6739.16,59,1105,FULL,2026-08-31
CUST002766,GIG_WORKER,Jaipur,RJ,26.912,75.787,DVC-5a9e89b308,1,937.45,457.57,27,2025,FULL,2026-08-31
CUST002767,SALARIED_URBAN,Kolkata,WB,22.573,88.364,DVC-8cc5a28e1d,1,992.33,314.06,38,2018,FULL,2026-08-31
CUST002768,SALARIED_URBAN,Mumbai,MH,19.076,72.877,DVC-66e8537f90,2,1622.18,565.49,63,954,FULL,2026-08-31
CUST002769,SMALL_BUSINESS,Delhi,DL,28.614,77.209,DVC-4f5c254d80,2,5469.42,3240.78,52,644,FULL,2026-08-31
CUST002770,STUDENT,Mumbai,MH,19.076,72.877,DVC-fbb5872123,3,325.05,221.33,40,134,FULL,2026-08-31
CUST002771,GIG_WORKER,Kochi,KL,9.932,76.267,DVC-d3e529e35c,1,927.12,517.76,23,2793,FULL,2026-08-31
CUST002772,STUDENT,Kochi,KL,9.932,76.267,DVC-584bd58d68,1,226.78,108.85,44,1831,FULL,2026-08-31
CUST002773,SALARIED_URBAN,Kochi,KL,9.932,76.267,DVC-efe488a79c,1,953.71,479.35,12,1744,FULL,2026-08-31
CUST002774,STUDENT,Chandigarh,CH,30.734,76.779,DVC-8b5fa7b1de,1,549.73,316.99,33,1854,FULL,2026-08-31
CUST002775,STUDENT,Chennai,TN,13.083,80.27,DVC-2dbfbd3866,2,321.42,179.18,48,1108,FULL,2026-08-31
CUST002776,AFFLUENT,Panaji,GA,15.491,73.828,DVC-7bfc40e6a1,1,6600.56,2099.18,11,825,FULL,2026-08-31
CUST002777,SMALL_BUSINESS,Hyderabad,TG,17.385,78.487,DVC-efad399a46,1,3954.27,2088.91,30,197,FULL,2026-08-31
CUST002778,STUDENT,Panaji,GA,15.491,73.828,DVC-364e1ca158,1,213.03,127.13,15,656,FULL,2026-08-31
CUST002779,SMALL_BUSINESS,Pune,MH,18.52,73.857,DVC-4c27cdccd0,2,2439.12,1156.79,59,1642,MIN,2026-08-31
CUST002780,SMALL_BUSINESS,Chennai,TN,13.083,80.27,DVC-99df63c5c2,1,7436.95,2907.19,42,2471,FULL,2026-08-31
CUST002781,SALARIED_URBAN,Kochi,KL,9.932,76.267,DVC-3c44c4e3a7,1,1566.02,786.48,39,543,FULL,2026-08-31
CUST002782,GIG_WORKER,Kochi,KL,9.932,76.267,DVC-adfa198888,1,827.98,516.5,26,2324,MIN,2026-08-31
CUST002783,GIG_WORKER,Kolkata,WB,22.573,88.364,DVC-a1ec301f95,2,1080.76,671.54,50,1135,FULL,2026-08-31
CUST002784,AFFLUENT,Ahmedabad,GJ,23.023,72.571,DVC-cb2a9f1ece,2,10502.07,2697.08,34,1015,FULL,2026-08-31
CUST002785,GIG_WORKER,Kolkata,WB,22.573,88.364,DVC-44c95b895c,2,1054.59,655.46,53,1928,FULL,2026-08-31
CUST002786,SMALL_BUSINESS,Kochi,KL,9.932,76.267,DVC-09a8e3e16f,1,7060.54,3986.43,52,686,FULL,2026-08-31
CUST002787,SMALL_BUSINESS,Kolkata,WB,22.573,88.364,DVC-47cee6e19e,1,2418.89,1069.15,59,2871,FULL,2026-08-31
CUST002788,GIG_WORKER,Nagpur,MH,21.146,79.088,DVC-de6e08c2a2,2,370.59,231.8,29,667,FULL,2026-08-31
CUST002789,STUDENT,Hyderabad,TG,17.385,78.487,DVC-60cb4c4a03,2,615.56,445.96,29,772,FULL,2026-08-31
CUST002790,GIG_WORKER,Kochi,KL,9.932,76.267,DVC-b51051362c,2,352.93,206.67,15,2681,MIN,2026-08-31
CUST002791,AFFLUENT,Hyderabad,TG,17.385,78.487,DVC-32bd3db3a6,1,12492.41,5307.97,46,2054,FULL,2026-08-31
CUST002792,SALARIED_URBAN,Kochi,KL,9.932,76.267,DVC-cd16b12a7b,2,2032.71,888.89,56,2332,FULL,2026-08-31
CUST002793,AFFLUENT,Kochi,KL,9.932,76.267,DVC-36354c2214,1,9389.91,3325.12,62,2078,FULL,2026-08-31
CUST002794,GIG_WORKER,Pune,MH,18.52,73.857,DVC-5a70121fd0,3,634.34,404.51,60,54,FULL,2026-08-31
CUST002795,SMALL_BUSINESS,Hyderabad,TG,17.385,78.487,DVC-47c3c7b4eb,1,6322.55,2698.66,47,228,FULL,2026-08-31
CUST002796,SALARIED_URBAN,Indore,MP,22.72,75.858,DVC-6650c93e58,2,1337.01,670.19,49,438,FULL,2026-08-31
CUST002797,STUDENT,Kochi,KL,9.932,76.267,DVC-4c7b9edc7c,1,249.87,183.43,49,2547,FULL,2026-08-31
CUST002798,SMALL_BUSINESS,Delhi,DL,28.614,77.209,DVC-e969aa4a47,1,3367.46,1950.64,18,2540,MIN,2026-08-31
CUST002799,GIG_WORKER,Guwahati,AS,26.145,91.736,DVC-8b7b80035b,3,675.37,461.43,29,1347,FULL,2026-08-31
CUST002800,SALARIED_URBAN,Indore,MP,22.72,75.858,DVC-938f387278,2,2377.49,792.88,25,701,FULL,2026-08-31
CUST002801,STUDENT,Hyderabad,TG,17.385,78.487,DVC-0189013c19,2,546.64,380.03,16,2547,FULL,2026-08-31
CUST002802,GIG_WORKER,Chennai,TN,13.083,80.27,DVC-cdff896ed1,1,896.62,420.34,48,460,FULL,2026-08-31
CUST002803,SALARIED_URBAN,Hyderabad,TG,17.385,78.487,DVC-19594c4396,2,1488.67,549.93,40,1719,FULL,2026-08-31
CUST002804,SALARIED_URBAN,Hyderabad,TG,17.385,78.487,DVC-7f59683a49,2,1929.42,927.76,42,368,FULL,2026-08-31
CUST002805,GIG_WORKER,Hyderabad,TG,17.385,78.487,DVC-1009632f48,1,458.96,315.39,21,777,FULL,2026-08-31
CUST002806,SMALL_BUSINESS,Nagpur,MH,21.146,79.088,DVC-0a86fa6c28,1,4700.37,2615.31,53,1146,FULL,2026-08-31
CUST002807,SALARIED_URBAN,Hyderabad,TG,17.385,78.487,DVC-afa8dfef57,1,1530.36,765.42,9,1148,FULL,2026-08-31
CUST002808,SMALL_BUSINESS,Nagpur,MH,21.146,79.088,DVC-ab65152952,2,2524.6,1173.44,38,2498,FULL,2026-08-31
CUST002809,AFFLUENT,Chandigarh,CH,30.734,76.779,DVC-066c850520,1,6403.51,1641.74,34,108,MIN,2026-08-31
CUST002810,AFFLUENT,Mumbai,MH,19.076,72.877,DVC-62334dea53,1,9668.08,3940.08,47,1655,FULL,2026-08-31
CUST002811,SALARIED_URBAN,Indore,MP,22.72,75.858,DVC-f4ef0197ec,2,1792.17,985.54,48,657,FULL,2026-08-31
CUST002812,SALARIED_URBAN,Jaipur,RJ,26.912,75.787,DVC-e9fb2c16a0,2,2458.83,881.57,57,1229,FULL,2026-08-31
CUST002813,SALARIED_URBAN,Chandigarh,CH,30.734,76.779,DVC-ff62da106c,1,2253.6,1220.39,41,1724,FULL,2026-08-31
CUST002814,SALARIED_URBAN,Chandigarh,CH,30.734,76.779,DVC-13d3c87376,1,1233.88,597.63,33,658,FULL,2026-08-31
CUST002815,SALARIED_URBAN,Chennai,TN,13.083,80.27,DVC-d15c83d588,1,2019.15,1006.81,52,1489,FULL,2026-08-31
CUST002816,AFFLUENT,Delhi,DL,28.614,77.209,DVC-aba3f2a892,2,7714.83,2731.93,30,1716,FULL,2026-08-31
CUST002817,GIG_WORKER,Pune,MH,18.52,73.857,DVC-ab0db30750,1,616.4,358.98,14,950,FULL,2026-08-31
CUST002818,STUDENT,Mumbai,MH,19.076,72.877,DVC-8a025e313a,2,579.99,282.1,46,1665,FULL,2026-08-31
CUST002819,SMALL_BUSINESS,Bengaluru,KA,12.972,77.594,DVC-1f102804d8,2,2483.7,1269.97,52,842,FULL,2026-08-31
CUST002820,SMALL_BUSINESS,Bengaluru,KA,12.972,77.594,DVC-45e7b62617,1,3568.3,1410.5,33,2281,FULL,2026-08-31
CUST002821,GIG_WORKER,Jaipur,RJ,26.912,75.787,DVC-45ba5204fd,1,1031.29,662.1,68,709,FULL,2026-08-31
CUST002822,SALARIED_URBAN,Nagpur,MH,21.146,79.088,DVC-2c7d0bd2f4,1,2139.24,677.86,31,585,FULL,2026-08-31
CUST002823,SMALL_BUSINESS,Lucknow,UP,26.847,80.947,DVC-040022ce83,2,7441.21,3695.46,47,2084,FULL,2026-08-31
CUST002824,GIG_WORKER,Mumbai,MH,19.076,72.877,DVC-b2abaae6a1,2,624.28,271.83,13,2209,FULL,2026-08-31
CUST002825,SALARIED_URBAN,Kolkata,WB,22.573,88.364,DVC-93f6ac0cac,2,1703.07,839.11,49,1607,FULL,2026-08-31
CUST002826,SMALL_BUSINESS,Pune,MH,18.52,73.857,DVC-09f4f3d1bc,2,3991.41,2030.8,55,1750,FULL,2026-08-31
CUST002827,SALARIED_URBAN,Jaipur,RJ,26.912,75.787,DVC-b0d5029859,3,1167.75,587.03,49,770,FULL,2026-08-31
CUST002828,STUDENT,Panaji,GA,15.491,73.828,DVC-947c1c41bc,1,580.31,389.02,9,2498,FULL,2026-08-31
CUST002829,GIG_WORKER,Nagpur,MH,21.146,79.088,DVC-a6eca4c931,1,587.96,325.97,28,2383,FULL,2026-08-31
CUST002830,SALARIED_URBAN,Delhi,DL,28.614,77.209,DVC-9b4e8d8f79,1,1090.57,427.98,21,2399,FULL,2026-08-31
CUST002831,GIG_WORKER,Hyderabad,TG,17.385,78.487,DVC-c9da43d7a1,1,954.94,505.05,42,1815,FULL,2026-08-31
CUST002832,SALARIED_URBAN,Jaipur,RJ,26.912,75.787,DVC-1eea71dbf3,2,1227.8,410.4,16,2171,FULL,2026-08-31
CUST002833,SALARIED_URBAN,Jaipur,RJ,26.912,75.787,DVC-7db8702aca,3,1691.29,691.66,35,2371,FULL,2026-08-31
CUST002834,SMALL_BUSINESS,Delhi,DL,28.614,77.209,DVC-0b7eaec151,2,2410.83,1035.06,23,511,FULL,2026-08-31
CUST002835,SALARIED_URBAN,Chennai,TN,13.083,80.27,DVC-2171beef20,3,978.26,365.54,46,2806,FULL,2026-08-31
CUST002836,SMALL_BUSINESS,Bengaluru,KA,12.972,77.594,DVC-6447018fa8,2,3671.79,1782.11,48,2076,FULL,2026-08-31
CUST002837,SALARIED_URBAN,Nagpur,MH,21.146,79.088,DVC-e2ca3bba7f,1,1525.47,681.05,40,1740,MIN,2026-08-31
CUST002838,AFFLUENT,Nagpur,MH,21.146,79.088,DVC-31351870ec,1,8493.12,3562.97,48,214,FULL,2026-08-31
CUST002839,AFFLUENT,Indore,MP,22.72,75.858,DVC-a4f2c067c3,2,5331.38,1870.33,62,1276,MIN,2026-08-31
CUST002840,SMALL_BUSINESS,Hyderabad,TG,17.385,78.487,DVC-341696decd,1,3173.73,1658.84,24,2098,FULL,2026-08-31
CUST002841,SALARIED_URBAN,Ahmedabad,GJ,23.023,72.571,DVC-1ca3d159eb,2,2479.84,1073.15,76,771,FULL,2026-08-31
CUST002842,AFFLUENT,Kochi,KL,9.932,76.267,DVC-d4d465e367,1,12878.37,3328.29,43,1723,FULL,2026-08-31
CUST002843,AFFLUENT,Jaipur,RJ,26.912,75.787,DVC-96a8761545,2,13294.92,5833.68,13,2044,FULL,2026-08-31
CUST002844,STUDENT,Delhi,DL,28.614,77.209,DVC-b4fc9235c8,3,385.59,266.06,13,2055,FULL,2026-08-31
CUST002845,STUDENT,Chandigarh,CH,30.734,76.779,DVC-e32e2e22dd,1,478.16,352.14,13,2294,FULL,2026-08-31
CUST002846,SMALL_BUSINESS,Ahmedabad,GJ,23.023,72.571,DVC-d2a2c9b355,3,6429.53,3601.42,32,1168,FULL,2026-08-31
CUST002847,SALARIED_URBAN,Bengaluru,KA,12.972,77.594,DVC-7aa4574e62,1,1985.99,931.36,10,2716,FULL,2026-08-31
CUST002848,GIG_WORKER,Kochi,KL,9.932,76.267,DVC-e08aa5d2ee,3,698.89,352.34,35,2605,FULL,2026-08-31
CUST002849,AFFLUENT,Indore,MP,22.72,75.858,DVC-a3201ff903,2,13272.74,5793.84,47,2451,FULL,2026-08-31
CUST002850,SALARIED_URBAN,Panaji,GA,15.491,73.828,DVC-83ba2674b6,2,1245.31,459.45,51,1699,FULL,2026-08-31
CUST002851,SMALL_BUSINESS,Guwahati,AS,26.145,91.736,DVC-575a5b871d,2,4927.15,2329.01,50,2569,FULL,2026-08-31
CUST002852,GIG_WORKER,Panaji,GA,15.491,73.828,DVC-e1f1903ce2,2,1076.99,601.49,44,1541,FULL,2026-08-31
CUST002853,GIG_WORKER,Delhi,DL,28.614,77.209,DVC-9358a5a0d3,1,441.04,197.87,14,701,MIN,2026-08-31
CUST002854,SMALL_BUSINESS,Jaipur,RJ,26.912,75.787,DVC-d1de9106b7,1,5501.68,2994.64,31,205,FULL,2026-08-31
CUST002855,SMALL_BUSINESS,Indore,MP,22.72,75.858,DVC-3ea7f19d73,2,2786.64,1455.24,56,1459,FULL,2026-08-31
CUST002856,AFFLUENT,Guwahati,AS,26.145,91.736,DVC-ea6168e6bf,1,11578.58,4398.59,25,1594,FULL,2026-08-31
CUST002857,AFFLUENT,Jaipur,RJ,26.912,75.787,DVC-4fdf6c0aae,1,17845.29,7070.75,4,1997,FULL,2026-08-31
CUST002858,SMALL_BUSINESS,Delhi,DL,28.614,77.209,DVC-3584130ea9,1,5066.13,2558.81,34,2423,FULL,2026-08-31
CUST002859,GIG_WORKER,Hyderabad,TG,17.385,78.487,DVC-44e25920a3,2,433.27,186.8,5,731,FULL,2026-08-31
CUST002860,GIG_WORKER,Ahmedabad,GJ,23.023,72.571,DVC-150b7aaf0d,2,683.15,394.28,45,1994,MIN,2026-08-31
CUST002861,STUDENT,Kochi,KL,9.932,76.267,DVC-bb57978ef2,1,633.82,385.83,17,535,FULL,2026-08-31
CUST002862,STUDENT,Chandigarh,CH,30.734,76.779,DVC-77b80d6648,3,256.85,174.92,48,1268,FULL,2026-08-31
CUST002863,SALARIED_URBAN,Panaji,GA,15.491,73.828,DVC-9c1a6073d1,1,1209.03,421.38,51,1445,FULL,2026-08-31
CUST002864,SALARIED_URBAN,Kolkata,WB,22.573,88.364,DVC-81209fb265,2,2541.33,899.75,32,457,FULL,2026-08-31
CUST002865,STUDENT,Panaji,GA,15.491,73.828,DVC-ccccff11e2,1,236.51,152.58,14,2526,FULL,2026-08-31
CUST002866,SMALL_BUSINESS,Chennai,TN,13.083,80.27,DVC-c3a2be2fcd,2,6625.0,3009.91,20,1423,FULL,2026-08-31
CUST002867,SALARIED_URBAN,Lucknow,UP,26.847,80.947,DVC-515b53548b,2,1535.57,592.3,54,2526,FULL,2026-08-31
CUST002868,SALARIED_URBAN,Chandigarh,CH,30.734,76.779,DVC-d1a930a7c7,1,971.84,362.35,34,502,MIN,2026-08-31
CUST002869,GIG_WORKER,Kolkata,WB,22.573,88.364,DVC-198bd66e71,2,587.51,296.66,18,2884,FULL,2026-08-31
CUST002870,GIG_WORKER,Indore,MP,22.72,75.858,DVC-bc3cfc8816,1,680.44,340.0,40,743,FULL,2026-08-31
CUST002871,SALARIED_URBAN,Guwahati,AS,26.145,91.736,DVC-4d4fdb5610,2,1292.7,609.35,32,761,FULL,2026-08-31
CUST002872,SMALL_BUSINESS,Kochi,KL,9.932,76.267,DVC-a23c449847,1,2675.87,1529.68,26,2212,FULL,2026-08-31
CUST002873,SALARIED_URBAN,Jaipur,RJ,26.912,75.787,DVC-7e475e0698,2,1224.09,544.15,48,824,FULL,2026-08-31
CUST002874,SALARIED_URBAN,Chandigarh,CH,30.734,76.779,DVC-1cb67ae842,2,2492.46,1191.34,11,2272,FULL,2026-08-31
CUST002875,STUDENT,Kochi,KL,9.932,76.267,DVC-b2cdf5202a,1,540.24,387.86,44,1735,FULL,2026-08-31
CUST002876,GIG_WORKER,Pune,MH,18.52,73.857,DVC-7dd7573fa5,1,798.2,550.13,28,705,FULL,2026-08-31
CUST002877,SMALL_BUSINESS,Kochi,KL,9.932,76.267,DVC-aaa289fc1b,1,3033.48,1176.57,50,1120,FULL,2026-08-31
CUST002878,AFFLUENT,Jaipur,RJ,26.912,75.787,DVC-23535beeeb,2,10535.06,4468.29,51,1682,FULL,2026-08-31
CUST002879,STUDENT,Pune,MH,18.52,73.857,DVC-db59814086,1,486.8,223.48,30,1580,FULL,2026-08-31
CUST002880,AFFLUENT,Chandigarh,CH,30.734,76.779,DVC-8a6358b67e,1,13724.02,5634.85,62,2305,FULL,2026-08-31
CUST002881,GIG_WORKER,Kolkata,WB,22.573,88.364,DVC-ed32b7f6a6,2,1087.33,597.13,7,1400,FULL,2026-08-31
CUST002882,GIG_WORKER,Chandigarh,CH,30.734,76.779,DVC-222c18986e,1,590.32,298.05,32,2540,FULL,2026-08-31
CUST002883,SALARIED_URBAN,Mumbai,MH,19.076,72.877,DVC-50db6cf6ce,2,1883.93,693.71,34,428,FULL,2026-08-31
CUST002884,AFFLUENT,Panaji,GA,15.491,73.828,DVC-ed0be6af28,1,14209.92,4206.63,27,2900,FULL,2026-08-31
CUST002885,STUDENT,Lucknow,UP,26.847,80.947,DVC-f7135ea9ac,2,258.39,153.66,38,2780,FULL,2026-08-31
CUST002886,GIG_WORKER,Guwahati,AS,26.145,91.736,DVC-e9ad06d43c,1,375.38,171.87,18,715,FULL,2026-08-31
CUST002887,STUDENT,Mumbai,MH,19.076,72.877,DVC-c8d73568a3,1,381.01,189.64,34,2272,FULL,2026-08-31
CUST002888,SMALL_BUSINESS,Delhi,DL,28.614,77.209,DVC-b96c7fe67c,1,6904.24,3182.05,52,1005,FULL,2026-08-31
CUST002889,GIG_WORKER,Chennai,TN,13.083,80.27,DVC-5ae394198f,2,929.04,560.78,26,793,FULL,2026-08-31
CUST002890,STUDENT,Chandigarh,CH,30.734,76.779,DVC-979d441b2f,3,644.86,399.71,38,195,FULL,2026-08-31
CUST002891,SALARIED_URBAN,Lucknow,UP,26.847,80.947,DVC-4969b40dee,3,1203.32,382.32,31,2767,FULL,2026-08-31
CUST002892,AFFLUENT,Guwahati,AS,26.145,91.736,DVC-943ecf1df2,2,14746.36,4800.64,40,855,MIN,2026-08-31
CUST002893,GIG_WORKER,Guwahati,AS,26.145,91.736,DVC-78ef1768a4,1,905.34,450.66,34,964,FULL,2026-08-31
CUST002894,AFFLUENT,Panaji,GA,15.491,73.828,DVC-c6d5b8d02c,2,12914.32,4313.41,4,1077,FULL,2026-08-31
CUST002895,GIG_WORKER,Guwahati,AS,26.145,91.736,DVC-192adf9f31,1,745.56,305.41,18,1750,FULL,2026-08-31
CUST002896,SMALL_BUSINESS,Pune,MH,18.52,73.857,DVC-982619e07d,2,3804.72,2060.55,14,1885,FULL,2026-08-31
CUST002897,STUDENT,Bengaluru,KA,12.972,77.594,DVC-a65170d239,3,452.28,311.9,29,2066,MIN,2026-08-31
CUST002898,SALARIED_URBAN,Hyderabad,TG,17.385,78.487,DVC-6da26e8f9f,1,1003.77,304.21,18,2352,FULL,2026-08-31
CUST002899,SALARIED_URBAN,Kochi,KL,9.932,76.267,DVC-a995f26327,2,2324.99,836.19,45,2744,FULL,2026-08-31
CUST002900,AFFLUENT,Bengaluru,KA,12.972,77.594,DVC-e7463de4bf,1,11294.74,4474.9,30,2783,FULL,2026-08-31
CUST002901,GIG_WORKER,Delhi,DL,28.614,77.209,DVC-ab14b44484,2,737.7,489.17,36,2039,MIN,2026-08-31
CUST002902,SALARIED_URBAN,Lucknow,UP,26.847,80.947,DVC-72ea9df9b3,1,2171.14,667.84,31,2145,FULL,2026-08-31
CUST002903,AFFLUENT,Ahmedabad,GJ,23.023,72.571,DVC-ddaa0d1e85,2,11057.65,3382.36,44,1110,FULL,2026-08-31
CUST002904,SMALL_BUSINESS,Ahmedabad,GJ,23.023,72.571,DVC-c5092d3d00,1,3813.05,1553.49,31,2125,FULL,2026-08-31
CUST002905,GIG_WORKER,Delhi,DL,28.614,77.209,DVC-43b7d1cf2c,3,936.34,483.57,45,1149,FULL,2026-08-31
CUST002906,SMALL_BUSINESS,Kochi,KL,9.932,76.267,DVC-15bc8ebd67,3,7458.53,2748.71,32,2487,FULL,2026-08-31
CUST002907,GIG_WORKER,Bengaluru,KA,12.972,77.594,DVC-e4dfbf7db2,3,510.82,271.02,16,2427,FULL,2026-08-31
CUST002908,SMALL_BUSINESS,Bengaluru,KA,12.972,77.594,DVC-92275c8b18,1,7361.13,2692.76,37,2611,FULL,2026-08-31
CUST002909,SMALL_BUSINESS,Mumbai,MH,19.076,72.877,DVC-a36d182bc7,1,6476.61,3558.46,19,225,FULL,2026-08-31
CUST002910,GIG_WORKER,Hyderabad,TG,17.385,78.487,DVC-e25c2a8123,1,712.34,475.34,50,681,FULL,2026-08-31
CUST002911,GIG_WORKER,Nagpur,MH,21.146,79.088,DVC-d4d8e7bf5e,2,475.79,309.45,48,1271,MIN,2026-08-31
CUST002912,SALARIED_URBAN,Chennai,TN,13.083,80.27,DVC-7fc2c42127,1,1577.12,592.58,30,1428,FULL,2026-08-31
CUST002913,STUDENT,Kolkata,WB,22.573,88.364,DVC-ef32bbb0d0,2,321.49,163.37,48,816,FULL,2026-08-31
CUST002914,SALARIED_URBAN,Kochi,KL,9.932,76.267,DVC-6125985f15,1,1800.75,771.63,38,1396,FULL,2026-08-31
CUST002915,GIG_WORKER,Guwahati,AS,26.145,91.736,DVC-a0bd22d070,2,674.04,274.74,29,1510,FULL,2026-08-31
CUST002916,GIG_WORKER,Lucknow,UP,26.847,80.947,DVC-c6be09b9b8,2,988.46,463.58,32,1982,FULL,2026-08-31
CUST002917,STUDENT,Indore,MP,22.72,75.858,DVC-797e0373d8,3,352.27,178.02,25,1265,FULL,2026-08-31
CUST002918,GIG_WORKER,Bengaluru,KA,12.972,77.594,DVC-b86c4b1202,2,585.13,274.94,28,1123,FULL,2026-08-31
CUST002919,GIG_WORKER,Lucknow,UP,26.847,80.947,DVC-7018546685,1,1097.98,705.95,33,2453,FULL,2026-08-31
CUST002920,SALARIED_URBAN,Jaipur,RJ,26.912,75.787,DVC-1cba1a014f,1,2475.33,924.02,42,2228,FULL,2026-08-31
CUST002921,STUDENT,Indore,MP,22.72,75.858,DVC-bfeff4342e,1,264.88,151.86,29,410,FULL,2026-08-31
CUST002922,STUDENT,Mumbai,MH,19.076,72.877,DVC-5772b8342b,1,188.25,112.35,44,1909,FULL,2026-08-31
CUST002923,GIG_WORKER,Nagpur,MH,21.146,79.088,DVC-3384c74729,1,619.08,340.87,25,1556,FULL,2026-08-31
CUST002924,SMALL_BUSINESS,Panaji,GA,15.491,73.828,DVC-41ce07e493,1,2241.07,986.69,51,153,FULL,2026-08-31
CUST002925,AFFLUENT,Chandigarh,CH,30.734,76.779,DVC-68155cc3ab,2,13532.1,5976.02,44,2273,FULL,2026-08-31
CUST002926,STUDENT,Bengaluru,KA,12.972,77.594,DVC-b6e02a44b1,1,318.32,163.45,30,1774,FULL,2026-08-31
CUST002927,SALARIED_URBAN,Lucknow,UP,26.847,80.947,DVC-81654586e5,2,2483.23,768.23,39,814,FULL,2026-08-31
CUST002928,SALARIED_URBAN,Guwahati,AS,26.145,91.736,DVC-2863a5c522,3,1720.19,601.32,26,1934,FULL,2026-08-31
CUST002929,SMALL_BUSINESS,Jaipur,RJ,26.912,75.787,DVC-e38e0f59b5,3,5986.56,2999.51,50,772,FULL,2026-08-31
CUST002930,STUDENT,Chennai,TN,13.083,80.27,DVC-b71ffc7122,1,214.16,130.67,57,2412,FULL,2026-08-31
CUST002931,AFFLUENT,Indore,MP,22.72,75.858,DVC-a3471979ec,2,11855.15,3767.44,34,2502,FULL,2026-08-31
CUST002932,GIG_WORKER,Delhi,DL,28.614,77.209,DVC-5c8537f111,1,510.5,242.51,47,1944,FULL,2026-08-31
CUST002933,STUDENT,Indore,MP,22.72,75.858,DVC-cdc99e2999,3,344.94,198.92,53,775,MIN,2026-08-31
CUST002934,SMALL_BUSINESS,Lucknow,UP,26.847,80.947,DVC-de4fe2ad7a,1,6261.57,2322.45,43,623,FULL,2026-08-31
CUST002935,SALARIED_URBAN,Kolkata,WB,22.573,88.364,DVC-81ed218038,1,2572.51,881.22,39,1611,FULL,2026-08-31
CUST002936,SALARIED_URBAN,Jaipur,RJ,26.912,75.787,DVC-99957a1fda,2,2474.66,1247.77,25,1162,FULL,2026-08-31
CUST002937,STUDENT,Lucknow,UP,26.847,80.947,DVC-bfedefd0a6,2,491.13,285.86,32,1129,FULL,2026-08-31
CUST002938,SMALL_BUSINESS,Kochi,KL,9.932,76.267,DVC-068a56c832,2,3015.64,1772.85,66,734,FULL,2026-08-31
CUST002939,GIG_WORKER,Ahmedabad,GJ,23.023,72.571,DVC-38693e4e7a,1,1078.84,606.02,50,474,FULL,2026-08-31
CUST002940,SALARIED_URBAN,Nagpur,MH,21.146,79.088,DVC-2de34bf1a1,1,2576.57,1350.38,25,794,FULL,2026-08-31
CUST002941,STUDENT,Chennai,TN,13.083,80.27,DVC-caecd55226,1,227.98,159.98,45,577,FULL,2026-08-31
CUST002942,STUDENT,Bengaluru,KA,12.972,77.594,DVC-117479d41b,1,451.14,317.54,31,1040,FULL,2026-08-31
CUST002943,SALARIED_URBAN,Kochi,KL,9.932,76.267,DVC-fca74abfa3,2,971.66,529.9,58,2524,FULL,2026-08-31
CUST002944,SALARIED_URBAN,Delhi,DL,28.614,77.209,DVC-c547831a58,2,1761.17,793.4,38,2697,FULL,2026-08-31
CUST002945,SALARIED_URBAN,Nagpur,MH,21.146,79.088,DVC-8a42176462,1,1276.81,604.27,51,1382,FULL,2026-08-31
CUST002946,GIG_WORKER,Hyderabad,TG,17.385,78.487,DVC-676d3cfd4c,3,1056.58,647.56,35,396,FULL,2026-08-31
CUST002947,SALARIED_URBAN,Delhi,DL,28.614,77.209,DVC-26cb25c45a,1,1925.74,1040.27,33,2281,FULL,2026-08-31
CUST002948,SALARIED_URBAN,Guwahati,AS,26.145,91.736,DVC-ac3d68813a,1,931.68,425.3,28,1512,FULL,2026-08-31
CUST002949,GIG_WORKER,Nagpur,MH,21.146,79.088,DVC-a1ab2cac26,2,449.0,278.86,9,2671,FULL,2026-08-31
CUST002950,AFFLUENT,Jaipur,RJ,26.912,75.787,DVC-d37e4c5603,3,17286.54,7087.26,20,1919,FULL,2026-08-31
CUST002951,SMALL_BUSINESS,Delhi,DL,28.614,77.209,DVC-d265a57d10,1,6566.88,3875.32,54,295,FULL,2026-08-31
CUST002952,SALARIED_URBAN,Panaji,GA,15.491,73.828,DVC-0ecc990ad6,1,1931.47,926.38,26,2363,FULL,2026-08-31
CUST002953,SMALL_BUSINESS,Hyderabad,TG,17.385,78.487,DVC-6fb995798e,2,6999.09,3962.73,49,1608,FULL,2026-08-31
CUST002954,SMALL_BUSINESS,Guwahati,AS,26.145,91.736,DVC-0bf755d839,1,5425.23,3223.38,10,2752,FULL,2026-08-31
CUST002955,GIG_WORKER,Jaipur,RJ,26.912,75.787,DVC-380dc0096f,3,952.29,456.27,24,2432,FULL,2026-08-31
CUST002956,STUDENT,Chandigarh,CH,30.734,76.779,DVC-9a358466c2,1,432.02,294.62,47,738,FULL,2026-08-31
CUST002957,GIG_WORKER,Chennai,TN,13.083,80.27,DVC-be78cbb9a3,2,630.26,259.46,58,924,FULL,2026-08-31
CUST002958,SALARIED_URBAN,Nagpur,MH,21.146,79.088,DVC-8382e62fcf,1,2528.71,923.25,25,2332,MIN,2026-08-31
CUST002959,SMALL_BUSINESS,Ahmedabad,GJ,23.023,72.571,DVC-0945b6f9f2,2,7171.19,3146.92,46,2858,FULL,2026-08-31
CUST002960,STUDENT,Kochi,KL,9.932,76.267,DVC-a3378e6890,2,238.85,171.8,26,346,FULL,2026-08-31
CUST002961,AFFLUENT,Jaipur,RJ,26.912,75.787,DVC-7e6644a267,1,6520.02,2572.63,29,1914,FULL,2026-08-31
CUST002962,GIG_WORKER,Panaji,GA,15.491,73.828,DVC-b00ce7d5fe,3,383.6,255.98,44,1189,FULL,2026-08-31
CUST002963,SMALL_BUSINESS,Chennai,TN,13.083,80.27,DVC-77a49fa447,2,3735.64,1892.0,10,2502,FULL,2026-08-31
CUST002964,AFFLUENT,Jaipur,RJ,26.912,75.787,DVC-4470c15e4c,2,17788.89,6183.73,64,2869,FULL,2026-08-31
CUST002965,SALARIED_URBAN,Lucknow,UP,26.847,80.947,DVC-8376add421,3,2013.39,977.3,53,1759,FULL,2026-08-31
CUST002966,SALARIED_URBAN,Nagpur,MH,21.146,79.088,DVC-5431ca9413,1,1354.03,691.26,50,587,FULL,2026-08-31
CUST002967,SALARIED_URBAN,Nagpur,MH,21.146,79.088,DVC-9abd56cf0a,2,1268.08,631.11,36,503,FULL,2026-08-31
CUST002968,GIG_WORKER,Mumbai,MH,19.076,72.877,DVC-e4516f1648,1,770.1,441.09,16,60,FULL,2026-08-31
CUST002969,SMALL_BUSINESS,Hyderabad,TG,17.385,78.487,DVC-f74ff39096,1,7055.56,3657.47,61,141,MIN,2026-08-31
CUST002970,AFFLUENT,Mumbai,MH,19.076,72.877,DVC-bc46c16151,2,13675.22,3957.44,14,257,FULL,2026-08-31
CUST002971,STUDENT,Pune,MH,18.52,73.857,DVC-b67947a688,1,187.55,91.53,25,1208,FULL,2026-08-31
CUST002972,GIG_WORKER,Chennai,TN,13.083,80.27,DVC-ce0ed6fc65,2,473.82,233.31,48,929,FULL,2026-08-31
CUST002973,SALARIED_URBAN,Hyderabad,TG,17.385,78.487,DVC-30c3cbc16c,1,1344.33,655.22,50,2884,FULL,2026-08-31
CUST002974,GIG_WORKER,Lucknow,UP,26.847,80.947,DVC-79ba241d14,3,876.87,449.75,36,521,FULL,2026-08-31
CUST002975,STUDENT,Pune,MH,18.52,73.857,DVC-094d082126,1,392.49,210.4,31,204,FULL,2026-08-31
CUST002976,SMALL_BUSINESS,Jaipur,RJ,26.912,75.787,DVC-6c9470a8a9,1,4800.49,2112.14,31,1996,FULL,2026-08-31
CUST002977,SALARIED_URBAN,Jaipur,RJ,26.912,75.787,DVC-83dc57882e,2,2303.78,1166.43,26,2844,FULL,2026-08-31
CUST002978,GIG_WORKER,Guwahati,AS,26.145,91.736,DVC-d0b373c618,2,450.98,312.62,51,2638,FULL,2026-08-31
CUST002979,SALARIED_URBAN,Ahmedabad,GJ,23.023,72.571,DVC-2d93fa4919,2,1981.57,784.63,40,1219,FULL,2026-08-31
CUST002980,AFFLUENT,Kolkata,WB,22.573,88.364,DVC-c4cf534d26,2,5560.98,2107.56,54,2496,FULL,2026-08-31
CUST002981,STUDENT,Hyderabad,TG,17.385,78.487,DVC-32a54aac72,2,592.07,272.96,56,846,FULL,2026-08-31
CUST002982,STUDENT,Panaji,GA,15.491,73.828,DVC-0a817c67f9,2,333.63,181.72,50,879,FULL,2026-08-31
CUST002983,SALARIED_URBAN,Lucknow,UP,26.847,80.947,DVC-e5419c4688,1,1768.79,792.45,24,979,FULL,2026-08-31
CUST002984,GIG_WORKER,Delhi,DL,28.614,77.209,DVC-7d0764d10d,2,853.72,487.14,42,2637,FULL,2026-08-31
CUST002985,SMALL_BUSINESS,Hyderabad,TG,17.385,78.487,DVC-c8baabefb0,2,2658.02,1365.78,43,1425,MIN,2026-08-31
CUST002986,SALARIED_URBAN,Guwahati,AS,26.145,91.736,DVC-e3b96244bf,1,1332.68,421.07,42,224,FULL,2026-08-31
CUST002987,SMALL_BUSINESS,Chennai,TN,13.083,80.27,DVC-01424b6f28,1,5831.17,2306.74,35,2132,FULL,2026-08-31
CUST002988,SALARIED_URBAN,Chandigarh,CH,30.734,76.779,DVC-37b7b82442,2,1524.16,569.95,59,1340,FULL,2026-08-31
CUST002989,GIG_WORKER,Hyderabad,TG,17.385,78.487,DVC-6e063b7fe6,1,942.35,423.99,43,1470,FULL,2026-08-31
CUST002990,SALARIED_URBAN,Nagpur,MH,21.146,79.088,DVC-5b36129ae4,1,2315.92,921.14,25,2021,FULL,2026-08-31
CUST002991,SALARIED_URBAN,Panaji,GA,15.491,73.828,DVC-18cda0a9c4,1,2338.06,828.99,38,1065,FULL,2026-08-31
CUST002992,SALARIED_URBAN,Pune,MH,18.52,73.857,DVC-b3d0c62012,3,1413.43,637.36,59,74,FULL,2026-08-31
CUST002993,SALARIED_URBAN,Panaji,GA,15.491,73.828,DVC-748814600d,2,2488.48,1153.53,41,1064,FULL,2026-08-31
CUST002994,SMALL_BUSINESS,Indore,MP,22.72,75.858,DVC-fdea5618e6,1,5370.39,2438.24,21,2608,FULL,2026-08-31
CUST002995,GIG_WORKER,Lucknow,UP,26.847,80.947,DVC-bca2776a2f,1,725.79,318.75,30,2284,FULL,2026-08-31
CUST002996,SMALL_BUSINESS,Ahmedabad,GJ,23.023,72.571,DVC-f080a434ec,3,4943.74,2326.06,40,2115,FULL,2026-08-31
CUST002997,SMALL_BUSINESS,Jaipur,RJ,26.912,75.787,DVC-6114eef724,2,5315.44,1942.45,57,1902,FULL,2026-08-31
CUST002998,GIG_WORKER,Guwahati,AS,26.145,91.736,DVC-42cac7beb2,1,640.51,436.49,27,2799,FULL,2026-08-31
CUST002999,SMALL_BUSINESS,Guwahati,AS,26.145,91.736,DVC-1448b0161d,1,6965.92,2518.42,43,2249,FULL,2026-08-31
CUST003000,SALARIED_URBAN,Chandigarh,CH,30.734,76.779,DVC-d13aabe1fb,3,2596.63,1071.62,35,401,FULL,2026-08-31
CUST003001,SMALL_BUSINESS,Ahmedabad,GJ,23.023,72.571,DVC-5cf07e5be5,1,4543.12,2595.66,41,322,FULL,2026-08-31
CUST003002,SALARIED_URBAN,Mumbai,MH,19.076,72.877,DVC-1243f2dcd4,3,2243.78,843.08,31,1035,FULL,2026-08-31
CUST003003,SALARIED_URBAN,Delhi,DL,28.614,77.209,DVC-05ddb9bb0c,2,1291.69,704.11,35,2801,FULL,2026-08-31
CUST003004,AFFLUENT,Chennai,TN,13.083,80.27,DVC-0aa8bf1302,3,17340.89,4650.49,27,605,FULL,2026-08-31
CUST003005,GIG_WORKER,Indore,MP,22.72,75.858,DVC-3bb4049321,1,1035.37,414.23,11,2382,FULL,2026-08-31
CUST003006,AFFLUENT,Indore,MP,22.72,75.858,DVC-f7954f337d,3,10746.68,3058.48,42,1485,FULL,2026-08-31
CUST003007,SALARIED_URBAN,Chennai,TN,13.083,80.27,DVC-a4b76b6550,1,2159.05,964.11,62,1033,FULL,2026-08-31
CUST003008,SALARIED_URBAN,Kochi,KL,9.932,76.267,DVC-f785d01e77,1,1936.62,638.37,17,167,FULL,2026-08-31
CUST003009,SMALL_BUSINESS,Jaipur,RJ,26.912,75.787,DVC-61a28e0818,3,4179.74,1779.56,12,1132,FULL,2026-08-31
CUST003010,SMALL_BUSINESS,Panaji,GA,15.491,73.828,DVC-8c873a8147,2,5150.36,2420.04,46,2266,FULL,2026-08-31
CUST003011,SMALL_BUSINESS,Guwahati,AS,26.145,91.736,DVC-e623d1fc99,1,7197.67,3329.32,34,1993,FULL,2026-08-31
CUST003012,SALARIED_URBAN,Nagpur,MH,21.146,79.088,DVC-25364e7a2a,1,2009.6,847.27,53,770,FULL,2026-08-31
CUST003013,SALARIED_URBAN,Panaji,GA,15.491,73.828,DVC-c0b3b18f30,1,1532.66,545.96,39,1192,FULL,2026-08-31
CUST003014,GIG_WORKER,Panaji,GA,15.491,73.828,DVC-0d88f136cc,2,696.48,345.72,29,2415,FULL,2026-08-31
CUST003015,STUDENT,Delhi,DL,28.614,77.209,DVC-9a4edb16d6,1,412.63,188.92,12,1606,MIN,2026-08-31
CUST003016,SALARIED_URBAN,Chennai,TN,13.083,80.27,DVC-abfdf62e71,1,1877.22,826.03,36,1726,FULL,2026-08-31
CUST003017,SMALL_BUSINESS,Pune,MH,18.52,73.857,DVC-83f1893498,3,5197.55,2721.55,19,1780,MIN,2026-08-31
CUST003018,SMALL_BUSINESS,Kolkata,WB,22.573,88.364,DVC-6424bf4512,2,5801.46,2404.79,33,2670,FULL,2026-08-31
CUST003019,SALARIED_URBAN,Pune,MH,18.52,73.857,DVC-bec89d1130,2,1987.99,854.33,41,860,FULL,2026-08-31
CUST003020,STUDENT,Chandigarh,CH,30.734,76.779,DVC-827639a7aa,2,474.3,281.42,25,2790,FULL,2026-08-31
CUST003021,SALARIED_URBAN,Nagpur,MH,21.146,79.088,DVC-ad56ef6ee0,2,2196.29,941.04,46,488,FULL,2026-08-31
CUST003022,SMALL_BUSINESS,Pune,MH,18.52,73.857,DVC-f0e78a8858,3,2578.77,916.71,39,2742,FULL,2026-08-31
CUST003023,GIG_WORKER,Delhi,DL,28.614,77.209,DVC-0c806a53a8,2,351.49,243.34,24,1784,FULL,2026-08-31
CUST003024,STUDENT,Nagpur,MH,21.146,79.088,DVC-bed1ca6638,1,443.8,268.83,36,957,MIN,2026-08-31
CUST003025,SMALL_BUSINESS,Chandigarh,CH,30.734,76.779,DVC-c46bc648c1,1,3760.96,1428.97,46,370,FULL,2026-08-31
CUST003026,AFFLUENT,Kolkata,WB,22.573,88.364,DVC-5fee5549bc,1,13073.37,4514.47,42,555,FULL,2026-08-31
CUST003027,SMALL_BUSINESS,Chennai,TN,13.083,80.27,DVC-3b46361379,1,6287.64,2593.98,27,2397,FULL,2026-08-31
CUST003028,SALARIED_URBAN,Kolkata,WB,22.573,88.364,DVC-f06bb12cd5,3,1449.69,482.45,33,857,FULL,2026-08-31
CUST003029,SALARIED_URBAN,Guwahati,AS,26.145,91.736,DVC-b0ede751b3,2,2498.67,1313.15,30,2743,MIN,2026-08-31
CUST003030,SMALL_BUSINESS,Jaipur,RJ,26.912,75.787,DVC-4c43bd4e1f,1,4169.99,2434.74,44,801,FULL,2026-08-31
CUST003031,GIG_WORKER,Guwahati,AS,26.145,91.736,DVC-20a8c3e189,1,1049.02,540.38,34,2273,FULL,2026-08-31
CUST003032,AFFLUENT,Nagpur,MH,21.146,79.088,DVC-9f0e2c9ddf,2,12149.06,3760.13,43,341,FULL,2026-08-31
CUST003033,SMALL_BUSINESS,Lucknow,UP,26.847,80.947,DVC-ea24711dd3,2,5435.52,2381.92,36,881,FULL,2026-08-31
CUST003034,SALARIED_URBAN,Ahmedabad,GJ,23.023,72.571,DVC-8dc8c665d7,1,2159.15,1032.4,40,998,FULL,2026-08-31
CUST003035,SALARIED_URBAN,Kochi,KL,9.932,76.267,DVC-a454265d23,2,1002.02,494.88,25,1238,FULL,2026-08-31
CUST003036,GIG_WORKER,Bengaluru,KA,12.972,77.594,DVC-7463be27b4,2,809.03,405.78,39,2120,FULL,2026-08-31
CUST003037,SALARIED_URBAN,Lucknow,UP,26.847,80.947,DVC-44d1e0cfdb,2,1209.14,408.68,23,1438,FULL,2026-08-31
CUST003038,SMALL_BUSINESS,Chennai,TN,13.083,80.27,DVC-a4af10c0b0,2,4020.29,1617.59,13,193,FULL,2026-08-31
CUST003039,SMALL_BUSINESS,Kochi,KL,9.932,76.267,DVC-f1708951d8,2,3908.69,1507.34,50,2303,FULL,2026-08-31
CUST003040,STUDENT,Ahmedabad,GJ,23.023,72.571,DVC-5caaff29e2,1,422.84,288.89,46,1733,FULL,2026-08-31
CUST003041,AFFLUENT,Kolkata,WB,22.573,88.364,DVC-d30fe96d90,1,16086.86,7226.56,37,1975,FULL,2026-08-31
CUST003042,AFFLUENT,Ahmedabad,GJ,23.023,72.571,DVC-41ac70719b,1,13015.44,5653.06,27,1625,FULL,2026-08-31
CUST003043,SALARIED_URBAN,Delhi,DL,28.614,77.209,DVC-31d03e07ca,1,1086.94,468.21,4,1169,FULL,2026-08-31
CUST003044,SALARIED_URBAN,Panaji,GA,15.491,73.828,DVC-bda9edc914,1,1721.67,542.99,35,892,FULL,2026-08-31
CUST003045,SMALL_BUSINESS,Panaji,GA,15.491,73.828,DVC-0c8e9b1697,2,5552.63,3319.88,23,1984,FULL,2026-08-31
CUST003046,SALARIED_URBAN,Delhi,DL,28.614,77.209,DVC-ed4ba07981,1,2442.14,1058.52,52,2302,FULL,2026-08-31
CUST003047,SMALL_BUSINESS,Kochi,KL,9.932,76.267,DVC-baa1631408,1,6812.23,3438.9,33,1809,FULL,2026-08-31
CUST003048,SALARIED_URBAN,Chennai,TN,13.083,80.27,DVC-d42935114f,1,970.02,365.55,38,1000,MIN,2026-08-31
CUST003049,STUDENT,Chandigarh,CH,30.734,76.779,DVC-9b2a7fa012,2,486.42,235.04,65,1415,FULL,2026-08-31
CUST003050,GIG_WORKER,Indore,MP,22.72,75.858,DVC-551be1850b,1,560.63,259.04,17,1020,FULL,2026-08-31
CUST003051,SALARIED_URBAN,Pune,MH,18.52,73.857,DVC-cc835720f0,3,1187.03,374.03,50,734,FULL,2026-08-31
CUST003052,SMALL_BUSINESS,Mumbai,MH,19.076,72.877,DVC-05a3b99962,1,4376.74,1602.63,40,2711,FULL,2026-08-31
CUST003053,STUDENT,Ahmedabad,GJ,23.023,72.571,DVC-cc7d7bab74,2,566.83,270.91,32,49,FULL,2026-08-31
CUST003054,AFFLUENT,Lucknow,UP,26.847,80.947,DVC-325631436d,1,13295.1,5310.57,33,2610,FULL,2026-08-31
CUST003055,SALARIED_URBAN,Guwahati,AS,26.145,91.736,DVC-fa38a2d441,1,1822.96,929.82,31,744,FULL,2026-08-31
CUST003056,SMALL_BUSINESS,Guwahati,AS,26.145,91.736,DVC-f30589326e,1,6598.35,2897.84,30,708,FULL,2026-08-31
CUST003057,STUDENT,Kochi,KL,9.932,76.267,DVC-aaaba7a3d4,1,548.42,267.68,41,2740,FULL,2026-08-31
CUST003058,SALARIED_URBAN,Bengaluru,KA,12.972,77.594,DVC-828fdb4df4,3,1218.61,569.3,49,435,FULL,2026-08-31
CUST003059,STUDENT,Hyderabad,TG,17.385,78.487,DVC-c276f73ab2,2,480.32,307.06,44,2302,FULL,2026-08-31
CUST003060,SALARIED_URBAN,Chandigarh,CH,30.734,76.779,DVC-83ef6d37c8,1,1176.13,497.5,45,2401,FULL,2026-08-31
CUST003061,STUDENT,Lucknow,UP,26.847,80.947,DVC-c0fa03bc37,1,211.03,122.67,8,217,FULL,2026-08-31
CUST003062,SALARIED_URBAN,Indore,MP,22.72,75.858,DVC-4b6498928b,3,1260.97,400.95,38,2513,FULL,2026-08-31
CUST003063,STUDENT,Chennai,TN,13.083,80.27,DVC-a0489f2007,1,241.17,121.83,32,395,FULL,2026-08-31
CUST003064,GIG_WORKER,Mumbai,MH,19.076,72.877,DVC-367add8cf6,1,645.08,327.28,28,2143,FULL,2026-08-31
CUST003065,SALARIED_URBAN,Pune,MH,18.52,73.857,DVC-0fdfa08d18,2,2095.34,907.04,32,1827,FULL,2026-08-31
CUST003066,GIG_WORKER,Lucknow,UP,26.847,80.947,DVC-18c112a2cf,3,974.98,624.14,44,2684,FULL,2026-08-31
CUST003067,GIG_WORKER,Pune,MH,18.52,73.857,DVC-750b488996,2,414.42,205.72,45,1793,FULL,2026-08-31
CUST003068,GIG_WORKER,Hyderabad,TG,17.385,78.487,DVC-911f1dc362,2,734.41,330.28,38,1478,FULL,2026-08-31
CUST003069,GIG_WORKER,Ahmedabad,GJ,23.023,72.571,DVC-2be324c846,2,1044.77,626.18,35,2145,FULL,2026-08-31
CUST003070,GIG_WORKER,Lucknow,UP,26.847,80.947,DVC-3caa4edb72,1,625.83,329.79,38,846,FULL,2026-08-31
CUST003071,GIG_WORKER,Indore,MP,22.72,75.858,DVC-1abca64b17,1,647.11,427.76,34,2022,FULL,2026-08-31
CUST003072,SMALL_BUSINESS,Ahmedabad,GJ,23.023,72.571,DVC-0f5ade7cff,1,5941.07,3106.39,41,1650,FULL,2026-08-31
CUST003073,AFFLUENT,Jaipur,RJ,26.912,75.787,DVC-5ea4e3a68e,1,13657.95,4653.13,44,618,FULL,2026-08-31
CUST003074,SMALL_BUSINESS,Chennai,TN,13.083,80.27,DVC-b7d95b64d1,2,3126.28,1403.04,25,467,FULL,2026-08-31
CUST003075,GIG_WORKER,Indore,MP,22.72,75.858,DVC-0043560dd0,2,621.66,410.73,66,1618,FULL,2026-08-31
CUST003076,STUDENT,Chennai,TN,13.083,80.27,DVC-98b9548f4f,1,647.95,438.98,24,1305,FULL,2026-08-31
CUST003077,SALARIED_URBAN,Hyderabad,TG,17.385,78.487,DVC-35a64d0b08,1,1355.94,651.26,51,1758,FULL,2026-08-31
CUST003078,STUDENT,Delhi,DL,28.614,77.209,DVC-bb613fca8e,2,199.06,114.8,25,2710,FULL,2026-08-31
CUST003079,SMALL_BUSINESS,Kolkata,WB,22.573,88.364,DVC-239cbeff63,1,3508.5,1588.01,30,1859,FULL,2026-08-31
CUST003080,SMALL_BUSINESS,Chennai,TN,13.083,80.27,DVC-f142070811,3,2568.54,1424.86,48,1051,FULL,2026-08-31
CUST003081,SMALL_BUSINESS,Jaipur,RJ,26.912,75.787,DVC-495fb8258d,2,3405.12,1236.78,42,1670,FULL,2026-08-31
CUST003082,SALARIED_URBAN,Indore,MP,22.72,75.858,DVC-22bec44724,2,1591.54,665.14,14,396,MIN,2026-08-31
CUST003083,STUDENT,Jaipur,RJ,26.912,75.787,DVC-f1292456c1,1,519.91,385.68,43,650,FULL,2026-08-31
CUST003084,STUDENT,Chandigarh,CH,30.734,76.779,DVC-fa1f24d5c8,1,590.66,351.36,24,864,FULL,2026-08-31
CUST003085,SMALL_BUSINESS,Bengaluru,KA,12.972,77.594,DVC-cb0aad8569,2,2385.14,1150.96,42,2136,FULL,2026-08-31
CUST003086,STUDENT,Jaipur,RJ,26.912,75.787,DVC-eabe21268a,1,242.21,152.5,17,2896,FULL,2026-08-31
CUST003087,STUDENT,Nagpur,MH,21.146,79.088,DVC-4c5974d9d2,1,311.15,184.25,36,2268,FULL,2026-08-31
CUST003088,STUDENT,Jaipur,RJ,26.912,75.787,DVC-a9a499f293,2,387.5,205.48,33,1581,FULL,2026-08-31
CUST003089,SALARIED_URBAN,Bengaluru,KA,12.972,77.594,DVC-05ae91777e,1,1259.63,678.47,4,2871,FULL,2026-08-31
CUST003090,SMALL_BUSINESS,Hyderabad,TG,17.385,78.487,DVC-fb77e70fb8,1,3586.91,1334.36,58,2827,FULL,2026-08-31
CUST003091,GIG_WORKER,Bengaluru,KA,12.972,77.594,DVC-502858dd12,2,728.41,492.83,54,2751,FULL,2026-08-31
CUST003092,SMALL_BUSINESS,Jaipur,RJ,26.912,75.787,DVC-13f4ec633b,3,5540.62,1984.03,22,2514,FULL,2026-08-31
CUST003093,SALARIED_URBAN,Jaipur,RJ,26.912,75.787,DVC-e77b56ab0b,2,2111.46,649.6,35,2130,FULL,2026-08-31
CUST003094,SALARIED_URBAN,Mumbai,MH,19.076,72.877,DVC-af5e2f4f9d,1,2358.32,1147.19,44,763,FULL,2026-08-31
CUST003095,SALARIED_URBAN,Kochi,KL,9.932,76.267,DVC-068cf40aa0,2,1901.88,786.34,30,476,FULL,2026-08-31
CUST003096,SALARIED_URBAN,Nagpur,MH,21.146,79.088,DVC-d9cd0117db,1,2288.4,760.12,41,2326,FULL,2026-08-31
CUST003097,SALARIED_URBAN,Kolkata,WB,22.573,88.364,DVC-8e85c7020f,1,1740.7,597.23,45,960,FULL,2026-08-31
CUST003098,AFFLUENT,Kochi,KL,9.932,76.267,DVC-abcb164524,3,14477.79,4661.7,64,2292,FULL,2026-08-31
CUST003099,SALARIED_URBAN,Hyderabad,TG,17.385,78.487,DVC-4440bb42c3,1,2561.59,864.07,49,529,FULL,2026-08-31
CUST003100,GIG_WORKER,Lucknow,UP,26.847,80.947,DVC-8cfaa4c2e5,2,424.49,173.66,44,295,FULL,2026-08-31
CUST003101,GIG_WORKER,Pune,MH,18.52,73.857,DVC-0bee86d1bb,1,698.77,366.2,46,1867,FULL,2026-08-31
CUST003102,SMALL_BUSINESS,Panaji,GA,15.491,73.828,DVC-b85f7df9fa,3,4462.82,2279.65,48,400,FULL,2026-08-31
CUST003103,STUDENT,Lucknow,UP,26.847,80.947,DVC-e419be874a,2,199.12,130.42,39,128,MIN,2026-08-31
CUST003104,SALARIED_URBAN,Kochi,KL,9.932,76.267,DVC-a233603a28,2,2512.89,1086.76,79,1013,FULL,2026-08-31
CUST003105,SMALL_BUSINESS,Panaji,GA,15.491,73.828,DVC-867be95f95,1,6127.32,3126.12,45,2367,FULL,2026-08-31
CUST003106,GIG_WORKER,Bengaluru,KA,12.972,77.594,DVC-a45f08f0a0,1,885.37,569.31,31,1521,FULL,2026-08-31
CUST003107,STUDENT,Delhi,DL,28.614,77.209,DVC-9523d75b5c,2,503.04,370.66,46,1081,FULL,2026-08-31
CUST003108,GIG_WORKER,Lucknow,UP,26.847,80.947,DVC-adfd8f504b,1,1016.64,587.5,48,1713,FULL,2026-08-31
CUST003109,SALARIED_URBAN,Hyderabad,TG,17.385,78.487,DVC-e9fc4118bb,2,2078.46,931.57,20,1416,FULL,2026-08-31
CUST003110,SMALL_BUSINESS,Panaji,GA,15.491,73.828,DVC-bf823ccc63,2,2583.82,1296.33,50,2571,FULL,2026-08-31
CUST003111,AFFLUENT,Indore,MP,22.72,75.858,DVC-7da4bfbfbb,1,7648.5,2392.0,27,153,FULL,2026-08-31
CUST003112,GIG_WORKER,Hyderabad,TG,17.385,78.487,DVC-cf836de9d6,1,705.66,474.56,52,529,FULL,2026-08-31
CUST003113,SALARIED_URBAN,Indore,MP,22.72,75.858,DVC-8ff3d12886,1,2285.81,1052.95,55,2527,FULL,2026-08-31
CUST003114,SMALL_BUSINESS,Bengaluru,KA,12.972,77.594,DVC-7c236c5a6e,1,3076.51,1619.74,16,2603,FULL,2026-08-31
CUST003115,AFFLUENT,Chandigarh,CH,30.734,76.779,DVC-0f13f9bee6,2,12361.85,4742.06,26,2023,FULL,2026-08-31
CUST003116,SALARIED_URBAN,Hyderabad,TG,17.385,78.487,DVC-ddcafcfc86,2,1810.6,823.9,41,2725,FULL,2026-08-31
CUST003117,SMALL_BUSINESS,Guwahati,AS,26.145,91.736,DVC-9c3473097b,1,3030.85,1328.94,37,1049,FULL,2026-08-31
CUST003118,AFFLUENT,Jaipur,RJ,26.912,75.787,DVC-b4305ceae6,2,14645.05,4355.25,43,811,FULL,2026-08-31
CUST003119,AFFLUENT,Ahmedabad,GJ,23.023,72.571,DVC-7e885e2a25,1,12298.15,4681.92,37,246,FULL,2026-08-31
CUST003120,GIG_WORKER,Ahmedabad,GJ,23.023,72.571,DVC-5e5c299f2f,1,379.21,208.5,39,689,FULL,2026-08-31
CUST003121,SALARIED_URBAN,Panaji,GA,15.491,73.828,DVC-5acdedb09a,2,1649.2,735.71,34,2815,FULL,2026-08-31
CUST003122,SALARIED_URBAN,Guwahati,AS,26.145,91.736,DVC-799c0c70b2,2,2539.19,1165.32,49,2671,FULL,2026-08-31
CUST003123,GIG_WORKER,Lucknow,UP,26.847,80.947,DVC-d0769bef40,1,871.81,353.99,10,689,FULL,2026-08-31
CUST003124,SALARIED_URBAN,Delhi,DL,28.614,77.209,DVC-e9b2b48ed0,2,2267.73,740.13,55,1032,FULL,2026-08-31
CUST003125,SALARIED_URBAN,Nagpur,MH,21.146,79.088,DVC-09025cbec4,2,966.44,443.29,43,1680,MIN,2026-08-31
CUST003126,SMALL_BUSINESS,Pune,MH,18.52,73.857,DVC-acce8166d5,2,4637.56,2407.23,47,1966,FULL,2026-08-31
CUST003127,SALARIED_URBAN,Indore,MP,22.72,75.858,DVC-2a8ebccc6f,1,1479.23,772.31,46,992,FULL,2026-08-31
CUST003128,GIG_WORKER,Ahmedabad,GJ,23.023,72.571,DVC-8ccf8d891a,1,648.35,370.69,46,2040,FULL,2026-08-31
CUST003129,GIG_WORKER,Kochi,KL,9.932,76.267,DVC-9ad13aa749,2,443.87,238.85,23,226,FULL,2026-08-31
CUST003130,SALARIED_URBAN,Kolkata,WB,22.573,88.364,DVC-add12c1e50,2,1705.84,638.93,35,1110,FULL,2026-08-31
CUST003131,SMALL_BUSINESS,Guwahati,AS,26.145,91.736,DVC-223a34fda5,2,5471.98,3045.91,47,86,FULL,2026-08-31
CUST003132,GIG_WORKER,Kolkata,WB,22.573,88.364,DVC-f76517fac7,2,848.05,569.1,64,899,FULL,2026-08-31
CUST003133,STUDENT,Ahmedabad,GJ,23.023,72.571,DVC-9ed2f5f189,1,203.04,98.56,27,1780,FULL,2026-08-31
CUST003134,SALARIED_URBAN,Chennai,TN,13.083,80.27,DVC-6d3fbb9a34,3,2432.15,1324.74,45,1164,FULL,2026-08-31
CUST003135,GIG_WORKER,Kolkata,WB,22.573,88.364,DVC-4c967c81cd,1,730.86,332.56,59,1201,FULL,2026-08-31
CUST003136,SALARIED_URBAN,Nagpur,MH,21.146,79.088,DVC-cb712894a3,2,1901.2,1020.01,32,1328,FULL,2026-08-31
CUST003137,AFFLUENT,Guwahati,AS,26.145,91.736,DVC-c57ab37637,1,5440.11,1573.6,44,2044,FULL,2026-08-31
CUST003138,STUDENT,Chennai,TN,13.083,80.27,DVC-38f665e5f9,1,285.59,192.17,52,688,FULL,2026-08-31
CUST003139,SMALL_BUSINESS,Jaipur,RJ,26.912,75.787,DVC-3429ec203f,1,5506.18,3065.88,22,642,FULL,2026-08-31
CUST003140,STUDENT,Nagpur,MH,21.146,79.088,DVC-59f2155ae5,2,512.2,316.16,30,153,FULL,2026-08-31
CUST003141,STUDENT,Bengaluru,KA,12.972,77.594,DVC-310b97af99,3,537.21,266.74,32,2064,FULL,2026-08-31
CUST003142,SALARIED_URBAN,Indore,MP,22.72,75.858,DVC-b3e841b6b3,1,2099.07,1133.78,21,1392,FULL,2026-08-31
CUST003143,SALARIED_URBAN,Panaji,GA,15.491,73.828,DVC-a881243c41,1,1191.79,425.03,57,486,FULL,2026-08-31
CUST003144,STUDENT,Kolkata,WB,22.573,88.364,DVC-590809cd76,1,316.45,165.33,39,2658,FULL,2026-08-31
CUST003145,SALARIED_URBAN,Bengaluru,KA,12.972,77.594,DVC-36e0bd23e6,2,1964.07,858.06,41,1444,FULL,2026-08-31
CUST003146,SMALL_BUSINESS,Delhi,DL,28.614,77.209,DVC-8bd3c3cdba,1,7449.93,3597.38,43,1267,FULL,2026-08-31
CUST003147,SALARIED_URBAN,Mumbai,MH,19.076,72.877,DVC-52c03057b2,2,1724.86,696.22,32,1987,FULL,2026-08-31
CUST003148,GIG_WORKER,Chandigarh,CH,30.734,76.779,DVC-84eebffaf9,2,578.71,334.81,9,2684,FULL,2026-08-31
CUST003149,SMALL_BUSINESS,Delhi,DL,28.614,77.209,DVC-852850c8ad,1,2516.44,978.86,37,286,FULL,2026-08-31
CUST003150,GIG_WORKER,Nagpur,MH,21.146,79.088,DVC-d69629c6d1,1,684.42,298.47,50,2118,FULL,2026-08-31
CUST003151,SMALL_BUSINESS,Lucknow,UP,26.847,80.947,DVC-a25bff349a,1,4828.98,2689.68,31,364,FULL,2026-08-31
CUST003152,SMALL_BUSINESS,Guwahati,AS,26.145,91.736,DVC-dcc0550797,2,2258.99,1186.94,50,75,MIN,2026-08-31
CUST003153,SALARIED_URBAN,Bengaluru,KA,12.972,77.594,DVC-8b851fc6ab,1,1573.5,818.34,37,2466,FULL,2026-08-31
CUST003154,GIG_WORKER,Lucknow,UP,26.847,80.947,DVC-5e6203ba5c,2,354.92,172.9,41,161,FULL,2026-08-31
CUST003155,GIG_WORKER,Jaipur,RJ,26.912,75.787,DVC-4d74156949,2,809.64,435.83,8,2534,FULL,2026-08-31
CUST003156,AFFLUENT,Bengaluru,KA,12.972,77.594,DVC-85ad6eaae4,2,7212.87,2147.95,61,882,FULL,2026-08-31
CUST003157,AFFLUENT,Lucknow,UP,26.847,80.947,DVC-cef8f91121,1,12586.86,4481.01,34,2529,FULL,2026-08-31
CUST003158,GIG_WORKER,Ahmedabad,GJ,23.023,72.571,DVC-7fc1cb17af,1,758.65,392.61,48,131,FULL,2026-08-31
CUST003159,SMALL_BUSINESS,Chennai,TN,13.083,80.27,DVC-467a37c388,3,6899.33,4135.41,45,488,FULL,2026-08-31
CUST003160,AFFLUENT,Kolkata,WB,22.573,88.364,DVC-306f34f02b,1,12221.98,5262.25,56,2154,FULL,2026-08-31
CUST003161,GIG_WORKER,Panaji,GA,15.491,73.828,DVC-705165b6b3,1,514.09,327.96,27,1046,FULL,2026-08-31
CUST003162,STUDENT,Indore,MP,22.72,75.858,DVC-312b60cc20,1,610.54,398.43,36,2455,FULL,2026-08-31
CUST003163,SMALL_BUSINESS,Indore,MP,22.72,75.858,DVC-6ff951444f,2,7487.77,3200.82,6,1501,FULL,2026-08-31
CUST003164,STUDENT,Kolkata,WB,22.573,88.364,DVC-f58dcd7d48,1,255.91,121.84,28,2229,FULL,2026-08-31
CUST003165,SMALL_BUSINESS,Indore,MP,22.72,75.858,DVC-2b74f91b7e,2,7074.21,3624.51,16,2068,FULL,2026-08-31
CUST003166,SALARIED_URBAN,Pune,MH,18.52,73.857,DVC-0306560687,1,2593.49,1130.23,42,493,FULL,2026-08-31
CUST003167,STUDENT,Pune,MH,18.52,73.857,DVC-d85c683a13,1,345.43,180.83,50,1233,MIN,2026-08-31
CUST003168,SALARIED_URBAN,Guwahati,AS,26.145,91.736,DVC-ad8868b86e,1,1433.43,669.3,39,1766,FULL,2026-08-31
CUST003169,SALARIED_URBAN,Panaji,GA,15.491,73.828,DVC-f783d57b1f,1,2105.93,684.66,19,1132,FULL,2026-08-31
CUST003170,GIG_WORKER,Nagpur,MH,21.146,79.088,DVC-3dae0e5241,1,598.55,378.83,54,1347,FULL,2026-08-31
CUST003171,STUDENT,Chandigarh,CH,30.734,76.779,DVC-79addb7c24,1,405.43,245.92,37,2360,FULL,2026-08-31
CUST003172,GIG_WORKER,Kolkata,WB,22.573,88.364,DVC-c1a0dbfdc4,1,788.65,349.26,32,354,MIN,2026-08-31
CUST003173,SMALL_BUSINESS,Guwahati,AS,26.145,91.736,DVC-592e378d8f,1,6800.72,3358.69,62,1159,FULL,2026-08-31
CUST003174,STUDENT,Chandigarh,CH,30.734,76.779,DVC-2d4d0eed48,1,304.78,198.37,23,633,FULL,2026-08-31
CUST003175,AFFLUENT,Pune,MH,18.52,73.857,DVC-220aad5897,1,12457.16,4679.69,53,1489,FULL,2026-08-31
CUST003176,GIG_WORKER,Pune,MH,18.52,73.857,DVC-cf51b1d300,1,1005.38,665.54,31,2371,FULL,2026-08-31
CUST003177,SALARIED_URBAN,Nagpur,MH,21.146,79.088,DVC-77efa0625f,1,1137.87,341.58,48,403,FULL,2026-08-31
CUST003178,GIG_WORKER,Lucknow,UP,26.847,80.947,DVC-4d195f828d,1,1051.38,704.27,46,1423,FULL,2026-08-31
CUST003179,SALARIED_URBAN,Lucknow,UP,26.847,80.947,DVC-8d9302d332,1,1699.55,520.27,27,891,FULL,2026-08-31
CUST003180,GIG_WORKER,Pune,MH,18.52,73.857,DVC-5361f80927,2,853.62,416.82,39,1385,FULL,2026-08-31
CUST003181,SMALL_BUSINESS,Indore,MP,22.72,75.858,DVC-c5f8d9a670,2,4924.24,2384.51,39,663,FULL,2026-08-31
CUST003182,AFFLUENT,Ahmedabad,GJ,23.023,72.571,DVC-0e7d53bd1f,1,9511.6,3478.42,30,1131,FULL,2026-08-31
CUST003183,SALARIED_URBAN,Panaji,GA,15.491,73.828,DVC-4ec2ac7168,1,1126.64,357.67,56,458,FULL,2026-08-31
CUST003184,STUDENT,Hyderabad,TG,17.385,78.487,DVC-49f7945844,3,268.02,169.24,33,873,FULL,2026-08-31
CUST003185,SMALL_BUSINESS,Chennai,TN,13.083,80.27,DVC-a7f52d437b,3,5103.0,3036.5,21,1793,FULL,2026-08-31
CUST003186,STUDENT,Indore,MP,22.72,75.858,DVC-bef561df0e,2,389.54,248.9,36,2268,FULL,2026-08-31
CUST003187,GIG_WORKER,Chennai,TN,13.083,80.27,DVC-545929d50e,1,583.77,368.6,42,688,FULL,2026-08-31
CUST003188,SALARIED_URBAN,Chandigarh,CH,30.734,76.779,DVC-cf5220ec07,1,1697.74,711.04,40,591,FULL,2026-08-31
CUST003189,SALARIED_URBAN,Indore,MP,22.72,75.858,DVC-7415a11579,1,1788.02,545.16,28,2726,FULL,2026-08-31
CUST003190,SMALL_BUSINESS,Panaji,GA,15.491,73.828,DVC-930ed4a141,2,4614.38,2462.79,22,1556,FULL,2026-08-31
CUST003191,SALARIED_URBAN,Jaipur,RJ,26.912,75.787,DVC-1d503fcf47,1,1700.08,729.81,65,933,FULL,2026-08-31
CUST003192,GIG_WORKER,Bengaluru,KA,12.972,77.594,DVC-7e1d674e5f,1,354.77,169.19,40,766,FULL,2026-08-31
CUST003193,SALARIED_URBAN,Panaji,GA,15.491,73.828,DVC-038ffb4121,1,1324.27,600.78,32,895,FULL,2026-08-31
CUST003194,SALARIED_URBAN,Indore,MP,22.72,75.858,DVC-620d97fd31,2,1848.83,1016.06,59,1373,FULL,2026-08-31
CUST003195,SALARIED_URBAN,Pune,MH,18.52,73.857,DVC-cfa873c254,2,1885.29,892.11,21,2078,FULL,2026-08-31
CUST003196,AFFLUENT,Ahmedabad,GJ,23.023,72.571,DVC-9756e44117,1,12327.16,4942.79,37,2117,FULL,2026-08-31
CUST003197,GIG_WORKER,Chandigarh,CH,30.734,76.779,DVC-b586fe33e7,1,433.08,244.9,57,172,FULL,2026-08-31
CUST003198,SMALL_BUSINESS,Chennai,TN,13.083,80.27,DVC-90b0e8a022,1,5233.84,2763.77,39,1862,FULL,2026-08-31
CUST003199,GIG_WORKER,Pune,MH,18.52,73.857,DVC-63d81a2c24,1,988.56,440.29,37,1206,MIN,2026-08-31
CUST003200,SALARIED_URBAN,Hyderabad,TG,17.385,78.487,DVC-87fd0a5279,1,902.08,416.73,25,1316,FULL,2026-08-31
CUST003201,SMALL_BUSINESS,Lucknow,UP,26.847,80.947,DVC-e830d62d5f,3,2449.0,888.13,53,1332,FULL,2026-08-31
CUST003202,SMALL_BUSINESS,Mumbai,MH,19.076,72.877,DVC-29bfce57a7,2,6919.73,2661.99,41,1613,FULL,2026-08-31
CUST003203,GIG_WORKER,Bengaluru,KA,12.972,77.594,DVC-4f96a63cdb,3,461.64,187.26,7,145,FULL,2026-08-31
CUST003204,GIG_WORKER,Lucknow,UP,26.847,80.947,DVC-2181c04b17,1,828.24,518.54,46,1503,FULL,2026-08-31
CUST003205,AFFLUENT,Panaji,GA,15.491,73.828,DVC-5d8881128f,1,16927.7,4695.1,34,312,MIN,2026-08-31
CUST003206,STUDENT,Lucknow,UP,26.847,80.947,DVC-6f6bc6c369,1,449.45,285.19,24,1098,FULL,2026-08-31
CUST003207,SALARIED_URBAN,Ahmedabad,GJ,23.023,72.571,DVC-458df35373,2,1004.04,545.44,30,2416,FULL,2026-08-31
CUST003208,GIG_WORKER,Kolkata,WB,22.573,88.364,DVC-b3ffb8b970,2,623.39,373.43,41,720,FULL,2026-08-31
CUST003209,AFFLUENT,Kochi,KL,9.932,76.267,DVC-548c9e0e47,1,13469.83,3996.55,16,2592,FULL,2026-08-31
CUST003210,STUDENT,Delhi,DL,28.614,77.209,DVC-54c67bb68f,2,198.64,128.8,32,1687,FULL,2026-08-31
CUST003211,SALARIED_URBAN,Lucknow,UP,26.847,80.947,DVC-da162753bc,1,1687.0,907.09,59,910,FULL,2026-08-31
CUST003212,STUDENT,Nagpur,MH,21.146,79.088,DVC-c3477e1d9d,3,198.97,97.39,52,1133,FULL,2026-08-31
CUST003213,STUDENT,Panaji,GA,15.491,73.828,DVC-70aabad69f,1,372.42,185.95,21,1582,FULL,2026-08-31
CUST003214,AFFLUENT,Ahmedabad,GJ,23.023,72.571,DVC-0e805f4f67,2,15471.28,6497.34,36,1189,FULL,2026-08-31
CUST003215,SALARIED_URBAN,Kochi,KL,9.932,76.267,DVC-1e69a40fe9,2,1692.11,870.46,28,1645,FULL,2026-08-31
CUST003216,SALARIED_URBAN,Mumbai,MH,19.076,72.877,DVC-946d44d4eb,1,1568.85,858.52,50,99,FULL,2026-08-31
CUST003217,GIG_WORKER,Hyderabad,TG,17.385,78.487,DVC-3620673aca,1,686.4,275.53,45,2571,FULL,2026-08-31
CUST003218,AFFLUENT,Kolkata,WB,22.573,88.364,DVC-74c3191759,1,14126.8,5408.88,45,1405,FULL,2026-08-31
CUST003219,GIG_WORKER,Lucknow,UP,26.847,80.947,DVC-0a272da589,3,414.2,237.61,37,695,FULL,2026-08-31
CUST003220,STUDENT,Jaipur,RJ,26.912,75.787,DVC-f37d766a21,1,369.43,275.99,49,308,FULL,2026-08-31
CUST003221,SMALL_BUSINESS,Jaipur,RJ,26.912,75.787,DVC-21b367cb6b,1,6694.4,2920.33,4,1168,FULL,2026-08-31
CUST003222,AFFLUENT,Jaipur,RJ,26.912,75.787,DVC-4c433fceb4,2,14123.45,4426.75,49,2517,FULL,2026-08-31
CUST003223,AFFLUENT,Hyderabad,TG,17.385,78.487,DVC-7f8bd65568,2,5681.22,1619.65,46,1960,FULL,2026-08-31
CUST003224,SMALL_BUSINESS,Kolkata,WB,22.573,88.364,DVC-c56899e47d,2,2782.46,1069.66,47,478,FULL,2026-08-31
CUST003225,SALARIED_URBAN,Pune,MH,18.52,73.857,DVC-5ff4165e50,1,1779.77,668.71,39,1093,FULL,2026-08-31
CUST003226,SMALL_BUSINESS,Nagpur,MH,21.146,79.088,DVC-06bae70485,1,3257.95,1337.46,60,2047,FULL,2026-08-31
CUST003227,SMALL_BUSINESS,Lucknow,UP,26.847,80.947,DVC-3caac55090,1,4921.3,2864.59,30,2590,FULL,2026-08-31
CUST003228,AFFLUENT,Nagpur,MH,21.146,79.088,DVC-2a92cb44d6,1,8564.62,3139.9,13,2476,FULL,2026-08-31
CUST003229,SMALL_BUSINESS,Lucknow,UP,26.847,80.947,DVC-956bdc42de,2,7447.72,3633.05,69,1969,FULL,2026-08-31
CUST003230,STUDENT,Lucknow,UP,26.847,80.947,DVC-d2b08e7776,1,591.59,364.14,4,962,FULL,2026-08-31
CUST003231,STUDENT,Chandigarh,CH,30.734,76.779,DVC-5b40e38a8d,1,511.78,361.16,69,714,FULL,2026-08-31
CUST003232,SMALL_BUSINESS,Bengaluru,KA,12.972,77.594,DVC-5dff116d1e,1,2774.85,1172.28,49,882,FULL,2026-08-31
CUST003233,GIG_WORKER,Mumbai,MH,19.076,72.877,DVC-de0b4912ae,1,857.62,410.92,31,2622,FULL,2026-08-31
CUST003234,SALARIED_URBAN,Chennai,TN,13.083,80.27,DVC-d23d710a7e,1,1312.26,561.25,4,1573,FULL,2026-08-31
CUST003235,SMALL_BUSINESS,Jaipur,RJ,26.912,75.787,DVC-658cd84cb1,2,3839.01,1591.84,53,479,FULL,2026-08-31
CUST003236,STUDENT,Chennai,TN,13.083,80.27,DVC-466a3df9ed,2,256.15,133.74,27,757,FULL,2026-08-31
CUST003237,SMALL_BUSINESS,Chennai,TN,13.083,80.27,DVC-5c9350e290,2,3931.81,1817.43,41,504,FULL,2026-08-31
CUST003238,GIG_WORKER,Pune,MH,18.52,73.857,DVC-4aeb834d98,2,872.07,543.63,39,255,FULL,2026-08-31
CUST003239,GIG_WORKER,Nagpur,MH,21.146,79.088,DVC-81a8718e6c,1,382.04,236.03,44,1546,FULL,2026-08-31
CUST003240,STUDENT,Lucknow,UP,26.847,80.947,DVC-8d85212bad,3,424.83,286.37,15,348,FULL,2026-08-31
CUST003241,STUDENT,Chandigarh,CH,30.734,76.779,DVC-5e4d4e914c,1,266.55,145.66,64,965,FULL,2026-08-31
CUST003242,SALARIED_URBAN,Lucknow,UP,26.847,80.947,DVC-09f8c1d1b2,2,2532.87,1120.12,56,993,FULL,2026-08-31
CUST003243,SALARIED_URBAN,Panaji,GA,15.491,73.828,DVC-707115eb3f,1,968.35,332.37,20,2608,FULL,2026-08-31
CUST003244,SALARIED_URBAN,Kochi,KL,9.932,76.267,DVC-3f2282866b,1,2517.6,756.77,54,1250,MIN,2026-08-31
CUST003245,SALARIED_URBAN,Ahmedabad,GJ,23.023,72.571,DVC-3f0d93c7cd,1,1580.83,620.14,40,1490,FULL,2026-08-31
CUST003246,SMALL_BUSINESS,Nagpur,MH,21.146,79.088,DVC-976c9c4c43,1,2562.41,1383.29,41,1188,FULL,2026-08-31
CUST003247,STUDENT,Hyderabad,TG,17.385,78.487,DVC-6bb7ae60f5,2,187.11,99.08,32,376,FULL,2026-08-31
CUST003248,SALARIED_URBAN,Panaji,GA,15.491,73.828,DVC-4ececa55e7,2,1341.7,682.92,49,151,FULL,2026-08-31
CUST003249,SMALL_BUSINESS,Kochi,KL,9.932,76.267,DVC-11149a370f,2,3306.52,1661.64,48,2476,FULL,2026-08-31
CUST003250,STUDENT,Bengaluru,KA,12.972,77.594,DVC-f1b95909fc,2,431.15,215.19,38,108,FULL,2026-08-31
CUST003251,SALARIED_URBAN,Indore,MP,22.72,75.858,DVC-649f8f4c24,2,1338.71,437.13,53,803,FULL,2026-08-31
CUST003252,AFFLUENT,Hyderabad,TG,17.385,78.487,DVC-b16ff20c61,1,15702.52,5784.59,47,1766,MIN,2026-08-31
CUST003253,GIG_WORKER,Chandigarh,CH,30.734,76.779,DVC-7abaccece0,1,808.35,540.92,56,53,FULL,2026-08-31
CUST003254,SALARIED_URBAN,Ahmedabad,GJ,23.023,72.571,DVC-875faa0cf5,2,2177.76,1105.61,39,2517,FULL,2026-08-31
CUST003255,SMALL_BUSINESS,Guwahati,AS,26.145,91.736,DVC-e9da31b11a,2,4075.12,1720.1,61,2355,MIN,2026-08-31
CUST003256,SALARIED_URBAN,Mumbai,MH,19.076,72.877,DVC-8b9079f1ab,2,2419.09,1088.22,32,609,FULL,2026-08-31
CUST003257,SMALL_BUSINESS,Indore,MP,22.72,75.858,DVC-8108644082,2,5902.03,2291.78,35,145,FULL,2026-08-31
CUST003258,GIG_WORKER,Panaji,GA,15.491,73.828,DVC-7bb348fc3c,2,1064.17,578.55,42,1166,FULL,2026-08-31
CUST003259,SALARIED_URBAN,Nagpur,MH,21.146,79.088,DVC-62bd424ff9,2,1901.07,953.07,26,838,FULL,2026-08-31
CUST003260,GIG_WORKER,Mumbai,MH,19.076,72.877,DVC-2e6a2346e0,3,386.78,176.74,44,1255,FULL,2026-08-31
CUST003261,SALARIED_URBAN,Delhi,DL,28.614,77.209,DVC-c6769c5f23,2,2595.55,827.17,33,2135,FULL,2026-08-31
CUST003262,SMALL_BUSINESS,Mumbai,MH,19.076,72.877,DVC-87711acb07,3,7455.27,2846.74,38,425,FULL,2026-08-31
CUST003263,SMALL_BUSINESS,Nagpur,MH,21.146,79.088,DVC-b6659df2b7,1,4572.97,2214.38,18,296,FULL,2026-08-31
CUST003264,GIG_WORKER,Pune,MH,18.52,73.857,DVC-96db68d6b5,2,1039.91,724.68,19,1651,FULL,2026-08-31
CUST003265,SALARIED_URBAN,Lucknow,UP,26.847,80.947,DVC-3711f46200,1,2324.94,1060.74,28,1058,FULL,2026-08-31
CUST003266,SMALL_BUSINESS,Mumbai,MH,19.076,72.877,DVC-c8a1315f63,1,3118.22,1688.87,44,1380,FULL,2026-08-31
CUST003267,SALARIED_URBAN,Bengaluru,KA,12.972,77.594,DVC-73486990d7,2,1145.91,345.67,43,385,FULL,2026-08-31
CUST003268,SMALL_BUSINESS,Kochi,KL,9.932,76.267,DVC-c3591d4bc8,1,3529.93,1570.19,64,2859,FULL,2026-08-31
CUST003269,AFFLUENT,Jaipur,RJ,26.912,75.787,DVC-24ed3c4177,1,16912.38,6986.22,55,629,FULL,2026-08-31
CUST003270,SALARIED_URBAN,Chandigarh,CH,30.734,76.779,DVC-4226d19264,3,2477.41,1005.12,55,2238,FULL,2026-08-31
CUST003271,SMALL_BUSINESS,Chennai,TN,13.083,80.27,DVC-5224af09f7,2,3156.92,1857.65,46,1477,FULL,2026-08-31
CUST003272,SMALL_BUSINESS,Indore,MP,22.72,75.858,DVC-578c46b267,2,5684.15,2218.68,45,1282,FULL,2026-08-31
CUST003273,GIG_WORKER,Bengaluru,KA,12.972,77.594,DVC-a2950687c1,2,946.19,521.84,34,1737,FULL,2026-08-31
CUST003274,GIG_WORKER,Jaipur,RJ,26.912,75.787,DVC-545da50eaa,2,793.78,432.27,28,458,FULL,2026-08-31
CUST003275,STUDENT,Kochi,KL,9.932,76.267,DVC-49ad7caf30,3,583.82,302.18,33,136,FULL,2026-08-31
CUST003276,STUDENT,Indore,MP,22.72,75.858,DVC-6047400097,2,609.79,324.61,20,843,MIN,2026-08-31
CUST003277,STUDENT,Chennai,TN,13.083,80.27,DVC-83a9c3abde,1,343.71,210.96,4,2583,FULL,2026-08-31
CUST003278,AFFLUENT,Ahmedabad,GJ,23.023,72.571,DVC-c14707b3cd,1,4910.38,1252.97,39,488,FULL,2026-08-31
CUST003279,STUDENT,Mumbai,MH,19.076,72.877,DVC-e8e83e5cc4,2,371.59,212.24,44,2733,MIN,2026-08-31
CUST003280,SMALL_BUSINESS,Bengaluru,KA,12.972,77.594,DVC-ae0177175f,2,4460.33,2068.37,56,67,FULL,2026-08-31
CUST003281,GIG_WORKER,Delhi,DL,28.614,77.209,DVC-99e1923d60,1,411.07,167.95,27,2159,FULL,2026-08-31
CUST003282,SALARIED_URBAN,Mumbai,MH,19.076,72.877,DVC-90ae455cf2,2,2404.9,808.43,43,2131,FULL,2026-08-31
CUST003283,GIG_WORKER,Chandigarh,CH,30.734,76.779,DVC-e4ae87e29e,1,799.0,552.66,45,1394,FULL,2026-08-31
CUST003284,SALARIED_URBAN,Nagpur,MH,21.146,79.088,DVC-d75a21f7a1,1,2123.85,988.43,49,2293,FULL,2026-08-31
CUST003285,AFFLUENT,Kolkata,WB,22.573,88.364,DVC-1e616c96e2,1,9683.66,2954.45,17,2853,FULL,2026-08-31
CUST003286,GIG_WORKER,Kolkata,WB,22.573,88.364,DVC-5eae102561,1,544.93,335.63,29,2085,FULL,2026-08-31
CUST003287,GIG_WORKER,Ahmedabad,GJ,23.023,72.571,DVC-232d5ac03d,1,765.11,413.93,75,2396,FULL,2026-08-31
CUST003288,SMALL_BUSINESS,Delhi,DL,28.614,77.209,DVC-d066977fe1,2,3031.93,1561.55,59,1951,FULL,2026-08-31
CUST003289,SMALL_BUSINESS,Jaipur,RJ,26.912,75.787,DVC-be69ac65e7,2,5935.99,2387.19,52,1499,FULL,2026-08-31
CUST003290,SMALL_BUSINESS,Guwahati,AS,26.145,91.736,DVC-5f69a322c0,1,2903.33,1446.36,19,180,FULL,2026-08-31
CUST003291,GIG_WORKER,Bengaluru,KA,12.972,77.594,DVC-1617324590,3,575.85,313.84,18,1972,FULL,2026-08-31
CUST003292,SMALL_BUSINESS,Pune,MH,18.52,73.857,DVC-aca71d027e,2,2664.1,1291.78,38,841,FULL,2026-08-31
CUST003293,SALARIED_URBAN,Kolkata,WB,22.573,88.364,DVC-d158b5f62f,3,1502.52,686.64,29,1344,FULL,2026-08-31
CUST003294,GIG_WORKER,Kochi,KL,9.932,76.267,DVC-604376b3e3,1,381.78,169.75,61,1024,FULL,2026-08-31
CUST003295,SALARIED_URBAN,Nagpur,MH,21.146,79.088,DVC-5fc1b6bec6,3,1988.32,705.94,44,1691,FULL,2026-08-31
CUST003296,SALARIED_URBAN,Chandigarh,CH,30.734,76.779,DVC-b144c31715,1,1532.25,619.7,46,637,FULL,2026-08-31
CUST003297,SMALL_BUSINESS,Hyderabad,TG,17.385,78.487,DVC-f9c31816db,2,3590.81,1768.0,30,808,FULL,2026-08-31
CUST003298,SALARIED_URBAN,Chennai,TN,13.083,80.27,DVC-3a65b778c3,1,1338.0,686.76,40,322,MIN,2026-08-31
CUST003299,SALARIED_URBAN,Chandigarh,CH,30.734,76.779,DVC-9d75a5e161,1,1544.01,507.85,22,1266,FULL,2026-08-31
CUST003300,SALARIED_URBAN,Pune,MH,18.52,73.857,DVC-610bf6c75c,1,1818.7,983.44,26,2393,FULL,2026-08-31
CUST003301,SALARIED_URBAN,Bengaluru,KA,12.972,77.594,DVC-c16082e698,1,2118.81,758.68,45,1159,FULL,2026-08-31
CUST003302,STUDENT,Bengaluru,KA,12.972,77.594,DVC-1cbb0487d3,1,451.39,316.59,42,1757,FULL,2026-08-31
CUST003303,SALARIED_URBAN,Chandigarh,CH,30.734,76.779,DVC-71badd0014,1,918.02,438.58,57,1901,FULL,2026-08-31
CUST003304,GIG_WORKER,Nagpur,MH,21.146,79.088,DVC-7eeba6a5ce,1,1013.56,569.41,49,347,FULL,2026-08-31
CUST003305,GIG_WORKER,Bengaluru,KA,12.972,77.594,DVC-6ed6bb6daf,1,353.96,146.2,36,323,FULL,2026-08-31
CUST003306,STUDENT,Indore,MP,22.72,75.858,DVC-2499e8563a,1,630.42,344.75,33,1287,FULL,2026-08-31
CUST003307,AFFLUENT,Lucknow,UP,26.847,80.947,DVC-43e1729ae8,1,14192.1,5805.51,57,132,FULL,2026-08-31
CUST003308,SALARIED_URBAN,Chennai,TN,13.083,80.27,DVC-edbc691c77,2,1847.6,881.87,44,1634,FULL,2026-08-31
CUST003309,GIG_WORKER,Panaji,GA,15.491,73.828,DVC-296a3d9df3,2,574.11,377.83,28,1453,FULL,2026-08-31
CUST003310,SMALL_BUSINESS,Indore,MP,22.72,75.858,DVC-bf4bf194f8,1,4931.86,2673.09,61,1708,FULL,2026-08-31
CUST003311,SMALL_BUSINESS,Jaipur,RJ,26.912,75.787,DVC-5004ad0eaa,1,3464.01,1818.98,11,343,FULL,2026-08-31
CUST003312,SALARIED_URBAN,Kolkata,WB,22.573,88.364,DVC-32c1e537cc,2,2474.85,888.85,56,2771,FULL,2026-08-31
CUST003313,GIG_WORKER,Indore,MP,22.72,75.858,DVC-dd5dc63784,1,643.34,353.28,36,2107,FULL,2026-08-31
CUST003314,SALARIED_URBAN,Chennai,TN,13.083,80.27,DVC-b7b8774628,2,1554.72,845.53,46,1840,FULL,2026-08-31
CUST003315,STUDENT,Bengaluru,KA,12.972,77.594,DVC-24be4b4416,1,197.72,120.82,31,2441,MIN,2026-08-31
CUST003316,GIG_WORKER,Kolkata,WB,22.573,88.364,DVC-1c3d08df7f,2,666.1,410.85,35,1760,FULL,2026-08-31
CUST003317,GIG_WORKER,Delhi,DL,28.614,77.209,DVC-dea6177e3f,1,361.42,248.45,40,1669,FULL,2026-08-31
CUST003318,GIG_WORKER,Lucknow,UP,26.847,80.947,DVC-03b0788d9e,1,595.69,250.78,38,2531,MIN,2026-08-31
CUST003319,SALARIED_URBAN,Kolkata,WB,22.573,88.364,DVC-08fe08c137,1,2521.42,771.17,30,1760,FULL,2026-08-31
CUST003320,STUDENT,Jaipur,RJ,26.912,75.787,DVC-ced7f9f2b5,1,193.6,89.04,63,2867,FULL,2026-08-31
CUST003321,SALARIED_URBAN,Jaipur,RJ,26.912,75.787,DVC-d9f458d6ad,1,1227.1,556.63,45,1147,FULL,2026-08-31
CUST003322,GIG_WORKER,Indore,MP,22.72,75.858,DVC-8a932ef2b0,1,897.14,403.62,31,1068,FULL,2026-08-31
CUST003323,SALARIED_URBAN,Pune,MH,18.52,73.857,DVC-4856d53d7b,2,1772.75,734.63,15,169,FULL,2026-08-31
CUST003324,AFFLUENT,Chennai,TN,13.083,80.27,DVC-f93f3dfd00,1,10565.44,3492.48,29,400,FULL,2026-08-31
CUST003325,SALARIED_URBAN,Kolkata,WB,22.573,88.364,DVC-71129b5355,2,1118.87,475.06,14,529,FULL,2026-08-31
CUST003326,SALARIED_URBAN,Ahmedabad,GJ,23.023,72.571,DVC-f696c5719d,1,2279.19,807.91,65,2252,FULL,2026-08-31
CUST003327,GIG_WORKER,Kochi,KL,9.932,76.267,DVC-e8c66cd5c8,1,642.11,351.32,31,1312,FULL,2026-08-31
CUST003328,STUDENT,Kolkata,WB,22.573,88.364,DVC-6bdd5abaa8,2,359.21,170.29,35,1376,FULL,2026-08-31
CUST003329,AFFLUENT,Chennai,TN,13.083,80.27,DVC-f1d68464c8,1,17328.92,4611.8,15,519,FULL,2026-08-31
CUST003330,STUDENT,Ahmedabad,GJ,23.023,72.571,DVC-a741348c18,2,638.88,340.57,27,1200,FULL,2026-08-31
CUST003331,GIG_WORKER,Delhi,DL,28.614,77.209,DVC-549058df21,1,576.49,248.7,36,1842,FULL,2026-08-31
CUST003332,SALARIED_URBAN,Chandigarh,CH,30.734,76.779,DVC-7e1869eaac,2,2536.25,1275.04,33,2750,FULL,2026-08-31
CUST003333,GIG_WORKER,Bengaluru,KA,12.972,77.594,DVC-0eab18e3c2,1,442.02,294.51,55,233,FULL,2026-08-31
CUST003334,SMALL_BUSINESS,Guwahati,AS,26.145,91.736,DVC-ec08f8053d,2,7207.25,3480.89,38,1921,FULL,2026-08-31
CUST003335,AFFLUENT,Lucknow,UP,26.847,80.947,DVC-655bf4317a,3,16333.23,4316.34,19,2090,FULL,2026-08-31
CUST003336,SALARIED_URBAN,Mumbai,MH,19.076,72.877,DVC-3a9a899151,1,2441.62,1334.8,40,939,FULL,2026-08-31
CUST003337,SALARIED_URBAN,Kochi,KL,9.932,76.267,DVC-9301e2f793,1,1383.15,572.93,41,1197,FULL,2026-08-31
CUST003338,SALARIED_URBAN,Delhi,DL,28.614,77.209,DVC-0c2c969e03,2,2427.22,971.24,45,2442,FULL,2026-08-31
CUST003339,SMALL_BUSINESS,Bengaluru,KA,12.972,77.594,DVC-2a8949981d,1,2576.7,1161.41,31,1430,FULL,2026-08-31
CUST003340,SALARIED_URBAN,Delhi,DL,28.614,77.209,DVC-9ae727dabf,3,1278.94,524.03,42,225,FULL,2026-08-31
CUST003341,STUDENT,Pune,MH,18.52,73.857,DVC-de59192a8b,2,557.2,268.7,29,1738,FULL,2026-08-31
CUST003342,STUDENT,Mumbai,MH,19.076,72.877,DVC-48510459f9,1,319.73,220.68,43,2479,FULL,2026-08-31
CUST003343,GIG_WORKER,Delhi,DL,28.614,77.209,DVC-deba93973a,1,915.53,393.08,34,2342,FULL,2026-08-31
CUST003344,GIG_WORKER,Panaji,GA,15.491,73.828,DVC-63421c305d,1,1099.55,653.24,38,1091,FULL,2026-08-31
CUST003345,GIG_WORKER,Chennai,TN,13.083,80.27,DVC-c3355d3b8a,2,957.59,392.83,44,1214,FULL,2026-08-31
CUST003346,GIG_WORKER,Lucknow,UP,26.847,80.947,DVC-b8725fd4a0,1,430.25,229.36,57,1767,FULL,2026-08-31
CUST003347,GIG_WORKER,Bengaluru,KA,12.972,77.594,DVC-7a3c613781,2,867.51,485.86,41,2394,FULL,2026-08-31
CUST003348,SALARIED_URBAN,Kochi,KL,9.932,76.267,DVC-df54b56b29,1,2527.54,1233.11,46,735,FULL,2026-08-31
CUST003349,GIG_WORKER,Bengaluru,KA,12.972,77.594,DVC-b175391271,3,403.34,242.75,17,1823,FULL,2026-08-31
CUST003350,STUDENT,Pune,MH,18.52,73.857,DVC-be559f959d,1,620.57,461.54,32,1911,FULL,2026-08-31
CUST003351,AFFLUENT,Bengaluru,KA,12.972,77.594,DVC-8d3e8772ee,2,10914.0,4805.08,19,1037,FULL,2026-08-31
CUST003352,SALARIED_URBAN,Mumbai,MH,19.076,72.877,DVC-da07601527,1,2136.19,737.55,23,1872,MIN,2026-08-31
CUST003353,SALARIED_URBAN,Panaji,GA,15.491,73.828,DVC-4f6e3ff05a,2,2334.56,1162.43,18,1157,FULL,2026-08-31
CUST003354,STUDENT,Indore,MP,22.72,75.858,DVC-14a66f58b9,2,250.57,140.97,36,426,FULL,2026-08-31
CUST003355,GIG_WORKER,Panaji,GA,15.491,73.828,DVC-eaab8c6532,2,847.88,524.29,45,1302,FULL,2026-08-31
CUST003356,GIG_WORKER,Mumbai,MH,19.076,72.877,DVC-c75f5832b6,3,813.45,473.79,19,355,FULL,2026-08-31
CUST003357,STUDENT,Delhi,DL,28.614,77.209,DVC-3c4f82bf91,1,625.27,331.64,24,2132,MIN,2026-08-31
CUST003358,AFFLUENT,Panaji,GA,15.491,73.828,DVC-6de4971bf3,1,7049.87,2895.86,31,1926,FULL,2026-08-31
CUST003359,GIG_WORKER,Pune,MH,18.52,73.857,DVC-ec9a1ade34,1,940.59,634.32,27,1229,FULL,2026-08-31
CUST003360,SMALL_BUSINESS,Delhi,DL,28.614,77.209,DVC-20ea074925,1,4666.3,1683.43,29,1996,FULL,2026-08-31
CUST003361,SALARIED_URBAN,Chandigarh,CH,30.734,76.779,DVC-5e68e6d7ec,2,918.53,315.99,60,2035,FULL,2026-08-31
CUST003362,SALARIED_URBAN,Kolkata,WB,22.573,88.364,DVC-d32840551e,2,2134.2,1077.67,4,2583,FULL,2026-08-31
CUST003363,SMALL_BUSINESS,Jaipur,RJ,26.912,75.787,DVC-5e8b62a12e,2,4173.41,2438.22,38,1397,FULL,2026-08-31
CUST003364,SALARIED_URBAN,Indore,MP,22.72,75.858,DVC-325b096dca,1,1058.31,419.79,43,950,FULL,2026-08-31
CUST003365,GIG_WORKER,Delhi,DL,28.614,77.209,DVC-68b4082de4,2,711.69,359.48,49,1072,FULL,2026-08-31
CUST003366,SALARIED_URBAN,Ahmedabad,GJ,23.023,72.571,DVC-0a9dce707f,1,1446.4,551.37,32,469,FULL,2026-08-31
CUST003367,SMALL_BUSINESS,Chandigarh,CH,30.734,76.779,DVC-0d7a994609,2,5374.54,2378.66,25,199,FULL,2026-08-31
CUST003368,SALARIED_URBAN,Bengaluru,KA,12.972,77.594,DVC-22ed99de17,1,1406.38,711.09,21,2478,MIN,2026-08-31
CUST003369,SMALL_BUSINESS,Nagpur,MH,21.146,79.088,DVC-0e88c518ba,2,4049.3,1701.27,26,2557,FULL,2026-08-31
CUST003370,SMALL_BUSINESS,Lucknow,UP,26.847,80.947,DVC-8da3a6bf9a,1,4972.68,2896.36,48,1946,MIN,2026-08-31
CUST003371,AFFLUENT,Jaipur,RJ,26.912,75.787,DVC-2905f4d57a,3,5785.28,1553.52,51,2354,FULL,2026-08-31
CUST003372,SALARIED_URBAN,Delhi,DL,28.614,77.209,DVC-bf18af5bff,1,2164.53,783.53,41,1012,FULL,2026-08-31
CUST003373,GIG_WORKER,Delhi,DL,28.614,77.209,DVC-f705e1519d,3,871.81,429.88,44,1563,FULL,2026-08-31
CUST003374,STUDENT,Chandigarh,CH,30.734,76.779,DVC-76795ae564,1,192.51,107.12,11,765,FULL,2026-08-31
CUST003375,SMALL_BUSINESS,Lucknow,UP,26.847,80.947,DVC-9de00f1366,1,4501.24,1720.15,34,2653,FULL,2026-08-31
CUST003376,GIG_WORKER,Chandigarh,CH,30.734,76.779,DVC-c229bb49bd,1,543.57,320.6,43,1527,FULL,2026-08-31
CUST003377,SALARIED_URBAN,Mumbai,MH,19.076,72.877,DVC-4d20a0a42a,1,2452.1,1121.03,58,1245,FULL,2026-08-31
CUST003378,SALARIED_URBAN,Kolkata,WB,22.573,88.364,DVC-386e501678,3,2550.56,916.35,18,2900,FULL,2026-08-31
CUST003379,SMALL_BUSINESS,Pune,MH,18.52,73.857,DVC-0e08762294,1,6044.82,2173.15,25,2547,FULL,2026-08-31
CUST003380,SMALL_BUSINESS,Kolkata,WB,22.573,88.364,DVC-1054cb3f36,2,5145.32,2205.96,13,185,MIN,2026-08-31
CUST003381,STUDENT,Ahmedabad,GJ,23.023,72.571,DVC-0015b1a5db,3,214.1,120.47,45,1293,FULL,2026-08-31
CUST003382,STUDENT,Chennai,TN,13.083,80.27,DVC-a8b58c9cf7,1,302.51,141.69,40,2613,FULL,2026-08-31
CUST003383,STUDENT,Indore,MP,22.72,75.858,DVC-1602fbf8fe,2,421.53,239.14,29,1619,MIN,2026-08-31
CUST003384,AFFLUENT,Nagpur,MH,21.146,79.088,DVC-1aec966c28,3,8075.8,2879.98,17,2243,FULL,2026-08-31
CUST003385,SALARIED_URBAN,Delhi,DL,28.614,77.209,DVC-b910b473fe,1,985.64,376.39,34,489,FULL,2026-08-31
CUST003386,GIG_WORKER,Mumbai,MH,19.076,72.877,DVC-321e389c2e,1,907.23,559.41,24,1345,FULL,2026-08-31
CUST003387,STUDENT,Kolkata,WB,22.573,88.364,DVC-c7ab77dbdb,1,541.47,318.9,57,169,FULL,2026-08-31
CUST003388,AFFLUENT,Ahmedabad,GJ,23.023,72.571,DVC-56b647a7d7,1,8599.99,2647.92,40,1362,FULL,2026-08-31
CUST003389,SMALL_BUSINESS,Panaji,GA,15.491,73.828,DVC-24d86ddd77,2,2307.63,1369.7,58,297,FULL,2026-08-31
CUST003390,AFFLUENT,Lucknow,UP,26.847,80.947,DVC-fcb1d66a0d,2,16460.06,6777.01,45,1379,FULL,2026-08-31
CUST003391,SALARIED_URBAN,Bengaluru,KA,12.972,77.594,DVC-538540b5dc,1,1134.67,358.43,36,1588,FULL,2026-08-31
CUST003392,STUDENT,Guwahati,AS,26.145,91.736,DVC-2345115aca,2,632.83,432.28,46,1119,FULL,2026-08-31
CUST003393,AFFLUENT,Ahmedabad,GJ,23.023,72.571,DVC-60e0fdb8d0,1,16417.44,5678.85,45,2325,FULL,2026-08-31
CUST003394,SMALL_BUSINESS,Chandigarh,CH,30.734,76.779,DVC-4950847421,1,4859.77,2330.19,28,1431,FULL,2026-08-31
CUST003395,GIG_WORKER,Mumbai,MH,19.076,72.877,DVC-63e56a241d,2,628.59,431.62,34,1432,FULL,2026-08-31
CUST003396,SALARIED_URBAN,Lucknow,UP,26.847,80.947,DVC-226e666409,1,2036.79,913.97,43,1016,FULL,2026-08-31
CUST003397,GIG_WORKER,Hyderabad,TG,17.385,78.487,DVC-0407fcae92,1,808.1,424.24,28,797,FULL,2026-08-31
CUST003398,SALARIED_URBAN,Jaipur,RJ,26.912,75.787,DVC-920b33ef8c,3,1641.06,900.65,42,1109,FULL,2026-08-31
CUST003399,SALARIED_URBAN,Indore,MP,22.72,75.858,DVC-f080143c1e,3,1190.15,399.21,23,2537,FULL,2026-08-31
CUST003400,GIG_WORKER,Nagpur,MH,21.146,79.088,DVC-140a15cd17,2,401.55,219.79,6,1827,FULL,2026-08-31
CUST003401,SALARIED_URBAN,Hyderabad,TG,17.385,78.487,DVC-fe58b8c7bb,1,1563.84,511.76,44,742,FULL,2026-08-31
CUST003402,GIG_WORKER,Indore,MP,22.72,75.858,DVC-fd44eab9c5,1,830.52,572.85,53,219,FULL,2026-08-31
CUST003403,GIG_WORKER,Chennai,TN,13.083,80.27,DVC-3e3103b2aa,2,665.68,430.01,36,1829,FULL,2026-08-31
CUST003404,SALARIED_URBAN,Indore,MP,22.72,75.858,DVC-e9f619bb1f,1,2051.61,960.13,29,1291,FULL,2026-08-31
CUST003405,STUDENT,Hyderabad,TG,17.385,78.487,DVC-fe707e37ae,1,467.57,293.54,49,1909,FULL,2026-08-31
CUST003406,SALARIED_URBAN,Bengaluru,KA,12.972,77.594,DVC-927d403235,1,1517.36,552.43,40,1190,FULL,2026-08-31
CUST003407,SALARIED_URBAN,Chandigarh,CH,30.734,76.779,DVC-317899322b,1,2132.35,870.96,41,1898,FULL,2026-08-31
CUST003408,STUDENT,Hyderabad,TG,17.385,78.487,DVC-d0440f56a7,1,469.5,279.17,50,492,FULL,2026-08-31
CUST003409,STUDENT,Hyderabad,TG,17.385,78.487,DVC-6cb78b8661,1,603.85,332.0,15,1666,MIN,2026-08-31
CUST003410,GIG_WORKER,Indore,MP,22.72,75.858,DVC-b718cc2333,1,973.48,537.02,8,416,MIN,2026-08-31
CUST003411,SALARIED_URBAN,Kolkata,WB,22.573,88.364,DVC-99bd41ec0f,1,1628.05,548.41,41,346,FULL,2026-08-31
CUST003412,STUDENT,Kolkata,WB,22.573,88.364,DVC-a56c6a58ff,1,189.45,111.59,30,2885,FULL,2026-08-31
CUST003413,SMALL_BUSINESS,Pune,MH,18.52,73.857,DVC-55b16c14e0,1,4066.75,2067.86,23,916,FULL,2026-08-31
CUST003414,GIG_WORKER,Ahmedabad,GJ,23.023,72.571,DVC-15997c72fe,2,496.85,332.26,32,416,FULL,2026-08-31
CUST003415,SALARIED_URBAN,Bengaluru,KA,12.972,77.594,DVC-d93184ad0a,1,1073.34,485.16,40,1913,MIN,2026-08-31
CUST003416,SMALL_BUSINESS,Panaji,GA,15.491,73.828,DVC-72b216e882,2,2211.56,978.86,46,50,FULL,2026-08-31
CUST003417,STUDENT,Panaji,GA,15.491,73.828,DVC-1c565c9576,1,368.61,235.78,37,1055,MIN,2026-08-31
CUST003418,STUDENT,Guwahati,AS,26.145,91.736,DVC-d964d591db,1,183.74,129.33,45,306,FULL,2026-08-31
CUST003419,STUDENT,Panaji,GA,15.491,73.828,DVC-a26df34a1b,1,508.96,291.11,40,2666,FULL,2026-08-31
CUST003420,SALARIED_URBAN,Chandigarh,CH,30.734,76.779,DVC-941ca4d718,2,1008.26,487.98,52,2400,FULL,2026-08-31
CUST003421,AFFLUENT,Bengaluru,KA,12.972,77.594,DVC-0b2c54d633,1,17064.79,4505.0,44,1795,FULL,2026-08-31
CUST003422,SMALL_BUSINESS,Panaji,GA,15.491,73.828,DVC-33a8dd5339,2,5232.94,2880.78,41,865,FULL,2026-08-31
CUST003423,GIG_WORKER,Lucknow,UP,26.847,80.947,DVC-ae2ae329bc,2,666.63,326.96,41,1149,FULL,2026-08-31
CUST003424,AFFLUENT,Jaipur,RJ,26.912,75.787,DVC-7cd3972b78,2,16317.78,6675.31,38,2753,FULL,2026-08-31
CUST003425,STUDENT,Guwahati,AS,26.145,91.736,DVC-d649d2f5de,2,578.94,399.91,34,303,FULL,2026-08-31
CUST003426,SMALL_BUSINESS,Jaipur,RJ,26.912,75.787,DVC-4141c4bb03,2,3219.47,1364.44,45,72,FULL,2026-08-31
CUST003427,STUDENT,Nagpur,MH,21.146,79.088,DVC-8ef88048e0,1,479.21,334.57,29,300,MIN,2026-08-31
CUST003428,SMALL_BUSINESS,Nagpur,MH,21.146,79.088,DVC-459f3d2c62,1,5258.1,2183.3,39,2146,FULL,2026-08-31
CUST003429,AFFLUENT,Lucknow,UP,26.847,80.947,DVC-0f114fa059,2,5717.73,2277.02,16,1979,FULL,2026-08-31
CUST003430,SALARIED_URBAN,Kolkata,WB,22.573,88.364,DVC-8d93c72015,2,1310.43,686.86,23,1012,FULL,2026-08-31
CUST003431,SALARIED_URBAN,Ahmedabad,GJ,23.023,72.571,DVC-59aa7b4427,1,1341.99,667.0,33,512,FULL,2026-08-31
CUST003432,SALARIED_URBAN,Kolkata,WB,22.573,88.364,DVC-2b17ca023d,2,2530.36,957.28,9,1793,FULL,2026-08-31
CUST003433,SMALL_BUSINESS,Hyderabad,TG,17.385,78.487,DVC-624c33e7b1,1,3582.27,2145.54,24,821,FULL,2026-08-31
CUST003434,SALARIED_URBAN,Kolkata,WB,22.573,88.364,DVC-0ab294ce29,2,2359.54,1239.04,41,2793,FULL,2026-08-31
CUST003435,SMALL_BUSINESS,Chennai,TN,13.083,80.27,DVC-dc20808fce,1,2813.05,1557.85,23,1340,FULL,2026-08-31
CUST003436,SALARIED_URBAN,Bengaluru,KA,12.972,77.594,DVC-e37057fca2,1,2529.59,812.49,35,97,FULL,2026-08-31
CUST003437,SALARIED_URBAN,Chandigarh,CH,30.734,76.779,DVC-d46b44c8d9,1,2548.83,1127.97,38,249,FULL,2026-08-31
CUST003438,GIG_WORKER,Bengaluru,KA,12.972,77.594,DVC-a44cf54bc3,1,847.55,538.03,26,1364,MIN,2026-08-31
CUST003439,SMALL_BUSINESS,Delhi,DL,28.614,77.209,DVC-4ee62f8056,1,7123.62,4137.24,49,1099,FULL,2026-08-31
CUST003440,SALARIED_URBAN,Pune,MH,18.52,73.857,DVC-2d1c72373d,2,974.35,451.43,36,2576,MIN,2026-08-31
CUST003441,SMALL_BUSINESS,Ahmedabad,GJ,23.023,72.571,DVC-5af3cfe489,1,2295.01,1099.91,4,778,FULL,2026-08-31
CUST003442,GIG_WORKER,Jaipur,RJ,26.912,75.787,DVC-9347577067,2,733.75,396.63,23,1441,FULL,2026-08-31
CUST003443,SALARIED_URBAN,Kolkata,WB,22.573,88.364,DVC-9ba91cc58e,1,2237.92,1227.94,49,1199,FULL,2026-08-31
CUST003444,AFFLUENT,Kochi,KL,9.932,76.267,DVC-e445a7effa,1,15084.32,5323.52,55,1902,FULL,2026-08-31
CUST003445,STUDENT,Guwahati,AS,26.145,91.736,DVC-42c33f6835,1,249.73,175.65,33,2546,FULL,2026-08-31
CUST003446,SMALL_BUSINESS,Pune,MH,18.52,73.857,DVC-c47316bf2c,1,2329.75,1001.9,40,285,FULL,2026-08-31
CUST003447,AFFLUENT,Delhi,DL,28.614,77.209,DVC-a6c9095846,3,16648.54,6156.24,4,247,FULL,2026-08-31
CUST003448,SALARIED_URBAN,Ahmedabad,GJ,23.023,72.571,DVC-7ec64822fb,2,1251.83,499.91,49,153,MIN,2026-08-31
CUST003449,SALARIED_URBAN,Chennai,TN,13.083,80.27,DVC-dba9922a96,1,1315.27,668.49,48,1303,FULL,2026-08-31
CUST003450,SALARIED_URBAN,Chandigarh,CH,30.734,76.779,DVC-64145a2a23,1,1563.02,729.54,31,1596,FULL,2026-08-31
CUST003451,SALARIED_URBAN,Hyderabad,TG,17.385,78.487,DVC-b1430e4682,1,2567.26,1265.71,46,121,FULL,2026-08-31
CUST003452,SMALL_BUSINESS,Bengaluru,KA,12.972,77.594,DVC-f603a4733c,1,2276.07,866.64,44,2785,FULL,2026-08-31
CUST003453,GIG_WORKER,Pune,MH,18.52,73.857,DVC-5fabea6bd0,1,892.48,529.84,58,2779,FULL,2026-08-31
CUST003454,SMALL_BUSINESS,Kochi,KL,9.932,76.267,DVC-12d7b478af,1,7397.42,3048.28,45,1893,FULL,2026-08-31
CUST003455,SMALL_BUSINESS,Kochi,KL,9.932,76.267,DVC-5427d9b694,1,4395.37,1606.06,67,927,FULL,2026-08-31
CUST003456,SMALL_BUSINESS,Kochi,KL,9.932,76.267,DVC-700da9a3bf,2,3608.47,1829.61,59,1777,FULL,2026-08-31
CUST003457,SMALL_BUSINESS,Nagpur,MH,21.146,79.088,DVC-5808a7e847,3,4969.87,2735.14,51,2131,FULL,2026-08-31
CUST003458,SMALL_BUSINESS,Nagpur,MH,21.146,79.088,DVC-8b32c917af,1,6201.11,2176.81,48,1865,FULL,2026-08-31
CUST003459,GIG_WORKER,Guwahati,AS,26.145,91.736,DVC-f9bc7fd4ab,3,843.48,352.68,57,699,FULL,2026-08-31
CUST003460,SMALL_BUSINESS,Mumbai,MH,19.076,72.877,DVC-87da13d382,2,5944.58,2780.36,40,2322,FULL,2026-08-31
CUST003461,SALARIED_URBAN,Mumbai,MH,19.076,72.877,DVC-37f8eb04b9,2,1765.25,670.88,46,2117,FULL,2026-08-31
CUST003462,STUDENT,Delhi,DL,28.614,77.209,DVC-7aaa0c2727,1,233.14,158.83,53,664,FULL,2026-08-31
CUST003463,SMALL_BUSINESS,Ahmedabad,GJ,23.023,72.571,DVC-0970fc59b4,1,2594.21,1541.72,32,1858,FULL,2026-08-31
CUST003464,SALARIED_URBAN,Delhi,DL,28.614,77.209,DVC-fc326b8552,2,2312.07,753.26,24,2293,FULL,2026-08-31
CUST003465,AFFLUENT,Mumbai,MH,19.076,72.877,DVC-5625ccc22c,1,8456.6,2874.23,29,2725,FULL,2026-08-31
CUST003466,GIG_WORKER,Lucknow,UP,26.847,80.947,DVC-16aecbeb77,3,814.39,369.46,43,274,FULL,2026-08-31
CUST003467,SALARIED_URBAN,Kolkata,WB,22.573,88.364,DVC-fa817b8ec7,3,2022.37,672.32,21,1005,MIN,2026-08-31
CUST003468,SALARIED_URBAN,Kochi,KL,9.932,76.267,DVC-8d96e258a2,2,1455.66,715.15,15,476,FULL,2026-08-31
CUST003469,SALARIED_URBAN,Guwahati,AS,26.145,91.736,DVC-b1eb5adffc,1,1598.45,740.73,54,984,FULL,2026-08-31
CUST003470,SALARIED_URBAN,Lucknow,UP,26.847,80.947,DVC-c9fd6f82aa,1,1297.69,412.24,74,2287,FULL,2026-08-31
CUST003471,SALARIED_URBAN,Lucknow,UP,26.847,80.947,DVC-36d7dba39a,1,935.2,370.96,33,237,FULL,2026-08-31
CUST003472,SALARIED_URBAN,Delhi,DL,28.614,77.209,DVC-68c4f5e571,1,2441.67,1177.99,36,2730,MIN,2026-08-31
CUST003473,SALARIED_URBAN,Pune,MH,18.52,73.857,DVC-eb84cda46a,2,1624.57,683.38,41,2584,FULL,2026-08-31
CUST003474,SALARIED_URBAN,Hyderabad,TG,17.385,78.487,DVC-1dcda5bb5f,2,1144.11,390.96,10,1979,FULL,2026-08-31
CUST003475,GIG_WORKER,Lucknow,UP,26.847,80.947,DVC-23b6775c5e,1,854.29,512.0,37,687,FULL,2026-08-31
CUST003476,AFFLUENT,Indore,MP,22.72,75.858,DVC-c8aaed1d05,1,5267.82,2134.41,34,1220,FULL,2026-08-31
CUST003477,STUDENT,Bengaluru,KA,12.972,77.594,DVC-24cc781d75,1,438.2,205.17,60,1549,MIN,2026-08-31
CUST003478,AFFLUENT,Kolkata,WB,22.573,88.364,DVC-dce1a5a296,2,15359.63,5331.76,39,2800,FULL,2026-08-31
CUST003479,SALARIED_URBAN,Chennai,TN,13.083,80.27,DVC-1496825cf5,1,2518.58,865.21,33,553,FULL,2026-08-31
CUST003480,SALARIED_URBAN,Bengaluru,KA,12.972,77.594,DVC-01e091f61f,1,1906.77,983.05,42,694,FULL,2026-08-31
CUST003481,SMALL_BUSINESS,Hyderabad,TG,17.385,78.487,DVC-ad186c2e25,1,7271.28,3628.78,40,1346,FULL,2026-08-31
CUST003482,GIG_WORKER,Delhi,DL,28.614,77.209,DVC-e17e3857a8,2,823.18,435.03,28,1477,FULL,2026-08-31
CUST003483,SALARIED_URBAN,Chandigarh,CH,30.734,76.779,DVC-491477cf59,1,1066.81,475.54,30,2794,MIN,2026-08-31
CUST003484,SMALL_BUSINESS,Delhi,DL,28.614,77.209,DVC-168baf419f,2,5851.53,2196.97,52,1848,FULL,2026-08-31
CUST003485,SMALL_BUSINESS,Lucknow,UP,26.847,80.947,DVC-48225b84b6,1,3718.72,2152.68,49,2782,FULL,2026-08-31
CUST003486,SMALL_BUSINESS,Hyderabad,TG,17.385,78.487,DVC-99b035d74a,1,4119.71,2039.7,54,2658,FULL,2026-08-31
CUST003487,STUDENT,Indore,MP,22.72,75.858,DVC-0996225a9e,3,301.94,189.86,36,919,FULL,2026-08-31
CUST003488,STUDENT,Mumbai,MH,19.076,72.877,DVC-52fccbcf2e,1,371.77,278.53,46,1059,FULL,2026-08-31
CUST003489,SALARIED_URBAN,Ahmedabad,GJ,23.023,72.571,DVC-2be1065cae,2,2462.26,1023.39,42,1833,FULL,2026-08-31
CUST003490,SALARIED_URBAN,Delhi,DL,28.614,77.209,DVC-38fa633d38,2,1050.91,342.85,38,335,FULL,2026-08-31
CUST003491,STUDENT,Mumbai,MH,19.076,72.877,DVC-09daceaade,1,599.36,302.23,25,2630,FULL,2026-08-31
CUST003492,GIG_WORKER,Jaipur,RJ,26.912,75.787,DVC-e1c8fb809b,3,786.05,515.58,55,1904,FULL,2026-08-31
CUST003493,SALARIED_URBAN,Kolkata,WB,22.573,88.364,DVC-4fdb7d2a1d,3,1447.41,593.05,23,1798,FULL,2026-08-31
CUST003494,AFFLUENT,Delhi,DL,28.614,77.209,DVC-5139f4cb91,1,6872.4,1822.01,23,1788,FULL,2026-08-31
CUST003495,SMALL_BUSINESS,Ahmedabad,GJ,23.023,72.571,DVC-7f358cbadb,3,6192.61,2803.72,44,1801,MIN,2026-08-31
CUST003496,SMALL_BUSINESS,Panaji,GA,15.491,73.828,DVC-99a85e9e78,2,6662.2,3265.46,25,1584,FULL,2026-08-31
CUST003497,SMALL_BUSINESS,Hyderabad,TG,17.385,78.487,DVC-95200d9592,3,6885.31,3705.66,23,1169,FULL,2026-08-31
CUST003498,SALARIED_URBAN,Chennai,TN,13.083,80.27,DVC-e3846d0737,1,2413.67,1135.76,38,2019,FULL,2026-08-31
CUST003499,GIG_WORKER,Bengaluru,KA,12.972,77.594,DVC-55934e78ac,3,886.26,505.94,34,589,FULL,2026-08-31
CUST003500,GIG_WORKER,Pune,MH,18.52,73.857,DVC-d55558370c,2,947.52,603.95,29,1887,FULL,2026-08-31
CUST003501,STUDENT,Indore,MP,22.72,75.858,DVC-912e103f2f,1,471.91,236.7,24,2338,FULL,2026-08-31
CUST003502,AFFLUENT,Pune,MH,18.52,73.857,DVC-58c46c943e,1,17925.27,5728.81,34,2109,FULL,2026-08-31
CUST003503,SALARIED_URBAN,Jaipur,RJ,26.912,75.787,DVC-e299417ece,1,1509.82,742.25,43,861,FULL,2026-08-31
CUST003504,GIG_WORKER,Panaji,GA,15.491,73.828,DVC-61dfbbb5f4,1,1068.01,592.13,34,1806,FULL,2026-08-31
CUST003505,SALARIED_URBAN,Pune,MH,18.52,73.857,DVC-e1bca08734,1,949.27,406.98,26,1312,FULL,2026-08-31
CUST003506,GIG_WORKER,Kochi,KL,9.932,76.267,DVC-2d512deec4,1,518.54,285.58,34,1123,FULL,2026-08-31
CUST003507,GIG_WORKER,Nagpur,MH,21.146,79.088,DVC-8af5f67e0c,2,1074.76,710.64,14,306,FULL,2026-08-31
CUST003508,AFFLUENT,Ahmedabad,GJ,23.023,72.571,DVC-640ffc35e1,3,16563.65,6816.41,29,944,MIN,2026-08-31
CUST003509,GIG_WORKER,Chandigarh,CH,30.734,76.779,DVC-c4b740df06,2,433.06,246.9,44,340,FULL,2026-08-31
CUST003510,GIG_WORKER,Hyderabad,TG,17.385,78.487,DVC-4f829d72a4,2,905.53,397.62,48,961,FULL,2026-08-31
CUST003511,SMALL_BUSINESS,Hyderabad,TG,17.385,78.487,DVC-8e15e20b53,1,3733.32,1661.42,54,412,FULL,2026-08-31
CUST003512,STUDENT,Pune,MH,18.52,73.857,DVC-f52aae1100,1,259.55,157.14,45,845,FULL,2026-08-31
CUST003513,SALARIED_URBAN,Chennai,TN,13.083,80.27,DVC-1b823787d5,1,1759.43,664.82,37,422,FULL,2026-08-31
CUST003514,SALARIED_URBAN,Panaji,GA,15.491,73.828,DVC-e6c297b869,2,2258.57,904.79,50,2049,FULL,2026-08-31
CUST003515,SMALL_BUSINESS,Panaji,GA,15.491,73.828,DVC-a5cfc18509,1,2533.51,1399.33,36,2573,FULL,2026-08-31
CUST003516,STUDENT,Chandigarh,CH,30.734,76.779,DVC-539d790c6c,2,430.25,287.13,29,1256,FULL,2026-08-31
CUST003517,SALARIED_URBAN,Lucknow,UP,26.847,80.947,DVC-90ac29e5ae,3,973.52,339.12,32,288,MIN,2026-08-31
CUST003518,SALARIED_URBAN,Kolkata,WB,22.573,88.364,DVC-fcbe353eea,1,2307.37,821.85,61,1152,MIN,2026-08-31
CUST003519,AFFLUENT,Indore,MP,22.72,75.858,DVC-68ab34fdd9,2,5033.97,1455.47,51,784,FULL,2026-08-31
CUST003520,STUDENT,Pune,MH,18.52,73.857,DVC-8cdb492e8d,1,412.11,284.45,40,811,FULL,2026-08-31
CUST003521,GIG_WORKER,Nagpur,MH,21.146,79.088,DVC-99abb770fe,2,938.99,423.31,37,1013,FULL,2026-08-31
CUST003522,GIG_WORKER,Chennai,TN,13.083,80.27,DVC-b95344299b,2,368.02,218.9,8,2840,FULL,2026-08-31
CUST003523,SALARIED_URBAN,Indore,MP,22.72,75.858,DVC-ed809bc196,1,2269.95,1162.56,51,1295,FULL,2026-08-31
CUST003524,GIG_WORKER,Mumbai,MH,19.076,72.877,DVC-4e68d8ef3e,2,378.29,239.79,24,2074,FULL,2026-08-31
CUST003525,STUDENT,Delhi,DL,28.614,77.209,DVC-1715ea2cca,2,581.08,346.96,20,2130,FULL,2026-08-31
CUST003526,SALARIED_URBAN,Delhi,DL,28.614,77.209,DVC-cfe8329e20,1,2509.11,904.77,38,178,FULL,2026-08-31
CUST003527,SMALL_BUSINESS,Chandigarh,CH,30.734,76.779,DVC-f33b0a38ba,1,4297.67,1910.68,57,292,FULL,2026-08-31
CUST003528,GIG_WORKER,Panaji,GA,15.491,73.828,DVC-0b03bdc476,1,420.65,290.01,50,425,FULL,2026-08-31
CUST003529,AFFLUENT,Jaipur,RJ,26.912,75.787,DVC-970c149653,1,9547.76,3820.79,27,2436,FULL,2026-08-31
CUST003530,SALARIED_URBAN,Lucknow,UP,26.847,80.947,DVC-02649d993d,1,1431.98,735.18,60,676,FULL,2026-08-31
CUST003531,GIG_WORKER,Jaipur,RJ,26.912,75.787,DVC-2ac14cb140,2,983.4,427.72,36,117,FULL,2026-08-31
CUST003532,SALARIED_URBAN,Ahmedabad,GJ,23.023,72.571,DVC-b34cffe067,2,2587.18,1046.58,34,1155,FULL,2026-08-31
CUST003533,STUDENT,Guwahati,AS,26.145,91.736,DVC-34ac6c2aca,1,308.26,208.35,33,2062,FULL,2026-08-31
CUST003534,STUDENT,Panaji,GA,15.491,73.828,DVC-d7e9dd1cd6,2,604.39,309.67,31,1818,FULL,2026-08-31
CUST003535,STUDENT,Bengaluru,KA,12.972,77.594,DVC-00579f0d8d,1,298.44,151.52,65,223,FULL,2026-08-31
CUST003536,SALARIED_URBAN,Kolkata,WB,22.573,88.364,DVC-0b38e76fa5,2,1690.75,546.11,53,124,FULL,2026-08-31
CUST003537,SALARIED_URBAN,Ahmedabad,GJ,23.023,72.571,DVC-42347d99b7,3,1748.94,697.36,16,1333,FULL,2026-08-31
CUST003538,SALARIED_URBAN,Pune,MH,18.52,73.857,DVC-9094825772,1,2063.44,1112.86,42,2489,FULL,2026-08-31
CUST003539,SALARIED_URBAN,Guwahati,AS,26.145,91.736,DVC-c911b5ef27,3,993.39,458.66,55,527,FULL,2026-08-31
CUST003540,AFFLUENT,Jaipur,RJ,26.912,75.787,DVC-69dee1bb88,1,5331.65,1395.82,57,118,FULL,2026-08-31
CUST003541,GIG_WORKER,Kochi,KL,9.932,76.267,DVC-2ef166eb20,1,683.65,477.6,27,1654,FULL,2026-08-31
CUST003542,SALARIED_URBAN,Kolkata,WB,22.573,88.364,DVC-e8f1fa07f8,3,1054.0,413.25,60,2348,FULL,2026-08-31
CUST003543,GIG_WORKER,Panaji,GA,15.491,73.828,DVC-08470c23eb,2,796.15,463.23,32,1589,FULL,2026-08-31
CUST003544,GIG_WORKER,Hyderabad,TG,17.385,78.487,DVC-38b8d3afbc,1,385.46,226.84,22,2622,FULL,2026-08-31
CUST003545,SALARIED_URBAN,Kolkata,WB,22.573,88.364,DVC-aadd99bbb0,1,2344.15,1020.08,8,2531,FULL,2026-08-31
CUST003546,SALARIED_URBAN,Kochi,KL,9.932,76.267,DVC-5af42f6b7f,2,1670.44,756.19,38,1853,FULL,2026-08-31
CUST003547,SALARIED_URBAN,Jaipur,RJ,26.912,75.787,DVC-574655f0d1,3,1906.52,793.51,62,858,FULL,2026-08-31
CUST003548,SALARIED_URBAN,Mumbai,MH,19.076,72.877,DVC-dd4b3e88e2,1,1861.79,899.03,44,2660,MIN,2026-08-31
CUST003549,AFFLUENT,Bengaluru,KA,12.972,77.594,DVC-36c1aef8c9,1,16924.27,5409.08,53,1436,FULL,2026-08-31
CUST003550,SALARIED_URBAN,Kochi,KL,9.932,76.267,DVC-55c899a5ee,1,1457.96,442.44,36,932,FULL,2026-08-31
CUST003551,SALARIED_URBAN,Ahmedabad,GJ,23.023,72.571,DVC-db2448a8d6,1,1511.99,521.79,51,1407,FULL,2026-08-31
CUST003552,SMALL_BUSINESS,Delhi,DL,28.614,77.209,DVC-294e46f91e,2,3071.96,1590.75,55,298,FULL,2026-08-31
CUST003553,SMALL_BUSINESS,Chandigarh,CH,30.734,76.779,DVC-58c0812f9c,1,7233.95,2615.5,46,1639,FULL,2026-08-31
CUST003554,SALARIED_URBAN,Panaji,GA,15.491,73.828,DVC-8dd361e113,1,1501.7,593.28,16,2090,FULL,2026-08-31
CUST003555,SALARIED_URBAN,Guwahati,AS,26.145,91.736,DVC-d702cda5b9,2,1376.71,507.66,26,560,FULL,2026-08-31
CUST003556,SMALL_BUSINESS,Ahmedabad,GJ,23.023,72.571,DVC-ce17d532be,1,7311.76,3096.78,44,1569,FULL,2026-08-31
CUST003557,SMALL_BUSINESS,Ahmedabad,GJ,23.023,72.571,DVC-219b52b6e9,1,2813.83,1669.14,49,2012,FULL,2026-08-31
CUST003558,SMALL_BUSINESS,Pune,MH,18.52,73.857,DVC-b6320771cf,1,6508.07,2442.45,33,2605,FULL,2026-08-31
CUST003559,SMALL_BUSINESS,Chandigarh,CH,30.734,76.779,DVC-141a8e106a,2,2243.73,956.92,24,2453,FULL,2026-08-31
CUST003560,STUDENT,Panaji,GA,15.491,73.828,DVC-9e24fd01b4,2,593.61,282.01,49,524,FULL,2026-08-31
CUST003561,SMALL_BUSINESS,Guwahati,AS,26.145,91.736,DVC-57ba865c7b,2,2422.23,950.15,8,1808,FULL,2026-08-31
CUST003562,SALARIED_URBAN,Nagpur,MH,21.146,79.088,DVC-b8dc3e8121,2,1450.79,761.46,56,2373,FULL,2026-08-31
CUST003563,SALARIED_URBAN,Pune,MH,18.52,73.857,DVC-a9145da2cb,2,2299.11,1120.67,22,1083,FULL,2026-08-31
CUST003564,SALARIED_URBAN,Kolkata,WB,22.573,88.364,DVC-69befcc26e,2,1493.64,712.76,41,2322,FULL,2026-08-31
CUST003565,SALARIED_URBAN,Jaipur,RJ,26.912,75.787,DVC-edf2bf5380,2,1027.43,491.62,46,924,FULL,2026-08-31
CUST003566,GIG_WORKER,Mumbai,MH,19.076,72.877,DVC-242926c789,1,671.59,379.78,37,1722,FULL,2026-08-31
CUST003567,AFFLUENT,Nagpur,MH,21.146,79.088,DVC-b41691d8df,2,4836.25,2019.18,63,197,MIN,2026-08-31
CUST003568,SMALL_BUSINESS,Delhi,DL,28.614,77.209,DVC-d6caae3824,1,3220.11,1347.97,27,1193,FULL,2026-08-31
CUST003569,SMALL_BUSINESS,Guwahati,AS,26.145,91.736,DVC-f8574bb4da,1,2618.82,981.4,18,584,FULL,2026-08-31
CUST003570,SALARIED_URBAN,Pune,MH,18.52,73.857,DVC-66fc949bb7,2,1248.39,421.38,36,1196,FULL,2026-08-31
CUST003571,SALARIED_URBAN,Lucknow,UP,26.847,80.947,DVC-2eba912a21,1,2139.62,858.91,38,1876,FULL,2026-08-31
CUST003572,SMALL_BUSINESS,Chennai,TN,13.083,80.27,DVC-1e8a874f70,3,4793.66,2010.77,62,1056,FULL,2026-08-31
CUST003573,GIG_WORKER,Mumbai,MH,19.076,72.877,DVC-ad2315371c,1,849.28,552.89,35,1530,FULL,2026-08-31
CUST003574,GIG_WORKER,Chennai,TN,13.083,80.27,DVC-1226027b68,1,1035.88,508.13,25,2264,FULL,2026-08-31
CUST003575,AFFLUENT,Lucknow,UP,26.847,80.947,DVC-748f6042d2,1,16768.36,4980.8,42,1663,FULL,2026-08-31
CUST003576,GIG_WORKER,Chennai,TN,13.083,80.27,DVC-18ddd7b335,1,493.09,316.4,59,756,FULL,2026-08-31
CUST003577,SALARIED_URBAN,Guwahati,AS,26.145,91.736,DVC-5e16fc87f6,1,1298.86,502.02,34,1757,FULL,2026-08-31
CUST003578,SALARIED_URBAN,Delhi,DL,28.614,77.209,DVC-2c8f3b0590,2,2047.43,918.1,26,2810,MIN,2026-08-31
CUST003579,SALARIED_URBAN,Hyderabad,TG,17.385,78.487,DVC-8840ecb3af,1,1252.13,648.37,40,236,FULL,2026-08-31
CUST003580,SALARIED_URBAN,Kochi,KL,9.932,76.267,DVC-10e70e118a,1,2300.14,1185.53,34,2005,FULL,2026-08-31
CUST003581,SALARIED_URBAN,Lucknow,UP,26.847,80.947,DVC-0340e86151,2,1077.95,412.99,31,1206,FULL,2026-08-31
CUST003582,SMALL_BUSINESS,Pune,MH,18.52,73.857,DVC-ac989d82d6,2,6310.11,2769.8,64,2374,FULL,2026-08-31
CUST003583,GIG_WORKER,Hyderabad,TG,17.385,78.487,DVC-b911210e72,2,998.14,454.39,40,326,FULL,2026-08-31
CUST003584,SALARIED_URBAN,Jaipur,RJ,26.912,75.787,DVC-8b9827a3af,1,1659.52,867.45,29,2023,MIN,2026-08-31
CUST003585,SALARIED_URBAN,Guwahati,AS,26.145,91.736,DVC-0091919fab,1,2357.32,1131.53,18,1508,FULL,2026-08-31
CUST003586,SALARIED_URBAN,Bengaluru,KA,12.972,77.594,DVC-e960ff7486,1,2210.64,873.04,42,2158,FULL,2026-08-31
CUST003587,GIG_WORKER,Mumbai,MH,19.076,72.877,DVC-09c6689321,1,709.74,396.88,15,427,FULL,2026-08-31
CUST003588,SALARIED_URBAN,Chennai,TN,13.083,80.27,DVC-7456b277cf,2,901.05,388.55,26,941,FULL,2026-08-31
CUST003589,STUDENT,Nagpur,MH,21.146,79.088,DVC-32a0216572,3,226.93,143.44,27,1480,FULL,2026-08-31
CUST003590,SALARIED_URBAN,Pune,MH,18.52,73.857,DVC-fb4de3d159,2,901.31,282.98,27,1011,FULL,2026-08-31
CUST003591,AFFLUENT,Pune,MH,18.52,73.857,DVC-0ac89d93a9,1,11698.68,5149.84,21,429,FULL,2026-08-31
CUST003592,SALARIED_URBAN,Jaipur,RJ,26.912,75.787,DVC-23e70db3f4,1,1461.46,584.2,41,2821,FULL,2026-08-31
CUST003593,AFFLUENT,Hyderabad,TG,17.385,78.487,DVC-4e3414353f,2,15214.17,5431.87,31,2129,FULL,2026-08-31
CUST003594,SALARIED_URBAN,Mumbai,MH,19.076,72.877,DVC-9878c65158,2,1954.84,1013.07,43,2463,FULL,2026-08-31
CUST003595,SALARIED_URBAN,Hyderabad,TG,17.385,78.487,DVC-c00126d7f1,1,1012.81,471.24,46,374,MIN,2026-08-31
CUST003596,SMALL_BUSINESS,Ahmedabad,GJ,23.023,72.571,DVC-af6cd9ed3e,1,5678.94,2631.9,32,2138,FULL,2026-08-31
CUST003597,SALARIED_URBAN,Bengaluru,KA,12.972,77.594,DVC-b6b9f4dc3d,1,2122.53,1088.76,19,2828,FULL,2026-08-31
CUST003598,SMALL_BUSINESS,Nagpur,MH,21.146,79.088,DVC-a2cc54fcc4,2,2331.99,1030.11,64,1607,FULL,2026-08-31
CUST003599,STUDENT,Jaipur,RJ,26.912,75.787,DVC-579f224cc2,1,622.29,424.9,43,182,FULL,2026-08-31
CUST003600,AFFLUENT,Kolkata,WB,22.573,88.364,DVC-e38d55956f,2,12242.29,3257.77,24,2118,FULL,2026-08-31
CUST003601,SALARIED_URBAN,Pune,MH,18.52,73.857,DVC-ca0e91bb4a,1,2045.37,621.38,20,699,FULL,2026-08-31
CUST003602,SALARIED_URBAN,Guwahati,AS,26.145,91.736,DVC-b8b1afdd27,1,906.9,475.2,47,778,FULL,2026-08-31
CUST003603,SMALL_BUSINESS,Ahmedabad,GJ,23.023,72.571,DVC-ada6fe2923,2,4456.49,1694.1,47,1019,FULL,2026-08-31
CUST003604,SALARIED_URBAN,Kochi,KL,9.932,76.267,DVC-847c613063,3,2189.33,1095.1,22,1746,FULL,2026-08-31
CUST003605,AFFLUENT,Kolkata,WB,22.573,88.364,DVC-708fe0bdeb,1,17521.44,6169.19,23,2594,FULL,2026-08-31
CUST003606,GIG_WORKER,Kochi,KL,9.932,76.267,DVC-98c796d369,1,766.42,512.13,37,913,FULL,2026-08-31
CUST003607,SMALL_BUSINESS,Kolkata,WB,22.573,88.364,DVC-76629ff03f,2,3803.13,1580.37,37,1628,MIN,2026-08-31
CUST003608,SALARIED_URBAN,Panaji,GA,15.491,73.828,DVC-8b3cbb7d9b,1,2061.51,681.54,20,313,MIN,2026-08-31
CUST003609,GIG_WORKER,Mumbai,MH,19.076,72.877,DVC-fd92f3b21d,1,752.21,319.0,19,1898,FULL,2026-08-31
CUST003610,SALARIED_URBAN,Panaji,GA,15.491,73.828,DVC-7c7d6242c2,2,1872.44,639.48,53,702,FULL,2026-08-31
CUST003611,GIG_WORKER,Kolkata,WB,22.573,88.364,DVC-c2e860e98f,2,872.33,462.13,50,447,FULL,2026-08-31
CUST003612,SALARIED_URBAN,Mumbai,MH,19.076,72.877,DVC-460b9873fd,3,2316.92,1083.74,4,1155,FULL,2026-08-31
CUST003613,GIG_WORKER,Panaji,GA,15.491,73.828,DVC-3f225c490c,2,501.6,217.77,45,2850,FULL,2026-08-31
CUST003614,STUDENT,Bengaluru,KA,12.972,77.594,DVC-e959d910c0,3,417.47,244.32,33,2094,FULL,2026-08-31
CUST003615,SALARIED_URBAN,Nagpur,MH,21.146,79.088,DVC-5441e0f652,2,1666.67,780.51,51,1726,FULL,2026-08-31
CUST003616,STUDENT,Guwahati,AS,26.145,91.736,DVC-8d234a6213,2,495.26,269.74,29,2181,FULL,2026-08-31
CUST003617,SALARIED_URBAN,Jaipur,RJ,26.912,75.787,DVC-c32e680115,1,2247.99,766.48,42,1101,FULL,2026-08-31
CUST003618,SALARIED_URBAN,Mumbai,MH,19.076,72.877,DVC-cb5e457ba7,2,2166.61,1069.16,27,1282,FULL,2026-08-31
CUST003619,SALARIED_URBAN,Indore,MP,22.72,75.858,DVC-f6e967684f,2,1626.36,805.68,60,1214,FULL,2026-08-31
CUST003620,AFFLUENT,Panaji,GA,15.491,73.828,DVC-5510cdf1fc,2,13537.43,5410.04,45,277,FULL,2026-08-31
CUST003621,SALARIED_URBAN,Jaipur,RJ,26.912,75.787,DVC-59eb205e1a,2,1509.28,547.96,17,2192,FULL,2026-08-31
CUST003622,SALARIED_URBAN,Chennai,TN,13.083,80.27,DVC-908d2c1cfe,3,1560.78,812.8,34,871,FULL,2026-08-31
CUST003623,AFFLUENT,Ahmedabad,GJ,23.023,72.571,DVC-e53d02c6f9,2,5146.38,1624.39,56,359,FULL,2026-08-31
CUST003624,SALARIED_URBAN,Chandigarh,CH,30.734,76.779,DVC-cfa60f1818,1,988.19,403.28,52,786,FULL,2026-08-31
CUST003625,SMALL_BUSINESS,Mumbai,MH,19.076,72.877,DVC-03f43249b6,2,7020.14,3513.19,37,2483,FULL,2026-08-31
CUST003626,SMALL_BUSINESS,Chandigarh,CH,30.734,76.779,DVC-62a77c4693,2,3632.02,2173.37,37,58,FULL,2026-08-31
CUST003627,SMALL_BUSINESS,Lucknow,UP,26.847,80.947,DVC-5278ae20f0,1,6099.77,2331.28,39,2500,FULL,2026-08-31
CUST003628,GIG_WORKER,Chennai,TN,13.083,80.27,DVC-eea7c54bf3,1,500.58,211.87,34,635,FULL,2026-08-31
CUST003629,STUDENT,Pune,MH,18.52,73.857,DVC-18bf01e0e8,1,493.08,276.64,28,2261,FULL,2026-08-31
CUST003630,SALARIED_URBAN,Jaipur,RJ,26.912,75.787,DVC-6cf9333d58,2,1526.97,699.26,44,2562,FULL,2026-08-31
CUST003631,GIG_WORKER,Jaipur,RJ,26.912,75.787,DVC-7afb8da85d,1,403.67,269.35,67,818,FULL,2026-08-31
CUST003632,SMALL_BUSINESS,Nagpur,MH,21.146,79.088,DVC-df6f96eb77,1,2823.23,1469.83,27,1790,FULL,2026-08-31
CUST003633,SMALL_BUSINESS,Indore,MP,22.72,75.858,DVC-33c1f89672,1,5793.09,2876.6,49,1723,FULL,2026-08-31
CUST003634,SMALL_BUSINESS,Guwahati,AS,26.145,91.736,DVC-be577c3bda,2,5835.65,3306.75,56,1396,FULL,2026-08-31
CUST003635,SALARIED_URBAN,Lucknow,UP,26.847,80.947,DVC-f1cc258948,2,2340.71,717.86,33,1879,FULL,2026-08-31
CUST003636,SMALL_BUSINESS,Lucknow,UP,26.847,80.947,DVC-21852eecc1,3,6086.76,3289.32,39,1446,MIN,2026-08-31
CUST003637,SALARIED_URBAN,Bengaluru,KA,12.972,77.594,DVC-30ec4f4eff,1,2248.17,1059.92,39,1303,FULL,2026-08-31
CUST003638,SMALL_BUSINESS,Pune,MH,18.52,73.857,DVC-43dcfdcaac,1,4617.55,2140.25,41,164,FULL,2026-08-31
CUST003639,SALARIED_URBAN,Delhi,DL,28.614,77.209,DVC-30a90847e8,3,2456.01,1118.97,47,2728,FULL,2026-08-31
CUST003640,SMALL_BUSINESS,Pune,MH,18.52,73.857,DVC-620b5c93c9,2,3497.0,1919.82,28,972,FULL,2026-08-31
CUST003641,SMALL_BUSINESS,Lucknow,UP,26.847,80.947,DVC-ab790f1a58,2,7085.79,2480.04,44,1759,FULL,2026-08-31
CUST003642,SALARIED_URBAN,Mumbai,MH,19.076,72.877,DVC-6893dde587,1,2071.41,921.55,26,352,FULL,2026-08-31
CUST003643,AFFLUENT,Kochi,KL,9.932,76.267,DVC-79c917e214,2,15639.86,4442.33,60,1942,FULL,2026-08-31
CUST003644,AFFLUENT,Guwahati,AS,26.145,91.736,DVC-afbc0b81d3,2,12529.99,3737.68,35,1266,FULL,2026-08-31
CUST003645,GIG_WORKER,Mumbai,MH,19.076,72.877,DVC-1a681e50bd,3,713.46,356.1,64,154,FULL,2026-08-31
CUST003646,GIG_WORKER,Ahmedabad,GJ,23.023,72.571,DVC-2aac101746,3,622.43,342.64,46,1617,FULL,2026-08-31
CUST003647,SALARIED_URBAN,Chandigarh,CH,30.734,76.779,DVC-9b71098fa6,1,2064.62,715.2,51,928,FULL,2026-08-31
CUST003648,GIG_WORKER,Delhi,DL,28.614,77.209,DVC-9761219929,1,407.48,266.12,14,1976,FULL,2026-08-31
CUST003649,SMALL_BUSINESS,Hyderabad,TG,17.385,78.487,DVC-0960f3c3b0,2,4386.4,1665.79,59,628,FULL,2026-08-31
CUST003650,SALARIED_URBAN,Panaji,GA,15.491,73.828,DVC-adb3ec8049,2,1465.27,514.88,23,432,FULL,2026-08-31
CUST003651,SALARIED_URBAN,Hyderabad,TG,17.385,78.487,DVC-d90cf16841,2,975.88,368.79,41,1972,FULL,2026-08-31
CUST003652,SALARIED_URBAN,Delhi,DL,28.614,77.209,DVC-4ebc2adad3,3,1735.62,786.74,52,1038,FULL,2026-08-31
CUST003653,SMALL_BUSINESS,Indore,MP,22.72,75.858,DVC-6876f683bd,1,2265.29,1292.67,26,1273,MIN,2026-08-31
CUST003654,GIG_WORKER,Delhi,DL,28.614,77.209,DVC-5a0aefa42d,2,410.2,192.16,36,164,FULL,2026-08-31
CUST003655,AFFLUENT,Kolkata,WB,22.573,88.364,DVC-9d9cd9b0b6,3,5330.39,2072.55,56,173,FULL,2026-08-31
CUST003656,SALARIED_URBAN,Mumbai,MH,19.076,72.877,DVC-e12e376233,1,1997.81,825.42,48,1567,FULL,2026-08-31
CUST003657,SMALL_BUSINESS,Indore,MP,22.72,75.858,DVC-ac53ccc2f5,1,4828.64,1818.91,36,2519,FULL,2026-08-31
CUST003658,SALARIED_URBAN,Lucknow,UP,26.847,80.947,DVC-f06fce0fc6,1,970.55,376.13,34,2866,FULL,2026-08-31
CUST003659,GIG_WORKER,Lucknow,UP,26.847,80.947,DVC-375d1a195f,2,708.87,462.81,48,1901,FULL,2026-08-31
CUST003660,AFFLUENT,Panaji,GA,15.491,73.828,DVC-0080b15992,2,7949.72,2937.65,15,260,FULL,2026-08-31
CUST003661,SALARIED_URBAN,Kochi,KL,9.932,76.267,DVC-866bce8d52,2,2371.9,946.21,22,1925,FULL,2026-08-31
CUST003662,SMALL_BUSINESS,Chandigarh,CH,30.734,76.779,DVC-f34cb64b12,2,6848.4,2978.51,21,1306,FULL,2026-08-31
CUST003663,SMALL_BUSINESS,Lucknow,UP,26.847,80.947,DVC-094d34fe6c,3,2235.64,810.56,45,414,FULL,2026-08-31
CUST003664,SALARIED_URBAN,Jaipur,RJ,26.912,75.787,DVC-bb0d0d96c7,2,2071.2,825.49,28,504,FULL,2026-08-31
CUST003665,SMALL_BUSINESS,Jaipur,RJ,26.912,75.787,DVC-9c7a795638,2,6174.08,2915.93,36,1595,FULL,2026-08-31
CUST003666,SMALL_BUSINESS,Panaji,GA,15.491,73.828,DVC-d9e71edda8,3,4593.31,2286.53,51,558,MIN,2026-08-31
CUST003667,STUDENT,Chandigarh,CH,30.734,76.779,DVC-41f23e534f,2,310.67,149.46,31,75,FULL,2026-08-31
CUST003668,GIG_WORKER,Chennai,TN,13.083,80.27,DVC-7924aa6756,1,868.13,479.48,54,2376,FULL,2026-08-31
CUST003669,SALARIED_URBAN,Chandigarh,CH,30.734,76.779,DVC-1e382e64ca,2,1808.43,766.53,34,2147,FULL,2026-08-31
CUST003670,SALARIED_URBAN,Ahmedabad,GJ,23.023,72.571,DVC-3be6b42f3e,1,2127.06,950.86,32,931,FULL,2026-08-31
CUST003671,STUDENT,Mumbai,MH,19.076,72.877,DVC-c928b5d10d,1,510.63,298.82,43,287,FULL,2026-08-31
CUST003672,SMALL_BUSINESS,Kolkata,WB,22.573,88.364,DVC-8f8ace3e1d,1,6917.62,2523.84,54,702,FULL,2026-08-31
CUST003673,SALARIED_URBAN,Kochi,KL,9.932,76.267,DVC-a560832c75,1,978.54,509.86,31,514,FULL,2026-08-31
CUST003674,SALARIED_URBAN,Mumbai,MH,19.076,72.877,DVC-7dc01da311,1,1198.13,394.59,16,338,FULL,2026-08-31
CUST003675,SMALL_BUSINESS,Chennai,TN,13.083,80.27,DVC-e3dbd89f1d,1,5054.1,2872.44,54,1657,FULL,2026-08-31
CUST003676,SMALL_BUSINESS,Ahmedabad,GJ,23.023,72.571,DVC-862e605de7,1,6689.0,2590.04,4,1118,FULL,2026-08-31
CUST003677,STUDENT,Lucknow,UP,26.847,80.947,DVC-b1c87e8123,2,502.35,285.36,40,176,FULL,2026-08-31
CUST003678,GIG_WORKER,Hyderabad,TG,17.385,78.487,DVC-39dfbb9da9,2,576.16,301.41,23,1198,FULL,2026-08-31
CUST003679,STUDENT,Jaipur,RJ,26.912,75.787,DVC-57f054bfcf,2,472.86,278.72,45,291,FULL,2026-08-31
CUST003680,SALARIED_URBAN,Mumbai,MH,19.076,72.877,DVC-945f091f8b,1,946.6,333.54,42,1249,FULL,2026-08-31
CUST003681,STUDENT,Panaji,GA,15.491,73.828,DVC-c2c3ab72f9,3,284.96,141.18,52,2201,MIN,2026-08-31
CUST003682,SALARIED_URBAN,Indore,MP,22.72,75.858,DVC-5b5672ecaa,2,2188.42,1146.34,43,2748,FULL,2026-08-31
CUST003683,SMALL_BUSINESS,Jaipur,RJ,26.912,75.787,DVC-70cfcba569,1,4052.58,1758.72,34,310,FULL,2026-08-31
CUST003684,SALARIED_URBAN,Jaipur,RJ,26.912,75.787,DVC-c495502a77,2,1146.94,514.14,42,2051,FULL,2026-08-31
CUST003685,SALARIED_URBAN,Delhi,DL,28.614,77.209,DVC-3313eb7de0,1,2244.08,1173.05,12,195,FULL,2026-08-31
CUST003686,AFFLUENT,Delhi,DL,28.614,77.209,DVC-14ca12a497,2,11221.81,2872.26,61,2468,FULL,2026-08-31
CUST003687,STUDENT,Panaji,GA,15.491,73.828,DVC-6133f544e1,1,184.72,93.17,44,926,MIN,2026-08-31
CUST003688,STUDENT,Chandigarh,CH,30.734,76.779,DVC-b1a34d885e,2,479.62,252.95,27,1515,MIN,2026-08-31
CUST003689,STUDENT,Delhi,DL,28.614,77.209,DVC-09c93388cf,1,530.81,356.39,29,1426,FULL,2026-08-31
CUST003690,SALARIED_URBAN,Kochi,KL,9.932,76.267,DVC-fde6068731,1,2324.23,1169.59,50,185,FULL,2026-08-31
CUST003691,AFFLUENT,Kochi,KL,9.932,76.267,DVC-24ceacd3e9,3,6310.77,1970.56,48,1909,FULL,2026-08-31
CUST003692,STUDENT,Mumbai,MH,19.076,72.877,DVC-ee14484daf,1,302.35,226.46,34,159,FULL,2026-08-31
CUST003693,SALARIED_URBAN,Panaji,GA,15.491,73.828,DVC-f7c9f3cc47,1,1588.61,521.66,36,2870,FULL,2026-08-31
CUST003694,SALARIED_URBAN,Indore,MP,22.72,75.858,DVC-c77b5352ec,1,1025.77,552.52,28,2019,FULL,2026-08-31
CUST003695,SALARIED_URBAN,Chennai,TN,13.083,80.27,DVC-27273b83dd,2,1938.55,802.17,43,953,FULL,2026-08-31
CUST003696,SMALL_BUSINESS,Mumbai,MH,19.076,72.877,DVC-ecbc4732a9,2,7160.25,3924.01,31,2230,FULL,2026-08-31
CUST003697,GIG_WORKER,Jaipur,RJ,26.912,75.787,DVC-2fa6dce995,1,901.46,611.99,10,2318,FULL,2026-08-31
CUST003698,SMALL_BUSINESS,Kochi,KL,9.932,76.267,DVC-800ca63a23,1,6654.1,3426.73,36,1316,FULL,2026-08-31
CUST003699,SALARIED_URBAN,Lucknow,UP,26.847,80.947,DVC-e7d981d612,1,2454.94,911.74,49,1302,FULL,2026-08-31
CUST003700,STUDENT,Chennai,TN,13.083,80.27,DVC-b98c1aefac,1,478.71,297.92,26,1014,FULL,2026-08-31
CUST003701,SALARIED_URBAN,Hyderabad,TG,17.385,78.487,DVC-f22aa9aa3f,1,1250.92,579.88,53,1062,FULL,2026-08-31
CUST003702,GIG_WORKER,Bengaluru,KA,12.972,77.594,DVC-e0d31a2f2b,1,678.82,326.19,17,1244,FULL,2026-08-31
CUST003703,SALARIED_URBAN,Bengaluru,KA,12.972,77.594,DVC-e428cb02f2,2,1197.36,569.69,49,2585,FULL,2026-08-31
CUST003704,GIG_WORKER,Kolkata,WB,22.573,88.364,DVC-ce50e59c50,2,545.17,283.54,4,2725,FULL,2026-08-31
CUST003705,STUDENT,Chennai,TN,13.083,80.27,DVC-54cc323d5f,3,312.82,171.45,36,762,FULL,2026-08-31
CUST003706,STUDENT,Guwahati,AS,26.145,91.736,DVC-729035d5e1,2,333.29,179.67,37,1795,FULL,2026-08-31
CUST003707,SALARIED_URBAN,Pune,MH,18.52,73.857,DVC-51cc676725,2,1064.15,481.82,22,2393,FULL,2026-08-31
CUST003708,SALARIED_URBAN,Chandigarh,CH,30.734,76.779,DVC-b3320695fd,2,2252.48,1191.27,37,2182,FULL,2026-08-31
CUST003709,SALARIED_URBAN,Kolkata,WB,22.573,88.364,DVC-92f5047d4f,2,1425.15,767.24,29,490,FULL,2026-08-31
CUST003710,GIG_WORKER,Bengaluru,KA,12.972,77.594,DVC-4dc7c77990,2,820.49,554.59,20,2182,FULL,2026-08-31
CUST003711,SMALL_BUSINESS,Ahmedabad,GJ,23.023,72.571,DVC-ea5aa44fad,2,4041.05,2294.92,31,330,FULL,2026-08-31
CUST003712,AFFLUENT,Kolkata,WB,22.573,88.364,DVC-b00962924b,1,12748.28,5564.17,44,190,FULL,2026-08-31
CUST003713,SALARIED_URBAN,Mumbai,MH,19.076,72.877,DVC-3a7f8c09b4,2,1427.34,537.44,26,1330,FULL,2026-08-31
CUST003714,AFFLUENT,Kochi,KL,9.932,76.267,DVC-f04e299e32,1,7611.57,2707.5,44,2043,FULL,2026-08-31
CUST003715,SALARIED_URBAN,Mumbai,MH,19.076,72.877,DVC-273d8fabad,1,1618.03,784.49,38,2398,FULL,2026-08-31
CUST003716,SALARIED_URBAN,Chandigarh,CH,30.734,76.779,DVC-a380cec929,3,988.77,337.0,24,1928,FULL,2026-08-31
CUST003717,SMALL_BUSINESS,Chennai,TN,13.083,80.27,DVC-620090feba,2,4604.23,1757.95,31,814,FULL,2026-08-31
CUST003718,SALARIED_URBAN,Indore,MP,22.72,75.858,DVC-e7c08a7626,1,2170.26,1052.97,35,330,FULL,2026-08-31
CUST003719,SALARIED_URBAN,Chandigarh,CH,30.734,76.779,DVC-e5816aa0a8,1,1014.21,452.02,45,571,FULL,2026-08-31
CUST003720,GIG_WORKER,Delhi,DL,28.614,77.209,DVC-d742759197,2,553.28,377.27,32,348,FULL,2026-08-31
CUST003721,SALARIED_URBAN,Delhi,DL,28.614,77.209,DVC-39dd6880f6,2,2572.55,1104.89,30,1586,MIN,2026-08-31
CUST003722,AFFLUENT,Guwahati,AS,26.145,91.736,DVC-c7526515dd,2,12455.25,5041.29,53,2358,FULL,2026-08-31
CUST003723,SALARIED_URBAN,Nagpur,MH,21.146,79.088,DVC-f9f1398d19,1,1345.56,546.58,31,356,FULL,2026-08-31
CUST003724,SALARIED_URBAN,Chandigarh,CH,30.734,76.779,DVC-ec4a437972,1,1530.1,771.86,38,2581,FULL,2026-08-31
CUST003725,GIG_WORKER,Chennai,TN,13.083,80.27,DVC-2db162fda2,1,390.08,267.43,29,81,FULL,2026-08-31
CUST003726,SALARIED_URBAN,Kolkata,WB,22.573,88.364,DVC-7d3edfccca,1,1588.53,562.16,52,2115,FULL,2026-08-31
CUST003727,SMALL_BUSINESS,Lucknow,UP,26.847,80.947,DVC-1020d6633b,1,2631.57,1186.52,32,389,FULL,2026-08-31
CUST003728,SALARIED_URBAN,Bengaluru,KA,12.972,77.594,DVC-20b69da054,1,1745.14,664.97,40,871,FULL,2026-08-31
CUST003729,AFFLUENT,Lucknow,UP,26.847,80.947,DVC-e3f07bd4a6,2,7532.13,2474.19,41,2211,FULL,2026-08-31
CUST003730,STUDENT,Panaji,GA,15.491,73.828,DVC-9fd0aa391b,2,274.95,130.61,44,1615,FULL,2026-08-31
CUST003731,SALARIED_URBAN,Kolkata,WB,22.573,88.364,DVC-90979fff27,1,2413.25,1099.08,38,1036,MIN,2026-08-31
CUST003732,AFFLUENT,Delhi,DL,28.614,77.209,DVC-4b9c3959c4,1,7627.56,2089.78,30,2656,FULL,2026-08-31
CUST003733,SMALL_BUSINESS,Lucknow,UP,26.847,80.947,DVC-90340bff50,3,3987.54,2258.8,8,1994,FULL,2026-08-31
CUST003734,SALARIED_URBAN,Hyderabad,TG,17.385,78.487,DVC-da4a8b3209,2,2210.23,954.4,39,2634,MIN,2026-08-31
CUST003735,SALARIED_URBAN,Kochi,KL,9.932,76.267,DVC-4d9f0817cf,1,1019.22,503.79,37,2817,FULL,2026-08-31
CUST003736,SALARIED_URBAN,Kochi,KL,9.932,76.267,DVC-4490415dea,2,2375.25,1022.96,27,1919,MIN,2026-08-31
CUST003737,SALARIED_URBAN,Indore,MP,22.72,75.858,DVC-ddf40e8c2a,1,1541.25,665.44,38,1968,FULL,2026-08-31
CUST003738,SALARIED_URBAN,Pune,MH,18.52,73.857,DVC-04d939129b,1,2077.93,825.64,38,1142,FULL,2026-08-31
CUST003739,STUDENT,Lucknow,UP,26.847,80.947,DVC-cfcae04e83,1,474.51,254.62,62,1903,FULL,2026-08-31
CUST003740,SALARIED_URBAN,Jaipur,RJ,26.912,75.787,DVC-6cc2ecc4a0,1,1533.91,521.19,30,1665,FULL,2026-08-31
CUST003741,SALARIED_URBAN,Guwahati,AS,26.145,91.736,DVC-b8bb9fd85a,3,1859.78,692.84,49,1652,FULL,2026-08-31
CUST003742,GIG_WORKER,Ahmedabad,GJ,23.023,72.571,DVC-0c0871e56f,1,1084.29,441.82,25,382,FULL,2026-08-31
CUST003743,GIG_WORKER,Chandigarh,CH,30.734,76.779,DVC-e28b2f4691,2,621.64,334.78,46,2498,FULL,2026-08-31
CUST003744,GIG_WORKER,Jaipur,RJ,26.912,75.787,DVC-ba1579ea07,1,477.64,203.94,27,226,FULL,2026-08-31
CUST003745,SALARIED_URBAN,Nagpur,MH,21.146,79.088,DVC-8b3267af60,1,2074.82,1081.18,50,91,FULL,2026-08-31
CUST003746,AFFLUENT,Pune,MH,18.52,73.857,DVC-0a8225eec6,1,13599.63,5048.8,55,1327,FULL,2026-08-31
CUST003747,AFFLUENT,Hyderabad,TG,17.385,78.487,DVC-b26664495c,1,4562.02,1503.97,63,804,FULL,2026-08-31
CUST003748,SMALL_BUSINESS,Lucknow,UP,26.847,80.947,DVC-5d8b84d7ae,1,6312.66,2779.56,38,1762,MIN,2026-08-31
CUST003749,SALARIED_URBAN,Chandigarh,CH,30.734,76.779,DVC-b80647270a,1,1270.87,620.13,52,1027,FULL,2026-08-31
CUST003750,STUDENT,Guwahati,AS,26.145,91.736,DVC-75b39f303c,1,388.87,267.83,33,1349,FULL,2026-08-31
CUST003751,STUDENT,Chennai,TN,13.083,80.27,DVC-f3914ab812,1,244.23,120.24,42,860,FULL,2026-08-31
CUST003752,GIG_WORKER,Kochi,KL,9.932,76.267,DVC-69ea236225,1,567.3,349.11,19,1396,FULL,2026-08-31
CUST003753,SALARIED_URBAN,Bengaluru,KA,12.972,77.594,DVC-42e4317358,3,1956.32,867.02,35,139,FULL,2026-08-31
CUST003754,AFFLUENT,Chennai,TN,13.083,80.27,DVC-099a942fcd,3,17341.21,5385.97,19,2641,FULL,2026-08-31
CUST003755,SALARIED_URBAN,Guwahati,AS,26.145,91.736,DVC-bd629f38bf,3,1660.06,655.76,28,2290,FULL,2026-08-31
CUST003756,SMALL_BUSINESS,Lucknow,UP,26.847,80.947,DVC-7523e5ffee,2,6946.04,3324.03,32,1517,FULL,2026-08-31
CUST003757,GIG_WORKER,Indore,MP,22.72,75.858,DVC-78127021c4,1,1030.49,614.77,38,827,FULL,2026-08-31
CUST003758,SALARIED_URBAN,Hyderabad,TG,17.385,78.487,DVC-ea93147923,2,2519.62,974.56,35,2710,MIN,2026-08-31
CUST003759,STUDENT,Chennai,TN,13.083,80.27,DVC-ce25e7d7f3,1,276.88,137.77,44,1542,FULL,2026-08-31
CUST003760,STUDENT,Hyderabad,TG,17.385,78.487,DVC-6746c4729c,1,562.16,302.16,36,2574,FULL,2026-08-31
CUST003761,SALARIED_URBAN,Delhi,DL,28.614,77.209,DVC-341c3d9855,1,1056.8,337.67,38,1340,FULL,2026-08-31
CUST003762,SALARIED_URBAN,Kochi,KL,9.932,76.267,DVC-ef1fbaa35b,2,1892.13,689.04,43,1465,FULL,2026-08-31
CUST003763,GIG_WORKER,Ahmedabad,GJ,23.023,72.571,DVC-47448f2cf5,2,680.56,340.33,47,452,FULL,2026-08-31
CUST003764,STUDENT,Kolkata,WB,22.573,88.364,DVC-4d5c2769eb,2,241.89,121.79,31,154,FULL,2026-08-31
CUST003765,AFFLUENT,Chennai,TN,13.083,80.27,DVC-2d1cc809e4,2,17828.21,4514.12,14,1154,FULL,2026-08-31
CUST003766,SALARIED_URBAN,Guwahati,AS,26.145,91.736,DVC-1b4b466ca1,1,2447.2,838.47,28,2547,FULL,2026-08-31
CUST003767,GIG_WORKER,Kochi,KL,9.932,76.267,DVC-dc6f069e82,1,354.25,162.56,28,1487,FULL,2026-08-31
CUST003768,AFFLUENT,Mumbai,MH,19.076,72.877,DVC-6823ec2c5d,1,11929.17,3249.84,50,2577,FULL,2026-08-31
CUST003769,SMALL_BUSINESS,Indore,MP,22.72,75.858,DVC-16e6a699cf,1,3090.03,1715.85,17,431,FULL,2026-08-31
CUST003770,SMALL_BUSINESS,Ahmedabad,GJ,23.023,72.571,DVC-e992db1d70,1,4935.38,2456.85,26,1567,FULL,2026-08-31
CUST003771,SALARIED_URBAN,Mumbai,MH,19.076,72.877,DVC-25cb3ca39e,2,2330.9,1007.82,57,1092,MIN,2026-08-31
CUST003772,SALARIED_URBAN,Nagpur,MH,21.146,79.088,DVC-400c217986,1,1484.75,550.43,50,456,FULL,2026-08-31
CUST003773,STUDENT,Nagpur,MH,21.146,79.088,DVC-ec93d4860a,1,201.88,147.02,27,1005,FULL,2026-08-31
CUST003774,SALARIED_URBAN,Lucknow,UP,26.847,80.947,DVC-a553bd90a7,2,2170.02,734.19,38,458,FULL,2026-08-31
CUST003775,SMALL_BUSINESS,Mumbai,MH,19.076,72.877,DVC-96e83b86a2,1,5699.9,3322.02,17,2316,FULL,2026-08-31
CUST003776,GIG_WORKER,Panaji,GA,15.491,73.828,DVC-dc5e79bd97,1,882.09,410.87,30,2135,FULL,2026-08-31
CUST003777,SALARIED_URBAN,Lucknow,UP,26.847,80.947,DVC-bb151021be,1,1688.12,820.05,45,1283,FULL,2026-08-31
CUST003778,GIG_WORKER,Pune,MH,18.52,73.857,DVC-aa30e9bb3e,2,611.63,291.5,31,1355,FULL,2026-08-31
CUST003779,AFFLUENT,Indore,MP,22.72,75.858,DVC-8c3eb32390,1,12049.81,5059.16,44,1610,FULL,2026-08-31
CUST003780,STUDENT,Kochi,KL,9.932,76.267,DVC-5ea01c2e27,1,551.4,386.2,4,944,FULL,2026-08-31
CUST003781,GIG_WORKER,Panaji,GA,15.491,73.828,DVC-02dc37f290,1,771.21,439.96,34,845,FULL,2026-08-31
CUST003782,AFFLUENT,Mumbai,MH,19.076,72.877,DVC-b04b9dd557,2,4509.62,1763.24,40,2033,FULL,2026-08-31
CUST003783,GIG_WORKER,Hyderabad,TG,17.385,78.487,DVC-13e55c03f3,3,553.62,386.07,28,553,FULL,2026-08-31
CUST003784,GIG_WORKER,Kochi,KL,9.932,76.267,DVC-e129256d16,3,798.82,524.53,42,1618,FULL,2026-08-31
CUST003785,SALARIED_URBAN,Bengaluru,KA,12.972,77.594,DVC-a98d293ff6,2,2178.71,1062.97,38,1082,FULL,2026-08-31
CUST003786,STUDENT,Chennai,TN,13.083,80.27,DVC-e58c2c720b,2,426.31,316.2,47,2267,FULL,2026-08-31
CUST003787,SALARIED_URBAN,Chandigarh,CH,30.734,76.779,DVC-1a4ecb9fd4,1,1765.32,751.48,43,188,FULL,2026-08-31
CUST003788,SALARIED_URBAN,Hyderabad,TG,17.385,78.487,DVC-331d547781,2,2318.75,1090.84,64,737,FULL,2026-08-31
CUST003789,AFFLUENT,Lucknow,UP,26.847,80.947,DVC-b043fa8f2d,3,9458.99,3719.33,14,670,FULL,2026-08-31
CUST003790,GIG_WORKER,Guwahati,AS,26.145,91.736,DVC-41df5600fc,1,785.28,444.55,41,2209,FULL,2026-08-31
CUST003791,STUDENT,Delhi,DL,28.614,77.209,DVC-be11eb3c3a,1,258.38,149.23,16,1964,FULL,2026-08-31
CUST003792,GIG_WORKER,Chandigarh,CH,30.734,76.779,DVC-df6f4d2b22,3,548.15,333.98,57,283,FULL,2026-08-31
CUST003793,SMALL_BUSINESS,Jaipur,RJ,26.912,75.787,DVC-3fb52416d9,2,4029.81,2402.48,42,568,FULL,2026-08-31
CUST003794,STUDENT,Pune,MH,18.52,73.857,DVC-0049d73d35,2,617.71,404.53,28,1529,FULL,2026-08-31
CUST003795,SMALL_BUSINESS,Chandigarh,CH,30.734,76.779,DVC-74aa13a819,3,4452.96,2390.87,51,2043,FULL,2026-08-31
CUST003796,SALARIED_URBAN,Panaji,GA,15.491,73.828,DVC-db041be72b,1,1216.02,420.66,18,800,FULL,2026-08-31
CUST003797,SMALL_BUSINESS,Panaji,GA,15.491,73.828,DVC-872639f6d5,1,5615.06,1974.22,29,1468,FULL,2026-08-31
CUST003798,SMALL_BUSINESS,Lucknow,UP,26.847,80.947,DVC-81b1072c40,1,6408.89,3317.41,65,2125,FULL,2026-08-31
CUST003799,AFFLUENT,Lucknow,UP,26.847,80.947,DVC-13889c70af,2,8289.86,2377.64,12,2053,FULL,2026-08-31
CUST003800,GIG_WORKER,Chennai,TN,13.083,80.27,DVC-398131851e,1,886.09,476.33,47,1557,FULL,2026-08-31
CUST003801,SALARIED_URBAN,Nagpur,MH,21.146,79.088,DVC-0adb7025c0,2,1857.4,958.34,26,464,MIN,2026-08-31
CUST003802,SMALL_BUSINESS,Hyderabad,TG,17.385,78.487,DVC-550aff9919,2,5108.33,2475.17,44,1982,FULL,2026-08-31
CUST003803,SALARIED_URBAN,Pune,MH,18.52,73.857,DVC-f6728da348,1,1876.03,873.14,61,1014,FULL,2026-08-31
CUST003804,STUDENT,Ahmedabad,GJ,23.023,72.571,DVC-0eeb9fcb44,1,252.07,162.88,34,2795,FULL,2026-08-31
CUST003805,SMALL_BUSINESS,Mumbai,MH,19.076,72.877,DVC-8a11c7e322,2,2794.19,1017.23,24,125,FULL,2026-08-31
CUST003806,SMALL_BUSINESS,Panaji,GA,15.491,73.828,DVC-6949d27b9b,1,5940.74,2124.48,35,1220,FULL,2026-08-31
CUST003807,SALARIED_URBAN,Panaji,GA,15.491,73.828,DVC-7ea05ad35a,1,1040.14,404.61,45,1594,FULL,2026-08-31
CUST003808,SALARIED_URBAN,Bengaluru,KA,12.972,77.594,DVC-7bb67d8b13,1,1618.94,867.88,49,864,FULL,2026-08-31
CUST003809,AFFLUENT,Lucknow,UP,26.847,80.947,DVC-7b2bd231a1,2,16668.06,6825.44,57,1322,FULL,2026-08-31
CUST003810,SMALL_BUSINESS,Bengaluru,KA,12.972,77.594,DVC-d7713cd80c,1,6497.25,3372.18,37,2558,FULL,2026-08-31
CUST003811,GIG_WORKER,Chennai,TN,13.083,80.27,DVC-dc295869e7,1,965.32,502.13,34,1853,FULL,2026-08-31
CUST003812,SMALL_BUSINESS,Chennai,TN,13.083,80.27,DVC-87833a8963,2,5652.86,2593.28,41,857,FULL,2026-08-31
CUST003813,SMALL_BUSINESS,Ahmedabad,GJ,23.023,72.571,DVC-61b86413dc,2,2742.84,1391.21,47,1072,FULL,2026-08-31
CUST003814,SALARIED_URBAN,Lucknow,UP,26.847,80.947,DVC-26df6251ec,2,922.7,422.49,54,906,FULL,2026-08-31
CUST003815,SALARIED_URBAN,Mumbai,MH,19.076,72.877,DVC-314061475d,1,1275.52,629.73,74,1282,MIN,2026-08-31
CUST003816,SALARIED_URBAN,Guwahati,AS,26.145,91.736,DVC-65b22932f4,1,2243.65,1084.71,31,257,FULL,2026-08-31
CUST003817,GIG_WORKER,Jaipur,RJ,26.912,75.787,DVC-43db945e11,1,934.37,624.05,48,2362,FULL,2026-08-31
CUST003818,SMALL_BUSINESS,Guwahati,AS,26.145,91.736,DVC-1e5690bb15,2,4170.07,1817.91,40,988,FULL,2026-08-31
CUST003819,GIG_WORKER,Kochi,KL,9.932,76.267,DVC-819eeede16,3,388.77,251.87,42,2310,FULL,2026-08-31
CUST003820,GIG_WORKER,Bengaluru,KA,12.972,77.594,DVC-841d867d75,1,694.9,279.77,19,718,FULL,2026-08-31
CUST003821,STUDENT,Chennai,TN,13.083,80.27,DVC-9dbee8ae4e,2,395.31,222.62,33,706,FULL,2026-08-31
CUST003822,SMALL_BUSINESS,Delhi,DL,28.614,77.209,DVC-ece47d149e,2,4676.86,1651.62,50,1792,FULL,2026-08-31
CUST003823,SMALL_BUSINESS,Kolkata,WB,22.573,88.364,DVC-c01f1f6381,1,5900.24,2729.44,13,2773,FULL,2026-08-31
CUST003824,SALARIED_URBAN,Ahmedabad,GJ,23.023,72.571,DVC-9470fe59a0,1,1172.84,603.88,41,2465,FULL,2026-08-31
CUST003825,SALARIED_URBAN,Hyderabad,TG,17.385,78.487,DVC-f1bcf3528e,2,1236.79,448.53,40,586,FULL,2026-08-31
CUST003826,SMALL_BUSINESS,Panaji,GA,15.491,73.828,DVC-ef302b3ace,1,6206.5,2634.24,41,2585,FULL,2026-08-31
CUST003827,SALARIED_URBAN,Indore,MP,22.72,75.858,DVC-ce09e48f58,1,1759.3,835.82,16,792,FULL,2026-08-31
CUST003828,STUDENT,Chandigarh,CH,30.734,76.779,DVC-9138889e20,2,293.98,181.34,24,1382,FULL,2026-08-31
CUST003829,AFFLUENT,Mumbai,MH,19.076,72.877,DVC-b8fdbe2881,2,14563.26,4685.54,54,793,MIN,2026-08-31
CUST003830,SALARIED_URBAN,Ahmedabad,GJ,23.023,72.571,DVC-572c06978a,1,2475.09,867.08,51,2398,FULL,2026-08-31
CUST003831,SMALL_BUSINESS,Chandigarh,CH,30.734,76.779,DVC-865a2ec07e,1,5110.52,2870.11,29,1248,FULL,2026-08-31
CUST003832,SALARIED_URBAN,Hyderabad,TG,17.385,78.487,DVC-23c540139f,3,1984.26,1083.9,49,119,FULL,2026-08-31
CUST003833,SALARIED_URBAN,Bengaluru,KA,12.972,77.594,DVC-e93be6d2eb,1,1030.66,462.81,15,1483,FULL,2026-08-31
CUST003834,SALARIED_URBAN,Bengaluru,KA,12.972,77.594,DVC-d40c51e7d8,3,1521.73,723.81,43,2370,FULL,2026-08-31
CUST003835,SMALL_BUSINESS,Hyderabad,TG,17.385,78.487,DVC-0a39528323,1,3600.04,1470.61,56,491,FULL,2026-08-31
CUST003836,SALARIED_URBAN,Indore,MP,22.72,75.858,DVC-5c05f3741f,2,2133.14,1014.39,26,633,FULL,2026-08-31
CUST003837,SALARIED_URBAN,Hyderabad,TG,17.385,78.487,DVC-fa991f3a16,1,970.51,304.12,64,802,FULL,2026-08-31
CUST003838,SALARIED_URBAN,Lucknow,UP,26.847,80.947,DVC-4d3b965f93,1,2019.19,996.76,38,2015,FULL,2026-08-31
CUST003839,SMALL_BUSINESS,Delhi,DL,28.614,77.209,DVC-bc72ba705e,2,4947.85,2240.72,38,2766,FULL,2026-08-31
CUST003840,GIG_WORKER,Mumbai,MH,19.076,72.877,DVC-b39cbfaa9b,1,764.15,407.67,52,1954,MIN,2026-08-31
CUST003841,AFFLUENT,Chennai,TN,13.083,80.27,DVC-d0fb54b5b6,1,15573.52,5543.95,34,1589,FULL,2026-08-31
CUST003842,AFFLUENT,Ahmedabad,GJ,23.023,72.571,DVC-17168da6b4,2,6533.08,2630.76,51,2360,FULL,2026-08-31
CUST003843,AFFLUENT,Guwahati,AS,26.145,91.736,DVC-e8e720ac47,2,11276.82,2840.6,34,1928,FULL,2026-08-31
CUST003844,AFFLUENT,Guwahati,AS,26.145,91.736,DVC-766b3266da,2,12497.82,4656.23,19,1406,FULL,2026-08-31
CUST003845,SALARIED_URBAN,Chennai,TN,13.083,80.27,DVC-8006aea852,1,1666.11,745.61,13,1472,FULL,2026-08-31
CUST003846,SMALL_BUSINESS,Jaipur,RJ,26.912,75.787,DVC-a9e9d722c9,1,4713.08,2640.1,51,2380,FULL,2026-08-31
CUST003847,SALARIED_URBAN,Indore,MP,22.72,75.858,DVC-e5f887da3d,2,906.03,426.86,50,2692,MIN,2026-08-31
CUST003848,SMALL_BUSINESS,Hyderabad,TG,17.385,78.487,DVC-c2c01499fa,3,7156.16,3408.44,51,1066,FULL,2026-08-31
CUST003849,AFFLUENT,Mumbai,MH,19.076,72.877,DVC-e8b911c5a1,2,15093.25,4370.27,29,1813,FULL,2026-08-31
CUST003850,SALARIED_URBAN,Bengaluru,KA,12.972,77.594,DVC-6edfce9c2b,1,1472.66,485.14,55,2517,FULL,2026-08-31
CUST003851,SALARIED_URBAN,Nagpur,MH,21.146,79.088,DVC-9459e49b52,1,1450.07,711.3,27,648,FULL,2026-08-31
CUST003852,SALARIED_URBAN,Hyderabad,TG,17.385,78.487,DVC-5bad1633a8,1,2508.21,1054.12,60,1514,MIN,2026-08-31
CUST003853,SMALL_BUSINESS,Delhi,DL,28.614,77.209,DVC-9ea160d127,3,2417.61,1011.37,24,1804,FULL,2026-08-31
CUST003854,SALARIED_URBAN,Pune,MH,18.52,73.857,DVC-89cb06bd72,1,1882.25,965.17,27,1738,FULL,2026-08-31
CUST003855,SMALL_BUSINESS,Lucknow,UP,26.847,80.947,DVC-a146892c97,1,6869.1,3883.96,29,2445,FULL,2026-08-31
CUST003856,SMALL_BUSINESS,Lucknow,UP,26.847,80.947,DVC-eac25b53e3,2,6767.88,3724.32,71,2655,FULL,2026-08-31
CUST003857,STUDENT,Nagpur,MH,21.146,79.088,DVC-7e579042c4,1,646.37,380.12,27,1353,FULL,2026-08-31
CUST003858,SALARIED_URBAN,Kochi,KL,9.932,76.267,DVC-f83982b191,1,1965.55,924.04,12,2061,FULL,2026-08-31
CUST003859,SMALL_BUSINESS,Ahmedabad,GJ,23.023,72.571,DVC-a346cf2845,1,6074.93,3545.89,48,94,FULL,2026-08-31
CUST003860,SMALL_BUSINESS,Indore,MP,22.72,75.858,DVC-64e35a6f38,1,5026.93,2890.05,46,1651,FULL,2026-08-31
CUST003861,SMALL_BUSINESS,Chennai,TN,13.083,80.27,DVC-8f74aa869f,1,6528.24,3256.91,4,1963,FULL,2026-08-31
CUST003862,GIG_WORKER,Chandigarh,CH,30.734,76.779,DVC-5a2f2929e8,3,350.85,217.14,16,2200,FULL,2026-08-31
CUST003863,AFFLUENT,Kochi,KL,9.932,76.267,DVC-db088529f9,2,8688.75,2548.91,35,532,FULL,2026-08-31
CUST003864,SALARIED_URBAN,Pune,MH,18.52,73.857,DVC-fddd474ae0,1,1721.35,832.83,18,1545,FULL,2026-08-31
CUST003865,SALARIED_URBAN,Chandigarh,CH,30.734,76.779,DVC-fcad0e4289,2,1905.14,905.51,38,2167,FULL,2026-08-31
CUST003866,SALARIED_URBAN,Pune,MH,18.52,73.857,DVC-04853e2d62,1,2143.83,1018.52,65,2493,FULL,2026-08-31
CUST003867,STUDENT,Pune,MH,18.52,73.857,DVC-33e98e1f39,1,581.72,376.12,13,1330,FULL,2026-08-31
CUST003868,SMALL_BUSINESS,Ahmedabad,GJ,23.023,72.571,DVC-61a237ac1f,1,5592.27,3340.59,31,2625,MIN,2026-08-31
CUST003869,SALARIED_URBAN,Jaipur,RJ,26.912,75.787,DVC-986d9690b6,3,1753.91,680.39,23,1214,MIN,2026-08-31
CUST003870,STUDENT,Bengaluru,KA,12.972,77.594,DVC-ea34dfbd15,1,322.99,219.14,63,2071,FULL,2026-08-31
CUST003871,SALARIED_URBAN,Guwahati,AS,26.145,91.736,DVC-c2d5e3796e,1,1993.78,976.1,55,2605,FULL,2026-08-31
CUST003872,GIG_WORKER,Kochi,KL,9.932,76.267,DVC-7d07af3a4c,2,511.13,276.23,19,1569,FULL,2026-08-31
CUST003873,SALARIED_URBAN,Chandigarh,CH,30.734,76.779,DVC-fb774ce1f6,1,2320.66,701.23,47,1251,FULL,2026-08-31
CUST003874,SALARIED_URBAN,Bengaluru,KA,12.972,77.594,DVC-047d260ded,1,2587.29,1263.6,17,1189,FULL,2026-08-31
CUST003875,GIG_WORKER,Chandigarh,CH,30.734,76.779,DVC-2c02a54fe9,2,666.55,421.28,52,1220,FULL,2026-08-31
CUST003876,SALARIED_URBAN,Delhi,DL,28.614,77.209,DVC-ef0f4d7f6f,2,1628.88,780.92,32,1688,FULL,2026-08-31
CUST003877,GIG_WORKER,Bengaluru,KA,12.972,77.594,DVC-36d163762f,1,1005.39,456.51,35,2144,FULL,2026-08-31
CUST003878,GIG_WORKER,Kolkata,WB,22.573,88.364,DVC-be66134a0d,2,1094.08,443.98,28,327,FULL,2026-08-31
CUST003879,SMALL_BUSINESS,Chennai,TN,13.083,80.27,DVC-bccb92c5b4,1,6674.36,2468.28,50,1983,FULL,2026-08-31
CUST003880,SMALL_BUSINESS,Chandigarh,CH,30.734,76.779,DVC-bce8b4482e,2,4286.05,2068.53,16,2428,FULL,2026-08-31
CUST003881,AFFLUENT,Nagpur,MH,21.146,79.088,DVC-eb793c801d,2,16819.48,5709.48,10,1505,FULL,2026-08-31
CUST003882,STUDENT,Pune,MH,18.52,73.857,DVC-70b671e55f,1,582.22,308.86,71,1456,FULL,2026-08-31
CUST003883,GIG_WORKER,Pune,MH,18.52,73.857,DVC-28dcf96172,1,813.73,436.51,53,2785,FULL,2026-08-31
CUST003884,GIG_WORKER,Kolkata,WB,22.573,88.364,DVC-186ad7ccdb,2,621.67,324.18,46,2188,FULL,2026-08-31
CUST003885,SMALL_BUSINESS,Kolkata,WB,22.573,88.364,DVC-6bc4bb5d78,1,5196.51,1947.7,50,711,FULL,2026-08-31
CUST003886,SALARIED_URBAN,Panaji,GA,15.491,73.828,DVC-b65251d8fb,1,2518.59,798.77,50,1266,FULL,2026-08-31
CUST003887,SALARIED_URBAN,Hyderabad,TG,17.385,78.487,DVC-3d7b1cf092,1,1727.11,930.3,53,2869,FULL,2026-08-31
CUST003888,GIG_WORKER,Mumbai,MH,19.076,72.877,DVC-1135cad2ab,2,637.32,373.8,45,1984,FULL,2026-08-31
CUST003889,AFFLUENT,Hyderabad,TG,17.385,78.487,DVC-8f73155707,1,17022.9,7349.1,50,2289,FULL,2026-08-31
CUST003890,SALARIED_URBAN,Chennai,TN,13.083,80.27,DVC-b0e393e14a,1,1937.89,927.67,50,2764,FULL,2026-08-31
CUST003891,STUDENT,Chandigarh,CH,30.734,76.779,DVC-28a404eef5,2,333.11,163.3,27,2173,FULL,2026-08-31
CUST003892,STUDENT,Nagpur,MH,21.146,79.088,DVC-2bbea53312,1,214.97,139.72,36,2052,FULL,2026-08-31
CUST003893,SMALL_BUSINESS,Indore,MP,22.72,75.858,DVC-50fcfd9a65,1,5421.33,2930.1,38,167,FULL,2026-08-31
CUST003894,SALARIED_URBAN,Ahmedabad,GJ,23.023,72.571,DVC-ebe86a17d1,1,2394.53,916.75,31,461,FULL,2026-08-31
CUST003895,SALARIED_URBAN,Indore,MP,22.72,75.858,DVC-de3d764b3c,2,1816.68,986.0,59,1556,FULL,2026-08-31
CUST003896,GIG_WORKER,Ahmedabad,GJ,23.023,72.571,DVC-259e8b3546,3,556.45,356.51,30,2431,FULL,2026-08-31
CUST003897,SALARIED_URBAN,Nagpur,MH,21.146,79.088,DVC-f3d13e7ced,1,2199.42,967.94,41,1043,FULL,2026-08-31
CUST003898,GIG_WORKER,Guwahati,AS,26.145,91.736,DVC-95d84d5455,3,415.61,210.43,32,2505,FULL,2026-08-31
CUST003899,SALARIED_URBAN,Chandigarh,CH,30.734,76.779,DVC-49296d4b91,1,2059.04,735.6,45,2500,FULL,2026-08-31
CUST003900,SMALL_BUSINESS,Pune,MH,18.52,73.857,DVC-58c29360d2,1,4109.88,1761.8,37,490,FULL,2026-08-31
CUST003901,AFFLUENT,Guwahati,AS,26.145,91.736,DVC-43c2e2a1f3,1,13803.94,5278.23,28,2418,FULL,2026-08-31
CUST003902,STUDENT,Delhi,DL,28.614,77.209,DVC-45f1470706,1,492.01,232.74,47,693,FULL,2026-08-31
CUST003903,SALARIED_URBAN,Panaji,GA,15.491,73.828,DVC-f4b794fe97,1,1844.03,984.74,54,419,FULL,2026-08-31
CUST003904,GIG_WORKER,Panaji,GA,15.491,73.828,DVC-ed133b9af8,1,632.21,434.59,21,1928,FULL,2026-08-31
CUST003905,SALARIED_URBAN,Kolkata,WB,22.573,88.364,DVC-490831f3a9,1,2357.06,974.38,38,523,FULL,2026-08-31
CUST003906,AFFLUENT,Indore,MP,22.72,75.858,DVC-4150e49692,2,12204.88,3462.55,28,278,FULL,2026-08-31
CUST003907,GIG_WORKER,Pune,MH,18.52,73.857,DVC-44bf323372,3,956.28,491.0,37,566,FULL,2026-08-31
CUST003908,AFFLUENT,Hyderabad,TG,17.385,78.487,DVC-a3c3bf8c2b,1,17699.43,4579.53,23,2657,FULL,2026-08-31
CUST003909,SMALL_BUSINESS,Kolkata,WB,22.573,88.364,DVC-459851a8be,1,6702.41,3166.07,46,1244,FULL,2026-08-31
CUST003910,SALARIED_URBAN,Delhi,DL,28.614,77.209,DVC-a843d9125d,1,1065.57,521.2,39,659,FULL,2026-08-31
CUST003911,SMALL_BUSINESS,Panaji,GA,15.491,73.828,DVC-700c6b360c,1,2679.89,1143.6,41,184,FULL,2026-08-31
CUST003912,SALARIED_URBAN,Bengaluru,KA,12.972,77.594,DVC-f6e9e23085,2,2407.47,1086.36,34,2323,FULL,2026-08-31
CUST003913,SALARIED_URBAN,Nagpur,MH,21.146,79.088,DVC-dd393fec5c,1,1170.4,425.66,26,1208,FULL,2026-08-31
CUST003914,STUDENT,Hyderabad,TG,17.385,78.487,DVC-7d8c0130c2,1,228.2,123.13,39,2694,FULL,2026-08-31
CUST003915,SALARIED_URBAN,Chandigarh,CH,30.734,76.779,DVC-06ee8e2d73,2,2045.15,1034.74,51,2824,FULL,2026-08-31
CUST003916,SALARIED_URBAN,Chennai,TN,13.083,80.27,DVC-2ec6671992,2,1119.85,396.11,59,1878,FULL,2026-08-31
CUST003917,GIG_WORKER,Ahmedabad,GJ,23.023,72.571,DVC-00646d37cb,2,661.26,305.79,55,1811,FULL,2026-08-31
CUST003918,SALARIED_URBAN,Chandigarh,CH,30.734,76.779,DVC-0c9c44b8ad,1,2078.19,979.46,50,1861,FULL,2026-08-31
CUST003919,SALARIED_URBAN,Lucknow,UP,26.847,80.947,DVC-9fb68f0bef,1,1424.34,640.96,24,1307,FULL,2026-08-31
CUST003920,STUDENT,Ahmedabad,GJ,23.023,72.571,DVC-1bc53ad028,1,228.52,113.71,48,1388,MIN,2026-08-31
CUST003921,SMALL_BUSINESS,Kochi,KL,9.932,76.267,DVC-e52e3d93bc,1,2543.11,978.81,40,1485,FULL,2026-08-31
CUST003922,AFFLUENT,Mumbai,MH,19.076,72.877,DVC-e100001d94,1,6614.44,2488.21,42,2066,FULL,2026-08-31
CUST003923,GIG_WORKER,Ahmedabad,GJ,23.023,72.571,DVC-1bfbda0068,1,393.04,162.4,39,1087,FULL,2026-08-31
CUST003924,SALARIED_URBAN,Guwahati,AS,26.145,91.736,DVC-00687c44a1,1,1682.51,894.95,27,514,FULL,2026-08-31
CUST003925,SALARIED_URBAN,Pune,MH,18.52,73.857,DVC-0116c490e2,1,1608.2,796.5,40,2069,FULL,2026-08-31
CUST003926,AFFLUENT,Delhi,DL,28.614,77.209,DVC-b403d5559c,2,9401.96,2445.09,53,2008,FULL,2026-08-31
CUST003927,SALARIED_URBAN,Guwahati,AS,26.145,91.736,DVC-7453ae9b71,2,1441.49,482.13,16,295,FULL,2026-08-31
CUST003928,GIG_WORKER,Pune,MH,18.52,73.857,DVC-16f434134a,1,724.36,473.36,56,934,FULL,2026-08-31
CUST003929,SMALL_BUSINESS,Delhi,DL,28.614,77.209,DVC-bf6d2bdae7,1,4191.79,1904.29,36,1310,FULL,2026-08-31
CUST003930,AFFLUENT,Pune,MH,18.52,73.857,DVC-7622ada4f7,1,12729.29,4268.0,46,753,FULL,2026-08-31
CUST003931,SMALL_BUSINESS,Nagpur,MH,21.146,79.088,DVC-c37e6cb63e,1,6507.97,2739.11,35,2736,FULL,2026-08-31
CUST003932,SALARIED_URBAN,Hyderabad,TG,17.385,78.487,DVC-a50bef7056,2,909.4,366.67,28,860,MIN,2026-08-31
CUST003933,SALARIED_URBAN,Guwahati,AS,26.145,91.736,DVC-01966414c5,1,1083.4,526.57,47,403,FULL,2026-08-31
CUST003934,AFFLUENT,Panaji,GA,15.491,73.828,DVC-d6c58144e1,1,4758.98,1822.78,41,2416,FULL,2026-08-31
CUST003935,SMALL_BUSINESS,Delhi,DL,28.614,77.209,DVC-a73e771e0c,2,7093.36,4103.32,26,356,FULL,2026-08-31
CUST003936,SMALL_BUSINESS,Chennai,TN,13.083,80.27,DVC-27e0f720bc,2,3632.5,1355.24,40,1310,FULL,2026-08-31
CUST003937,SALARIED_URBAN,Indore,MP,22.72,75.858,DVC-d123f7edfe,1,2044.97,960.93,47,449,MIN,2026-08-31
CUST003938,SMALL_BUSINESS,Lucknow,UP,26.847,80.947,DVC-0162728228,3,7273.18,3633.85,24,2868,FULL,2026-08-31
CUST003939,AFFLUENT,Ahmedabad,GJ,23.023,72.571,DVC-d80ef5ea1e,1,7935.81,2929.69,30,2011,FULL,2026-08-31
CUST003940,SALARIED_URBAN,Delhi,DL,28.614,77.209,DVC-93edf8206d,2,1918.75,929.6,58,360,FULL,2026-08-31
CUST003941,AFFLUENT,Nagpur,MH,21.146,79.088,DVC-c9449d1800,1,15982.33,5496.87,52,2736,FULL,2026-08-31
CUST003942,SALARIED_URBAN,Jaipur,RJ,26.912,75.787,DVC-6a4c32b917,1,2514.75,1075.68,44,2062,FULL,2026-08-31
CUST003943,SALARIED_URBAN,Kolkata,WB,22.573,88.364,DVC-0cb72439ec,2,1342.7,570.72,47,2162,FULL,2026-08-31
CUST003944,AFFLUENT,Lucknow,UP,26.847,80.947,DVC-8e58e583cc,2,5206.61,2071.82,36,2190,FULL,2026-08-31
CUST003945,SMALL_BUSINESS,Panaji,GA,15.491,73.828,DVC-a196b44c3e,1,5326.47,2516.74,57,2846,FULL,2026-08-31
CUST003946,SALARIED_URBAN,Chandigarh,CH,30.734,76.779,DVC-1746c86104,2,2540.78,1156.92,37,2185,FULL,2026-08-31
CUST003947,SMALL_BUSINESS,Kolkata,WB,22.573,88.364,DVC-d92165bb50,2,3181.4,1294.86,55,1255,FULL,2026-08-31
CUST003948,SALARIED_URBAN,Ahmedabad,GJ,23.023,72.571,DVC-7b46ec3a9a,3,950.27,349.39,44,2228,FULL,2026-08-31
CUST003949,SALARIED_URBAN,Pune,MH,18.52,73.857,DVC-68ac92053f,1,1782.29,790.17,58,1443,FULL,2026-08-31
CUST003950,STUDENT,Delhi,DL,28.614,77.209,DVC-d08e528284,1,533.8,286.56,24,1682,FULL,2026-08-31
CUST003951,SALARIED_URBAN,Hyderabad,TG,17.385,78.487,DVC-95cf662820,3,1979.08,658.79,32,804,FULL,2026-08-31
CUST003952,AFFLUENT,Jaipur,RJ,26.912,75.787,DVC-6433a1f017,3,7247.69,2906.83,41,128,FULL,2026-08-31
CUST003953,STUDENT,Chennai,TN,13.083,80.27,DVC-2f743a9084,2,344.78,227.03,29,776,FULL,2026-08-31
CUST003954,STUDENT,Nagpur,MH,21.146,79.088,DVC-edfd0991c5,1,447.57,273.03,25,1814,FULL,2026-08-31
CUST003955,SMALL_BUSINESS,Nagpur,MH,21.146,79.088,DVC-5ab4b91e24,3,3107.07,1184.94,31,1413,FULL,2026-08-31
CUST003956,GIG_WORKER,Chandigarh,CH,30.734,76.779,DVC-099e8ad917,2,364.33,218.66,30,1073,FULL,2026-08-31
CUST003957,GIG_WORKER,Hyderabad,TG,17.385,78.487,DVC-d4f7fbd2ad,1,943.69,610.8,30,1824,FULL,2026-08-31
CUST003958,GIG_WORKER,Pune,MH,18.52,73.857,DVC-e7f2179875,2,370.46,256.9,5,2778,FULL,2026-08-31
CUST003959,SALARIED_URBAN,Panaji,GA,15.491,73.828,DVC-0fc3b286c5,2,1940.36,714.17,47,1809,FULL,2026-08-31
CUST003960,SMALL_BUSINESS,Indore,MP,22.72,75.858,DVC-e1d3bee108,2,5747.48,2191.69,36,111,FULL,2026-08-31
CUST003961,SMALL_BUSINESS,Hyderabad,TG,17.385,78.487,DVC-cedadaf35a,1,2852.55,1226.45,61,2695,FULL,2026-08-31
CUST003962,SMALL_BUSINESS,Bengaluru,KA,12.972,77.594,DVC-921643fe43,3,4171.76,2143.86,27,382,FULL,2026-08-31
CUST003963,SALARIED_URBAN,Kolkata,WB,22.573,88.364,DVC-4db75fa181,2,913.16,286.02,36,610,FULL,2026-08-31
CUST003964,SALARIED_URBAN,Guwahati,AS,26.145,91.736,DVC-791e2cf9a6,1,2041.96,632.36,35,2482,FULL,2026-08-31
CUST003965,STUDENT,Nagpur,MH,21.146,79.088,DVC-eaa9d51cda,1,255.93,132.42,21,2702,MIN,2026-08-31
CUST003966,SMALL_BUSINESS,Delhi,DL,28.614,77.209,DVC-8ce20170b0,3,5044.78,2325.61,41,2075,FULL,2026-08-31
CUST003967,SALARIED_URBAN,Hyderabad,TG,17.385,78.487,DVC-b4f867a8c1,3,2419.86,937.78,29,1318,FULL,2026-08-31
CUST003968,STUDENT,Ahmedabad,GJ,23.023,72.571,DVC-2778fad677,1,198.28,111.33,13,1037,MIN,2026-08-31
CUST003969,GIG_WORKER,Guwahati,AS,26.145,91.736,DVC-6b37494e75,1,394.66,169.92,41,1419,FULL,2026-08-31
CUST003970,SALARIED_URBAN,Panaji,GA,15.491,73.828,DVC-054980f717,2,933.67,399.28,47,1385,MIN,2026-08-31
CUST003971,STUDENT,Mumbai,MH,19.076,72.877,DVC-c6e891e200,1,356.21,180.54,24,70,FULL,2026-08-31
CUST003972,STUDENT,Kochi,KL,9.932,76.267,DVC-6dfbd335bd,1,236.83,123.13,25,2635,FULL,2026-08-31
CUST003973,SMALL_BUSINESS,Indore,MP,22.72,75.858,DVC-e1f969eeea,1,2318.5,1383.83,47,2884,MIN,2026-08-31
CUST003974,AFFLUENT,Jaipur,RJ,26.912,75.787,DVC-acebf5f38f,1,12030.43,3200.97,43,751,FULL,2026-08-31
CUST003975,SALARIED_URBAN,Bengaluru,KA,12.972,77.594,DVC-0477df95a5,1,2526.66,1125.11,66,441,FULL,2026-08-31
CUST003976,SMALL_BUSINESS,Panaji,GA,15.491,73.828,DVC-0c9cf7c6a7,1,6288.68,3089.22,42,902,MIN,2026-08-31
CUST003977,SMALL_BUSINESS,Kochi,KL,9.932,76.267,DVC-95d6dd1bbe,1,5391.7,2594.12,24,2278,FULL,2026-08-31
CUST003978,SMALL_BUSINESS,Panaji,GA,15.491,73.828,DVC-d39be15f73,1,6381.27,2479.39,31,1168,FULL,2026-08-31
CUST003979,SMALL_BUSINESS,Delhi,DL,28.614,77.209,DVC-af5bcca606,1,2223.95,1113.74,29,918,FULL,2026-08-31
CUST003980,STUDENT,Chandigarh,CH,30.734,76.779,DVC-31e7f93f66,2,294.05,178.21,50,1417,FULL,2026-08-31
CUST003981,SALARIED_URBAN,Chandigarh,CH,30.734,76.779,DVC-47122867af,1,1757.02,774.59,35,547,FULL,2026-08-31
CUST003982,STUDENT,Kochi,KL,9.932,76.267,DVC-cfc69960e4,1,633.42,357.41,30,1378,FULL,2026-08-31
CUST003983,SALARIED_URBAN,Guwahati,AS,26.145,91.736,DVC-77c35bd1ca,2,1268.03,514.11,27,2113,FULL,2026-08-31
CUST003984,STUDENT,Panaji,GA,15.491,73.828,DVC-26ce0d6885,3,473.45,257.84,39,2488,FULL,2026-08-31
CUST003985,SALARIED_URBAN,Mumbai,MH,19.076,72.877,DVC-5543fa6fdc,1,1776.06,578.85,38,1940,FULL,2026-08-31
CUST003986,SALARIED_URBAN,Panaji,GA,15.491,73.828,DVC-25b47bd448,2,2201.81,883.78,19,115,FULL,2026-08-31
CUST003987,STUDENT,Kolkata,WB,22.573,88.364,DVC-b2bf55ae5f,1,540.74,314.73,27,1370,FULL,2026-08-31
CUST003988,AFFLUENT,Kochi,KL,9.932,76.267,DVC-2256418a2b,2,11390.56,3347.07,37,1960,FULL,2026-08-31
CUST003989,SALARIED_URBAN,Lucknow,UP,26.847,80.947,DVC-15c00930e9,1,2357.17,1035.85,47,1858,FULL,2026-08-31
CUST003990,SALARIED_URBAN,Guwahati,AS,26.145,91.736,DVC-198afc840b,1,2442.73,865.09,47,409,FULL,2026-08-31
CUST003991,SMALL_BUSINESS,Kolkata,WB,22.573,88.364,DVC-1a389378c3,1,7223.73,2929.27,19,566,FULL,2026-08-31
CUST003992,STUDENT,Indore,MP,22.72,75.858,DVC-e3fa766e08,2,213.34,112.48,29,2743,FULL,2026-08-31
CUST003993,STUDENT,Hyderabad,TG,17.385,78.487,DVC-5711dc79eb,1,231.2,116.65,36,1580,FULL,2026-08-31
CUST003994,GIG_WORKER,Jaipur,RJ,26.912,75.787,DVC-c4ef2fea2f,1,1078.46,629.24,35,1477,FULL,2026-08-31
CUST003995,SALARIED_URBAN,Chennai,TN,13.083,80.27,DVC-d3b451f160,1,1475.04,755.63,35,1921,FULL,2026-08-31
CUST003996,SALARIED_URBAN,Delhi,DL,28.614,77.209,DVC-255e44c485,2,2037.95,644.72,50,649,FULL,2026-08-31
CUST003997,STUDENT,Ahmedabad,GJ,23.023,72.571,DVC-fa1f322213,2,506.0,299.48,30,753,FULL,2026-08-31
CUST003998,SMALL_BUSINESS,Guwahati,AS,26.145,91.736,DVC-35a1b88b3f,3,3688.84,1995.79,36,2605,FULL,2026-08-31
CUST003999,AFFLUENT,Pune,MH,18.52,73.857,DVC-5bbba75c10,1,9959.94,3156.89,43,986,FULL,2026-08-31
CUST004000,SMALL_BUSINESS,Lucknow,UP,26.847,80.947,DVC-236c65b848,1,2336.56,874.27,37,2831,FULL,2026-08-31
CUST004001,STUDENT,Nagpur,MH,21.146,79.088,DVC-25a0e7440a,1,245.66,144.67,53,371,FULL,2026-08-31
CUST004002,STUDENT,Bengaluru,KA,12.972,77.594,DVC-7e3974662a,1,599.36,277.47,49,710,FULL,2026-08-31
CUST004003,SALARIED_URBAN,Ahmedabad,GJ,23.023,72.571,DVC-dc4edec67c,2,1790.42,910.79,38,149,FULL,2026-08-31
CUST004004,GIG_WORKER,Ahmedabad,GJ,23.023,72.571,DVC-f59a07a0ae,2,762.16,439.36,30,1670,FULL,2026-08-31
CUST004005,AFFLUENT,Chandigarh,CH,30.734,76.779,DVC-96c6ef537f,2,12329.27,5393.3,25,1415,FULL,2026-08-31
CUST004006,SMALL_BUSINESS,Pune,MH,18.52,73.857,DVC-0fffe6b2ba,1,4066.75,2179.48,33,2358,FULL,2026-08-31
CUST004007,GIG_WORKER,Mumbai,MH,19.076,72.877,DVC-ef6db511f3,3,572.5,393.43,4,2025,FULL,2026-08-31
CUST004008,SMALL_BUSINESS,Mumbai,MH,19.076,72.877,DVC-eac777b3f0,3,3673.86,1678.31,4,113,FULL,2026-08-31
CUST004009,SALARIED_URBAN,Guwahati,AS,26.145,91.736,DVC-da5bc66fbb,1,2184.26,697.65,46,2416,FULL,2026-08-31
CUST004010,GIG_WORKER,Kolkata,WB,22.573,88.364,DVC-d3a72173b1,1,718.61,365.32,42,2044,FULL,2026-08-31
CUST004011,SALARIED_URBAN,Kochi,KL,9.932,76.267,DVC-78805d57b7,3,1155.7,594.11,46,1124,FULL,2026-08-31
CUST004012,STUDENT,Kochi,KL,9.932,76.267,DVC-4dccbe15d6,1,372.56,174.35,53,1160,FULL,2026-08-31
CUST004013,GIG_WORKER,Lucknow,UP,26.847,80.947,DVC-f16542fd2b,1,872.31,556.86,38,2631,FULL,2026-08-31
CUST004014,STUDENT,Kochi,KL,9.932,76.267,DVC-84066bed82,1,405.38,206.06,41,1319,FULL,2026-08-31
CUST004015,SALARIED_URBAN,Chennai,TN,13.083,80.27,DVC-839202640b,2,2516.63,813.09,40,1746,FULL,2026-08-31
CUST004016,SMALL_BUSINESS,Guwahati,AS,26.145,91.736,DVC-76bcdc37a6,3,3935.78,2201.73,47,1235,FULL,2026-08-31
CUST004017,SALARIED_URBAN,Chennai,TN,13.083,80.27,DVC-1e59cc8458,1,2127.12,1004.91,63,1192,FULL,2026-08-31
CUST004018,GIG_WORKER,Jaipur,RJ,26.912,75.787,DVC-2f0ad3a89e,3,737.51,309.54,40,1184,FULL,2026-08-31
CUST004019,GIG_WORKER,Guwahati,AS,26.145,91.736,DVC-02b8483899,1,859.91,541.77,44,1503,FULL,2026-08-31
CUST004020,STUDENT,Pune,MH,18.52,73.857,DVC-4df0e6e2a4,1,451.56,282.96,53,2107,FULL,2026-08-31
CUST004021,SALARIED_URBAN,Chennai,TN,13.083,80.27,DVC-d3afa053aa,1,1094.61,536.88,32,531,FULL,2026-08-31
CUST004022,AFFLUENT,Hyderabad,TG,17.385,78.487,DVC-52ae5ade3a,1,9206.44,3607.84,39,559,FULL,2026-08-31
CUST004023,STUDENT,Ahmedabad,GJ,23.023,72.571,DVC-3db6cd4a16,1,610.42,291.17,48,1485,FULL,2026-08-31
CUST004024,SMALL_BUSINESS,Chandigarh,CH,30.734,76.779,DVC-2e421fb704,3,4594.38,1779.97,9,1787,FULL,2026-08-31
CUST004025,SALARIED_URBAN,Kochi,KL,9.932,76.267,DVC-aa7a9700fd,1,1020.8,468.15,48,850,FULL,2026-08-31
CUST004026,SMALL_BUSINESS,Kochi,KL,9.932,76.267,DVC-daa4ef25bc,2,3456.79,1879.47,22,1057,FULL,2026-08-31
CUST004027,SMALL_BUSINESS,Kochi,KL,9.932,76.267,DVC-4eb0e7171d,1,6440.29,3136.42,46,1293,FULL,2026-08-31
CUST004028,AFFLUENT,Hyderabad,TG,17.385,78.487,DVC-2b0fd9e28d,1,4868.56,1468.85,25,631,FULL,2026-08-31
CUST004029,SMALL_BUSINESS,Kochi,KL,9.932,76.267,DVC-54213a84c5,1,7252.15,2890.33,27,1365,FULL,2026-08-31
CUST004030,GIG_WORKER,Bengaluru,KA,12.972,77.594,DVC-396a1b98f0,1,888.51,454.4,33,1980,FULL,2026-08-31
CUST004031,STUDENT,Pune,MH,18.52,73.857,DVC-b15eb924ae,1,530.53,394.03,14,2416,FULL,2026-08-31
CUST004032,SALARIED_URBAN,Nagpur,MH,21.146,79.088,DVC-e65b4761b8,1,1022.05,371.59,40,1530,FULL,2026-08-31
CUST004033,STUDENT,Guwahati,AS,26.145,91.736,DVC-96bb4dd64d,2,202.0,135.58,32,558,FULL,2026-08-31
CUST004034,AFFLUENT,Pune,MH,18.52,73.857,DVC-65cf737952,1,16537.98,6056.7,38,2429,FULL,2026-08-31
CUST004035,SALARIED_URBAN,Nagpur,MH,21.146,79.088,DVC-f106f5da9e,1,2555.1,770.49,45,407,FULL,2026-08-31
CUST004036,SMALL_BUSINESS,Hyderabad,TG,17.385,78.487,DVC-556855e3ce,1,3465.72,2008.86,42,278,FULL,2026-08-31
CUST004037,SALARIED_URBAN,Chennai,TN,13.083,80.27,DVC-1d51e6eed6,2,2432.32,1123.91,22,2565,FULL,2026-08-31
CUST004038,SALARIED_URBAN,Lucknow,UP,26.847,80.947,DVC-bacfae10db,1,2354.6,1049.15,28,599,MIN,2026-08-31
CUST004039,GIG_WORKER,Pune,MH,18.52,73.857,DVC-84b1e18e96,3,947.57,521.77,57,2373,FULL,2026-08-31
CUST004040,GIG_WORKER,Lucknow,UP,26.847,80.947,DVC-f757d5a217,1,468.64,203.9,28,1157,FULL,2026-08-31
CUST004041,STUDENT,Panaji,GA,15.491,73.828,DVC-97780cf8a9,1,208.3,104.75,50,586,FULL,2026-08-31
CUST004042,SALARIED_URBAN,Jaipur,RJ,26.912,75.787,DVC-0b13655370,1,1815.69,880.43,17,2732,FULL,2026-08-31
CUST004043,SALARIED_URBAN,Jaipur,RJ,26.912,75.787,DVC-d189b4f923,1,1756.37,616.41,18,2480,FULL,2026-08-31
CUST004044,AFFLUENT,Indore,MP,22.72,75.858,DVC-3ffb93f9a0,2,11953.9,3830.58,50,780,FULL,2026-08-31
CUST004045,SALARIED_URBAN,Delhi,DL,28.614,77.209,DVC-d557b58959,1,1058.78,471.74,59,1383,FULL,2026-08-31
CUST004046,STUDENT,Nagpur,MH,21.146,79.088,DVC-0b961cc849,2,244.79,174.09,10,2661,FULL,2026-08-31
CUST004047,SALARIED_URBAN,Lucknow,UP,26.847,80.947,DVC-72c35bdcb3,2,2379.42,939.08,45,2419,FULL,2026-08-31
CUST004048,SALARIED_URBAN,Delhi,DL,28.614,77.209,DVC-5c50c3588c,2,1468.13,742.96,36,2891,FULL,2026-08-31
CUST004049,SMALL_BUSINESS,Hyderabad,TG,17.385,78.487,DVC-a488d9f93f,1,5702.19,2223.26,33,1512,FULL,2026-08-31
CUST004050,SALARIED_URBAN,Hyderabad,TG,17.385,78.487,DVC-c524b78a7f,2,1818.55,856.3,62,399,FULL,2026-08-31
CUST004051,SMALL_BUSINESS,Ahmedabad,GJ,23.023,72.571,DVC-205b0a1a64,2,3377.7,1552.96,33,2660,FULL,2026-08-31
CUST004052,SMALL_BUSINESS,Indore,MP,22.72,75.858,DVC-a89e19563a,1,3615.69,1651.45,43,727,FULL,2026-08-31
CUST004053,SALARIED_URBAN,Hyderabad,TG,17.385,78.487,DVC-a0b6f68cf3,1,1480.96,486.23,34,2310,FULL,2026-08-31
CUST004054,GIG_WORKER,Jaipur,RJ,26.912,75.787,DVC-875e297452,1,988.16,449.01,46,278,FULL,2026-08-31
CUST004055,SMALL_BUSINESS,Nagpur,MH,21.146,79.088,DVC-e5acf251da,3,4511.75,1893.98,8,376,FULL,2026-08-31
CUST004056,GIG_WORKER,Mumbai,MH,19.076,72.877,DVC-018f12d718,2,647.61,314.12,13,2048,MIN,2026-08-31
CUST004057,STUDENT,Chennai,TN,13.083,80.27,DVC-dab60c96d2,1,632.96,352.72,39,789,FULL,2026-08-31
CUST004058,SALARIED_URBAN,Nagpur,MH,21.146,79.088,DVC-b3ecf11214,1,2593.54,819.09,45,1628,FULL,2026-08-31
CUST004059,SMALL_BUSINESS,Pune,MH,18.52,73.857,DVC-0bed25ccbb,1,6988.95,3970.19,12,527,FULL,2026-08-31
CUST004060,STUDENT,Hyderabad,TG,17.385,78.487,DVC-5644c95255,2,242.46,127.66,71,2632,FULL,2026-08-31
CUST004061,SALARIED_URBAN,Hyderabad,TG,17.385,78.487,DVC-56bbd80faa,1,2287.33,1135.45,38,2422,FULL,2026-08-31
CUST004062,SALARIED_URBAN,Pune,MH,18.52,73.857,DVC-72f51227e3,1,2052.39,1054.44,35,1150,FULL,2026-08-31
CUST004063,GIG_WORKER,Jaipur,RJ,26.912,75.787,DVC-5d43996c28,1,988.2,471.2,19,1133,FULL,2026-08-31
CUST004064,GIG_WORKER,Bengaluru,KA,12.972,77.594,DVC-1f4f3d44da,1,1039.38,457.67,38,2552,FULL,2026-08-31
CUST004065,SALARIED_URBAN,Jaipur,RJ,26.912,75.787,DVC-558b3a00b3,1,2350.52,729.76,29,909,FULL,2026-08-31
CUST004066,GIG_WORKER,Nagpur,MH,21.146,79.088,DVC-00b6639a03,1,633.44,345.48,17,2700,MIN,2026-08-31
CUST004067,SMALL_BUSINESS,Kolkata,WB,22.573,88.364,DVC-344912e7b0,1,5036.13,2850.02,34,2708,FULL,2026-08-31
CUST004068,AFFLUENT,Guwahati,AS,26.145,91.736,DVC-6b5488a283,2,11127.5,4835.43,32,1959,FULL,2026-08-31
CUST004069,SALARIED_URBAN,Kolkata,WB,22.573,88.364,DVC-bc2af064b7,1,1846.43,599.72,48,2060,FULL,2026-08-31
CUST004070,GIG_WORKER,Chandigarh,CH,30.734,76.779,DVC-49fcb8a403,1,1070.88,595.06,44,2322,FULL,2026-08-31
CUST004071,SALARIED_URBAN,Delhi,DL,28.614,77.209,DVC-9060b3c823,2,2013.1,1088.88,33,2176,FULL,2026-08-31
CUST004072,SALARIED_URBAN,Guwahati,AS,26.145,91.736,DVC-7d87598698,2,2383.9,831.21,22,486,FULL,2026-08-31
CUST004073,GIG_WORKER,Nagpur,MH,21.146,79.088,DVC-1ac06a0f2c,2,992.03,458.28,43,2512,MIN,2026-08-31
CUST004074,GIG_WORKER,Bengaluru,KA,12.972,77.594,DVC-c8b87f4f6e,2,825.03,479.62,28,49,FULL,2026-08-31
CUST004075,GIG_WORKER,Delhi,DL,28.614,77.209,DVC-bef2af1f5b,1,699.65,342.42,28,261,MIN,2026-08-31
CUST004076,AFFLUENT,Mumbai,MH,19.076,72.877,DVC-f7327d22bd,1,13601.04,4530.94,45,463,FULL,2026-08-31
CUST004077,STUDENT,Panaji,GA,15.491,73.828,DVC-87c3dc4ed6,1,397.42,188.8,42,883,FULL,2026-08-31
CUST004078,GIG_WORKER,Kochi,KL,9.932,76.267,DVC-aed4352a7d,2,785.7,414.37,57,1938,MIN,2026-08-31
CUST004079,SMALL_BUSINESS,Ahmedabad,GJ,23.023,72.571,DVC-0dfe54c24a,2,6102.36,3249.85,46,125,FULL,2026-08-31
CUST004080,GIG_WORKER,Pune,MH,18.52,73.857,DVC-38891ee7e3,3,965.42,544.2,29,597,FULL,2026-08-31
CUST004081,SMALL_BUSINESS,Hyderabad,TG,17.385,78.487,DVC-2d65b8cbdf,1,3451.07,1230.75,45,1953,FULL,2026-08-31
CUST004082,GIG_WORKER,Indore,MP,22.72,75.858,DVC-0645855751,2,824.43,405.56,22,108,FULL,2026-08-31
CUST004083,SALARIED_URBAN,Delhi,DL,28.614,77.209,DVC-2123a4816f,1,991.37,366.18,23,2492,FULL,2026-08-31
CUST004084,SALARIED_URBAN,Indore,MP,22.72,75.858,DVC-d0221c87fa,1,1510.76,675.89,44,1705,FULL,2026-08-31
CUST004085,STUDENT,Kolkata,WB,22.573,88.364,DVC-a3a4653944,2,640.53,444.69,42,2512,FULL,2026-08-31
CUST004086,STUDENT,Kochi,KL,9.932,76.267,DVC-77e94659c1,1,637.59,333.36,31,2713,FULL,2026-08-31
CUST004087,SALARIED_URBAN,Chandigarh,CH,30.734,76.779,DVC-4efaaa191d,1,1122.83,383.29,31,304,FULL,2026-08-31
CUST004088,SALARIED_URBAN,Lucknow,UP,26.847,80.947,DVC-9e5da3e095,3,1867.44,724.29,27,2873,FULL,2026-08-31
CUST004089,SALARIED_URBAN,Kochi,KL,9.932,76.267,DVC-080f938602,1,968.33,348.0,17,2401,FULL,2026-08-31
CUST004090,SALARIED_URBAN,Bengaluru,KA,12.972,77.594,DVC-5382e52f4a,1,1356.75,420.68,42,672,FULL,2026-08-31
CUST004091,STUDENT,Delhi,DL,28.614,77.209,DVC-b3e67847e8,1,207.44,127.34,36,2361,FULL,2026-08-31
CUST004092,SALARIED_URBAN,Nagpur,MH,21.146,79.088,DVC-353df673a2,1,2481.18,845.23,72,1645,FULL,2026-08-31
CUST004093,GIG_WORKER,Chandigarh,CH,30.734,76.779,DVC-dc2939bef0,2,434.02,185.21,37,948,FULL,2026-08-31
CUST004094,SALARIED_URBAN,Jaipur,RJ,26.912,75.787,DVC-e1d21e0931,2,1767.43,807.19,35,2511,FULL,2026-08-31
CUST004095,SMALL_BUSINESS,Chandigarh,CH,30.734,76.779,DVC-3f6c1f1e96,1,4913.91,2451.18,38,1476,MIN,2026-08-31
CUST004096,SMALL_BUSINESS,Chandigarh,CH,30.734,76.779,DVC-edf961f57f,1,2257.71,1230.95,37,723,FULL,2026-08-31
CUST004097,GIG_WORKER,Delhi,DL,28.614,77.209,DVC-a895e261ac,2,1004.92,494.22,4,877,MIN,2026-08-31
CUST004098,SALARIED_URBAN,Indore,MP,22.72,75.858,DVC-9adfc6eb2a,2,2572.94,1346.27,37,2353,MIN,2026-08-31
CUST004099,GIG_WORKER,Delhi,DL,28.614,77.209,DVC-65f223ef74,2,724.51,488.33,36,1587,FULL,2026-08-31
CUST004100,GIG_WORKER,Hyderabad,TG,17.385,78.487,DVC-2239cd0cf6,1,589.51,404.8,26,1903,FULL,2026-08-31
CUST004101,SALARIED_URBAN,Lucknow,UP,26.847,80.947,DVC-adc9e6f68f,1,1710.72,540.86,72,1788,FULL,2026-08-31
CUST004102,SMALL_BUSINESS,Mumbai,MH,19.076,72.877,DVC-8f327060b2,1,4767.8,1748.29,32,623,FULL,2026-08-31
CUST004103,SALARIED_URBAN,Indore,MP,22.72,75.858,DVC-bee2495ca9,3,1553.35,492.5,18,330,FULL,2026-08-31
CUST004104,GIG_WORKER,Chennai,TN,13.083,80.27,DVC-29c273ae38,1,542.76,303.53,22,119,FULL,2026-08-31
CUST004105,SMALL_BUSINESS,Pune,MH,18.52,73.857,DVC-b2e58c8fd6,1,2731.75,1270.04,63,1216,FULL,2026-08-31
CUST004106,SALARIED_URBAN,Pune,MH,18.52,73.857,DVC-ddd59c61f9,2,1482.56,778.15,25,429,FULL,2026-08-31
CUST004107,SALARIED_URBAN,Mumbai,MH,19.076,72.877,DVC-2b8082cf57,3,2484.16,757.54,37,2473,FULL,2026-08-31
CUST004108,SALARIED_URBAN,Chennai,TN,13.083,80.27,DVC-7479a379ab,2,2290.97,756.5,47,1835,FULL,2026-08-31
CUST004109,SALARIED_URBAN,Kolkata,WB,22.573,88.364,DVC-528cf8eb23,2,1603.88,609.98,45,820,FULL,2026-08-31
CUST004110,SMALL_BUSINESS,Lucknow,UP,26.847,80.947,DVC-5233567ff5,2,7011.56,3332.76,21,1579,FULL,2026-08-31
CUST004111,SALARIED_URBAN,Indore,MP,22.72,75.858,DVC-1538759df9,2,2254.95,696.17,46,2046,FULL,2026-08-31
CUST004112,SMALL_BUSINESS,Hyderabad,TG,17.385,78.487,DVC-f65c89867e,2,5520.15,2902.74,39,1372,FULL,2026-08-31
CUST004113,SMALL_BUSINESS,Ahmedabad,GJ,23.023,72.571,DVC-e2178e1a95,1,6995.84,4116.33,46,2526,FULL,2026-08-31
CUST004114,SMALL_BUSINESS,Guwahati,AS,26.145,91.736,DVC-fda0c11500,2,5304.71,3159.91,56,522,MIN,2026-08-31
CUST004115,STUDENT,Guwahati,AS,26.145,91.736,DVC-4e7edfd169,1,249.25,142.21,32,1966,FULL,2026-08-31
CUST004116,SALARIED_URBAN,Kochi,KL,9.932,76.267,DVC-0463145f5d,2,1134.5,580.9,25,228,MIN,2026-08-31
CUST004117,SMALL_BUSINESS,Chandigarh,CH,30.734,76.779,DVC-12aa76f306,1,6783.49,3952.58,25,695,FULL,2026-08-31
CUST004118,SALARIED_URBAN,Delhi,DL,28.614,77.209,DVC-6318cc2abf,1,1469.95,628.09,51,1478,FULL,2026-08-31
CUST004119,AFFLUENT,Kochi,KL,9.932,76.267,DVC-90a3dfe4a2,2,8051.05,2982.39,37,2243,FULL,2026-08-31
CUST004120,GIG_WORKER,Bengaluru,KA,12.972,77.594,DVC-54844d5071,2,1097.34,456.73,4,2234,FULL,2026-08-31
CUST004121,STUDENT,Panaji,GA,15.491,73.828,DVC-4c587ab672,1,560.57,376.79,8,1037,FULL,2026-08-31
CUST004122,SALARIED_URBAN,Nagpur,MH,21.146,79.088,DVC-309192609e,2,1085.6,385.89,47,1300,FULL,2026-08-31
CUST004123,GIG_WORKER,Ahmedabad,GJ,23.023,72.571,DVC-d96880e62b,2,711.95,471.25,26,326,MIN,2026-08-31
CUST004124,STUDENT,Kolkata,WB,22.573,88.364,DVC-153438f967,1,499.14,226.75,34,2899,FULL,2026-08-31
CUST004125,AFFLUENT,Jaipur,RJ,26.912,75.787,DVC-9bb63bbe89,1,10243.02,3141.27,37,1491,FULL,2026-08-31
CUST004126,SALARIED_URBAN,Nagpur,MH,21.146,79.088,DVC-5fd0da7694,1,1444.47,550.99,47,107,FULL,2026-08-31
CUST004127,AFFLUENT,Chandigarh,CH,30.734,76.779,DVC-407dfb1911,2,8600.7,2325.39,39,2017,FULL,2026-08-31
CUST004128,SMALL_BUSINESS,Chennai,TN,13.083,80.27,DVC-9dbc122e3c,1,4520.21,1656.88,31,680,FULL,2026-08-31
CUST004129,SALARIED_URBAN,Mumbai,MH,19.076,72.877,DVC-0478121520,1,1441.96,740.36,69,2375,MIN,2026-08-31
CUST004130,SMALL_BUSINESS,Kochi,KL,9.932,76.267,DVC-02c7611e92,1,4763.87,2250.19,44,2026,FULL,2026-08-31
CUST004131,STUDENT,Lucknow,UP,26.847,80.947,DVC-e75ca9b850,1,457.12,255.33,23,1637,FULL,2026-08-31
CUST004132,STUDENT,Panaji,GA,15.491,73.828,DVC-a693e2ee7f,1,230.53,155.48,22,235,FULL,2026-08-31
CUST004133,SMALL_BUSINESS,Mumbai,MH,19.076,72.877,DVC-4a2160dc1f,2,5161.83,2575.99,39,2090,FULL,2026-08-31
CUST004134,STUDENT,Hyderabad,TG,17.385,78.487,DVC-07e6ccf5ed,2,511.36,242.3,61,673,FULL,2026-08-31
CUST004135,AFFLUENT,Chandigarh,CH,30.734,76.779,DVC-cb9b50eb9e,1,14664.19,6285.31,75,1166,FULL,2026-08-31
CUST004136,SALARIED_URBAN,Kochi,KL,9.932,76.267,DVC-da87d795ef,2,1312.98,514.82,21,2609,FULL,2026-08-31
CUST004137,SMALL_BUSINESS,Chennai,TN,13.083,80.27,DVC-1d2a16ee92,1,4146.34,1491.47,36,1122,FULL,2026-08-31
CUST004138,GIG_WORKER,Ahmedabad,GJ,23.023,72.571,DVC-42096faf0d,1,810.92,484.82,21,1981,FULL,2026-08-31
CUST004139,SMALL_BUSINESS,Hyderabad,TG,17.385,78.487,DVC-1fbeae6269,2,5076.47,2915.01,23,2572,FULL,2026-08-31
CUST004140,SALARIED_URBAN,Panaji,GA,15.491,73.828,DVC-e7164ab428,1,2033.17,754.67,52,1923,FULL,2026-08-31
CUST004141,SALARIED_URBAN,Chandigarh,CH,30.734,76.779,DVC-61fc38d5ba,2,913.15,385.3,47,2343,FULL,2026-08-31
CUST004142,SMALL_BUSINESS,Bengaluru,KA,12.972,77.594,DVC-a6766b6f08,1,2844.5,1344.06,39,2576,FULL,2026-08-31
CUST004143,SMALL_BUSINESS,Chandigarh,CH,30.734,76.779,DVC-71adefb3d8,2,2773.56,1248.29,53,165,FULL,2026-08-31
CUST004144,STUDENT,Ahmedabad,GJ,23.023,72.571,DVC-e6b097f1cd,1,221.44,126.9,43,2466,FULL,2026-08-31
CUST004145,GIG_WORKER,Chandigarh,CH,30.734,76.779,DVC-8d612f65f2,1,717.65,383.44,23,890,FULL,2026-08-31
CUST004146,STUDENT,Kolkata,WB,22.573,88.364,DVC-e93643660b,1,535.39,353.89,28,413,FULL,2026-08-31
CUST004147,STUDENT,Mumbai,MH,19.076,72.877,DVC-b881401e0e,1,502.55,239.42,11,1074,FULL,2026-08-31
CUST004148,SMALL_BUSINESS,Kochi,KL,9.932,76.267,DVC-3862ea4453,1,2236.76,1277.6,48,548,FULL,2026-08-31
CUST004149,AFFLUENT,Lucknow,UP,26.847,80.947,DVC-60a3de11eb,1,9197.74,3928.08,4,1797,FULL,2026-08-31
CUST004150,SMALL_BUSINESS,Ahmedabad,GJ,23.023,72.571,DVC-7fb882ebb2,3,5788.0,2170.37,53,677,FULL,2026-08-31
CUST004151,STUDENT,Hyderabad,TG,17.385,78.487,DVC-d93c9c0583,2,353.44,218.2,40,1348,FULL,2026-08-31
CUST004152,SMALL_BUSINESS,Bengaluru,KA,12.972,77.594,DVC-74ac2072d6,1,7257.05,3182.25,13,1692,FULL,2026-08-31
CUST004153,AFFLUENT,Jaipur,RJ,26.912,75.787,DVC-cddfa4a7ff,1,14935.21,5063.73,47,1814,FULL,2026-08-31
CUST004154,GIG_WORKER,Chandigarh,CH,30.734,76.779,DVC-f456b942dd,2,997.5,559.33,30,2551,FULL,2026-08-31
CUST004155,AFFLUENT,Mumbai,MH,19.076,72.877,DVC-e479e88c97,2,9387.72,3718.21,36,1157,FULL,2026-08-31
CUST004156,SALARIED_URBAN,Delhi,DL,28.614,77.209,DVC-07d2939155,2,1809.73,635.47,37,613,FULL,2026-08-31
CUST004157,GIG_WORKER,Bengaluru,KA,12.972,77.594,DVC-34a1e54ff4,1,1077.11,439.92,58,72,FULL,2026-08-31
CUST004158,SALARIED_URBAN,Pune,MH,18.52,73.857,DVC-ff5603491c,1,2552.87,1202.6,31,1361,FULL,2026-08-31
CUST004159,SALARIED_URBAN,Panaji,GA,15.491,73.828,DVC-2db937b3ff,3,2339.7,1029.27,28,1125,FULL,2026-08-31
CUST004160,STUDENT,Chennai,TN,13.083,80.27,DVC-5b226455bd,1,270.2,192.5,18,111,FULL,2026-08-31
CUST004161,STUDENT,Kolkata,WB,22.573,88.364,DVC-f3b99a0aa4,1,252.8,119.08,23,504,FULL,2026-08-31
CUST004162,SMALL_BUSINESS,Kochi,KL,9.932,76.267,DVC-f9aeb823f9,1,4238.04,2019.54,40,459,FULL,2026-08-31
CUST004163,STUDENT,Hyderabad,TG,17.385,78.487,DVC-913a0a0391,2,550.28,302.68,49,2328,FULL,2026-08-31
CUST004164,GIG_WORKER,Chandigarh,CH,30.734,76.779,DVC-7d1ae4700c,3,388.06,214.07,32,1162,MIN,2026-08-31
CUST004165,SALARIED_URBAN,Panaji,GA,15.491,73.828,DVC-bb8aeb33d1,1,2221.29,929.74,17,1807,FULL,2026-08-31
CUST004166,SALARIED_URBAN,Hyderabad,TG,17.385,78.487,DVC-03dbcbd6f8,1,2398.6,839.69,31,2566,FULL,2026-08-31
CUST004167,STUDENT,Lucknow,UP,26.847,80.947,DVC-f825dddc20,1,184.28,115.21,66,1277,FULL,2026-08-31
CUST004168,SALARIED_URBAN,Indore,MP,22.72,75.858,DVC-20386a7087,1,1075.52,328.36,39,2815,FULL,2026-08-31
CUST004169,SALARIED_URBAN,Kochi,KL,9.932,76.267,DVC-44eac7491d,1,1732.84,746.47,33,1676,FULL,2026-08-31
CUST004170,GIG_WORKER,Bengaluru,KA,12.972,77.594,DVC-091da7697e,1,823.35,533.24,51,49,FULL,2026-08-31
CUST004171,AFFLUENT,Nagpur,MH,21.146,79.088,DVC-6eaaf86281,1,15227.01,4704.9,35,1256,FULL,2026-08-31
CUST004172,GIG_WORKER,Hyderabad,TG,17.385,78.487,DVC-4de7fa4d3e,3,453.93,273.69,35,1123,FULL,2026-08-31
CUST004173,SALARIED_URBAN,Panaji,GA,15.491,73.828,DVC-4b1a07bb1c,2,2043.93,1080.45,8,1387,FULL,2026-08-31
CUST004174,SALARIED_URBAN,Pune,MH,18.52,73.857,DVC-65e38aa475,1,1666.5,860.69,50,1122,FULL,2026-08-31
CUST004175,SALARIED_URBAN,Panaji,GA,15.491,73.828,DVC-549d0c96e8,2,1805.19,750.2,31,2021,FULL,2026-08-31
CUST004176,SALARIED_URBAN,Chennai,TN,13.083,80.27,DVC-5212536647,2,1139.91,386.35,31,373,FULL,2026-08-31
CUST004177,GIG_WORKER,Kolkata,WB,22.573,88.364,DVC-b52b11c9cd,3,545.94,242.49,29,2797,FULL,2026-08-31
CUST004178,STUDENT,Lucknow,UP,26.847,80.947,DVC-85da57d521,2,518.03,367.85,28,1530,FULL,2026-08-31
CUST004179,AFFLUENT,Kochi,KL,9.932,76.267,DVC-456e8ee63b,2,9523.03,3017.75,51,811,FULL,2026-08-31
CUST004180,AFFLUENT,Delhi,DL,28.614,77.209,DVC-78160904e4,2,8162.74,2746.57,15,953,FULL,2026-08-31
CUST004181,STUDENT,Kolkata,WB,22.573,88.364,DVC-7086e98d77,2,627.1,329.64,23,918,FULL,2026-08-31
CUST004182,SALARIED_URBAN,Chandigarh,CH,30.734,76.779,DVC-5bbcb5db09,2,951.66,488.17,69,2267,FULL,2026-08-31
CUST004183,STUDENT,Chennai,TN,13.083,80.27,DVC-291801fb0a,1,243.39,145.12,37,2271,FULL,2026-08-31
CUST004184,STUDENT,Panaji,GA,15.491,73.828,DVC-4d443c1feb,2,599.32,301.87,35,2143,FULL,2026-08-31
CUST004185,SMALL_BUSINESS,Chennai,TN,13.083,80.27,DVC-438c891a4b,2,6039.51,3213.87,43,2244,FULL,2026-08-31
CUST004186,GIG_WORKER,Mumbai,MH,19.076,72.877,DVC-8aef8ab462,1,989.38,465.94,28,2330,FULL,2026-08-31
CUST004187,AFFLUENT,Hyderabad,TG,17.385,78.487,DVC-5dbed1c437,1,14947.64,4969.52,33,1264,FULL,2026-08-31
CUST004188,SMALL_BUSINESS,Indore,MP,22.72,75.858,DVC-9e30532125,1,4707.91,2642.19,23,396,FULL,2026-08-31
CUST004189,AFFLUENT,Chennai,TN,13.083,80.27,DVC-ff0e52947c,1,17643.09,6191.49,48,275,FULL,2026-08-31
CUST004190,SMALL_BUSINESS,Ahmedabad,GJ,23.023,72.571,DVC-7c5a1cf0a7,1,6996.77,3682.11,40,2533,FULL,2026-08-31
CUST004191,GIG_WORKER,Kolkata,WB,22.573,88.364,DVC-99f5a3a953,1,918.62,454.77,43,1415,FULL,2026-08-31
CUST004192,GIG_WORKER,Bengaluru,KA,12.972,77.594,DVC-39a927c31d,1,539.4,219.54,55,1828,FULL,2026-08-31
CUST004193,SALARIED_URBAN,Bengaluru,KA,12.972,77.594,DVC-b4bbe40712,2,1361.09,735.86,29,1779,FULL,2026-08-31
CUST004194,STUDENT,Bengaluru,KA,12.972,77.594,DVC-b3a29148a5,1,183.66,91.07,44,1759,FULL,2026-08-31
CUST004195,SALARIED_URBAN,Ahmedabad,GJ,23.023,72.571,DVC-cf893e78db,2,1443.01,599.75,48,2729,MIN,2026-08-31
CUST004196,AFFLUENT,Hyderabad,TG,17.385,78.487,DVC-ada8760265,1,10005.74,2955.48,25,849,FULL,2026-08-31
CUST004197,STUDENT,Chandigarh,CH,30.734,76.779,DVC-bf8053c134,1,187.91,108.6,49,1725,FULL,2026-08-31
CUST004198,GIG_WORKER,Ahmedabad,GJ,23.023,72.571,DVC-2806df2546,1,380.11,236.45,41,1835,FULL,2026-08-31
CUST004199,SMALL_BUSINESS,Bengaluru,KA,12.972,77.594,DVC-a8e37bf3bf,2,3723.98,2177.96,36,567,FULL,2026-08-31
CUST004200,SALARIED_URBAN,Chandigarh,CH,30.734,76.779,DVC-aaf0dec0d5,1,2507.97,1105.72,39,529,FULL,2026-08-31
CUST004201,SMALL_BUSINESS,Mumbai,MH,19.076,72.877,DVC-b3b3ea37f7,2,4804.68,2107.02,22,981,FULL,2026-08-31
CUST004202,SALARIED_URBAN,Delhi,DL,28.614,77.209,DVC-0c2c2ce36a,1,1280.81,648.05,25,1774,FULL,2026-08-31
CUST004203,SALARIED_URBAN,Kolkata,WB,22.573,88.364,DVC-d12e5d0526,1,1393.26,733.41,53,368,FULL,2026-08-31
CUST004204,SMALL_BUSINESS,Hyderabad,TG,17.385,78.487,DVC-6969a1723c,1,6943.72,3180.52,39,2018,FULL,2026-08-31
CUST004205,GIG_WORKER,Chennai,TN,13.083,80.27,DVC-365963a8e9,1,949.92,580.63,30,2223,FULL,2026-08-31
CUST004206,AFFLUENT,Nagpur,MH,21.146,79.088,DVC-d5a3ba8ec1,1,11471.65,3336.85,66,2249,FULL,2026-08-31
CUST004207,SALARIED_URBAN,Lucknow,UP,26.847,80.947,DVC-3896a15f9b,1,1043.3,415.64,55,877,MIN,2026-08-31
CUST004208,AFFLUENT,Chandigarh,CH,30.734,76.779,DVC-1bc31fa4bd,2,17426.87,6908.83,31,487,FULL,2026-08-31
CUST004209,SALARIED_URBAN,Hyderabad,TG,17.385,78.487,DVC-2d88246af3,3,2426.04,900.42,45,1733,MIN,2026-08-31
CUST004210,GIG_WORKER,Indore,MP,22.72,75.858,DVC-1b794e2619,2,728.04,423.88,50,1920,FULL,2026-08-31
CUST004211,STUDENT,Lucknow,UP,26.847,80.947,DVC-60e5676194,1,479.01,331.27,44,1444,FULL,2026-08-31
CUST004212,GIG_WORKER,Guwahati,AS,26.145,91.736,DVC-d56765d20e,1,900.62,460.85,42,413,FULL,2026-08-31
CUST004213,STUDENT,Kochi,KL,9.932,76.267,DVC-d82d0d0d8a,1,308.92,225.32,40,2514,MIN,2026-08-31
CUST004214,AFFLUENT,Nagpur,MH,21.146,79.088,DVC-48905ad0f1,1,4878.58,1597.81,32,2571,FULL,2026-08-31
CUST004215,SALARIED_URBAN,Nagpur,MH,21.146,79.088,DVC-b970170fed,1,2247.52,1107.7,31,2655,FULL,2026-08-31
CUST004216,GIG_WORKER,Panaji,GA,15.491,73.828,DVC-ba97b498f3,1,793.07,493.03,56,2573,MIN,2026-08-31
CUST004217,SMALL_BUSINESS,Hyderabad,TG,17.385,78.487,DVC-d01d7a27c8,1,6145.49,2302.71,44,599,FULL,2026-08-31
CUST004218,SMALL_BUSINESS,Panaji,GA,15.491,73.828,DVC-acc6c8b28a,1,3745.21,1836.47,32,148,FULL,2026-08-31
CUST004219,GIG_WORKER,Bengaluru,KA,12.972,77.594,DVC-43706d0189,2,1052.01,632.08,25,1627,FULL,2026-08-31
CUST004220,SMALL_BUSINESS,Ahmedabad,GJ,23.023,72.571,DVC-f7326fe23f,2,4702.27,1667.95,47,911,FULL,2026-08-31
CUST004221,STUDENT,Chandigarh,CH,30.734,76.779,DVC-056806d6b1,2,525.45,249.35,26,757,FULL,2026-08-31
CUST004222,GIG_WORKER,Panaji,GA,15.491,73.828,DVC-ddae5aaa80,1,1023.75,413.96,41,831,MIN,2026-08-31
CUST004223,STUDENT,Jaipur,RJ,26.912,75.787,DVC-5d8bee1343,2,457.83,326.01,52,68,FULL,2026-08-31
CUST004224,SALARIED_URBAN,Chandigarh,CH,30.734,76.779,DVC-9737df8bd6,1,2075.2,939.23,39,800,FULL,2026-08-31
CUST004225,SMALL_BUSINESS,Jaipur,RJ,26.912,75.787,DVC-65be4bb62a,1,5588.36,2510.68,29,2749,FULL,2026-08-31
CUST004226,SALARIED_URBAN,Kochi,KL,9.932,76.267,DVC-7cd43ba979,1,2075.41,799.06,21,2343,FULL,2026-08-31
CUST004227,GIG_WORKER,Panaji,GA,15.491,73.828,DVC-9947009674,2,823.8,384.15,39,2056,FULL,2026-08-31
CUST004228,SALARIED_URBAN,Chandigarh,CH,30.734,76.779,DVC-992f2f1184,1,2346.34,1149.08,43,1375,FULL,2026-08-31
CUST004229,STUDENT,Lucknow,UP,26.847,80.947,DVC-343b28c14b,3,249.63,127.18,38,1943,FULL,2026-08-31
CUST004230,AFFLUENT,Kochi,KL,9.932,76.267,DVC-09d5bfd2ad,1,8454.71,3140.27,28,1303,FULL,2026-08-31
CUST004231,SALARIED_URBAN,Lucknow,UP,26.847,80.947,DVC-9736ed5f39,1,2110.97,959.18,29,1996,FULL,2026-08-31
CUST004232,STUDENT,Jaipur,RJ,26.912,75.787,DVC-98eb35502a,2,186.65,85.0,23,210,FULL,2026-08-31
CUST004233,STUDENT,Jaipur,RJ,26.912,75.787,DVC-cdcf19c630,1,524.67,328.3,39,1175,FULL,2026-08-31
CUST004234,SALARIED_URBAN,Indore,MP,22.72,75.858,DVC-e5f4d2f3b7,1,1819.65,577.78,34,863,FULL,2026-08-31
CUST004235,SMALL_BUSINESS,Nagpur,MH,21.146,79.088,DVC-290c6aa101,1,5288.57,1913.09,17,886,FULL,2026-08-31
CUST004236,SMALL_BUSINESS,Chandigarh,CH,30.734,76.779,DVC-3bb4e128b0,2,6093.05,2952.47,27,1521,FULL,2026-08-31
CUST004237,SMALL_BUSINESS,Panaji,GA,15.491,73.828,DVC-48a682e17a,1,6569.79,2732.22,47,192,FULL,2026-08-31
CUST004238,SMALL_BUSINESS,Ahmedabad,GJ,23.023,72.571,DVC-1a99701c00,1,3439.09,1802.55,38,2533,FULL,2026-08-31
CUST004239,AFFLUENT,Guwahati,AS,26.145,91.736,DVC-4dc2b62be1,1,6840.77,2857.38,34,2262,FULL,2026-08-31
CUST004240,GIG_WORKER,Chennai,TN,13.083,80.27,DVC-77dfca41d7,1,998.21,414.21,36,564,FULL,2026-08-31
CUST004241,GIG_WORKER,Kolkata,WB,22.573,88.364,DVC-8d4519b230,2,652.7,437.1,39,471,FULL,2026-08-31
CUST004242,GIG_WORKER,Bengaluru,KA,12.972,77.594,DVC-ebb71f6a48,3,573.97,344.75,30,2126,FULL,2026-08-31
CUST004243,STUDENT,Hyderabad,TG,17.385,78.487,DVC-61aa0f8de8,1,184.78,99.35,39,524,FULL,2026-08-31
CUST004244,STUDENT,Hyderabad,TG,17.385,78.487,DVC-c6ba942d2c,2,404.68,295.06,35,1746,FULL,2026-08-31
CUST004245,STUDENT,Hyderabad,TG,17.385,78.487,DVC-239262fad7,1,482.33,279.57,47,117,FULL,2026-08-31
CUST004246,STUDENT,Delhi,DL,28.614,77.209,DVC-1f656d30ff,3,463.72,211.4,40,763,FULL,2026-08-31
CUST004247,AFFLUENT,Indore,MP,22.72,75.858,DVC-ffb8698e84,2,10150.83,3297.01,69,1741,FULL,2026-08-31
CUST004248,STUDENT,Lucknow,UP,26.847,80.947,DVC-2809993aaa,1,220.06,155.0,28,881,FULL,2026-08-31
CUST004249,SALARIED_URBAN,Chandigarh,CH,30.734,76.779,DVC-0b195c2af9,1,2268.41,1245.59,58,1177,FULL,2026-08-31
CUST004250,SMALL_BUSINESS,Jaipur,RJ,26.912,75.787,DVC-4defdb0a6c,1,3153.53,1839.6,41,1495,FULL,2026-08-31
CUST004251,STUDENT,Mumbai,MH,19.076,72.877,DVC-448cebe78b,3,468.94,330.45,44,692,MIN,2026-08-31
CUST004252,GIG_WORKER,Bengaluru,KA,12.972,77.594,DVC-588b13d77c,1,550.08,329.17,37,1069,FULL,2026-08-31
CUST004253,SALARIED_URBAN,Ahmedabad,GJ,23.023,72.571,DVC-1ad40ac4a7,2,1956.42,739.97,36,2781,FULL,2026-08-31
CUST004254,STUDENT,Chennai,TN,13.083,80.27,DVC-86fc30eb9b,1,624.18,334.01,23,642,FULL,2026-08-31
CUST004255,GIG_WORKER,Mumbai,MH,19.076,72.877,DVC-42233df109,1,604.83,286.73,36,252,MIN,2026-08-31
CUST004256,SALARIED_URBAN,Kochi,KL,9.932,76.267,DVC-50af309058,1,2451.07,1111.3,41,2423,FULL,2026-08-31
CUST004257,STUDENT,Hyderabad,TG,17.385,78.487,DVC-baa621abe7,1,485.24,327.22,31,2421,FULL,2026-08-31
CUST004258,SALARIED_URBAN,Indore,MP,22.72,75.858,DVC-c2c0a28e75,1,1383.9,464.67,59,1958,FULL,2026-08-31
CUST004259,STUDENT,Kolkata,WB,22.573,88.364,DVC-5032953d77,1,269.15,192.63,56,1197,FULL,2026-08-31
CUST004260,GIG_WORKER,Mumbai,MH,19.076,72.877,DVC-17ee8691ae,1,973.88,674.26,39,1534,FULL,2026-08-31
CUST004261,SALARIED_URBAN,Panaji,GA,15.491,73.828,DVC-cb537e57a9,3,2088.36,990.79,40,846,FULL,2026-08-31
CUST004262,SALARIED_URBAN,Nagpur,MH,21.146,79.088,DVC-eaf09b2acc,1,1756.74,531.44,38,1614,FULL,2026-08-31
CUST004263,GIG_WORKER,Lucknow,UP,26.847,80.947,DVC-a735c33021,2,758.84,525.37,57,103,FULL,2026-08-31
CUST004264,SALARIED_URBAN,Lucknow,UP,26.847,80.947,DVC-01e0907b9b,1,1062.48,508.8,45,828,FULL,2026-08-31
CUST004265,SMALL_BUSINESS,Lucknow,UP,26.847,80.947,DVC-eac74e7924,1,3226.65,1893.12,35,1615,FULL,2026-08-31
CUST004266,STUDENT,Chandigarh,CH,30.734,76.779,DVC-25dabfc700,1,376.8,278.92,34,2378,FULL,2026-08-31
CUST004267,SMALL_BUSINESS,Guwahati,AS,26.145,91.736,DVC-a5e0936baf,1,4230.64,2139.82,22,1691,FULL,2026-08-31
CUST004268,SALARIED_URBAN,Guwahati,AS,26.145,91.736,DVC-9b3d4ae2e6,1,2279.34,1023.82,32,1521,FULL,2026-08-31
CUST004269,SMALL_BUSINESS,Bengaluru,KA,12.972,77.594,DVC-06cb4f2468,1,4318.39,2260.2,30,2790,FULL,2026-08-31
CUST004270,SALARIED_URBAN,Indore,MP,22.72,75.858,DVC-dcb63cd631,3,1591.22,589.66,42,2355,FULL,2026-08-31
CUST004271,GIG_WORKER,Kolkata,WB,22.573,88.364,DVC-2d872d4226,2,843.04,539.4,40,138,MIN,2026-08-31
CUST004272,SALARIED_URBAN,Jaipur,RJ,26.912,75.787,DVC-e4fcfdf439,2,1351.56,639.66,21,2465,FULL,2026-08-31
CUST004273,SALARIED_URBAN,Chennai,TN,13.083,80.27,DVC-f098432d4a,1,2266.68,985.92,43,951,FULL,2026-08-31
CUST004274,SALARIED_URBAN,Hyderabad,TG,17.385,78.487,DVC-8e70f379d3,1,1195.47,408.84,38,355,FULL,2026-08-31
CUST004275,SMALL_BUSINESS,Bengaluru,KA,12.972,77.594,DVC-645dfb2545,3,7441.89,3726.92,40,397,FULL,2026-08-31
CUST004276,SALARIED_URBAN,Guwahati,AS,26.145,91.736,DVC-399b8b2212,1,2202.49,849.27,35,2727,FULL,2026-08-31
CUST004277,SMALL_BUSINESS,Jaipur,RJ,26.912,75.787,DVC-ff48d53f8a,1,4334.93,1853.42,47,1663,FULL,2026-08-31
CUST004278,SALARIED_URBAN,Indore,MP,22.72,75.858,DVC-c3b7d523e9,1,2494.16,985.55,47,782,FULL,2026-08-31
CUST004279,SALARIED_URBAN,Lucknow,UP,26.847,80.947,DVC-1fbed104b0,2,1430.21,616.87,58,767,FULL,2026-08-31
CUST004280,SMALL_BUSINESS,Lucknow,UP,26.847,80.947,DVC-1efc437b54,2,4553.83,2692.66,30,2644,FULL,2026-08-31
CUST004281,STUDENT,Guwahati,AS,26.145,91.736,DVC-2d53e3a7b0,2,437.32,215.86,28,2566,FULL,2026-08-31
CUST004282,SALARIED_URBAN,Kochi,KL,9.932,76.267,DVC-526834e490,3,985.42,367.63,38,2276,FULL,2026-08-31
CUST004283,SALARIED_URBAN,Hyderabad,TG,17.385,78.487,DVC-3ccdc0c0b6,2,1989.77,626.13,39,2176,FULL,2026-08-31
CUST004284,SALARIED_URBAN,Delhi,DL,28.614,77.209,DVC-35e878d151,2,1059.1,347.47,43,1355,FULL,2026-08-31
CUST004285,SMALL_BUSINESS,Ahmedabad,GJ,23.023,72.571,DVC-40fc715eaa,2,3292.66,1872.8,4,1038,FULL,2026-08-31
CUST004286,SALARIED_URBAN,Ahmedabad,GJ,23.023,72.571,DVC-f438f3c843,2,2214.39,967.47,30,218,FULL,2026-08-31
CUST004287,SMALL_BUSINESS,Guwahati,AS,26.145,91.736,DVC-8b6abc6238,1,7065.33,2623.34,20,707,MIN,2026-08-31
CUST004288,SALARIED_URBAN,Lucknow,UP,26.847,80.947,DVC-109bee2054,2,2213.46,775.3,64,223,FULL,2026-08-31
CUST004289,SMALL_BUSINESS,Delhi,DL,28.614,77.209,DVC-8380aa39a4,1,4701.38,1791.88,53,829,FULL,2026-08-31
CUST004290,SMALL_BUSINESS,Ahmedabad,GJ,23.023,72.571,DVC-d99a3ce96b,1,6000.83,2755.98,25,2418,FULL,2026-08-31
CUST004291,SALARIED_URBAN,Pune,MH,18.52,73.857,DVC-494ac09041,1,1101.11,556.75,40,1444,FULL,2026-08-31
CUST004292,SALARIED_URBAN,Guwahati,AS,26.145,91.736,DVC-b065888e70,1,2139.25,1120.37,23,919,FULL,2026-08-31
CUST004293,STUDENT,Pune,MH,18.52,73.857,DVC-3a7cdfe616,2,484.92,229.36,48,1143,FULL,2026-08-31
CUST004294,SALARIED_URBAN,Bengaluru,KA,12.972,77.594,DVC-6a41826d6e,1,1400.96,502.12,25,755,FULL,2026-08-31
CUST004295,GIG_WORKER,Ahmedabad,GJ,23.023,72.571,DVC-5e9c82b403,1,503.93,329.53,24,2246,FULL,2026-08-31
CUST004296,SALARIED_URBAN,Jaipur,RJ,26.912,75.787,DVC-dddfd7f987,2,1953.73,737.29,42,2555,FULL,2026-08-31
CUST004297,AFFLUENT,Kochi,KL,9.932,76.267,DVC-bf67d17d92,1,12496.71,4018.02,40,1233,FULL,2026-08-31
CUST004298,SMALL_BUSINESS,Ahmedabad,GJ,23.023,72.571,DVC-e9aa56c9f0,1,4086.36,1902.27,13,2770,FULL,2026-08-31
CUST004299,SALARIED_URBAN,Bengaluru,KA,12.972,77.594,DVC-a8c5737544,3,1468.02,713.79,36,1776,FULL,2026-08-31
CUST004300,SALARIED_URBAN,Nagpur,MH,21.146,79.088,DVC-e410efab38,2,1497.69,569.45,15,1983,FULL,2026-08-31
CUST004301,GIG_WORKER,Chennai,TN,13.083,80.27,DVC-99f22719a0,1,887.5,361.13,64,278,FULL,2026-08-31
CUST004302,GIG_WORKER,Pune,MH,18.52,73.857,DVC-8a6a1dca38,2,985.66,582.82,20,113,FULL,2026-08-31
CUST004303,SMALL_BUSINESS,Guwahati,AS,26.145,91.736,DVC-badafbc8b7,1,3390.25,1443.39,19,2617,FULL,2026-08-31
CUST004304,SALARIED_URBAN,Lucknow,UP,26.847,80.947,DVC-56d0317b40,2,944.79,449.24,28,1040,FULL,2026-08-31
CUST004305,SALARIED_URBAN,Lucknow,UP,26.847,80.947,DVC-4b44df2549,2,1163.23,630.89,34,787,FULL,2026-08-31
CUST004306,SMALL_BUSINESS,Lucknow,UP,26.847,80.947,DVC-a2d2d4930f,1,2799.18,1140.59,36,1411,FULL,2026-08-31
CUST004307,SMALL_BUSINESS,Ahmedabad,GJ,23.023,72.571,DVC-1c4ba1476c,2,3086.19,1340.95,22,1361,FULL,2026-08-31
CUST004308,SMALL_BUSINESS,Hyderabad,TG,17.385,78.487,DVC-7f217b8df3,2,2306.15,1288.58,38,1289,FULL,2026-08-31
CUST004309,SMALL_BUSINESS,Nagpur,MH,21.146,79.088,DVC-798621bef9,2,4451.09,2127.91,37,1518,FULL,2026-08-31
CUST004310,SALARIED_URBAN,Chandigarh,CH,30.734,76.779,DVC-2dd876e13e,2,1815.1,810.78,32,113,FULL,2026-08-31
CUST004311,STUDENT,Chennai,TN,13.083,80.27,DVC-557db51220,3,354.76,240.37,14,1289,MIN,2026-08-31
CUST004312,AFFLUENT,Mumbai,MH,19.076,72.877,DVC-cb737ae014,1,9596.61,3629.7,40,603,FULL,2026-08-31
CUST004313,STUDENT,Hyderabad,TG,17.385,78.487,DVC-fd097ba9f8,3,240.4,173.95,48,1402,MIN,2026-08-31
CUST004314,AFFLUENT,Mumbai,MH,19.076,72.877,DVC-0d1745e8e0,1,13636.19,5593.48,22,461,FULL,2026-08-31
CUST004315,SALARIED_URBAN,Kochi,KL,9.932,76.267,DVC-c46c2c7a61,1,955.09,351.47,34,1209,FULL,2026-08-31
CUST004316,GIG_WORKER,Ahmedabad,GJ,23.023,72.571,DVC-4c52cdc18d,3,391.48,225.06,32,1310,FULL,2026-08-31
CUST004317,AFFLUENT,Kolkata,WB,22.573,88.364,DVC-b8e9b00d3c,2,15456.31,4312.64,36,1775,FULL,2026-08-31
CUST004318,SMALL_BUSINESS,Indore,MP,22.72,75.858,DVC-edfa88c57a,3,6130.08,2181.62,41,718,FULL,2026-08-31
CUST004319,STUDENT,Mumbai,MH,19.076,72.877,DVC-0cb8b2aadf,2,525.56,283.82,7,2860,FULL,2026-08-31
CUST004320,SALARIED_URBAN,Bengaluru,KA,12.972,77.594,DVC-d1ab32988b,1,1632.46,877.04,62,1604,FULL,2026-08-31
CUST004321,SALARIED_URBAN,Kochi,KL,9.932,76.267,DVC-fc33ed0969,1,1881.73,834.83,28,739,FULL,2026-08-31
CUST004322,STUDENT,Nagpur,MH,21.146,79.088,DVC-23534b8e3f,1,378.91,259.83,20,785,FULL,2026-08-31
CUST004323,STUDENT,Ahmedabad,GJ,23.023,72.571,DVC-7c53d159f1,2,245.81,132.47,44,949,FULL,2026-08-31
CUST004324,SMALL_BUSINESS,Kolkata,WB,22.573,88.364,DVC-8e61173bba,1,4180.34,2193.51,23,370,FULL,2026-08-31
CUST004325,SALARIED_URBAN,Mumbai,MH,19.076,72.877,DVC-4c5bfa3b4d,3,1689.31,658.76,32,2288,FULL,2026-08-31
CUST004326,SALARIED_URBAN,Kolkata,WB,22.573,88.364,DVC-a0a44613df,3,1657.12,878.56,37,1874,FULL,2026-08-31
CUST004327,SALARIED_URBAN,Panaji,GA,15.491,73.828,DVC-a586765652,2,930.15,293.14,28,985,FULL,2026-08-31
CUST004328,SMALL_BUSINESS,Kolkata,WB,22.573,88.364,DVC-bbf5499048,1,5776.94,3126.34,14,2141,FULL,2026-08-31
CUST004329,SALARIED_URBAN,Nagpur,MH,21.146,79.088,DVC-380f28daa9,1,2218.23,1035.33,44,1523,MIN,2026-08-31
CUST004330,SALARIED_URBAN,Hyderabad,TG,17.385,78.487,DVC-b842898c02,1,992.46,545.01,65,492,FULL,2026-08-31
CUST004331,STUDENT,Kochi,KL,9.932,76.267,DVC-8ef700eece,1,568.07,293.12,35,2476,FULL,2026-08-31
CUST004332,STUDENT,Nagpur,MH,21.146,79.088,DVC-cd01e155e3,1,644.11,295.46,47,859,MIN,2026-08-31
CUST004333,AFFLUENT,Chennai,TN,13.083,80.27,DVC-1d02aaa21f,3,11266.85,3520.09,17,1670,FULL,2026-08-31
CUST004334,SMALL_BUSINESS,Mumbai,MH,19.076,72.877,DVC-788c9c07f2,1,3962.38,2103.01,51,760,FULL,2026-08-31
CUST004335,SMALL_BUSINESS,Ahmedabad,GJ,23.023,72.571,DVC-d415a1b7e7,1,2296.17,957.58,39,454,FULL,2026-08-31
CUST004336,SALARIED_URBAN,Indore,MP,22.72,75.858,DVC-fddd92f456,1,2529.26,1360.81,50,1542,FULL,2026-08-31
CUST004337,SMALL_BUSINESS,Hyderabad,TG,17.385,78.487,DVC-4667b7ff39,1,6380.6,2503.62,49,1016,FULL,2026-08-31
CUST004338,SMALL_BUSINESS,Bengaluru,KA,12.972,77.594,DVC-08ae3da4cf,1,2550.16,919.55,25,2303,FULL,2026-08-31
CUST004339,SMALL_BUSINESS,Pune,MH,18.52,73.857,DVC-ee11008dca,3,6412.25,2631.22,41,2567,FULL,2026-08-31
CUST004340,SALARIED_URBAN,Hyderabad,TG,17.385,78.487,DVC-16684e934b,2,1594.14,679.24,14,549,FULL,2026-08-31
CUST004341,AFFLUENT,Guwahati,AS,26.145,91.736,DVC-9410dcf783,1,15307.5,6322.57,44,2096,FULL,2026-08-31
CUST004342,SALARIED_URBAN,Indore,MP,22.72,75.858,DVC-2c31bad15c,1,1060.62,459.73,28,1427,FULL,2026-08-31
CUST004343,SALARIED_URBAN,Chandigarh,CH,30.734,76.779,DVC-7af52561ef,1,1965.91,855.37,44,1950,FULL,2026-08-31
CUST004344,SALARIED_URBAN,Indore,MP,22.72,75.858,DVC-efb625177c,1,936.16,318.24,59,655,FULL,2026-08-31
CUST004345,AFFLUENT,Chennai,TN,13.083,80.27,DVC-02acd53df7,1,7560.77,3104.63,50,483,FULL,2026-08-31
CUST004346,SMALL_BUSINESS,Guwahati,AS,26.145,91.736,DVC-a80ba86b27,3,2520.01,1318.68,70,2667,FULL,2026-08-31
CUST004347,SMALL_BUSINESS,Bengaluru,KA,12.972,77.594,DVC-9cc680907b,1,7236.78,3938.5,48,1037,MIN,2026-08-31
CUST004348,GIG_WORKER,Chennai,TN,13.083,80.27,DVC-e82b6d0712,1,369.15,156.59,50,1790,FULL,2026-08-31
CUST004349,GIG_WORKER,Lucknow,UP,26.847,80.947,DVC-f4f3ba4382,1,850.01,408.27,51,789,MIN,2026-08-31
CUST004350,SALARIED_URBAN,Indore,MP,22.72,75.858,DVC-3053ab7fdb,2,976.92,524.96,28,468,FULL,2026-08-31
CUST004351,SMALL_BUSINESS,Guwahati,AS,26.145,91.736,DVC-5fa27b5c3e,1,4446.89,2264.26,32,2733,FULL,2026-08-31
CUST004352,AFFLUENT,Kochi,KL,9.932,76.267,DVC-38ef30de86,1,4723.04,1846.83,50,1574,FULL,2026-08-31
CUST004353,AFFLUENT,Delhi,DL,28.614,77.209,DVC-fd0f405d26,2,8226.64,2739.78,32,1677,FULL,2026-08-31
CUST004354,SALARIED_URBAN,Lucknow,UP,26.847,80.947,DVC-da972a369b,1,1974.02,770.96,58,1249,FULL,2026-08-31
CUST004355,SALARIED_URBAN,Nagpur,MH,21.146,79.088,DVC-4cf59bb24e,2,1718.98,910.3,28,1732,FULL,2026-08-31
CUST004356,STUDENT,Bengaluru,KA,12.972,77.594,DVC-0cf77eea3a,1,502.71,317.48,31,957,FULL,2026-08-31
CUST004357,SMALL_BUSINESS,Hyderabad,TG,17.385,78.487,DVC-bc962f9632,1,5689.81,2157.58,27,2870,FULL,2026-08-31
CUST004358,SMALL_BUSINESS,Indore,MP,22.72,75.858,DVC-404061fa1b,2,6405.43,2410.02,19,2180,FULL,2026-08-31
CUST004359,SALARIED_URBAN,Jaipur,RJ,26.912,75.787,DVC-711185a2cf,1,1335.39,551.55,38,2630,FULL,2026-08-31
CUST004360,SALARIED_URBAN,Kochi,KL,9.932,76.267,DVC-905c26c8bb,1,1439.5,756.78,33,2813,FULL,2026-08-31
CUST004361,SALARIED_URBAN,Delhi,DL,28.614,77.209,DVC-19222a4b2a,1,2154.47,836.16,58,2569,FULL,2026-08-31
CUST004362,SALARIED_URBAN,Chandigarh,CH,30.734,76.779,DVC-14c9b49b30,1,1938.56,880.8,38,1664,FULL,2026-08-31
CUST004363,SMALL_BUSINESS,Ahmedabad,GJ,23.023,72.571,DVC-dc066371b2,1,5935.23,3119.9,39,383,FULL,2026-08-31
CUST004364,AFFLUENT,Indore,MP,22.72,75.858,DVC-0f8eff875b,2,17099.57,7631.14,25,1860,FULL,2026-08-31
CUST004365,SMALL_BUSINESS,Chennai,TN,13.083,80.27,DVC-1d36536f5a,2,5301.58,2152.01,35,2089,FULL,2026-08-31
CUST004366,SALARIED_URBAN,Delhi,DL,28.614,77.209,DVC-ff9812b055,1,1772.43,631.97,39,1773,FULL,2026-08-31
CUST004367,AFFLUENT,Guwahati,AS,26.145,91.736,DVC-b045b9b05d,1,15639.51,6144.5,48,460,FULL,2026-08-31
CUST004368,STUDENT,Panaji,GA,15.491,73.828,DVC-859f8bf379,1,306.36,193.45,45,2197,FULL,2026-08-31
CUST004369,GIG_WORKER,Bengaluru,KA,12.972,77.594,DVC-a8a9f51bc1,1,1077.49,621.32,65,711,FULL,2026-08-31
CUST004370,AFFLUENT,Ahmedabad,GJ,23.023,72.571,DVC-fe0c42b09f,3,4516.27,1758.86,45,2524,FULL,2026-08-31
CUST004371,STUDENT,Hyderabad,TG,17.385,78.487,DVC-47b7483403,3,326.06,170.15,52,1660,FULL,2026-08-31
CUST004372,AFFLUENT,Jaipur,RJ,26.912,75.787,DVC-0f48615598,2,14935.46,4182.47,52,1503,FULL,2026-08-31
CUST004373,SALARIED_URBAN,Nagpur,MH,21.146,79.088,DVC-e8ac225f33,2,1418.37,560.25,46,2377,FULL,2026-08-31
CUST004374,SMALL_BUSINESS,Indore,MP,22.72,75.858,DVC-763410fa76,1,3534.2,1292.28,24,2819,FULL,2026-08-31
CUST004375,STUDENT,Chandigarh,CH,30.734,76.779,DVC-886e2ee312,1,399.93,253.03,21,1922,FULL,2026-08-31
CUST004376,AFFLUENT,Indore,MP,22.72,75.858,DVC-47c693835e,2,15923.95,4050.66,39,2272,FULL,2026-08-31
CUST004377,SALARIED_URBAN,Delhi,DL,28.614,77.209,DVC-4b912a13a1,1,1226.9,529.76,20,2004,FULL,2026-08-31
CUST004378,SMALL_BUSINESS,Chandigarh,CH,30.734,76.779,DVC-b610bb47cb,1,7226.73,2792.42,47,1450,FULL,2026-08-31
CUST004379,GIG_WORKER,Nagpur,MH,21.146,79.088,DVC-5716a754ab,1,717.68,319.99,56,530,FULL,2026-08-31
CUST004380,STUDENT,Bengaluru,KA,12.972,77.594,DVC-a96d48996a,1,428.91,230.49,33,2601,FULL,2026-08-31
CUST004381,STUDENT,Lucknow,UP,26.847,80.947,DVC-ee8a8eea24,2,200.04,91.79,19,2640,FULL,2026-08-31
CUST004382,STUDENT,Nagpur,MH,21.146,79.088,DVC-4ae3ec27f8,3,372.25,262.26,20,2667,FULL,2026-08-31
CUST004383,SALARIED_URBAN,Nagpur,MH,21.146,79.088,DVC-48db58fed8,2,1416.06,451.7,26,1713,FULL,2026-08-31
CUST004384,SALARIED_URBAN,Lucknow,UP,26.847,80.947,DVC-80ede64435,1,2023.82,1079.37,59,1778,FULL,2026-08-31
CUST004385,SALARIED_URBAN,Pune,MH,18.52,73.857,DVC-d3e40a5e17,1,2159.6,759.68,26,1677,FULL,2026-08-31
CUST004386,STUDENT,Mumbai,MH,19.076,72.877,DVC-f51e5545cf,2,500.04,337.6,20,2114,FULL,2026-08-31
CUST004387,SALARIED_URBAN,Pune,MH,18.52,73.857,DVC-7bd4c0e24a,2,939.07,286.16,32,1747,FULL,2026-08-31
CUST004388,SALARIED_URBAN,Kochi,KL,9.932,76.267,DVC-58bd5d6114,1,2452.75,902.1,51,936,FULL,2026-08-31
CUST004389,SALARIED_URBAN,Lucknow,UP,26.847,80.947,DVC-d736a7253e,1,1819.83,795.9,23,2700,FULL,2026-08-31
CUST004390,STUDENT,Hyderabad,TG,17.385,78.487,DVC-3ebb2c716d,1,527.86,242.69,26,857,FULL,2026-08-31
CUST004391,SALARIED_URBAN,Ahmedabad,GJ,23.023,72.571,DVC-05e6f4946c,1,1495.24,501.31,49,1742,FULL,2026-08-31
CUST004392,SMALL_BUSINESS,Kochi,KL,9.932,76.267,DVC-800f944973,2,3847.8,2076.32,50,1003,FULL,2026-08-31
CUST004393,SMALL_BUSINESS,Delhi,DL,28.614,77.209,DVC-cf50d7a55b,2,2302.3,1266.95,39,1781,FULL,2026-08-31
CUST004394,SMALL_BUSINESS,Hyderabad,TG,17.385,78.487,DVC-bbbb386d1c,2,5878.03,2373.02,55,1886,FULL,2026-08-31
CUST004395,SALARIED_URBAN,Hyderabad,TG,17.385,78.487,DVC-f164e28cee,1,1245.44,665.18,26,1913,MIN,2026-08-31
CUST004396,SMALL_BUSINESS,Panaji,GA,15.491,73.828,DVC-9d160ce416,3,4767.81,2636.85,30,604,FULL,2026-08-31
CUST004397,STUDENT,Kochi,KL,9.932,76.267,DVC-9c703847c6,1,398.51,277.48,17,637,FULL,2026-08-31
CUST004398,AFFLUENT,Kochi,KL,9.932,76.267,DVC-9d1af5cb20,1,7461.47,1896.95,32,2812,FULL,2026-08-31
CUST004399,GIG_WORKER,Ahmedabad,GJ,23.023,72.571,DVC-5149da3156,1,565.22,341.56,30,2291,FULL,2026-08-31
CUST004400,SMALL_BUSINESS,Panaji,GA,15.491,73.828,DVC-b4d53fb417,1,6386.82,3330.28,37,1753,MIN,2026-08-31
CUST004401,SMALL_BUSINESS,Bengaluru,KA,12.972,77.594,DVC-955d1b109a,1,3573.33,1884.54,35,1777,FULL,2026-08-31
CUST004402,STUDENT,Lucknow,UP,26.847,80.947,DVC-842845a9c0,2,347.3,167.88,14,622,MIN,2026-08-31
CUST004403,STUDENT,Bengaluru,KA,12.972,77.594,DVC-7cc2a55f8a,2,553.39,251.98,17,1923,FULL,2026-08-31
CUST004404,SMALL_BUSINESS,Kolkata,WB,22.573,88.364,DVC-6f040db045,1,7094.36,2529.0,35,2828,FULL,2026-08-31
CUST004405,SALARIED_URBAN,Lucknow,UP,26.847,80.947,DVC-e8a3e7ce49,1,1577.49,583.31,41,1096,FULL,2026-08-31
CUST004406,SALARIED_URBAN,Chandigarh,CH,30.734,76.779,DVC-228a567bb6,2,1620.07,820.28,49,1670,FULL,2026-08-31
CUST004407,SALARIED_URBAN,Lucknow,UP,26.847,80.947,DVC-3f81e46955,1,2138.43,1090.96,29,2476,FULL,2026-08-31
CUST004408,GIG_WORKER,Panaji,GA,15.491,73.828,DVC-0dbc654d93,1,506.72,303.64,51,2059,FULL,2026-08-31
CUST004409,STUDENT,Kochi,KL,9.932,76.267,DVC-1801f42f76,2,334.19,214.19,38,1591,FULL,2026-08-31
CUST004410,SALARIED_URBAN,Indore,MP,22.72,75.858,DVC-1ba668c6fa,3,1638.69,794.28,23,2554,FULL,2026-08-31
CUST004411,GIG_WORKER,Jaipur,RJ,26.912,75.787,DVC-ad2256258b,1,629.51,271.44,35,1870,FULL,2026-08-31
CUST004412,SALARIED_URBAN,Mumbai,MH,19.076,72.877,DVC-e9539fe41d,1,1749.66,739.74,39,1419,FULL,2026-08-31
CUST004413,SALARIED_URBAN,Chandigarh,CH,30.734,76.779,DVC-b6a3862491,3,2331.24,975.17,23,1678,FULL,2026-08-31
CUST004414,SALARIED_URBAN,Jaipur,RJ,26.912,75.787,DVC-7e983b202f,3,1045.54,472.54,40,2314,FULL,2026-08-31
CUST004415,AFFLUENT,Lucknow,UP,26.847,80.947,DVC-68ed067e73,1,11257.62,3989.24,43,424,FULL,2026-08-31
CUST004416,STUDENT,Lucknow,UP,26.847,80.947,DVC-6d7164395c,1,558.78,290.74,49,2595,FULL,2026-08-31
CUST004417,SMALL_BUSINESS,Delhi,DL,28.614,77.209,DVC-97130bda89,1,3138.45,1288.19,24,2074,FULL,2026-08-31
CUST004418,SALARIED_URBAN,Jaipur,RJ,26.912,75.787,DVC-380259d289,2,1494.61,519.13,46,506,FULL,2026-08-31
CUST004419,SALARIED_URBAN,Guwahati,AS,26.145,91.736,DVC-76d1d924d4,1,911.79,455.29,17,1657,FULL,2026-08-31
CUST004420,SMALL_BUSINESS,Delhi,DL,28.614,77.209,DVC-1bc4b51b39,1,3667.03,1762.93,13,980,FULL,2026-08-31
CUST004421,SALARIED_URBAN,Kolkata,WB,22.573,88.364,DVC-04d5e1eac1,1,995.74,495.75,29,1593,MIN,2026-08-31
CUST004422,SALARIED_URBAN,Jaipur,RJ,26.912,75.787,DVC-721b918636,1,1390.08,565.81,53,129,FULL,2026-08-31
CUST004423,STUDENT,Chennai,TN,13.083,80.27,DVC-eebcdd92a3,1,236.53,107.34,4,826,FULL,2026-08-31
CUST004424,STUDENT,Guwahati,AS,26.145,91.736,DVC-32887018a9,2,270.77,150.12,4,1024,FULL,2026-08-31
CUST004425,SMALL_BUSINESS,Bengaluru,KA,12.972,77.594,DVC-1b8e086ebf,1,4092.94,1517.24,25,1664,MIN,2026-08-31
CUST004426,AFFLUENT,Lucknow,UP,26.847,80.947,DVC-7b11dce80b,2,16614.2,4426.77,42,2056,FULL,2026-08-31
CUST004427,SMALL_BUSINESS,Nagpur,MH,21.146,79.088,DVC-defc41a54a,1,2351.74,1208.85,41,2271,FULL,2026-08-31
CUST004428,AFFLUENT,Indore,MP,22.72,75.858,DVC-476cc7b968,1,6211.55,2195.15,56,1370,FULL,2026-08-31
CUST004429,GIG_WORKER,Mumbai,MH,19.076,72.877,DVC-56f8e812bd,2,691.6,323.43,37,2487,FULL,2026-08-31
CUST004430,GIG_WORKER,Bengaluru,KA,12.972,77.594,DVC-614c901e1e,1,896.97,497.45,37,2377,FULL,2026-08-31
CUST004431,SALARIED_URBAN,Chennai,TN,13.083,80.27,DVC-f2d2596d28,2,1660.08,878.08,30,2617,FULL,2026-08-31
CUST004432,STUDENT,Bengaluru,KA,12.972,77.594,DVC-23534c1362,1,258.41,158.87,22,801,FULL,2026-08-31
CUST004433,GIG_WORKER,Nagpur,MH,21.146,79.088,DVC-c0f09c70d8,3,693.08,319.13,48,1191,MIN,2026-08-31
CUST004434,AFFLUENT,Guwahati,AS,26.145,91.736,DVC-d98fd58de1,1,15131.29,3980.76,49,743,FULL,2026-08-31
CUST004435,SALARIED_URBAN,Panaji,GA,15.491,73.828,DVC-397cfb6b29,1,2090.4,1000.76,60,242,FULL,2026-08-31
CUST004436,AFFLUENT,Chandigarh,CH,30.734,76.779,DVC-647321663b,2,12853.8,5322.77,26,2619,FULL,2026-08-31
CUST004437,STUDENT,Kolkata,WB,22.573,88.364,DVC-d5961e6b9f,2,268.45,181.67,48,779,FULL,2026-08-31
CUST004438,SALARIED_URBAN,Delhi,DL,28.614,77.209,DVC-9ed7f0096a,2,1202.93,594.53,47,1681,FULL,2026-08-31
CUST004439,GIG_WORKER,Chandigarh,CH,30.734,76.779,DVC-37da65aece,2,868.0,459.54,47,2089,FULL,2026-08-31
CUST004440,STUDENT,Pune,MH,18.52,73.857,DVC-097367fd31,2,305.66,203.37,39,1866,FULL,2026-08-31
CUST004441,GIG_WORKER,Nagpur,MH,21.146,79.088,DVC-e22b7259ec,2,621.7,264.12,37,1467,FULL,2026-08-31
CUST004442,SALARIED_URBAN,Nagpur,MH,21.146,79.088,DVC-9189bb7fd7,1,2042.63,629.63,38,2635,FULL,2026-08-31
CUST004443,GIG_WORKER,Hyderabad,TG,17.385,78.487,DVC-86d653b63a,3,759.41,312.66,32,2785,FULL,2026-08-31
CUST004444,SMALL_BUSINESS,Guwahati,AS,26.145,91.736,DVC-660a9286e3,3,2372.55,1051.61,45,1702,FULL,2026-08-31
CUST004445,SALARIED_URBAN,Mumbai,MH,19.076,72.877,DVC-be388f87cd,2,2274.54,1005.32,19,2443,FULL,2026-08-31
CUST004446,SALARIED_URBAN,Delhi,DL,28.614,77.209,DVC-c03cfc4900,3,1076.27,433.23,52,299,FULL,2026-08-31
CUST004447,SMALL_BUSINESS,Delhi,DL,28.614,77.209,DVC-21123ea530,1,5037.67,2151.08,24,2297,FULL,2026-08-31
CUST004448,STUDENT,Hyderabad,TG,17.385,78.487,DVC-ca1dbafe8b,2,648.34,328.76,26,2525,FULL,2026-08-31
CUST004449,SMALL_BUSINESS,Jaipur,RJ,26.912,75.787,DVC-d33ddccbed,3,5056.13,1940.78,44,991,FULL,2026-08-31
CUST004450,SALARIED_URBAN,Kochi,KL,9.932,76.267,DVC-54e7548c53,1,1584.77,794.69,49,2161,FULL,2026-08-31
CUST004451,GIG_WORKER,Guwahati,AS,26.145,91.736,DVC-8a2dbe6b72,2,788.65,428.08,56,1531,FULL,2026-08-31
CUST004452,SMALL_BUSINESS,Mumbai,MH,19.076,72.877,DVC-a0cec75c35,1,3000.2,1320.65,60,1585,MIN,2026-08-31
CUST004453,AFFLUENT,Hyderabad,TG,17.385,78.487,DVC-100ecefba6,1,9910.54,3111.16,52,2105,FULL,2026-08-31
CUST004454,STUDENT,Pune,MH,18.52,73.857,DVC-4c957a954f,2,534.31,282.99,47,809,FULL,2026-08-31
CUST004455,SALARIED_URBAN,Kochi,KL,9.932,76.267,DVC-3ba0552cfc,2,2424.4,1316.87,49,659,FULL,2026-08-31
CUST004456,STUDENT,Bengaluru,KA,12.972,77.594,DVC-7b2ba93487,2,491.93,352.15,32,1991,FULL,2026-08-31
CUST004457,SMALL_BUSINESS,Ahmedabad,GJ,23.023,72.571,DVC-7e946d0e6a,1,4018.12,1606.65,43,283,FULL,2026-08-31
CUST004458,SMALL_BUSINESS,Lucknow,UP,26.847,80.947,DVC-3db2984773,3,7316.8,3375.37,44,639,FULL,2026-08-31
CUST004459,AFFLUENT,Jaipur,RJ,26.912,75.787,DVC-96089aadc1,1,15056.81,3921.37,28,747,FULL,2026-08-31
CUST004460,STUDENT,Bengaluru,KA,12.972,77.594,DVC-292cc60407,2,350.95,261.38,57,984,FULL,2026-08-31
CUST004461,STUDENT,Pune,MH,18.52,73.857,DVC-c48e452c5c,1,231.49,146.86,30,269,MIN,2026-08-31
CUST004462,SALARIED_URBAN,Lucknow,UP,26.847,80.947,DVC-0912346c59,1,2577.64,857.62,4,1656,FULL,2026-08-31
CUST004463,GIG_WORKER,Chandigarh,CH,30.734,76.779,DVC-60bb167682,2,727.48,374.11,31,2177,MIN,2026-08-31
CUST004464,SMALL_BUSINESS,Guwahati,AS,26.145,91.736,DVC-05c8b90748,1,6120.16,2658.99,66,203,FULL,2026-08-31
CUST004465,GIG_WORKER,Bengaluru,KA,12.972,77.594,DVC-209aef2e11,1,860.58,414.64,33,2892,FULL,2026-08-31
CUST004466,GIG_WORKER,Kochi,KL,9.932,76.267,DVC-f6b8b2bf49,1,881.86,546.44,29,798,FULL,2026-08-31
CUST004467,SALARIED_URBAN,Delhi,DL,28.614,77.209,DVC-0969338c15,1,1440.14,670.48,37,874,FULL,2026-08-31
CUST004468,AFFLUENT,Nagpur,MH,21.146,79.088,DVC-50659d7282,2,13669.27,4838.73,41,353,FULL,2026-08-31
CUST004469,GIG_WORKER,Chandigarh,CH,30.734,76.779,DVC-46444c0ba1,3,1040.92,608.5,38,2198,FULL,2026-08-31
CUST004470,SALARIED_URBAN,Guwahati,AS,26.145,91.736,DVC-f222b4b066,2,1499.25,548.09,45,1876,FULL,2026-08-31
CUST004471,AFFLUENT,Nagpur,MH,21.146,79.088,DVC-49dfa2440c,3,8014.54,2958.92,53,266,FULL,2026-08-31
CUST004472,SMALL_BUSINESS,Jaipur,RJ,26.912,75.787,DVC-c7a221b7a9,1,7113.57,2605.21,31,2226,FULL,2026-08-31
CUST004473,SALARIED_URBAN,Indore,MP,22.72,75.858,DVC-9ea79f98bc,1,2327.35,989.98,4,1373,FULL,2026-08-31
CUST004474,SALARIED_URBAN,Panaji,GA,15.491,73.828,DVC-4f8cf22bc5,1,1200.91,366.47,24,1866,FULL,2026-08-31
CUST004475,STUDENT,Kolkata,WB,22.573,88.364,DVC-e7cba6c7bc,1,598.34,371.92,42,872,FULL,2026-08-31
CUST004476,SALARIED_URBAN,Panaji,GA,15.491,73.828,DVC-eebbd5c444,2,2195.97,1114.22,30,2279,FULL,2026-08-31
CUST004477,GIG_WORKER,Panaji,GA,15.491,73.828,DVC-8623a093f9,2,448.2,303.96,36,2077,FULL,2026-08-31
CUST004478,SALARIED_URBAN,Lucknow,UP,26.847,80.947,DVC-b2e1a75475,1,1535.41,585.23,80,2243,FULL,2026-08-31
CUST004479,SALARIED_URBAN,Bengaluru,KA,12.972,77.594,DVC-031b311df4,1,1387.54,750.9,31,615,FULL,2026-08-31
CUST004480,SALARIED_URBAN,Guwahati,AS,26.145,91.736,DVC-d0b1fb7d9c,1,2257.12,888.62,51,2395,FULL,2026-08-31
CUST004481,GIG_WORKER,Pune,MH,18.52,73.857,DVC-cb8e10c5fa,1,619.76,249.15,19,374,FULL,2026-08-31
CUST004482,SALARIED_URBAN,Delhi,DL,28.614,77.209,DVC-49b509f11a,1,2191.07,879.95,30,541,FULL,2026-08-31
CUST004483,SALARIED_URBAN,Bengaluru,KA,12.972,77.594,DVC-fd50f8e3c0,2,1697.01,688.37,41,1270,FULL,2026-08-31
CUST004484,SALARIED_URBAN,Indore,MP,22.72,75.858,DVC-50c3957e45,1,1620.92,583.0,40,674,FULL,2026-08-31
CUST004485,SALARIED_URBAN,Guwahati,AS,26.145,91.736,DVC-4134fa98f2,1,2489.99,1318.29,29,1815,FULL,2026-08-31
CUST004486,GIG_WORKER,Indore,MP,22.72,75.858,DVC-5ef681f363,2,594.04,317.43,28,140,FULL,2026-08-31
CUST004487,GIG_WORKER,Nagpur,MH,21.146,79.088,DVC-da3b7326ab,2,618.88,408.33,23,2325,FULL,2026-08-31
CUST004488,SALARIED_URBAN,Pune,MH,18.52,73.857,DVC-a4869f3d70,1,1705.12,513.5,5,1137,FULL,2026-08-31
CUST004489,AFFLUENT,Kolkata,WB,22.573,88.364,DVC-dbfdc48980,1,9712.49,3516.47,42,2893,FULL,2026-08-31
CUST004490,GIG_WORKER,Chennai,TN,13.083,80.27,DVC-3986a1b443,2,619.49,404.0,33,2560,FULL,2026-08-31
CUST004491,STUDENT,Bengaluru,KA,12.972,77.594,DVC-3f42beb646,3,243.91,154.4,22,943,FULL,2026-08-31
CUST004492,SMALL_BUSINESS,Bengaluru,KA,12.972,77.594,DVC-25162c0fdc,3,5757.28,2223.96,48,2787,FULL,2026-08-31
CUST004493,GIG_WORKER,Ahmedabad,GJ,23.023,72.571,DVC-c0e827fea6,1,855.99,383.9,56,1576,FULL,2026-08-31
CUST004494,SALARIED_URBAN,Panaji,GA,15.491,73.828,DVC-35340d8a30,1,1978.27,672.37,25,1837,FULL,2026-08-31
CUST004495,SALARIED_URBAN,Guwahati,AS,26.145,91.736,DVC-6b2e53e653,1,1532.41,677.83,32,305,FULL,2026-08-31
CUST004496,SALARIED_URBAN,Bengaluru,KA,12.972,77.594,DVC-7c64c905fa,1,2397.25,1070.67,47,826,FULL,2026-08-31
CUST004497,GIG_WORKER,Indore,MP,22.72,75.858,DVC-53995d3a7c,3,546.66,253.7,38,1438,FULL,2026-08-31
CUST004498,SALARIED_URBAN,Delhi,DL,28.614,77.209,DVC-c608dcbf82,2,1461.74,566.06,25,2794,FULL,2026-08-31
CUST004499,GIG_WORKER,Hyderabad,TG,17.385,78.487,DVC-425b71b725,2,616.47,421.5,50,2195,FULL,2026-08-31
CUST004500,GIG_WORKER,Jaipur,RJ,26.912,75.787,DVC-8135bf7c14,1,541.22,258.92,40,953,FULL,2026-08-31
CUST004501,GIG_WORKER,Bengaluru,KA,12.972,77.594,DVC-3c6fe2c467,1,826.4,372.18,63,1736,FULL,2026-08-31
CUST004502,SALARIED_URBAN,Pune,MH,18.52,73.857,DVC-d153dcbe21,3,1516.32,795.35,44,1519,FULL,2026-08-31
CUST004503,SALARIED_URBAN,Mumbai,MH,19.076,72.877,DVC-92e95eaa55,2,2151.19,658.57,5,1381,FULL,2026-08-31
CUST004504,AFFLUENT,Hyderabad,TG,17.385,78.487,DVC-34460891d5,1,17072.88,5822.06,21,1096,FULL,2026-08-31
CUST004505,SALARIED_URBAN,Chennai,TN,13.083,80.27,DVC-e00d34836f,1,1709.36,687.1,27,1673,FULL,2026-08-31
CUST004506,SALARIED_URBAN,Kochi,KL,9.932,76.267,DVC-c51d8e9620,2,1356.69,666.15,14,500,FULL,2026-08-31
CUST004507,SALARIED_URBAN,Chennai,TN,13.083,80.27,DVC-6b357e90b7,2,2531.02,1142.93,45,2111,FULL,2026-08-31
CUST004508,GIG_WORKER,Nagpur,MH,21.146,79.088,DVC-fd84f76036,1,903.72,401.48,23,2550,FULL,2026-08-31
CUST004509,SMALL_BUSINESS,Chennai,TN,13.083,80.27,DVC-d613149df1,3,5388.43,1949.75,43,2169,FULL,2026-08-31
CUST004510,SALARIED_URBAN,Guwahati,AS,26.145,91.736,DVC-19ff2891dc,2,1651.26,635.61,59,1462,FULL,2026-08-31
CUST004511,SALARIED_URBAN,Bengaluru,KA,12.972,77.594,DVC-b8eb75dbcd,2,926.36,499.62,40,1565,FULL,2026-08-31
CUST004512,SALARIED_URBAN,Hyderabad,TG,17.385,78.487,DVC-96e00b65e8,1,1543.03,529.61,43,969,FULL,2026-08-31
CUST004513,SMALL_BUSINESS,Bengaluru,KA,12.972,77.594,DVC-07e18cbb4e,1,3677.33,1439.78,45,726,FULL,2026-08-31
CUST004514,SALARIED_URBAN,Delhi,DL,28.614,77.209,DVC-c7c1a975ea,1,1155.64,602.27,45,555,FULL,2026-08-31
CUST004515,STUDENT,Mumbai,MH,19.076,72.877,DVC-2b4faf070f,2,401.63,271.57,28,503,FULL,2026-08-31
CUST004516,GIG_WORKER,Hyderabad,TG,17.385,78.487,DVC-758cb46cc5,3,821.69,346.08,54,423,FULL,2026-08-31
CUST004517,SALARIED_URBAN,Chennai,TN,13.083,80.27,DVC-a6b301b1eb,1,1016.04,458.58,39,632,FULL,2026-08-31
CUST004518,SMALL_BUSINESS,Chandigarh,CH,30.734,76.779,DVC-ed3ddc1b73,1,6435.05,3588.97,49,788,FULL,2026-08-31
CUST004519,SALARIED_URBAN,Chennai,TN,13.083,80.27,DVC-337b21b349,3,2221.27,971.64,22,196,FULL,2026-08-31
CUST004520,AFFLUENT,Nagpur,MH,21.146,79.088,DVC-b7e8d12bc6,1,6863.41,2726.66,27,598,FULL,2026-08-31
CUST004521,SALARIED_URBAN,Indore,MP,22.72,75.858,DVC-ada9548544,1,1803.73,577.25,26,1711,FULL,2026-08-31
CUST004522,SALARIED_URBAN,Pune,MH,18.52,73.857,DVC-24cce3cb99,1,1461.21,776.78,41,1050,FULL,2026-08-31
CUST004523,SMALL_BUSINESS,Chennai,TN,13.083,80.27,DVC-eb6c84999a,1,4277.62,2020.65,44,2014,FULL,2026-08-31
CUST004524,SMALL_BUSINESS,Panaji,GA,15.491,73.828,DVC-bf8bb06398,2,6309.97,3485.68,31,1971,FULL,2026-08-31
CUST004525,GIG_WORKER,Kolkata,WB,22.573,88.364,DVC-acbf8b385a,2,416.5,217.43,46,1459,FULL,2026-08-31
CUST004526,SALARIED_URBAN,Delhi,DL,28.614,77.209,DVC-dea8e40b99,1,2173.17,988.83,32,2186,FULL,2026-08-31
CUST004527,SALARIED_URBAN,Kochi,KL,9.932,76.267,DVC-a250f148ea,2,1352.89,614.37,54,2593,FULL,2026-08-31
CUST004528,SALARIED_URBAN,Pune,MH,18.52,73.857,DVC-04551044da,1,2594.91,1374.26,33,2175,FULL,2026-08-31
CUST004529,GIG_WORKER,Ahmedabad,GJ,23.023,72.571,DVC-f290e3d031,1,503.97,203.06,31,2378,FULL,2026-08-31
CUST004530,GIG_WORKER,Indore,MP,22.72,75.858,DVC-8721a326ef,1,649.48,295.02,36,457,FULL,2026-08-31
CUST004531,SMALL_BUSINESS,Chennai,TN,13.083,80.27,DVC-8957cf83cd,1,4668.39,2594.46,54,59,FULL,2026-08-31
CUST004532,GIG_WORKER,Lucknow,UP,26.847,80.947,DVC-430f6ef3a9,3,842.98,431.0,37,2474,FULL,2026-08-31
CUST004533,STUDENT,Indore,MP,22.72,75.858,DVC-45c74d3c22,1,524.44,348.38,27,2049,FULL,2026-08-31
CUST004534,GIG_WORKER,Panaji,GA,15.491,73.828,DVC-dc22e3c020,3,919.22,468.02,31,1647,FULL,2026-08-31
CUST004535,SALARIED_URBAN,Nagpur,MH,21.146,79.088,DVC-b20caf4661,2,943.63,468.47,57,1819,FULL,2026-08-31
CUST004536,GIG_WORKER,Delhi,DL,28.614,77.209,DVC-1823739390,2,752.73,437.46,76,2872,FULL,2026-08-31
CUST004537,GIG_WORKER,Nagpur,MH,21.146,79.088,DVC-af3247bd81,1,944.01,500.88,48,133,MIN,2026-08-31
CUST004538,GIG_WORKER,Lucknow,UP,26.847,80.947,DVC-eed42fe244,1,916.35,605.21,24,975,FULL,2026-08-31
CUST004539,AFFLUENT,Kolkata,WB,22.573,88.364,DVC-e27192480c,3,13370.05,3569.38,43,1838,FULL,2026-08-31
CUST004540,SALARIED_URBAN,Chandigarh,CH,30.734,76.779,DVC-9edb8afad9,1,1480.13,505.63,56,181,FULL,2026-08-31
CUST004541,STUDENT,Delhi,DL,28.614,77.209,DVC-e15c958e67,1,370.28,194.46,40,1441,FULL,2026-08-31
CUST004542,SALARIED_URBAN,Mumbai,MH,19.076,72.877,DVC-fba5813884,1,2115.88,923.23,53,890,FULL,2026-08-31
CUST004543,GIG_WORKER,Chandigarh,CH,30.734,76.779,DVC-d277e3a72d,2,862.43,361.02,51,648,FULL,2026-08-31
CUST004544,GIG_WORKER,Kochi,KL,9.932,76.267,DVC-89bbf61b70,1,859.78,583.88,58,359,FULL,2026-08-31
CUST004545,AFFLUENT,Guwahati,AS,26.145,91.736,DVC-4b8a053749,1,4510.4,1992.45,37,2535,FULL,2026-08-31
CUST004546,SALARIED_URBAN,Hyderabad,TG,17.385,78.487,DVC-6f036003ad,3,1796.7,783.34,51,1267,FULL,2026-08-31
CUST004547,GIG_WORKER,Lucknow,UP,26.847,80.947,DVC-57c39b7bf4,3,1092.73,459.81,43,103,FULL,2026-08-31
CUST004548,SMALL_BUSINESS,Jaipur,RJ,26.912,75.787,DVC-33a1bc219b,1,6239.56,3118.62,23,1999,FULL,2026-08-31
CUST004549,SMALL_BUSINESS,Indore,MP,22.72,75.858,DVC-56870fae88,2,7402.09,4146.71,27,1693,FULL,2026-08-31
CUST004550,AFFLUENT,Bengaluru,KA,12.972,77.594,DVC-949448deb9,1,6836.6,2575.02,17,1966,FULL,2026-08-31
CUST004551,AFFLUENT,Lucknow,UP,26.847,80.947,DVC-2ec880edc9,1,16062.82,7221.89,34,2521,FULL,2026-08-31
CUST004552,GIG_WORKER,Indore,MP,22.72,75.858,DVC-ab70cec4ea,1,855.26,481.83,45,2655,FULL,2026-08-31
CUST004553,GIG_WORKER,Kochi,KL,9.932,76.267,DVC-f546249f28,2,615.37,263.95,13,344,FULL,2026-08-31
CUST004554,SALARIED_URBAN,Chandigarh,CH,30.734,76.779,DVC-fe8a7a9894,2,1237.85,478.36,48,1658,FULL,2026-08-31
CUST004555,GIG_WORKER,Nagpur,MH,21.146,79.088,DVC-428d8e2161,2,735.84,300.68,47,695,FULL,2026-08-31
CUST004556,AFFLUENT,Lucknow,UP,26.847,80.947,DVC-7da8e669f4,3,16333.16,4897.35,82,1678,FULL,2026-08-31
CUST004557,SALARIED_URBAN,Chandigarh,CH,30.734,76.779,DVC-d69f12a878,1,2057.5,935.02,64,1683,FULL,2026-08-31
CUST004558,STUDENT,Guwahati,AS,26.145,91.736,DVC-f1745ad816,3,630.05,382.96,42,2323,MIN,2026-08-31
CUST004559,GIG_WORKER,Bengaluru,KA,12.972,77.594,DVC-80358b1456,1,468.83,322.4,11,1595,FULL,2026-08-31
CUST004560,SALARIED_URBAN,Chennai,TN,13.083,80.27,DVC-38e1347756,1,1127.87,369.43,22,2153,MIN,2026-08-31
CUST004561,SALARIED_URBAN,Ahmedabad,GJ,23.023,72.571,DVC-9022463fb0,1,2593.65,983.79,30,1560,FULL,2026-08-31
CUST004562,SALARIED_URBAN,Jaipur,RJ,26.912,75.787,DVC-da37a4e45f,1,1437.9,623.06,61,1705,FULL,2026-08-31
CUST004563,SALARIED_URBAN,Lucknow,UP,26.847,80.947,DVC-b5e3c3a276,1,2306.92,1142.48,48,111,FULL,2026-08-31
CUST004564,SMALL_BUSINESS,Pune,MH,18.52,73.857,DVC-12775d31bf,3,4051.98,2423.0,28,1581,FULL,2026-08-31
CUST004565,GIG_WORKER,Mumbai,MH,19.076,72.877,DVC-770d393d5f,2,448.68,208.1,37,358,FULL,2026-08-31
CUST004566,SMALL_BUSINESS,Indore,MP,22.72,75.858,DVC-6084ba0b61,1,3867.7,1889.02,18,1997,FULL,2026-08-31
CUST004567,SALARIED_URBAN,Panaji,GA,15.491,73.828,DVC-91df040ab5,3,1209.7,444.26,40,1019,FULL,2026-08-31
CUST004568,SALARIED_URBAN,Jaipur,RJ,26.912,75.787,DVC-69f20ba999,2,1791.59,855.98,41,140,FULL,2026-08-31
CUST004569,SALARIED_URBAN,Guwahati,AS,26.145,91.736,DVC-8b0a95661e,2,1121.95,479.93,26,434,FULL,2026-08-31
CUST004570,SMALL_BUSINESS,Lucknow,UP,26.847,80.947,DVC-3f56294d64,2,3493.24,1467.35,22,698,FULL,2026-08-31
CUST004571,SMALL_BUSINESS,Delhi,DL,28.614,77.209,DVC-40cf0226df,2,2691.0,1145.39,42,916,FULL,2026-08-31
CUST004572,SMALL_BUSINESS,Kochi,KL,9.932,76.267,DVC-8b26b5685b,1,4084.01,1577.15,4,2779,FULL,2026-08-31
CUST004573,AFFLUENT,Panaji,GA,15.491,73.828,DVC-c49ba0b529,2,13113.49,4514.6,36,2219,FULL,2026-08-31
CUST004574,SALARIED_URBAN,Kolkata,WB,22.573,88.364,DVC-33f1ec51b2,1,1958.58,962.62,4,995,FULL,2026-08-31
CUST004575,SALARIED_URBAN,Delhi,DL,28.614,77.209,DVC-c159803036,1,1520.59,714.22,46,151,FULL,2026-08-31
CUST004576,AFFLUENT,Chandigarh,CH,30.734,76.779,DVC-b6380186cc,3,17596.81,5233.21,34,561,FULL,2026-08-31
CUST004577,AFFLUENT,Chandigarh,CH,30.734,76.779,DVC-21b9be9ee0,3,10002.87,4268.99,52,2777,FULL,2026-08-31
CUST004578,AFFLUENT,Bengaluru,KA,12.972,77.594,DVC-8b5e3963ea,1,13886.87,3477.35,34,1485,FULL,2026-08-31
CUST004579,SALARIED_URBAN,Panaji,GA,15.491,73.828,DVC-bd39e7e950,1,1530.17,691.0,48,610,FULL,2026-08-31
CUST004580,AFFLUENT,Chennai,TN,13.083,80.27,DVC-42c2f69868,1,12266.83,4597.24,44,837,FULL,2026-08-31
CUST004581,GIG_WORKER,Guwahati,AS,26.145,91.736,DVC-d0f76c68de,3,867.92,417.65,32,2787,FULL,2026-08-31
CUST004582,GIG_WORKER,Kochi,KL,9.932,76.267,DVC-01a7ac1c85,1,691.62,342.52,15,671,FULL,2026-08-31
CUST004583,SMALL_BUSINESS,Ahmedabad,GJ,23.023,72.571,DVC-f242a35600,2,7142.63,4284.21,63,769,FULL,2026-08-31
CUST004584,SALARIED_URBAN,Kolkata,WB,22.573,88.364,DVC-57952d84d9,3,1577.64,517.99,21,163,FULL,2026-08-31
CUST004585,STUDENT,Chandigarh,CH,30.734,76.779,DVC-7079fc24cb,1,419.08,300.98,14,2812,FULL,2026-08-31
CUST004586,SALARIED_URBAN,Hyderabad,TG,17.385,78.487,DVC-29fda9297e,3,1529.49,694.06,64,1330,FULL,2026-08-31
CUST004587,AFFLUENT,Nagpur,MH,21.146,79.088,DVC-237416472b,2,16880.71,5068.07,42,2474,FULL,2026-08-31
CUST004588,GIG_WORKER,Guwahati,AS,26.145,91.736,DVC-7908bfaf06,2,797.76,428.0,47,506,FULL,2026-08-31
CUST004589,SALARIED_URBAN,Mumbai,MH,19.076,72.877,DVC-8742df88e4,1,1839.09,775.07,50,1170,FULL,2026-08-31
CUST004590,SALARIED_URBAN,Bengaluru,KA,12.972,77.594,DVC-624c173ce0,2,2205.4,883.9,25,992,FULL,2026-08-31
CUST004591,SALARIED_URBAN,Panaji,GA,15.491,73.828,DVC-73503ca15c,1,1114.21,578.5,40,2388,MIN,2026-08-31
CUST004592,SALARIED_URBAN,Pune,MH,18.52,73.857,DVC-8557f661e8,1,2104.52,1019.71,61,2475,FULL,2026-08-31
CUST004593,SALARIED_URBAN,Kolkata,WB,22.573,88.364,DVC-15aeab4a52,2,1206.36,442.68,26,2735,FULL,2026-08-31
CUST004594,SALARIED_URBAN,Pune,MH,18.52,73.857,DVC-b3e8896385,3,2304.67,901.42,22,2079,FULL,2026-08-31
CUST004595,SALARIED_URBAN,Kochi,KL,9.932,76.267,DVC-f14104d0a1,2,2306.36,1012.34,46,969,FULL,2026-08-31
CUST004596,SMALL_BUSINESS,Jaipur,RJ,26.912,75.787,DVC-c7eaf6a8f8,2,4548.94,1809.02,20,681,FULL,2026-08-31
CUST004597,SMALL_BUSINESS,Bengaluru,KA,12.972,77.594,DVC-9a011d076c,1,6021.19,3452.96,20,1944,FULL,2026-08-31
CUST004598,STUDENT,Chennai,TN,13.083,80.27,DVC-7a1b21248e,3,190.34,97.7,50,830,FULL,2026-08-31
CUST004599,GIG_WORKER,Delhi,DL,28.614,77.209,DVC-79403eba0f,2,786.52,358.41,4,775,FULL,2026-08-31
CUST004600,SALARIED_URBAN,Bengaluru,KA,12.972,77.594,DVC-b9654cd647,3,1395.99,610.65,50,2776,FULL,2026-08-31
CUST004601,SMALL_BUSINESS,Pune,MH,18.52,73.857,DVC-eb98f9d777,1,3469.21,1683.52,46,694,FULL,2026-08-31
CUST004602,SALARIED_URBAN,Kolkata,WB,22.573,88.364,DVC-8f825eb2aa,2,2599.69,1384.48,30,2239,FULL,2026-08-31
CUST004603,SALARIED_URBAN,Mumbai,MH,19.076,72.877,DVC-d430d17c71,1,933.98,302.5,15,1929,FULL,2026-08-31
CUST004604,STUDENT,Kochi,KL,9.932,76.267,DVC-f13d2acb50,1,330.94,225.62,44,1677,FULL,2026-08-31
CUST004605,SALARIED_URBAN,Kolkata,WB,22.573,88.364,DVC-e2c5f8e2f7,2,1002.63,431.25,48,710,FULL,2026-08-31
CUST004606,SMALL_BUSINESS,Guwahati,AS,26.145,91.736,DVC-9028eb0eeb,1,5313.94,2547.98,19,1880,FULL,2026-08-31
CUST004607,STUDENT,Guwahati,AS,26.145,91.736,DVC-c09347a4bd,3,195.05,117.96,30,410,FULL,2026-08-31
CUST004608,SALARIED_URBAN,Nagpur,MH,21.146,79.088,DVC-23b0ae1bf5,2,1466.2,765.26,60,155,FULL,2026-08-31
CUST004609,STUDENT,Kolkata,WB,22.573,88.364,DVC-8744f2cbcf,1,568.2,414.99,33,214,FULL,2026-08-31
CUST004610,SALARIED_URBAN,Guwahati,AS,26.145,91.736,DVC-d8a43fdbe3,2,2307.85,907.14,4,2719,FULL,2026-08-31
CUST004611,SMALL_BUSINESS,Lucknow,UP,26.847,80.947,DVC-3826d41c47,3,7184.74,2632.43,39,1045,FULL,2026-08-31
CUST004612,AFFLUENT,Jaipur,RJ,26.912,75.787,DVC-ce2c5ab088,1,11481.18,5128.97,37,2279,MIN,2026-08-31
CUST004613,AFFLUENT,Chandigarh,CH,30.734,76.779,DVC-02ec90b9e5,1,12122.54,3360.43,63,1582,FULL,2026-08-31
CUST004614,SALARIED_URBAN,Nagpur,MH,21.146,79.088,DVC-58a4f3a4c4,2,1181.9,424.04,39,2200,MIN,2026-08-31
CUST004615,SALARIED_URBAN,Bengaluru,KA,12.972,77.594,DVC-8b5f8e21e5,1,904.11,351.84,43,1291,FULL,2026-08-31
CUST004616,SALARIED_URBAN,Guwahati,AS,26.145,91.736,DVC-16e1ace2f5,2,2258.06,922.7,54,1999,FULL,2026-08-31
CUST004617,AFFLUENT,Lucknow,UP,26.847,80.947,DVC-254335bec5,2,6927.76,2601.42,32,2290,FULL,2026-08-31
CUST004618,SALARIED_URBAN,Bengaluru,KA,12.972,77.594,DVC-5c22a38781,1,1396.38,685.97,29,1051,FULL,2026-08-31
CUST004619,SMALL_BUSINESS,Ahmedabad,GJ,23.023,72.571,DVC-7983437581,1,2827.92,1157.18,46,2491,MIN,2026-08-31
CUST004620,SALARIED_URBAN,Nagpur,MH,21.146,79.088,DVC-4ad0a72df5,2,1667.13,718.66,32,1265,FULL,2026-08-31
CUST004621,SALARIED_URBAN,Panaji,GA,15.491,73.828,DVC-8a59cf2470,1,2373.59,739.99,13,891,FULL,2026-08-31
CUST004622,SMALL_BUSINESS,Delhi,DL,28.614,77.209,DVC-b1052bed64,2,6607.43,2573.74,17,377,FULL,2026-08-31
CUST004623,SALARIED_URBAN,Kochi,KL,9.932,76.267,DVC-18103a481d,3,2513.6,1230.35,45,1439,FULL,2026-08-31
CUST004624,GIG_WORKER,Bengaluru,KA,12.972,77.594,DVC-f88334cd13,1,1041.0,577.66,23,718,FULL,2026-08-31
CUST004625,SALARIED_URBAN,Bengaluru,KA,12.972,77.594,DVC-f664e7dcf5,3,1966.69,1016.59,34,299,FULL,2026-08-31
CUST004626,SALARIED_URBAN,Indore,MP,22.72,75.858,DVC-566081e0fa,2,2434.16,745.21,69,865,FULL,2026-08-31
CUST004627,GIG_WORKER,Lucknow,UP,26.847,80.947,DVC-3e788ff8de,1,943.19,381.35,43,1585,FULL,2026-08-31
CUST004628,STUDENT,Indore,MP,22.72,75.858,DVC-d41c818eba,1,545.54,331.28,41,1364,FULL,2026-08-31
CUST004629,STUDENT,Jaipur,RJ,26.912,75.787,DVC-76055a2f30,2,290.87,152.65,16,2236,FULL,2026-08-31
CUST004630,SALARIED_URBAN,Hyderabad,TG,17.385,78.487,DVC-cd80b50ef7,1,2073.69,899.59,4,1071,FULL,2026-08-31
CUST004631,SMALL_BUSINESS,Hyderabad,TG,17.385,78.487,DVC-bc0f0460ba,1,4183.04,2504.25,18,1790,FULL,2026-08-31
CUST004632,SMALL_BUSINESS,Kolkata,WB,22.573,88.364,DVC-aa36d8ea5c,3,2791.89,1023.83,48,2212,FULL,2026-08-31
CUST004633,STUDENT,Kolkata,WB,22.573,88.364,DVC-c719004ef4,3,307.68,213.59,12,1285,FULL,2026-08-31
CUST004634,SALARIED_URBAN,Hyderabad,TG,17.385,78.487,DVC-926d0c8ef8,1,1410.81,425.26,46,2590,FULL,2026-08-31
CUST004635,GIG_WORKER,Ahmedabad,GJ,23.023,72.571,DVC-27636fb636,2,743.77,466.65,33,2112,FULL,2026-08-31
CUST004636,SMALL_BUSINESS,Mumbai,MH,19.076,72.877,DVC-09bce67497,1,5484.47,2499.14,31,2375,MIN,2026-08-31
CUST004637,GIG_WORKER,Nagpur,MH,21.146,79.088,DVC-76c379627e,1,966.28,563.24,27,526,FULL,2026-08-31
CUST004638,AFFLUENT,Indore,MP,22.72,75.858,DVC-07d5f6cba7,1,8247.35,2883.96,25,241,FULL,2026-08-31
CUST004639,GIG_WORKER,Bengaluru,KA,12.972,77.594,DVC-dcf789c1a1,1,710.69,341.45,22,2026,FULL,2026-08-31
CUST004640,GIG_WORKER,Chandigarh,CH,30.734,76.779,DVC-c542acd5f0,2,580.3,405.12,62,143,FULL,2026-08-31
CUST004641,SALARIED_URBAN,Hyderabad,TG,17.385,78.487,DVC-b9318415b6,2,2423.1,901.92,29,1777,FULL,2026-08-31
CUST004642,GIG_WORKER,Delhi,DL,28.614,77.209,DVC-c386de5337,1,365.62,242.44,45,2112,FULL,2026-08-31
CUST004643,SMALL_BUSINESS,Hyderabad,TG,17.385,78.487,DVC-36aa8a921c,1,4108.08,1525.4,53,911,FULL,2026-08-31
CUST004644,SALARIED_URBAN,Chennai,TN,13.083,80.27,DVC-537c3a0eb4,2,2237.5,787.7,30,1013,FULL,2026-08-31
CUST004645,SALARIED_URBAN,Bengaluru,KA,12.972,77.594,DVC-8e83d638be,1,2543.24,913.07,46,201,MIN,2026-08-31
CUST004646,SALARIED_URBAN,Guwahati,AS,26.145,91.736,DVC-95fc785342,1,2108.79,965.51,36,1217,FULL,2026-08-31
CUST004647,GIG_WORKER,Jaipur,RJ,26.912,75.787,DVC-ce6d20fe0d,2,574.38,273.48,4,72,FULL,2026-08-31
CUST004648,GIG_WORKER,Nagpur,MH,21.146,79.088,DVC-b515179216,1,821.51,409.95,57,2229,FULL,2026-08-31
CUST004649,GIG_WORKER,Lucknow,UP,26.847,80.947,DVC-76d43bf469,2,725.86,363.57,50,1520,FULL,2026-08-31
CUST004650,SALARIED_URBAN,Chennai,TN,13.083,80.27,DVC-ba1ebf59be,2,1203.49,434.1,50,323,FULL,2026-08-31
CUST004651,SALARIED_URBAN,Bengaluru,KA,12.972,77.594,DVC-e341761f02,2,2088.13,1009.7,33,1953,FULL,2026-08-31
CUST004652,SALARIED_URBAN,Lucknow,UP,26.847,80.947,DVC-fb402fbea3,2,1725.24,781.71,19,2139,FULL,2026-08-31
CUST004653,GIG_WORKER,Bengaluru,KA,12.972,77.594,DVC-bae4d12fc5,2,948.8,443.81,48,2619,FULL,2026-08-31
CUST004654,SMALL_BUSINESS,Mumbai,MH,19.076,72.877,DVC-bfefc37c6f,3,4316.9,1550.95,35,201,FULL,2026-08-31
CUST004655,SMALL_BUSINESS,Delhi,DL,28.614,77.209,DVC-ecb6345318,2,5026.51,1767.31,26,1142,FULL,2026-08-31
CUST004656,GIG_WORKER,Jaipur,RJ,26.912,75.787,DVC-441ad0df13,1,633.8,351.75,30,1957,FULL,2026-08-31
CUST004657,SALARIED_URBAN,Bengaluru,KA,12.972,77.594,DVC-1dbb72788f,1,1287.18,494.31,42,964,FULL,2026-08-31
CUST004658,SMALL_BUSINESS,Chennai,TN,13.083,80.27,DVC-3cfdfd2239,1,6925.48,2526.17,27,2316,FULL,2026-08-31
CUST004659,GIG_WORKER,Jaipur,RJ,26.912,75.787,DVC-1b0afa8015,2,1074.43,507.75,48,1368,MIN,2026-08-31
CUST004660,AFFLUENT,Hyderabad,TG,17.385,78.487,DVC-9296402be8,1,13035.5,3401.63,33,2680,FULL,2026-08-31
CUST004661,SALARIED_URBAN,Lucknow,UP,26.847,80.947,DVC-b6e2682f37,3,1909.76,1046.47,37,1677,FULL,2026-08-31
CUST004662,SMALL_BUSINESS,Indore,MP,22.72,75.858,DVC-09a88ec72d,2,5731.64,2272.37,43,2428,FULL,2026-08-31
CUST004663,SALARIED_URBAN,Kolkata,WB,22.573,88.364,DVC-2159386b23,1,945.34,432.07,37,350,FULL,2026-08-31
CUST004664,STUDENT,Chandigarh,CH,30.734,76.779,DVC-fabc49c414,2,197.65,111.43,29,1716,FULL,2026-08-31
CUST004665,GIG_WORKER,Panaji,GA,15.491,73.828,DVC-ddb95c1110,3,465.68,282.99,30,740,FULL,2026-08-31
CUST004666,SMALL_BUSINESS,Lucknow,UP,26.847,80.947,DVC-fdb8558560,2,3276.3,1227.95,36,2538,MIN,2026-08-31
CUST004667,STUDENT,Kolkata,WB,22.573,88.364,DVC-0cae670ec5,1,531.87,328.38,29,2616,FULL,2026-08-31
CUST004668,SMALL_BUSINESS,Nagpur,MH,21.146,79.088,DVC-1b35544bd2,1,2953.32,1171.85,49,875,FULL,2026-08-31
CUST004669,STUDENT,Panaji,GA,15.491,73.828,DVC-34b70fcbc5,2,599.08,289.23,38,649,FULL,2026-08-31
CUST004670,GIG_WORKER,Hyderabad,TG,17.385,78.487,DVC-43446feff0,1,945.05,387.16,28,672,FULL,2026-08-31
CUST004671,SMALL_BUSINESS,Kolkata,WB,22.573,88.364,DVC-11932cab5c,1,4124.08,1521.08,35,535,FULL,2026-08-31
CUST004672,GIG_WORKER,Panaji,GA,15.491,73.828,DVC-0b1b7799ce,1,821.98,523.61,43,1267,FULL,2026-08-31
CUST004673,SALARIED_URBAN,Chennai,TN,13.083,80.27,DVC-9f5c1121e8,2,1110.15,477.21,24,716,FULL,2026-08-31
CUST004674,GIG_WORKER,Kochi,KL,9.932,76.267,DVC-18645c9c8e,1,409.54,249.12,34,1086,FULL,2026-08-31
CUST004675,SALARIED_URBAN,Hyderabad,TG,17.385,78.487,DVC-f65c702178,1,2106.97,777.35,15,2768,FULL,2026-08-31
CUST004676,SALARIED_URBAN,Chandigarh,CH,30.734,76.779,DVC-c245136649,1,1783.07,544.93,22,1904,FULL,2026-08-31
CUST004677,SMALL_BUSINESS,Ahmedabad,GJ,23.023,72.571,DVC-991fe7158a,1,5647.67,3145.89,26,2434,FULL,2026-08-31
CUST004678,SALARIED_URBAN,Panaji,GA,15.491,73.828,DVC-b9714bfa82,2,942.31,300.18,6,180,FULL,2026-08-31
CUST004679,SALARIED_URBAN,Chandigarh,CH,30.734,76.779,DVC-d38b2f2794,2,1279.95,524.88,25,2343,FULL,2026-08-31
CUST004680,GIG_WORKER,Kolkata,WB,22.573,88.364,DVC-8ae2bca7e6,1,592.39,252.27,31,2175,FULL,2026-08-31
CUST004681,SALARIED_URBAN,Nagpur,MH,21.146,79.088,DVC-d7ec156dca,2,1239.56,605.18,28,1103,FULL,2026-08-31
CUST004682,SMALL_BUSINESS,Chennai,TN,13.083,80.27,DVC-0ceae77e66,2,5948.75,3263.7,30,2297,FULL,2026-08-31
CUST004683,SALARIED_URBAN,Ahmedabad,GJ,23.023,72.571,DVC-6c89f2fbbd,1,2021.87,826.29,23,1073,FULL,2026-08-31
CUST004684,AFFLUENT,Hyderabad,TG,17.385,78.487,DVC-06f8c6a777,1,4766.48,2051.35,36,727,MIN,2026-08-31
CUST004685,STUDENT,Nagpur,MH,21.146,79.088,DVC-271ad90bf1,1,555.23,343.22,20,2549,MIN,2026-08-31
CUST004686,SMALL_BUSINESS,Kochi,KL,9.932,76.267,DVC-bcedffd6a7,2,7235.36,4124.24,35,898,FULL,2026-08-31
CUST004687,GIG_WORKER,Jaipur,RJ,26.912,75.787,DVC-6999463430,2,479.21,226.08,42,1037,FULL,2026-08-31
CUST004688,SMALL_BUSINESS,Chennai,TN,13.083,80.27,DVC-8ee81e0ae5,1,5153.44,1973.7,36,425,FULL,2026-08-31
CUST004689,SMALL_BUSINESS,Mumbai,MH,19.076,72.877,DVC-f1483e4a34,1,2878.18,1666.37,50,2185,FULL,2026-08-31
CUST004690,SALARIED_URBAN,Bengaluru,KA,12.972,77.594,DVC-3c42e9a8bf,2,2198.58,748.21,74,2382,FULL,2026-08-31
CUST004691,SMALL_BUSINESS,Guwahati,AS,26.145,91.736,DVC-d196060507,1,7165.12,3484.28,35,811,FULL,2026-08-31
CUST004692,GIG_WORKER,Delhi,DL,28.614,77.209,DVC-6274ad4c40,2,1001.15,467.27,31,291,FULL,2026-08-31
CUST004693,GIG_WORKER,Jaipur,RJ,26.912,75.787,DVC-d0f092da67,2,1073.84,732.68,50,2214,FULL,2026-08-31
CUST004694,STUDENT,Indore,MP,22.72,75.858,DVC-374df70b23,2,427.61,225.29,56,483,FULL,2026-08-31
CUST004695,SALARIED_URBAN,Nagpur,MH,21.146,79.088,DVC-45aad87e9d,1,1407.78,740.5,34,2369,FULL,2026-08-31
CUST004696,SMALL_BUSINESS,Nagpur,MH,21.146,79.088,DVC-3b926cfbd8,1,5848.92,2578.99,39,1039,MIN,2026-08-31
CUST004697,SMALL_BUSINESS,Mumbai,MH,19.076,72.877,DVC-ce6be6659a,1,3704.65,1788.05,41,2837,FULL,2026-08-31
CUST004698,SALARIED_URBAN,Bengaluru,KA,12.972,77.594,DVC-2d0a4dbdf6,2,2599.73,985.75,18,2519,FULL,2026-08-31
CUST004699,SALARIED_URBAN,Bengaluru,KA,12.972,77.594,DVC-046b8540a0,1,1256.89,549.83,27,2439,FULL,2026-08-31
CUST004700,SALARIED_URBAN,Nagpur,MH,21.146,79.088,DVC-50475ddd7d,2,1669.45,572.14,54,1858,FULL,2026-08-31
CUST004701,SMALL_BUSINESS,Guwahati,AS,26.145,91.736,DVC-9c3aa2af2c,1,6140.82,2517.96,40,533,FULL,2026-08-31
CUST004702,AFFLUENT,Delhi,DL,28.614,77.209,DVC-9d0973c619,1,13151.05,5281.46,43,542,FULL,2026-08-31
CUST004703,SMALL_BUSINESS,Indore,MP,22.72,75.858,DVC-f684abf853,2,3619.43,1574.56,52,1157,FULL,2026-08-31
CUST004704,SALARIED_URBAN,Mumbai,MH,19.076,72.877,DVC-3a0ad3275f,1,1156.02,580.97,39,1998,FULL,2026-08-31
CUST004705,AFFLUENT,Guwahati,AS,26.145,91.736,DVC-db5e2b021a,2,17032.12,4999.82,42,2270,FULL,2026-08-31
CUST004706,SALARIED_URBAN,Mumbai,MH,19.076,72.877,DVC-5e5db86639,1,2529.59,1072.33,42,286,FULL,2026-08-31
CUST004707,AFFLUENT,Ahmedabad,GJ,23.023,72.571,DVC-2aed8a94dc,1,12734.98,4374.16,49,571,FULL,2026-08-31
CUST004708,SMALL_BUSINESS,Chennai,TN,13.083,80.27,DVC-dd51cfe9d5,3,6345.24,3436.76,58,1011,FULL,2026-08-31
CUST004709,SALARIED_URBAN,Chennai,TN,13.083,80.27,DVC-9424661447,2,1061.12,503.4,25,1414,FULL,2026-08-31
CUST004710,AFFLUENT,Delhi,DL,28.614,77.209,DVC-f3ff2ec55b,3,4858.42,1660.61,35,760,FULL,2026-08-31
CUST004711,SMALL_BUSINESS,Guwahati,AS,26.145,91.736,DVC-057c3c9d08,1,3205.78,1730.08,56,1507,FULL,2026-08-31
CUST004712,AFFLUENT,Lucknow,UP,26.847,80.947,DVC-c43edb00c6,2,17195.69,7663.51,55,793,FULL,2026-08-31
CUST004713,SALARIED_URBAN,Hyderabad,TG,17.385,78.487,DVC-2800cc0828,2,1215.59,432.5,41,1000,FULL,2026-08-31
CUST004714,SALARIED_URBAN,Lucknow,UP,26.847,80.947,DVC-eb913e0b3d,2,2226.88,965.97,11,1566,FULL,2026-08-31
CUST004715,SALARIED_URBAN,Lucknow,UP,26.847,80.947,DVC-5bb6d42029,2,1755.28,653.39,41,1266,FULL,2026-08-31
CUST004716,SMALL_BUSINESS,Chandigarh,CH,30.734,76.779,DVC-9524bfa71e,1,4828.0,1836.21,38,1737,FULL,2026-08-31
CUST004717,GIG_WORKER,Bengaluru,KA,12.972,77.594,DVC-d6e1d02516,2,804.21,520.53,31,2730,FULL,2026-08-31
CUST004718,SMALL_BUSINESS,Chandigarh,CH,30.734,76.779,DVC-757cbe863b,1,6815.24,2862.12,53,2244,FULL,2026-08-31
CUST004719,GIG_WORKER,Nagpur,MH,21.146,79.088,DVC-1977febed0,3,420.7,168.49,33,2476,FULL,2026-08-31
CUST004720,AFFLUENT,Nagpur,MH,21.146,79.088,DVC-fbb1d8c245,2,10749.23,2792.81,15,1943,FULL,2026-08-31
CUST004721,STUDENT,Kolkata,WB,22.573,88.364,DVC-500376074a,3,309.88,159.71,34,1230,FULL,2026-08-31
CUST004722,SALARIED_URBAN,Kolkata,WB,22.573,88.364,DVC-e21f15808f,1,1722.9,920.26,40,254,FULL,2026-08-31
CUST004723,SALARIED_URBAN,Chennai,TN,13.083,80.27,DVC-e109fb27a9,2,2050.68,652.38,45,2774,FULL,2026-08-31
CUST004724,SMALL_BUSINESS,Kolkata,WB,22.573,88.364,DVC-9494051280,2,3072.99,1488.49,32,1897,FULL,2026-08-31
CUST004725,SALARIED_URBAN,Chandigarh,CH,30.734,76.779,DVC-c0dcd89914,2,1959.0,620.44,62,1865,FULL,2026-08-31
CUST004726,GIG_WORKER,Kochi,KL,9.932,76.267,DVC-91ad049caa,1,928.45,409.24,34,518,FULL,2026-08-31
CUST004727,STUDENT,Nagpur,MH,21.146,79.088,DVC-b364ef25b8,1,364.84,171.09,39,2205,FULL,2026-08-31
CUST004728,AFFLUENT,Pune,MH,18.52,73.857,DVC-16baadbbd5,1,4884.04,1498.14,36,839,MIN,2026-08-31
CUST004729,SMALL_BUSINESS,Jaipur,RJ,26.912,75.787,DVC-9e7b641b90,1,3242.99,1415.51,15,2626,FULL,2026-08-31
CUST004730,SALARIED_URBAN,Hyderabad,TG,17.385,78.487,DVC-065f6d9687,2,936.03,496.85,33,2337,FULL,2026-08-31
CUST004731,AFFLUENT,Lucknow,UP,26.847,80.947,DVC-eba26feaab,3,14221.39,5098.88,45,2528,FULL,2026-08-31
CUST004732,GIG_WORKER,Hyderabad,TG,17.385,78.487,DVC-3c6ecdd96d,2,827.91,555.29,22,791,FULL,2026-08-31
CUST004733,STUDENT,Chennai,TN,13.083,80.27,DVC-e82d2e0aff,3,555.45,369.41,4,2635,FULL,2026-08-31
CUST004734,STUDENT,Chandigarh,CH,30.734,76.779,DVC-31b9299778,1,580.89,285.39,45,2871,FULL,2026-08-31
CUST004735,STUDENT,Chandigarh,CH,30.734,76.779,DVC-8bd1100247,1,287.66,172.94,43,638,FULL,2026-08-31
CUST004736,AFFLUENT,Kochi,KL,9.932,76.267,DVC-c2ca6ad058,2,6373.1,2842.43,56,2884,FULL,2026-08-31
CUST004737,GIG_WORKER,Jaipur,RJ,26.912,75.787,DVC-6ad3df5837,2,802.92,509.68,53,1313,FULL,2026-08-31
CUST004738,SALARIED_URBAN,Lucknow,UP,26.847,80.947,DVC-378cf0c796,1,1680.59,861.46,33,459,FULL,2026-08-31
CUST004739,AFFLUENT,Guwahati,AS,26.145,91.736,DVC-a3d911a510,2,8291.82,3140.53,33,349,FULL,2026-08-31
CUST004740,GIG_WORKER,Kolkata,WB,22.573,88.364,DVC-eb9b1f56e8,1,812.03,414.97,49,2376,FULL,2026-08-31
CUST004741,STUDENT,Kolkata,WB,22.573,88.364,DVC-b148455c84,1,214.77,128.83,26,1790,FULL,2026-08-31
CUST004742,SALARIED_URBAN,Ahmedabad,GJ,23.023,72.571,DVC-6a993b94b7,2,2508.63,1048.99,24,2854,FULL,2026-08-31
CUST004743,SALARIED_URBAN,Delhi,DL,28.614,77.209,DVC-3c3efc9266,1,1933.71,867.13,39,236,FULL,2026-08-31
CUST004744,STUDENT,Chennai,TN,13.083,80.27,DVC-b4070bb81b,1,616.25,278.97,50,694,FULL,2026-08-31
CUST004745,STUDENT,Jaipur,RJ,26.912,75.787,DVC-efe2af1deb,3,221.06,149.23,33,623,FULL,2026-08-31
CUST004746,SALARIED_URBAN,Indore,MP,22.72,75.858,DVC-28c4107d3b,2,1648.95,817.4,39,1805,FULL,2026-08-31
CUST004747,AFFLUENT,Ahmedabad,GJ,23.023,72.571,DVC-89f7be1992,1,16780.31,4332.75,41,1883,FULL,2026-08-31
CUST004748,SMALL_BUSINESS,Indore,MP,22.72,75.858,DVC-aa50d302cd,1,3801.37,1682.83,22,1648,FULL,2026-08-31
CUST004749,GIG_WORKER,Nagpur,MH,21.146,79.088,DVC-9d7330e9be,2,878.97,540.92,38,1119,FULL,2026-08-31
CUST004750,GIG_WORKER,Delhi,DL,28.614,77.209,DVC-5549c8d979,1,842.63,568.29,38,285,FULL,2026-08-31
CUST004751,GIG_WORKER,Kolkata,WB,22.573,88.364,DVC-7526677e05,1,541.71,343.35,19,991,FULL,2026-08-31
CUST004752,SALARIED_URBAN,Kochi,KL,9.932,76.267,DVC-884feec336,1,1020.27,311.54,50,1425,FULL,2026-08-31
CUST004753,AFFLUENT,Bengaluru,KA,12.972,77.594,DVC-fde6e35cff,1,5715.33,1696.78,52,1730,FULL,2026-08-31
CUST004754,SALARIED_URBAN,Kolkata,WB,22.573,88.364,DVC-0e9fcd2653,1,1489.99,568.4,41,2851,FULL,2026-08-31
CUST004755,SALARIED_URBAN,Guwahati,AS,26.145,91.736,DVC-ade21a5957,1,2065.1,935.28,29,984,FULL,2026-08-31
CUST004756,SALARIED_URBAN,Lucknow,UP,26.847,80.947,DVC-bedc92f5e6,3,2301.57,1063.25,4,659,FULL,2026-08-31
CUST004757,STUDENT,Nagpur,MH,21.146,79.088,DVC-34601e3068,2,554.29,360.31,42,1144,FULL,2026-08-31
CUST004758,SMALL_BUSINESS,Panaji,GA,15.491,73.828,DVC-fdad9f6a4c,2,4360.11,2556.3,22,1086,FULL,2026-08-31
CUST004759,SALARIED_URBAN,Chennai,TN,13.083,80.27,DVC-a319057618,1,2050.77,1003.39,63,2342,FULL,2026-08-31
CUST004760,AFFLUENT,Ahmedabad,GJ,23.023,72.571,DVC-51f113ee56,1,17124.34,6937.25,32,451,FULL,2026-08-31
CUST004761,SALARIED_URBAN,Kochi,KL,9.932,76.267,DVC-35f499b054,1,1857.22,866.02,30,2495,FULL,2026-08-31
CUST004762,SALARIED_URBAN,Bengaluru,KA,12.972,77.594,DVC-3dc58f516f,2,1135.36,367.03,52,1394,FULL,2026-08-31
CUST004763,GIG_WORKER,Mumbai,MH,19.076,72.877,DVC-95c128b205,3,359.66,166.88,43,1821,FULL,2026-08-31
CUST004764,SMALL_BUSINESS,Mumbai,MH,19.076,72.877,DVC-685ae603f2,1,5561.76,3037.43,68,1835,FULL,2026-08-31
CUST004765,STUDENT,Jaipur,RJ,26.912,75.787,DVC-d4f659caff,1,496.88,325.56,16,421,FULL,2026-08-31
CUST004766,SMALL_BUSINESS,Guwahati,AS,26.145,91.736,DVC-4377046f0c,1,6823.66,2588.04,14,2550,FULL,2026-08-31
CUST004767,STUDENT,Panaji,GA,15.491,73.828,DVC-151ee2967f,1,202.85,99.65,30,2701,FULL,2026-08-31
CUST004768,GIG_WORKER,Chandigarh,CH,30.734,76.779,DVC-7ea5026f3f,1,549.54,322.14,52,739,FULL,2026-08-31
CUST004769,AFFLUENT,Nagpur,MH,21.146,79.088,DVC-7fcb4941a1,2,12816.28,5278.26,33,1638,FULL,2026-08-31
CUST004770,GIG_WORKER,Pune,MH,18.52,73.857,DVC-fe35915444,2,955.93,539.28,30,2478,MIN,2026-08-31
CUST004771,SMALL_BUSINESS,Nagpur,MH,21.146,79.088,DVC-81e1fef99d,2,4392.88,1628.46,49,756,FULL,2026-08-31
CUST004772,SMALL_BUSINESS,Panaji,GA,15.491,73.828,DVC-d191b322b2,1,6728.46,2691.7,19,1780,FULL,2026-08-31
CUST004773,AFFLUENT,Pune,MH,18.52,73.857,DVC-8532542b0c,2,7801.37,3157.99,51,746,FULL,2026-08-31
CUST004774,SALARIED_URBAN,Chennai,TN,13.083,80.27,DVC-467f83c9dc,1,1449.29,653.77,10,1397,FULL,2026-08-31
CUST004775,GIG_WORKER,Kochi,KL,9.932,76.267,DVC-6d5fdb169f,3,896.75,415.53,25,2062,MIN,2026-08-31
CUST004776,GIG_WORKER,Chennai,TN,13.083,80.27,DVC-a8156be6a0,2,749.9,340.01,61,1631,FULL,2026-08-31
CUST004777,GIG_WORKER,Jaipur,RJ,26.912,75.787,DVC-7b4d7983f8,2,451.73,238.88,28,1968,FULL,2026-08-31
CUST004778,GIG_WORKER,Panaji,GA,15.491,73.828,DVC-c950ada30b,1,710.44,354.28,24,606,FULL,2026-08-31
CUST004779,SALARIED_URBAN,Jaipur,RJ,26.912,75.787,DVC-d230adacb1,2,2350.31,1149.66,53,1652,FULL,2026-08-31
CUST004780,SMALL_BUSINESS,Ahmedabad,GJ,23.023,72.571,DVC-d3e75fadff,1,2704.37,1413.14,50,1019,FULL,2026-08-31
CUST004781,SMALL_BUSINESS,Hyderabad,TG,17.385,78.487,DVC-25b25421fe,1,6116.18,3474.59,60,2757,FULL,2026-08-31
CUST004782,SALARIED_URBAN,Ahmedabad,GJ,23.023,72.571,DVC-4b26eb5fbd,1,1023.6,425.12,52,2749,FULL,2026-08-31
CUST004783,STUDENT,Ahmedabad,GJ,23.023,72.571,DVC-01e36d4a77,1,552.97,250.96,34,1778,FULL,2026-08-31
CUST004784,SMALL_BUSINESS,Chandigarh,CH,30.734,76.779,DVC-f45b40fb49,2,6104.82,2367.71,7,580,FULL,2026-08-31
CUST004785,SMALL_BUSINESS,Mumbai,MH,19.076,72.877,DVC-c9fc724057,1,7006.25,2581.39,33,1362,MIN,2026-08-31
CUST004786,GIG_WORKER,Lucknow,UP,26.847,80.947,DVC-53bfb29539,1,1050.42,435.97,37,1856,FULL,2026-08-31
CUST004787,SALARIED_URBAN,Panaji,GA,15.491,73.828,DVC-c5154ac1bf,3,1869.69,741.66,52,1794,MIN,2026-08-31
CUST004788,SMALL_BUSINESS,Mumbai,MH,19.076,72.877,DVC-bbf297a89f,1,4607.05,2209.55,32,1916,FULL,2026-08-31
CUST004789,SALARIED_URBAN,Nagpur,MH,21.146,79.088,DVC-da91af0dea,1,1950.88,707.92,20,216,FULL,2026-08-31
CUST004790,SALARIED_URBAN,Bengaluru,KA,12.972,77.594,DVC-7b5bb422c7,2,1941.4,615.76,42,2557,FULL,2026-08-31
CUST004791,SMALL_BUSINESS,Kolkata,WB,22.573,88.364,DVC-54083482e2,3,2566.37,1379.47,14,603,FULL,2026-08-31
CUST004792,SMALL_BUSINESS,Chennai,TN,13.083,80.27,DVC-56af250cd1,2,6884.42,3540.19,24,1272,FULL,2026-08-31
CUST004793,SMALL_BUSINESS,Chennai,TN,13.083,80.27,DVC-39dfee90a0,2,7105.62,3859.64,39,784,FULL,2026-08-31
CUST004794,SALARIED_URBAN,Guwahati,AS,26.145,91.736,DVC-dfa768a58a,3,1242.89,657.66,62,2144,MIN,2026-08-31
CUST004795,GIG_WORKER,Kolkata,WB,22.573,88.364,DVC-7b51151f3f,1,915.83,595.04,46,420,FULL,2026-08-31
CUST004796,SALARIED_URBAN,Chennai,TN,13.083,80.27,DVC-fba5f03ea3,2,2013.23,1012.9,26,2501,FULL,2026-08-31
CUST004797,SMALL_BUSINESS,Chennai,TN,13.083,80.27,DVC-4c6386c64f,1,6410.05,2772.11,50,2645,FULL,2026-08-31
CUST004798,SALARIED_URBAN,Pune,MH,18.52,73.857,DVC-fb6f6e9d5d,1,1282.07,479.83,31,1291,FULL,2026-08-31
CUST004799,SALARIED_URBAN,Chandigarh,CH,30.734,76.779,DVC-6dec2c9ed5,3,1326.74,469.42,28,1860,FULL,2026-08-31
CUST004800,SALARIED_URBAN,Hyderabad,TG,17.385,78.487,DVC-ab6f50f4c8,1,1692.41,732.03,59,1248,MIN,2026-08-31
CUST004801,SALARIED_URBAN,Guwahati,AS,26.145,91.736,DVC-3cb5b96e7b,1,1640.22,512.36,12,1529,FULL,2026-08-31
CUST004802,SALARIED_URBAN,Lucknow,UP,26.847,80.947,DVC-fbf4bc1769,3,1709.86,815.66,45,712,FULL,2026-08-31
CUST004803,AFFLUENT,Chennai,TN,13.083,80.27,DVC-ba71b280b2,1,6868.04,2600.78,4,2896,FULL,2026-08-31
CUST004804,SALARIED_URBAN,Mumbai,MH,19.076,72.877,DVC-017512872a,1,1845.18,858.29,46,380,FULL,2026-08-31
CUST004805,SMALL_BUSINESS,Bengaluru,KA,12.972,77.594,DVC-6ffc40731d,2,6727.53,3996.13,47,901,FULL,2026-08-31
CUST004806,GIG_WORKER,Delhi,DL,28.614,77.209,DVC-4e1e008db5,1,391.19,189.32,26,534,FULL,2026-08-31
CUST004807,SALARIED_URBAN,Guwahati,AS,26.145,91.736,DVC-5acab42fcf,1,1184.12,537.59,26,787,FULL,2026-08-31
CUST004808,SALARIED_URBAN,Kolkata,WB,22.573,88.364,DVC-8e69ac48c6,3,1643.55,722.8,36,223,FULL,2026-08-31
CUST004809,SALARIED_URBAN,Kolkata,WB,22.573,88.364,DVC-d593988a5f,3,2186.93,695.68,48,2726,FULL,2026-08-31
CUST004810,SALARIED_URBAN,Panaji,GA,15.491,73.828,DVC-68d55ef1bc,1,1864.14,725.51,24,887,FULL,2026-08-31
CUST004811,SMALL_BUSINESS,Panaji,GA,15.491,73.828,DVC-f171e4d0c9,1,5366.22,2420.91,38,1704,FULL,2026-08-31
CUST004812,SMALL_BUSINESS,Kochi,KL,9.932,76.267,DVC-41ca6f742d,1,6704.6,2877.68,52,235,FULL,2026-08-31
CUST004813,AFFLUENT,Hyderabad,TG,17.385,78.487,DVC-2d737b9697,1,15829.69,5657.3,31,843,FULL,2026-08-31
CUST004814,SMALL_BUSINESS,Pune,MH,18.52,73.857,DVC-c14706f9c2,1,3056.12,1479.76,51,2446,FULL,2026-08-31
CUST004815,STUDENT,Panaji,GA,15.491,73.828,DVC-f6ac125ce4,1,623.63,351.73,24,325,FULL,2026-08-31
CUST004816,SALARIED_URBAN,Chennai,TN,13.083,80.27,DVC-441369d47d,1,2291.72,1053.37,45,2271,FULL,2026-08-31
CUST004817,SALARIED_URBAN,Mumbai,MH,19.076,72.877,DVC-3da5132b2a,1,2519.82,1049.23,43,2153,FULL,2026-08-31
CUST004818,STUDENT,Guwahati,AS,26.145,91.736,DVC-d96e1f4a46,1,489.17,265.91,67,2348,FULL,2026-08-31
CUST004819,SALARIED_URBAN,Hyderabad,TG,17.385,78.487,DVC-7461f48162,1,1546.09,653.18,18,2646,FULL,2026-08-31
CUST004820,GIG_WORKER,Pune,MH,18.52,73.857,DVC-73ed78161f,1,361.4,215.76,59,1661,FULL,2026-08-31
CUST004821,SMALL_BUSINESS,Pune,MH,18.52,73.857,DVC-9764cd09ed,1,6900.78,2422.67,42,1000,FULL,2026-08-31
CUST004822,STUDENT,Guwahati,AS,26.145,91.736,DVC-c644ac0d17,1,308.47,157.96,59,866,FULL,2026-08-31
CUST004823,SALARIED_URBAN,Nagpur,MH,21.146,79.088,DVC-6820918039,1,1539.43,836.14,61,2349,FULL,2026-08-31
CUST004824,SALARIED_URBAN,Ahmedabad,GJ,23.023,72.571,DVC-0ca4211862,1,1605.52,768.7,56,2364,FULL,2026-08-31
CUST004825,SALARIED_URBAN,Hyderabad,TG,17.385,78.487,DVC-88d337f407,2,2170.65,934.08,22,1485,FULL,2026-08-31
CUST004826,SALARIED_URBAN,Hyderabad,TG,17.385,78.487,DVC-5ef4568a6d,1,2095.23,736.42,34,224,FULL,2026-08-31
CUST004827,SALARIED_URBAN,Indore,MP,22.72,75.858,DVC-87def67fae,2,937.01,393.39,34,1758,FULL,2026-08-31
CUST004828,AFFLUENT,Guwahati,AS,26.145,91.736,DVC-77cee746f4,2,14280.38,5881.26,50,1297,FULL,2026-08-31
CUST004829,GIG_WORKER,Nagpur,MH,21.146,79.088,DVC-420c952304,2,789.23,435.23,19,665,MIN,2026-08-31
CUST004830,STUDENT,Pune,MH,18.52,73.857,DVC-d0611e858d,2,459.78,235.36,75,935,FULL,2026-08-31
CUST004831,GIG_WORKER,Kochi,KL,9.932,76.267,DVC-95dc47a8a8,1,987.13,590.09,32,156,FULL,2026-08-31
CUST004832,SALARIED_URBAN,Delhi,DL,28.614,77.209,DVC-de00ab060b,1,2304.63,842.62,71,2340,FULL,2026-08-31
CUST004833,GIG_WORKER,Hyderabad,TG,17.385,78.487,DVC-02a99d045f,3,551.29,374.11,55,558,FULL,2026-08-31
CUST004834,SALARIED_URBAN,Indore,MP,22.72,75.858,DVC-b6ff1de89d,1,2580.36,1091.6,10,1582,FULL,2026-08-31
CUST004835,SALARIED_URBAN,Chandigarh,CH,30.734,76.779,DVC-afe4b7a192,1,2380.51,1086.34,20,961,FULL,2026-08-31
CUST004836,SALARIED_URBAN,Kochi,KL,9.932,76.267,DVC-9076d72f68,3,960.1,501.5,46,1841,FULL,2026-08-31
CUST004837,SALARIED_URBAN,Hyderabad,TG,17.385,78.487,DVC-50b349cf6a,1,1157.34,369.1,19,982,FULL,2026-08-31
CUST004838,SALARIED_URBAN,Jaipur,RJ,26.912,75.787,DVC-f395676e71,2,2117.92,1083.76,61,2788,FULL,2026-08-31
CUST004839,GIG_WORKER,Chandigarh,CH,30.734,76.779,DVC-b5611cd17f,3,547.54,223.49,36,2439,FULL,2026-08-31
CUST004840,STUDENT,Bengaluru,KA,12.972,77.594,DVC-04b7652c62,2,243.36,180.65,61,1901,FULL,2026-08-31
CUST004841,SALARIED_URBAN,Bengaluru,KA,12.972,77.594,DVC-76f3245e4a,1,2267.94,1151.24,48,2445,FULL,2026-08-31
CUST004842,SMALL_BUSINESS,Panaji,GA,15.491,73.828,DVC-7427edb70a,1,4514.39,2497.22,54,1916,FULL,2026-08-31
CUST004843,SMALL_BUSINESS,Kolkata,WB,22.573,88.364,DVC-b1d4a47324,2,6017.43,2566.93,50,448,FULL,2026-08-31
CUST004844,SMALL_BUSINESS,Chennai,TN,13.083,80.27,DVC-eb0e7a9cd9,2,5466.75,3039.1,32,804,FULL,2026-08-31
CUST004845,STUDENT,Pune,MH,18.52,73.857,DVC-7e6b5a0e86,2,408.74,266.86,21,1323,FULL,2026-08-31
CUST004846,SALARIED_URBAN,Hyderabad,TG,17.385,78.487,DVC-d24a0e6682,2,1953.92,897.56,20,807,FULL,2026-08-31
CUST004847,SALARIED_URBAN,Ahmedabad,GJ,23.023,72.571,DVC-43f80ff416,1,1364.19,698.06,46,829,FULL,2026-08-31
CUST004848,STUDENT,Nagpur,MH,21.146,79.088,DVC-04ebf3332b,1,307.49,153.41,37,456,MIN,2026-08-31
CUST004849,GIG_WORKER,Ahmedabad,GJ,23.023,72.571,DVC-cb0333b173,2,510.91,223.43,35,1023,FULL,2026-08-31
CUST004850,SMALL_BUSINESS,Jaipur,RJ,26.912,75.787,DVC-07862bf32f,2,4412.59,1963.48,42,2508,FULL,2026-08-31
CUST004851,SMALL_BUSINESS,Delhi,DL,28.614,77.209,DVC-4fb56eec4c,2,2386.3,1274.11,4,1737,FULL,2026-08-31
CUST004852,SALARIED_URBAN,Mumbai,MH,19.076,72.877,DVC-c5afd610ae,2,1865.52,730.96,46,876,FULL,2026-08-31
CUST004853,SMALL_BUSINESS,Chandigarh,CH,30.734,76.779,DVC-393c87080d,1,3808.09,1505.88,56,1349,FULL,2026-08-31
CUST004854,SMALL_BUSINESS,Jaipur,RJ,26.912,75.787,DVC-6372d6eae4,1,5410.63,2300.01,41,1448,FULL,2026-08-31
CUST004855,GIG_WORKER,Lucknow,UP,26.847,80.947,DVC-be75094954,2,363.33,242.14,32,2245,FULL,2026-08-31
CUST004856,AFFLUENT,Chennai,TN,13.083,80.27,DVC-dd7104dd73,2,9440.63,4222.74,57,942,FULL,2026-08-31
CUST004857,SALARIED_URBAN,Bengaluru,KA,12.972,77.594,DVC-2db73dc897,1,2507.02,1196.63,43,2353,FULL,2026-08-31
CUST004858,SALARIED_URBAN,Delhi,DL,28.614,77.209,DVC-2a7196bcbb,2,1002.98,446.2,29,2300,FULL,2026-08-31
CUST004859,GIG_WORKER,Ahmedabad,GJ,23.023,72.571,DVC-64ac15a8a9,2,535.57,282.48,49,2469,FULL,2026-08-31
CUST004860,SALARIED_URBAN,Jaipur,RJ,26.912,75.787,DVC-989fe23494,2,1959.95,889.72,40,2894,FULL,2026-08-31
CUST004861,AFFLUENT,Pune,MH,18.52,73.857,DVC-9fe3ee7b25,2,5758.67,2301.98,38,961,FULL,2026-08-31
CUST004862,AFFLUENT,Bengaluru,KA,12.972,77.594,DVC-c187039d4c,1,12694.97,4657.9,74,2442,FULL,2026-08-31
CUST004863,GIG_WORKER,Lucknow,UP,26.847,80.947,DVC-816d5369ce,1,419.3,243.85,69,2437,MIN,2026-08-31
CUST004864,GIG_WORKER,Kolkata,WB,22.573,88.364,DVC-3c2d385d84,3,816.32,539.6,30,1926,FULL,2026-08-31
CUST004865,SALARIED_URBAN,Indore,MP,22.72,75.858,DVC-d1c540d70f,1,1136.59,598.44,31,1388,FULL,2026-08-31
CUST004866,SALARIED_URBAN,Hyderabad,TG,17.385,78.487,DVC-34dfcfe02f,1,1831.21,627.66,29,1792,FULL,2026-08-31
CUST004867,SALARIED_URBAN,Hyderabad,TG,17.385,78.487,DVC-307764d29d,1,962.76,315.65,37,2212,FULL,2026-08-31
CUST004868,SALARIED_URBAN,Jaipur,RJ,26.912,75.787,DVC-0015469c15,1,1427.99,575.24,38,1353,MIN,2026-08-31
CUST004869,SALARIED_URBAN,Mumbai,MH,19.076,72.877,DVC-6760fac328,3,1303.4,518.69,16,2135,FULL,2026-08-31
CUST004870,AFFLUENT,Pune,MH,18.52,73.857,DVC-107b619979,1,8926.44,2249.6,54,2854,FULL,2026-08-31
CUST004871,SALARIED_URBAN,Pune,MH,18.52,73.857,DVC-5b9bcadd4c,2,1411.49,760.76,25,2790,FULL,2026-08-31
CUST004872,SMALL_BUSINESS,Chandigarh,CH,30.734,76.779,DVC-984a2519e4,1,2795.71,1104.24,50,2286,FULL,2026-08-31
CUST004873,STUDENT,Mumbai,MH,19.076,72.877,DVC-4f2dde5509,3,204.43,131.54,22,2272,FULL,2026-08-31
CUST004874,GIG_WORKER,Mumbai,MH,19.076,72.877,DVC-c2d01753c0,1,938.68,508.16,29,1275,FULL,2026-08-31
CUST004875,SALARIED_URBAN,Nagpur,MH,21.146,79.088,DVC-112a6aa015,3,1269.39,494.31,9,925,FULL,2026-08-31
CUST004876,SMALL_BUSINESS,Indore,MP,22.72,75.858,DVC-91a4b5f075,2,7172.61,2668.07,59,418,FULL,2026-08-31
CUST004877,AFFLUENT,Bengaluru,KA,12.972,77.594,DVC-ef82fc9cca,3,14299.02,5549.45,25,2264,FULL,2026-08-31
CUST004878,STUDENT,Lucknow,UP,26.847,80.947,DVC-b7d89feb02,1,285.31,202.13,25,2379,FULL,2026-08-31
CUST004879,SALARIED_URBAN,Chennai,TN,13.083,80.27,DVC-288bf7b692,1,2194.75,1178.85,12,1525,FULL,2026-08-31
CUST004880,GIG_WORKER,Kolkata,WB,22.573,88.364,DVC-0b7f790baa,3,672.06,470.2,35,1364,MIN,2026-08-31
CUST004881,STUDENT,Indore,MP,22.72,75.858,DVC-7f9f6267d9,1,562.39,291.21,22,1065,FULL,2026-08-31
CUST004882,STUDENT,Kochi,KL,9.932,76.267,DVC-53992a1766,1,336.49,215.31,33,79,FULL,2026-08-31
CUST004883,SMALL_BUSINESS,Ahmedabad,GJ,23.023,72.571,DVC-40f9b94a8c,1,7216.22,3478.83,48,2132,FULL,2026-08-31
CUST004884,SALARIED_URBAN,Indore,MP,22.72,75.858,DVC-7f5a7b6e4a,1,2470.07,1171.62,11,2585,FULL,2026-08-31
CUST004885,GIG_WORKER,Chandigarh,CH,30.734,76.779,DVC-ad46dd288f,2,942.86,483.95,45,1285,FULL,2026-08-31
CUST004886,SMALL_BUSINESS,Bengaluru,KA,12.972,77.594,DVC-c6e1eeaaa2,1,2905.67,1046.29,31,2835,FULL,2026-08-31
CUST004887,SMALL_BUSINESS,Guwahati,AS,26.145,91.736,DVC-cf105aa84a,1,4436.38,1682.14,50,659,FULL,2026-08-31
CUST004888,SALARIED_URBAN,Hyderabad,TG,17.385,78.487,DVC-f411db1c5d,1,1730.15,830.48,38,914,FULL,2026-08-31
CUST004889,SALARIED_URBAN,Kochi,KL,9.932,76.267,DVC-7025b5197c,1,1725.99,518.46,5,208,FULL,2026-08-31
CUST004890,STUDENT,Lucknow,UP,26.847,80.947,DVC-82602df015,1,435.43,196.74,43,73,FULL,2026-08-31
CUST004891,AFFLUENT,Guwahati,AS,26.145,91.736,DVC-217f16ebbc,1,5009.94,1377.04,49,248,FULL,2026-08-31
CUST004892,SALARIED_URBAN,Mumbai,MH,19.076,72.877,DVC-04009842db,2,1276.76,474.22,53,2514,FULL,2026-08-31
CUST004893,SALARIED_URBAN,Hyderabad,TG,17.385,78.487,DVC-72c507cd58,3,2192.42,711.33,37,188,FULL,2026-08-31
CUST004894,SMALL_BUSINESS,Hyderabad,TG,17.385,78.487,DVC-c9b916382b,1,3800.56,2238.84,60,906,FULL,2026-08-31
CUST004895,SALARIED_URBAN,Chandigarh,CH,30.734,76.779,DVC-30304c8707,1,1031.57,546.59,27,2735,FULL,2026-08-31
CUST004896,SALARIED_URBAN,Kolkata,WB,22.573,88.364,DVC-72837a30ca,3,2235.26,835.82,39,526,FULL,2026-08-31
CUST004897,SMALL_BUSINESS,Pune,MH,18.52,73.857,DVC-6f516c87ce,3,4528.01,2290.29,35,645,FULL,2026-08-31
CUST004898,GIG_WORKER,Kolkata,WB,22.573,88.364,DVC-7933017c33,1,883.01,412.61,44,1661,FULL,2026-08-31
CUST004899,SALARIED_URBAN,Guwahati,AS,26.145,91.736,DVC-ba5fcbb94d,1,1786.28,629.51,49,1219,FULL,2026-08-31
CUST004900,GIG_WORKER,Jaipur,RJ,26.912,75.787,DVC-be3dced7cc,2,395.26,261.79,38,2761,FULL,2026-08-31
CUST004901,GIG_WORKER,Chandigarh,CH,30.734,76.779,DVC-55c2f94931,1,809.53,506.6,47,970,FULL,2026-08-31
CUST004902,STUDENT,Pune,MH,18.52,73.857,DVC-fb8641a5ed,3,508.52,255.27,47,2707,FULL,2026-08-31
CUST004903,SMALL_BUSINESS,Hyderabad,TG,17.385,78.487,DVC-3c42fdae69,1,6224.76,3522.28,34,2364,MIN,2026-08-31
CUST004904,AFFLUENT,Chennai,TN,13.083,80.27,DVC-0921312133,1,16652.46,4194.2,45,2724,FULL,2026-08-31
CUST004905,SALARIED_URBAN,Mumbai,MH,19.076,72.877,DVC-088c5cbb9f,2,1224.79,610.64,29,2877,MIN,2026-08-31
CUST004906,SMALL_BUSINESS,Kolkata,WB,22.573,88.364,DVC-34c47c974d,2,2733.98,1005.68,21,293,FULL,2026-08-31
CUST004907,SALARIED_URBAN,Hyderabad,TG,17.385,78.487,DVC-243c7d9b89,3,1621.58,855.35,52,2849,FULL,2026-08-31
CUST004908,AFFLUENT,Hyderabad,TG,17.385,78.487,DVC-e98498e71a,2,6528.73,2618.03,30,1374,FULL,2026-08-31
CUST004909,STUDENT,Nagpur,MH,21.146,79.088,DVC-84bab50a86,2,418.34,245.13,25,1324,FULL,2026-08-31
CUST004910,AFFLUENT,Delhi,DL,28.614,77.209,DVC-be2a33fb1c,2,4717.57,1629.34,39,2497,FULL,2026-08-31
CUST004911,GIG_WORKER,Lucknow,UP,26.847,80.947,DVC-55205773fb,2,783.07,361.89,35,1348,FULL,2026-08-31
CUST004912,STUDENT,Guwahati,AS,26.145,91.736,DVC-4c3d320208,1,287.68,196.11,36,829,FULL,2026-08-31
CUST004913,SALARIED_URBAN,Jaipur,RJ,26.912,75.787,DVC-4c0136c79b,2,1211.97,403.78,56,321,FULL,2026-08-31
CUST004914,SMALL_BUSINESS,Kochi,KL,9.932,76.267,DVC-d11b2dbd25,1,5411.15,2802.67,44,2114,FULL,2026-08-31
CUST004915,GIG_WORKER,Chandigarh,CH,30.734,76.779,DVC-3e7dfdefe3,1,376.55,208.95,39,2091,FULL,2026-08-31
CUST004916,SALARIED_URBAN,Guwahati,AS,26.145,91.736,DVC-bf2c6f194e,1,2191.37,1062.56,38,2149,FULL,2026-08-31
CUST004917,SALARIED_URBAN,Ahmedabad,GJ,23.023,72.571,DVC-87313dc8f2,1,1232.0,473.29,38,2829,FULL,2026-08-31
CUST004918,GIG_WORKER,Delhi,DL,28.614,77.209,DVC-1c7701a626,2,794.25,425.7,53,1371,FULL,2026-08-31
CUST004919,SMALL_BUSINESS,Lucknow,UP,26.847,80.947,DVC-82f6bdbe4e,1,7017.86,3485.28,35,2324,FULL,2026-08-31
CUST004920,SMALL_BUSINESS,Kolkata,WB,22.573,88.364,DVC-3236225074,3,4622.45,1851.11,39,1442,FULL,2026-08-31
CUST004921,SMALL_BUSINESS,Kolkata,WB,22.573,88.364,DVC-5485013112,1,5229.51,2012.43,22,107,FULL,2026-08-31
CUST004922,GIG_WORKER,Pune,MH,18.52,73.857,DVC-3cc08bbba4,2,1040.39,574.51,46,1874,FULL,2026-08-31
CUST004923,SMALL_BUSINESS,Mumbai,MH,19.076,72.877,DVC-582301deae,1,6366.1,2697.75,29,358,FULL,2026-08-31
CUST004924,GIG_WORKER,Pune,MH,18.52,73.857,DVC-980fef1496,2,688.79,372.66,14,2058,FULL,2026-08-31
CUST004925,GIG_WORKER,Chennai,TN,13.083,80.27,DVC-e765602405,1,1086.54,718.23,44,2351,FULL,2026-08-31
CUST004926,GIG_WORKER,Chandigarh,CH,30.734,76.779,DVC-74a1d2f274,1,954.86,566.58,26,979,FULL,2026-08-31
CUST004927,AFFLUENT,Jaipur,RJ,26.912,75.787,DVC-2a23d57c6b,1,8834.88,2726.9,4,1847,FULL,2026-08-31
CUST004928,SALARIED_URBAN,Chandigarh,CH,30.734,76.779,DVC-480ae4d573,2,938.45,290.07,47,525,FULL,2026-08-31
CUST004929,GIG_WORKER,Pune,MH,18.52,73.857,DVC-3b8c977b64,1,676.89,327.92,55,587,FULL,2026-08-31
CUST004930,GIG_WORKER,Lucknow,UP,26.847,80.947,DVC-48000e4810,1,962.47,607.77,48,1069,FULL,2026-08-31
CUST004931,SMALL_BUSINESS,Nagpur,MH,21.146,79.088,DVC-7489f92398,1,3245.95,1288.28,32,2502,FULL,2026-08-31
CUST004932,SMALL_BUSINESS,Nagpur,MH,21.146,79.088,DVC-df54f759f1,3,7174.75,3606.93,21,609,FULL,2026-08-31
CUST004933,GIG_WORKER,Kochi,KL,9.932,76.267,DVC-d3d53a3e75,1,440.27,298.52,42,2008,FULL,2026-08-31
CUST004934,AFFLUENT,Kochi,KL,9.932,76.267,DVC-236350c520,3,14482.28,5816.1,52,108,MIN,2026-08-31
CUST004935,SALARIED_URBAN,Jaipur,RJ,26.912,75.787,DVC-bc03fb2e19,3,1569.32,472.08,41,126,FULL,2026-08-31
CUST004936,STUDENT,Jaipur,RJ,26.912,75.787,DVC-b2e357b274,1,581.73,280.82,44,2756,FULL,2026-08-31
CUST004937,GIG_WORKER,Kochi,KL,9.932,76.267,DVC-96eb4a5a85,1,801.63,469.18,52,945,FULL,2026-08-31
CUST004938,STUDENT,Hyderabad,TG,17.385,78.487,DVC-8d79fa8fad,1,206.22,121.74,7,2569,FULL,2026-08-31
CUST004939,SALARIED_URBAN,Panaji,GA,15.491,73.828,DVC-6afed311f8,1,1430.02,444.35,34,2792,FULL,2026-08-31
CUST004940,AFFLUENT,Jaipur,RJ,26.912,75.787,DVC-ccc2df5487,3,4656.81,1334.03,44,1457,FULL,2026-08-31
CUST004941,SALARIED_URBAN,Ahmedabad,GJ,23.023,72.571,DVC-8eb90ef3e3,2,1564.99,549.52,26,2488,FULL,2026-08-31
CUST004942,AFFLUENT,Hyderabad,TG,17.385,78.487,DVC-45783d8aa7,1,16434.15,5432.82,48,691,FULL,2026-08-31
CUST004943,SALARIED_URBAN,Ahmedabad,GJ,23.023,72.571,DVC-f95c6a8a2c,1,1606.42,662.01,47,2082,FULL,2026-08-31
CUST004944,SALARIED_URBAN,Lucknow,UP,26.847,80.947,DVC-4e9b91e94c,2,1605.66,493.28,44,2021,FULL,2026-08-31
CUST004945,GIG_WORKER,Delhi,DL,28.614,77.209,DVC-02af6538dc,2,815.51,429.23,39,1082,FULL,2026-08-31
CUST004946,SALARIED_URBAN,Kolkata,WB,22.573,88.364,DVC-c828c22616,1,1274.28,447.3,44,2821,FULL,2026-08-31
CUST004947,SMALL_BUSINESS,Kolkata,WB,22.573,88.364,DVC-7b15bff863,2,3207.46,1923.16,52,1132,FULL,2026-08-31
CUST004948,SMALL_BUSINESS,Kochi,KL,9.932,76.267,DVC-296c5d4e22,2,7402.02,3494.4,20,2106,FULL,2026-08-31
CUST004949,SALARIED_URBAN,Chennai,TN,13.083,80.27,DVC-57823546b6,1,2132.98,1043.2,33,260,FULL,2026-08-31
CUST004950,SALARIED_URBAN,Delhi,DL,28.614,77.209,DVC-99eac1ba09,1,1117.74,553.6,40,1280,FULL,2026-08-31
CUST004951,STUDENT,Panaji,GA,15.491,73.828,DVC-c1e52c1249,2,326.03,155.19,32,1738,FULL,2026-08-31
CUST004952,AFFLUENT,Kolkata,WB,22.573,88.364,DVC-a8c59310dd,2,11343.11,4307.96,39,1502,FULL,2026-08-31
CUST004953,STUDENT,Bengaluru,KA,12.972,77.594,DVC-1e3b7a7ff7,1,471.65,212.6,29,397,FULL,2026-08-31
CUST004954,SALARIED_URBAN,Jaipur,RJ,26.912,75.787,DVC-948a38b765,2,1997.5,1067.75,17,1080,FULL,2026-08-31
CUST004955,SMALL_BUSINESS,Delhi,DL,28.614,77.209,DVC-2ed0ae6b64,1,5411.24,2062.55,40,781,FULL,2026-08-31
CUST004956,SMALL_BUSINESS,Delhi,DL,28.614,77.209,DVC-00f48bbffa,2,3454.83,1577.19,25,80,FULL,2026-08-31
CUST004957,STUDENT,Nagpur,MH,21.146,79.088,DVC-ba5530371a,1,314.42,167.04,14,2042,MIN,2026-08-31
CUST004958,SALARIED_URBAN,Pune,MH,18.52,73.857,DVC-1565efdeb8,3,1814.88,894.86,36,406,FULL,2026-08-31
CUST004959,SALARIED_URBAN,Kochi,KL,9.932,76.267,DVC-9b714bdb67,1,1093.87,504.83,44,2680,FULL,2026-08-31
CUST004960,SMALL_BUSINESS,Hyderabad,TG,17.385,78.487,DVC-20b5ee9940,1,6663.29,3004.49,26,2499,FULL,2026-08-31
CUST004961,SALARIED_URBAN,Bengaluru,KA,12.972,77.594,DVC-6f1c9d4b53,2,1986.97,867.69,26,2192,FULL,2026-08-31
CUST004962,GIG_WORKER,Bengaluru,KA,12.972,77.594,DVC-980e0f1bbb,1,576.88,252.21,43,485,FULL,2026-08-31
CUST004963,STUDENT,Kolkata,WB,22.573,88.364,DVC-dff4bc6f0b,2,185.22,135.65,47,585,FULL,2026-08-31
CUST004964,SMALL_BUSINESS,Lucknow,UP,26.847,80.947,DVC-21504dc8e7,3,5711.13,2511.75,55,1633,FULL,2026-08-31
CUST004965,GIG_WORKER,Chennai,TN,13.083,80.27,DVC-fd2a0b22fc,1,858.48,592.9,61,138,FULL,2026-08-31
CUST004966,SALARIED_URBAN,Panaji,GA,15.491,73.828,DVC-b7de78c9c5,1,1226.01,441.27,28,2505,FULL,2026-08-31
CUST004967,SALARIED_URBAN,Bengaluru,KA,12.972,77.594,DVC-1d9d387299,1,1392.43,634.47,40,2598,FULL,2026-08-31
CUST004968,AFFLUENT,Chandigarh,CH,30.734,76.779,DVC-23c1b7ad43,1,12598.27,4535.04,40,1688,MIN,2026-08-31
CUST004969,SMALL_BUSINESS,Bengaluru,KA,12.972,77.594,DVC-9a01a0ddb8,1,2219.47,801.83,36,2427,FULL,2026-08-31
CUST004970,SALARIED_URBAN,Jaipur,RJ,26.912,75.787,DVC-9e41438c0e,1,1061.88,467.58,55,1708,FULL,2026-08-31
CUST004971,SALARIED_URBAN,Guwahati,AS,26.145,91.736,DVC-f9f218a18b,1,2421.02,865.61,24,102,FULL,2026-08-31
CUST004972,GIG_WORKER,Hyderabad,TG,17.385,78.487,DVC-796abf1a54,1,745.01,462.2,36,1783,FULL,2026-08-31
CUST004973,AFFLUENT,Guwahati,AS,26.145,91.736,DVC-df5116d485,1,7433.07,1898.68,37,2774,FULL,2026-08-31
CUST004974,SALARIED_URBAN,Chennai,TN,13.083,80.27,DVC-1956ae371b,1,1950.11,731.69,47,1376,FULL,2026-08-31
CUST004975,SALARIED_URBAN,Indore,MP,22.72,75.858,DVC-e7bd19afe7,1,2172.41,1040.22,37,2120,FULL,2026-08-31
CUST004976,SMALL_BUSINESS,Kolkata,WB,22.573,88.364,DVC-132c7b0d31,1,6329.87,3435.97,32,2417,FULL,2026-08-31
CUST004977,GIG_WORKER,Kochi,KL,9.932,76.267,DVC-93def86f81,1,995.97,513.15,45,2084,FULL,2026-08-31
CUST004978,AFFLUENT,Hyderabad,TG,17.385,78.487,DVC-2274a59c96,1,17350.2,5171.51,23,1094,FULL,2026-08-31
CUST004979,SALARIED_URBAN,Nagpur,MH,21.146,79.088,DVC-43fba476e0,1,2176.68,1120.97,41,1929,FULL,2026-08-31
CUST004980,SMALL_BUSINESS,Mumbai,MH,19.076,72.877,DVC-5af280ade1,1,5435.39,1988.36,45,781,FULL,2026-08-31
CUST004981,SMALL_BUSINESS,Ahmedabad,GJ,23.023,72.571,DVC-dfeec2b07e,2,3463.41,1681.35,30,1281,FULL,2026-08-31
CUST004982,GIG_WORKER,Chandigarh,CH,30.734,76.779,DVC-1f7c231685,1,928.49,509.37,39,174,MIN,2026-08-31
CUST004983,SMALL_BUSINESS,Ahmedabad,GJ,23.023,72.571,DVC-38ebb19076,2,4674.71,2594.36,14,673,FULL,2026-08-31
CUST004984,SALARIED_URBAN,Guwahati,AS,26.145,91.736,DVC-fffe248ae7,2,1659.33,637.94,41,2061,FULL,2026-08-31
CUST004985,SALARIED_URBAN,Lucknow,UP,26.847,80.947,DVC-baf74d586a,1,1586.05,620.69,35,1802,FULL,2026-08-31
CUST004986,STUDENT,Kolkata,WB,22.573,88.364,DVC-c805005f4e,1,483.37,312.38,48,2590,FULL,2026-08-31
CUST004987,SALARIED_URBAN,Indore,MP,22.72,75.858,DVC-8dfe6a734d,2,1922.78,777.31,33,901,MIN,2026-08-31
CUST004988,SALARIED_URBAN,Mumbai,MH,19.076,72.877,DVC-96aed33441,3,1923.22,640.66,33,1596,FULL,2026-08-31
CUST004989,SMALL_BUSINESS,Kochi,KL,9.932,76.267,DVC-a48b51cd63,1,6921.64,4035.54,68,679,MIN,2026-08-31
CUST004990,STUDENT,Indore,MP,22.72,75.858,DVC-3c80bee652,1,346.47,235.54,40,1079,FULL,2026-08-31
CUST004991,STUDENT,Nagpur,MH,21.146,79.088,DVC-0585f4acab,1,283.04,161.4,31,1291,FULL,2026-08-31
CUST004992,SMALL_BUSINESS,Chandigarh,CH,30.734,76.779,DVC-f3b9d6172a,2,3510.07,1644.05,19,1798,FULL,2026-08-31
CUST004993,GIG_WORKER,Panaji,GA,15.491,73.828,DVC-39a014bdec,2,962.34,415.0,19,2593,FULL,2026-08-31
CUST004994,STUDENT,Kolkata,WB,22.573,88.364,DVC-d7da27c27a,1,309.31,178.92,16,2440,FULL,2026-08-31
CUST004995,SALARIED_URBAN,Mumbai,MH,19.076,72.877,DVC-8305aa430c,1,2477.51,1062.53,36,2183,FULL,2026-08-31
CUST004996,GIG_WORKER,Chandigarh,CH,30.734,76.779,DVC-882bc229e5,1,614.9,387.03,44,2165,FULL,2026-08-31
CUST004997,STUDENT,Bengaluru,KA,12.972,77.594,DVC-919e967ad6,3,347.06,205.91,25,499,FULL,2026-08-31
CUST004998,SMALL_BUSINESS,Mumbai,MH,19.076,72.877,DVC-97708a8bf6,3,6902.52,2649.11,6,1092,FULL,2026-08-31
CUST004999,SMALL_BUSINESS,Bengaluru,KA,12.972,77.594,DVC-564bba125c,3,3185.97,1115.99,59,881,FULL,2026-08-31
CUST005000,GIG_WORKER,Chennai,TN,13.083,80.27,DVC-3c3271ddd5,2,484.99,213.17,17,2234,FULL,2026-08-31
