customer_id,device_id,device_type,is_primary,first_seen_date,last_seen_date,days_since_last_seen
CUST000001,DVC-149d8bcb26,ANDROID,Y,2024-11-30,2026-08-30,1
CUST000002,DVC-b6bcd4b543,ANDROID,Y,2025-02-21,2026-08-26,5
CUST000003,DVC-16690ac14f,ANDROID,Y,2026-04-21,2026-08-30,1
CUST000004,DVC-9a8c354413,IOS,Y,2026-04-14,2026-08-26,5
CUST000005,DVC-e6630902ee,WEB,Y,2024-10-22,2026-08-30,1
CUST000006,DVC-e78eda622e,WEB,Y,2025-01-18,2026-08-25,6
CUST000006,DVC-69fc14a975,ANDROID,N,2026-03-22,2026-06-15,77
CUST000007,DVC-b434c8028c,IOS,Y,2026-03-15,2026-08-27,4
CUST000007,DVC-54ccee8c8e,IOS,N,2024-04-26,2026-06-27,65
CUST000007,DVC-fe0e3e1d8b,ANDROID,N,2024-07-04,2026-08-04,27
CUST000008,DVC-40c365b0b2,IOS,Y,2025-04-25,2026-08-31,0
CUST000009,DVC-503c0fd9a3,IOS,Y,2026-06-15,2026-08-31,0
CUST000010,DVC-37056d4f0d,ANDROID,Y,2024-03-18,2026-08-27,4
CUST000010,DVC-d8749bde08,WEB,N,2026-04-05,2026-07-09,53
CUST000011,DVC-cc8521828a,ANDROID,Y,2025-05-08,2026-08-28,3
CUST000012,DVC-0a282ef3f4,ANDROID,Y,2024-11-06,2026-08-28,3
CUST000012,DVC-f91898c091,ANDROID,N,2025-06-20,2026-08-13,18
CUST000013,DVC-f1bc6da83a,ANDROID,Y,2024-05-31,2026-08-25,6
CUST000013,DVC-bd7907334b,ANDROID,N,2025-10-24,2026-08-20,11
CUST000014,DVC-ef72eac1e0,ANDROID,Y,2025-05-06,2026-08-27,4
CUST000015,DVC-0655a6faa9,ANDROID,Y,2025-12-02,2026-08-30,1
CUST000016,DVC-3836793f2b,ANDROID,Y,2026-06-30,2026-08-30,1
CUST000017,DVC-074e190c2b,ANDROID,Y,2025-07-14,2026-08-30,1
CUST000017,DVC-718c0bcd50,ANDROID,N,2024-06-18,2026-07-13,49
CUST000018,DVC-33aafd9a7c,ANDROID,Y,2025-01-27,2026-08-28,3
CUST000019,DVC-fca00c50bb,ANDROID,Y,2026-06-26,2026-08-26,5
CUST000019,DVC-0ada4fadbe,ANDROID,N,2024-07-11,2026-08-08,23
CUST000020,DVC-54290ed498,ANDROID,Y,2024-06-18,2026-08-27,4
CUST000021,DVC-1e61084296,ANDROID,Y,2025-09-29,2026-08-25,6
CUST000022,DVC-76c6b0c611,ANDROID,Y,2025-10-18,2026-08-31,0
CUST000022,DVC-eb9796128c,ANDROID,N,2024-04-28,2026-07-17,45
CUST000023,DVC-5aa3d263d8,ANDROID,Y,2024-09-11,2026-08-25,6
CUST000024,DVC-525536b0c0,ANDROID,Y,2025-07-24,2026-08-30,1
CUST000025,DVC-4ff9b23fb5,ANDROID,Y,2024-07-21,2026-08-29,2
CUST000026,DVC-0d26705668,ANDROID,Y,2025-09-10,2026-08-28,3
CUST000027,DVC-f31786c41b,ANDROID,Y,2025-05-13,2026-08-30,1
CUST000027,DVC-9b8d7edcf9,ANDROID,N,2025-08-09,2026-07-08,54
CUST000027,DVC-e6eed3827a,ANDROID,N,2024-07-26,2026-07-24,38
CUST000028,DVC-d071b2c457,ANDROID,Y,2025-08-07,2026-08-29,2
CUST000028,DVC-7415c6b4ea,ANDROID,N,2026-01-04,2026-08-03,28
CUST000029,DVC-cce6cec7e5,IOS,Y,2026-06-24,2026-08-28,3
CUST000030,DVC-97de71a355,ANDROID,Y,2026-05-07,2026-08-28,3
CUST000030,DVC-71a770a300,ANDROID,N,2026-05-30,2026-08-22,9
CUST000030,DVC-d559e3853b,IOS,N,2026-05-14,2026-07-09,53
CUST000031,DVC-0a81b0fd75,IOS,Y,2026-01-07,2026-08-30,1
CUST000031,DVC-d73f2d5bcd,WEB,N,2025-08-21,2026-07-26,36
CUST000032,DVC-e89368c421,ANDROID,Y,2024-07-14,2026-08-29,2
CUST000033,DVC-d5c5890540,IOS,Y,2024-08-11,2026-08-28,3
CUST000033,DVC-5d456195f2,IOS,N,2024-11-18,2026-08-12,19
CUST000033,DVC-00e5e9c3fb,WEB,N,2025-04-30,2026-07-22,40
CUST000034,DVC-27e1a56eb8,ANDROID,Y,2026-07-17,2026-08-27,4
CUST000035,DVC-0e412bd834,ANDROID,Y,2026-04-02,2026-08-26,5
CUST000035,DVC-bdbe1436d7,ANDROID,N,2025-12-02,2026-06-21,71
CUST000036,DVC-126b6dfbc7,IOS,Y,2026-01-18,2026-08-30,1
CUST000037,DVC-7877e0aa66,ANDROID,Y,2025-08-14,2026-08-28,3
CUST000038,DVC-f79a8053b1,ANDROID,Y,2026-04-18,2026-08-26,5
CUST000039,DVC-b883afbb09,IOS,Y,2025-02-20,2026-08-29,2
CUST000040,DVC-78e04f9322,ANDROID,Y,2026-04-04,2026-08-25,6
CUST000041,DVC-b5b78abb9d,ANDROID,Y,2026-04-23,2026-08-31,0
CUST000041,DVC-90078aa652,ANDROID,N,2026-05-04,2026-08-13,18
CUST000042,DVC-d56094cabe,IOS,Y,2024-11-25,2026-08-26,5
CUST000043,DVC-9f4631c306,IOS,Y,2025-09-01,2026-08-28,3
CUST000043,DVC-05694ce3a1,ANDROID,N,2026-03-25,2026-05-03,120
CUST000044,DVC-abbd93537b,IOS,Y,2025-05-03,2026-08-28,3
CUST000045,DVC-57603032fc,ANDROID,Y,2026-07-08,2026-08-26,5
CUST000045,DVC-471814b0d6,IOS,N,2025-09-22,2026-08-17,14
CUST000045,DVC-51e5006af2,ANDROID,N,2025-10-18,2026-07-11,51
CUST000046,DVC-5ec167e47f,ANDROID,Y,2024-06-19,2026-08-31,0
CUST000047,DVC-7a332e557e,IOS,Y,2025-11-22,2026-08-28,3
CUST000047,DVC-7182e1dfd5,ANDROID,N,2025-10-02,2026-07-26,36
CUST000047,DVC-aa6b11e0eb,IOS,N,2025-08-02,2026-08-20,11
CUST000048,DVC-125d10a2b9,IOS,Y,2024-11-14,2026-08-31,0
CUST000048,DVC-1a41813f16,IOS,N,2026-01-17,2026-08-24,7
CUST000049,DVC-2bbc7b179e,ANDROID,Y,2025-09-24,2026-08-29,2
CUST000049,DVC-c93eac1d45,IOS,N,2024-10-31,2026-08-02,29
CUST000050,DVC-1a375c89df,ANDROID,Y,2026-01-29,2026-08-26,5
CUST000051,DVC-88d6e6ffbc,ANDROID,Y,2025-05-01,2026-08-30,1
CUST000052,DVC-ef9776a686,ANDROID,Y,2024-11-28,2026-08-29,2
CUST000053,DVC-6a9b114cc3,ANDROID,Y,2026-02-26,2026-08-31,0
CUST000054,DVC-14b353224c,IOS,Y,2026-06-27,2026-08-28,3
CUST000054,DVC-b0e3a80476,WEB,N,2026-05-12,2026-08-30,1
CUST000055,DVC-2cc4d8c2c2,IOS,Y,2025-11-02,2026-08-31,0
CUST000056,DVC-aa6e9a2389,ANDROID,Y,2025-07-06,2026-08-31,0
CUST000057,DVC-3fd8e7d93d,ANDROID,Y,2024-10-11,2026-08-25,6
CUST000057,DVC-7007bc1332,ANDROID,N,2026-05-14,2026-07-06,56
CUST000057,DVC-d137e1b585,ANDROID,N,2023-09-01,2026-01-06,237
CUST000058,DVC-942592c99b,ANDROID,Y,2025-11-09,2026-08-30,1
CUST000058,DVC-8af9245b21,ANDROID,N,2024-07-09,2026-08-10,21
CUST000059,DVC-5bbd97ad7c,ANDROID,Y,2024-12-17,2026-08-28,3
CUST000059,DVC-352b8e4046,ANDROID,N,2026-04-23,2026-06-15,77
CUST000059,DVC-cc1b9f1290,ANDROID,N,2025-05-31,2026-06-28,64
CUST000060,DVC-4b68976b83,ANDROID,Y,2024-06-20,2026-08-28,3
CUST000061,DVC-e25808bb7d,ANDROID,Y,2025-03-02,2026-08-25,6
CUST000061,DVC-f7cfe28487,ANDROID,N,2025-04-24,2026-08-28,3
CUST000062,DVC-917eec4103,ANDROID,Y,2025-01-18,2026-08-31,0
CUST000063,DVC-10188308ca,ANDROID,Y,2025-02-07,2026-08-29,2
CUST000063,DVC-fd0e7f9aac,ANDROID,N,2026-02-05,2026-08-13,18
CUST000064,DVC-8c3d44eef7,ANDROID,Y,2026-03-05,2026-08-27,4
CUST000065,DVC-d0cedc75e9,ANDROID,Y,2025-03-16,2026-08-27,4
CUST000065,DVC-043fc7bc20,WEB,N,2026-03-04,2026-08-02,29
CUST000066,DVC-eda64a1bfb,ANDROID,Y,2024-06-07,2026-08-28,3
CUST000067,DVC-c62f0b5b1e,WEB,Y,2025-12-28,2026-08-28,3
CUST000068,DVC-40b614d804,IOS,Y,2024-07-01,2026-08-25,6
CUST000069,DVC-436ce5519f,ANDROID,Y,2025-09-29,2026-08-26,5
CUST000070,DVC-0769720a1f,ANDROID,Y,2026-04-11,2026-08-26,5
CUST000071,DVC-f54f003d95,ANDROID,Y,2024-09-29,2026-08-30,1
CUST000071,DVC-2217e70bed,IOS,N,2024-06-02,2026-06-18,74
CUST000072,DVC-0c9c929545,IOS,Y,2025-09-16,2026-08-29,2
CUST000073,DVC-e4bf834bb0,WEB,Y,2026-07-25,2026-08-30,1
CUST000073,DVC-a51d93f251,ANDROID,N,2026-05-23,2026-08-07,24
CUST000074,DVC-a12702f554,ANDROID,Y,2025-05-02,2026-08-27,4
CUST000075,DVC-89370db383,ANDROID,Y,2026-03-05,2026-08-29,2
CUST000076,DVC-739edf8835,ANDROID,Y,2026-06-27,2026-08-31,0
CUST000077,DVC-64f297ac5e,ANDROID,Y,2024-04-26,2026-08-28,3
CUST000078,DVC-73e258e093,WEB,Y,2026-04-12,2026-08-31,0
CUST000079,DVC-e75a3956a4,WEB,Y,2026-07-18,2026-08-26,5
CUST000079,DVC-8172228b51,ANDROID,N,2026-03-13,2026-07-10,52
CUST000080,DVC-66063c0f92,ANDROID,Y,2024-07-12,2026-08-28,3
CUST000080,DVC-4bf4735630,ANDROID,N,2023-09-24,2026-03-07,177
CUST000081,DVC-05a3855e51,ANDROID,Y,2024-04-06,2026-08-31,0
CUST000081,DVC-258cf76e32,ANDROID,N,2024-09-06,2026-08-04,27
CUST000082,DVC-753b0e98e5,ANDROID,Y,2026-01-25,2026-08-31,0
CUST000082,DVC-e2d43b5603,ANDROID,N,2024-10-24,2026-08-22,9
CUST000083,DVC-a4f771f4e7,ANDROID,Y,2024-08-13,2026-08-27,4
CUST000083,DVC-92f4d23279,ANDROID,N,2024-03-21,2026-06-23,69
CUST000084,DVC-6d65a48e55,IOS,Y,2025-06-11,2026-08-26,5
CUST000085,DVC-0285177b53,IOS,Y,2026-01-07,2026-08-28,3
CUST000086,DVC-a8f251b710,IOS,Y,2026-04-04,2026-08-25,6
CUST000087,DVC-b8aaa23b12,IOS,Y,2026-02-12,2026-08-27,4
CUST000088,DVC-49d09d6b86,IOS,Y,2026-05-12,2026-08-25,6
CUST000088,DVC-427906f12c,ANDROID,N,2026-03-30,2026-07-08,54
CUST000089,DVC-aa9e431e0c,ANDROID,Y,2024-05-25,2026-08-31,0
CUST000089,DVC-05c544e6b2,WEB,N,2024-02-14,2026-06-15,77
CUST000090,DVC-94e05e725b,ANDROID,Y,2026-05-31,2026-08-31,0
CUST000090,DVC-24da0d4595,ANDROID,N,2025-02-17,2025-09-09,356
CUST000091,DVC-cc5e272c2c,ANDROID,Y,2026-05-26,2026-08-29,2
CUST000092,DVC-bd601527ce,ANDROID,Y,2024-10-06,2026-08-29,2
CUST000093,DVC-2f34702088,ANDROID,Y,2026-03-09,2026-08-28,3
CUST000094,DVC-7cf525634e,ANDROID,Y,2025-10-23,2026-08-28,3
CUST000095,DVC-0a505a2831,ANDROID,Y,2026-04-08,2026-08-26,5
CUST000096,DVC-5500419d44,IOS,Y,2025-05-07,2026-08-29,2
CUST000097,DVC-f797f23dd2,ANDROID,Y,2025-04-22,2026-08-25,6
CUST000097,DVC-b5961cf07d,ANDROID,N,2025-07-23,2026-08-03,28
CUST000098,DVC-b3563343fd,ANDROID,Y,2026-03-14,2026-08-27,4
CUST000098,DVC-bc32788242,ANDROID,N,2025-12-09,2026-07-28,34
CUST000098,DVC-f3e663f8c8,ANDROID,N,2024-12-23,2026-06-21,71
CUST000099,DVC-3ae6249890,ANDROID,Y,2024-06-06,2026-08-28,3
CUST000099,DVC-bdc51237e6,ANDROID,N,2025-02-07,2026-07-09,53
CUST000100,DVC-0332abe6ca,ANDROID,Y,2025-05-17,2026-08-31,0
CUST000100,DVC-ebfc2bc8e4,ANDROID,N,2024-01-30,2026-02-24,188
CUST000101,DVC-9618cd1735,IOS,Y,2024-03-11,2026-08-27,4
CUST000101,DVC-402546d3f5,ANDROID,N,2024-11-20,2026-08-19,12
CUST000102,DVC-f186112540,IOS,Y,2025-08-06,2026-08-31,0
CUST000103,DVC-d653eb0347,IOS,Y,2025-10-25,2026-08-31,0
CUST000103,DVC-34e78fa288,IOS,N,2026-06-03,2026-07-18,44
CUST000103,DVC-24dc1ffb86,ANDROID,N,2026-02-17,2026-06-30,62
CUST000104,DVC-fc96c2e66f,ANDROID,Y,2025-11-07,2026-08-28,3
CUST000104,DVC-0e8e896fa7,ANDROID,N,2025-08-07,2026-07-28,34
CUST000105,DVC-dfacdc13e4,WEB,Y,2026-05-09,2026-08-25,6
CUST000106,DVC-f519467cd2,IOS,Y,2025-06-22,2026-08-31,0
CUST000107,DVC-387f9c9bfe,ANDROID,Y,2024-10-08,2026-08-29,2
CUST000108,DVC-7c83fa3394,ANDROID,Y,2026-04-27,2026-08-31,0
CUST000108,DVC-110233763c,ANDROID,N,2024-03-24,2026-05-19,104
CUST000109,DVC-76e9dd5aad,IOS,Y,2025-12-25,2026-08-31,0
CUST000110,DVC-2b2fc8fd7a,ANDROID,Y,2024-12-18,2026-08-30,1
CUST000111,DVC-2544bbc7d3,IOS,Y,2024-11-05,2026-08-25,6
CUST000111,DVC-b3316cb962,ANDROID,N,2025-11-18,2026-08-04,27
CUST000112,DVC-8342a975b8,ANDROID,Y,2025-04-29,2026-08-28,3
CUST000112,DVC-42eefd8e54,ANDROID,N,2026-07-25,2026-08-26,5
CUST000113,DVC-f4c10c2ff5,ANDROID,Y,2026-07-20,2026-08-30,1
CUST000114,DVC-92ac554345,IOS,Y,2025-01-06,2026-08-26,5
CUST000114,DVC-2e3bd27718,ANDROID,N,2024-10-06,2026-07-23,39
CUST000115,DVC-1621ad745c,ANDROID,Y,2026-05-03,2026-08-26,5
CUST000116,DVC-1821ac21e4,ANDROID,Y,2025-06-03,2026-08-28,3
CUST000116,DVC-5cff25c02c,WEB,N,2025-01-19,2026-06-25,67
CUST000117,DVC-44e90eec2a,ANDROID,Y,2026-06-23,2026-08-26,5
CUST000118,DVC-13a70759ac,ANDROID,Y,2025-04-21,2026-08-29,2
CUST000119,DVC-edfee25ab4,ANDROID,Y,2026-07-11,2026-08-26,5
CUST000120,DVC-b36cc1e661,ANDROID,Y,2025-10-25,2026-08-28,3
CUST000120,DVC-b3e31e2167,ANDROID,N,2024-05-07,2026-08-27,4
CUST000121,DVC-b96d840716,IOS,Y,2024-09-06,2026-08-27,4
CUST000121,DVC-1a2f6f61f3,ANDROID,N,2024-03-22,2026-08-03,28
CUST000122,DVC-d408d3dbe5,ANDROID,Y,2026-06-24,2026-08-27,4
CUST000123,DVC-77f2a556cf,ANDROID,Y,2025-03-07,2026-08-30,1
CUST000124,DVC-25cbe27b5d,ANDROID,Y,2024-04-28,2026-08-29,2
CUST000124,DVC-ad878d9002,IOS,N,2024-06-07,2026-07-08,54
CUST000125,DVC-94eaf15931,ANDROID,Y,2024-05-22,2026-08-27,4
CUST000126,DVC-0748b77477,ANDROID,Y,2025-05-15,2026-08-30,1
CUST000127,DVC-7c47f72ad5,ANDROID,Y,2026-07-12,2026-08-28,3
CUST000128,DVC-f725b0e3b5,ANDROID,Y,2025-10-04,2026-08-31,0
CUST000129,DVC-f1035fba51,ANDROID,Y,2024-12-31,2026-08-29,2
CUST000130,DVC-4b26915970,IOS,Y,2026-02-05,2026-08-29,2
CUST000131,DVC-24e102cd17,WEB,Y,2025-10-28,2026-08-25,6
CUST000132,DVC-e82b3ee75f,WEB,Y,2026-06-25,2026-08-26,5
CUST000132,DVC-ac6886e418,ANDROID,N,2026-01-19,2026-06-20,72
CUST000133,DVC-c57c0d9cc2,ANDROID,Y,2025-04-06,2026-08-27,4
CUST000134,DVC-94393f9467,ANDROID,Y,2026-07-24,2026-08-25,6
CUST000134,DVC-8cdf348070,ANDROID,N,2026-07-10,2026-04-07,146
CUST000135,DVC-5433947cb0,ANDROID,Y,2025-09-25,2026-08-25,6
CUST000136,DVC-5b0104f602,IOS,Y,2024-04-27,2026-08-25,6
CUST000136,DVC-773f442e06,ANDROID,N,2024-06-17,2026-07-09,53
CUST000137,DVC-7cdac33b05,IOS,Y,2025-02-07,2026-08-30,1
CUST000137,DVC-db764d0ad5,ANDROID,N,2025-12-29,2026-08-23,8
CUST000138,DVC-242c3c001b,ANDROID,Y,2026-03-01,2026-08-31,0
CUST000139,DVC-2686d638d6,ANDROID,Y,2025-11-18,2026-08-29,2
CUST000140,DVC-583ce31ca0,ANDROID,Y,2026-07-22,2026-08-28,3
CUST000140,DVC-fc44e30f73,ANDROID,N,2025-10-28,2026-07-17,45
CUST000141,DVC-eb7b1bdb49,IOS,Y,2025-09-25,2026-08-26,5
CUST000142,DVC-9b7d742445,WEB,Y,2025-03-24,2026-08-29,2
CUST000142,DVC-87a2b1f934,ANDROID,N,2025-04-06,2026-06-21,71
CUST000143,DVC-bbdbdb8a1d,ANDROID,Y,2026-03-10,2026-08-26,5
CUST000144,DVC-9eecb17743,WEB,Y,2024-10-06,2026-08-27,4
CUST000144,DVC-3ba86708a3,IOS,N,2024-07-18,2026-06-18,74
CUST000145,DVC-b221adb62b,ANDROID,Y,2024-12-07,2026-08-26,5
CUST000145,DVC-a20a5faa50,ANDROID,N,2026-04-22,2026-06-22,70
CUST000146,DVC-644974380c,ANDROID,Y,2026-06-20,2026-08-31,0
CUST000147,DVC-53a6ef5ae4,IOS,Y,2024-03-29,2026-08-27,4
CUST000148,DVC-e20bb11f35,ANDROID,Y,2026-04-15,2026-08-30,1
CUST000149,DVC-fae97ce6a1,ANDROID,Y,2025-08-20,2026-08-29,2
CUST000149,DVC-454ef2064b,ANDROID,N,2026-02-14,2026-07-07,55
CUST000150,DVC-f2cb81e8fb,ANDROID,Y,2025-02-13,2026-08-26,5
CUST000150,DVC-6c2b3674f1,IOS,N,2026-04-20,2026-08-21,10
CUST000151,DVC-c0c750777b,ANDROID,Y,2024-10-27,2026-08-30,1
CUST000151,DVC-df6484ae14,IOS,N,2024-05-31,2026-07-14,48
CUST000152,DVC-a356ca536c,ANDROID,Y,2024-11-27,2026-08-28,3
CUST000153,DVC-6e9186b60a,ANDROID,Y,2024-12-04,2026-08-27,4
CUST000153,DVC-a6a0bdb37e,ANDROID,N,2026-06-09,2026-08-17,14
CUST000153,DVC-1d993f764a,ANDROID,N,2024-02-22,2025-11-17,287
CUST000154,DVC-92bf11ea8d,ANDROID,Y,2025-04-15,2026-08-31,0
CUST000154,DVC-a36e7e3b50,WEB,N,2026-03-18,2026-08-03,28
CUST000154,DVC-672d8f12a1,IOS,N,2024-04-17,2026-08-17,14
CUST000155,DVC-7036050746,ANDROID,Y,2024-08-13,2026-08-25,6
CUST000156,DVC-6de87e63b2,ANDROID,Y,2024-10-02,2026-08-31,0
CUST000157,DVC-747dce31eb,ANDROID,Y,2026-01-18,2026-08-31,0
CUST000157,DVC-8fe4827801,ANDROID,N,2024-04-25,2026-06-19,73
CUST000157,DVC-1d8564899a,ANDROID,N,2025-07-07,2026-07-29,33
CUST000158,DVC-25fd7a880e,ANDROID,Y,2025-01-22,2026-08-25,6
CUST000158,DVC-e4405af536,ANDROID,N,2023-11-09,2025-12-22,252
CUST000159,DVC-4623bf94e2,ANDROID,Y,2026-07-16,2026-08-28,3
CUST000160,DVC-20597fcd6a,ANDROID,Y,2025-02-06,2026-08-31,0
CUST000161,DVC-72dc26f685,ANDROID,Y,2025-11-28,2026-08-29,2
CUST000162,DVC-7258491b5b,ANDROID,Y,2025-02-07,2026-08-25,6
CUST000162,DVC-316071f1fb,ANDROID,N,2025-04-02,2026-08-07,24
CUST000163,DVC-aca8f57072,ANDROID,Y,2026-06-28,2026-08-25,6
CUST000164,DVC-471c543079,IOS,Y,2025-09-07,2026-08-27,4
CUST000165,DVC-68ec089f13,ANDROID,Y,2025-11-30,2026-08-31,0
CUST000166,DVC-a046c6b475,ANDROID,Y,2024-05-12,2026-08-31,0
CUST000166,DVC-a648317aac,ANDROID,N,2026-02-19,2026-07-01,61
CUST000167,DVC-51b67dc454,ANDROID,Y,2026-05-02,2026-08-29,2
CUST000167,DVC-0ffe37e245,ANDROID,N,2025-03-12,2026-08-15,16
CUST000168,DVC-0e01119170,ANDROID,Y,2025-02-20,2026-08-26,5
CUST000168,DVC-15a3d353c2,ANDROID,N,2024-12-30,2026-07-29,33
CUST000169,DVC-f78b75526f,ANDROID,Y,2025-10-15,2026-08-25,6
CUST000169,DVC-55787e8037,ANDROID,N,2025-11-30,2026-07-17,45
CUST000170,DVC-d803ebda69,ANDROID,Y,2025-11-20,2026-08-30,1
CUST000170,DVC-9136f5b69f,ANDROID,N,2025-09-30,2026-08-27,4
CUST000171,DVC-5d8c28f996,IOS,Y,2025-08-17,2026-08-30,1
CUST000172,DVC-ae537c22b0,ANDROID,Y,2025-01-08,2026-08-26,5
CUST000172,DVC-be3cd20fd6,ANDROID,N,2026-04-25,2026-06-24,68
CUST000173,DVC-03ad3dada3,ANDROID,Y,2024-10-19,2026-08-27,4
CUST000173,DVC-debde0158a,ANDROID,N,2024-10-19,2025-08-23,373
CUST000174,DVC-f185ba9f2d,IOS,Y,2024-11-10,2026-08-31,0
CUST000175,DVC-8670d5d9a3,ANDROID,Y,2025-11-02,2026-08-29,2
CUST000176,DVC-6542849be7,WEB,Y,2025-03-02,2026-08-30,1
CUST000177,DVC-108cb45165,WEB,Y,2025-11-15,2026-08-26,5
CUST000177,DVC-cdb2c4e0cd,IOS,N,2024-03-12,2026-08-17,14
CUST000178,DVC-29f297627e,ANDROID,Y,2026-05-11,2026-08-27,4
CUST000178,DVC-216484d8ab,IOS,N,2024-10-19,2026-06-24,68
CUST000179,DVC-e61f0b4a3d,ANDROID,Y,2025-09-09,2026-08-27,4
CUST000180,DVC-b9811c06ac,ANDROID,Y,2025-06-19,2026-08-30,1
CUST000181,DVC-e863e875d2,IOS,Y,2025-10-01,2026-08-26,5
CUST000182,DVC-ec2c60710f,IOS,Y,2025-02-20,2026-08-31,0
CUST000182,DVC-3343f6ecf4,IOS,N,2025-08-01,2026-02-25,187
CUST000183,DVC-4c8e3153b8,ANDROID,Y,2025-11-20,2026-08-25,6
CUST000184,DVC-34fed97884,WEB,Y,2024-06-23,2026-08-26,5
CUST000184,DVC-34486968f8,ANDROID,N,2024-09-15,2026-06-29,63
CUST000185,DVC-b7bea3ad14,ANDROID,Y,2024-06-16,2026-08-27,4
CUST000186,DVC-67f441124e,ANDROID,Y,2024-09-19,2026-08-28,3
CUST000187,DVC-4362db2dd4,WEB,Y,2024-07-26,2026-08-30,1
CUST000188,DVC-cc1c1c9573,IOS,Y,2026-02-05,2026-08-27,4
CUST000189,DVC-670cbada2a,WEB,Y,2025-05-13,2026-08-26,5
CUST000190,DVC-2d7a33a366,ANDROID,Y,2026-02-18,2026-08-29,2
CUST000190,DVC-24867251ea,IOS,N,2025-02-14,2026-07-27,35
CUST000190,DVC-b933b05a45,ANDROID,N,2025-05-03,2026-06-28,64
CUST000191,DVC-c1cd07d084,IOS,Y,2026-04-01,2026-08-28,3
CUST000191,DVC-e1d199b57c,IOS,N,2024-02-26,2026-07-28,34
CUST000192,DVC-ccdb5162e2,ANDROID,Y,2024-07-19,2026-08-28,3
CUST000193,DVC-fb0338a669,ANDROID,Y,2025-06-27,2026-08-26,5
CUST000194,DVC-c2221b13a1,ANDROID,Y,2024-11-07,2026-08-26,5
CUST000195,DVC-f860912517,ANDROID,Y,2026-03-18,2026-08-30,1
CUST000195,DVC-67cb6ad67b,IOS,N,2024-05-08,2026-08-24,7
CUST000196,DVC-3b3a755a38,WEB,Y,2025-04-11,2026-08-30,1
CUST000197,DVC-deb60c86c9,ANDROID,Y,2026-06-10,2026-08-27,4
CUST000198,DVC-f5b1b6a96e,IOS,Y,2025-05-11,2026-08-27,4
CUST000199,DVC-b79da07ff9,WEB,Y,2025-02-27,2026-08-25,6
CUST000199,DVC-8a528c789c,WEB,N,2024-06-13,2026-07-03,59
CUST000199,DVC-7beca9ae44,ANDROID,N,2025-02-22,2025-09-01,364
CUST000200,DVC-68e97e0435,ANDROID,Y,2025-07-18,2026-08-30,1
CUST000201,DVC-51c7160cf5,ANDROID,Y,2026-03-29,2026-08-27,4
CUST000201,DVC-dbf06fe00f,IOS,N,2025-10-30,2026-08-30,1
CUST000202,DVC-8ad3a6af63,ANDROID,Y,2024-09-14,2026-08-31,0
CUST000202,DVC-e96d96d92c,IOS,N,2024-08-08,2026-07-02,60
CUST000203,DVC-c2d80b5dd1,ANDROID,Y,2024-11-06,2026-08-28,3
CUST000204,DVC-366fd00aec,ANDROID,Y,2026-06-14,2026-08-27,4
CUST000204,DVC-ad4f89e4a6,WEB,N,2026-02-27,2026-08-21,10
CUST000205,DVC-01d66cd9ef,WEB,Y,2026-01-25,2026-08-31,0
CUST000206,DVC-33989eccbb,ANDROID,Y,2024-05-13,2026-08-28,3
CUST000206,DVC-81eb3fb519,IOS,N,2024-07-16,2026-07-07,55
CUST000206,DVC-1ca7583f1c,ANDROID,N,2024-05-25,2025-08-05,391
CUST000207,DVC-3bde8cbf27,ANDROID,Y,2025-01-30,2026-08-29,2
CUST000207,DVC-422ca255d7,ANDROID,N,2024-06-24,2026-06-28,64
CUST000208,DVC-60ae183cde,ANDROID,Y,2024-07-05,2026-08-30,1
CUST000208,DVC-ce96e3cce0,ANDROID,N,2024-07-11,2026-08-07,24
CUST000208,DVC-d514fa7620,ANDROID,N,2025-10-31,2026-08-09,22
CUST000209,DVC-1708c59da5,IOS,Y,2024-10-24,2026-08-28,3
CUST000209,DVC-8b02dd6937,ANDROID,N,2026-02-25,2026-05-14,109
CUST000209,DVC-6684ce66f7,WEB,N,2024-11-05,2026-07-09,53
CUST000210,DVC-7b3b0b365f,ANDROID,Y,2025-04-23,2026-08-28,3
CUST000210,DVC-8dcfd4b59b,ANDROID,N,2025-11-16,2026-07-28,34
CUST000211,DVC-f4618208e9,IOS,Y,2024-11-03,2026-08-31,0
CUST000212,DVC-1a51e9d2fc,ANDROID,Y,2025-05-31,2026-08-29,2
CUST000213,DVC-519db81faa,ANDROID,Y,2024-07-11,2026-08-31,0
CUST000213,DVC-2bcb1e7015,IOS,N,2025-02-27,2026-08-25,6
CUST000214,DVC-1af58f9115,WEB,Y,2024-04-24,2026-08-27,4
CUST000215,DVC-c45293379f,ANDROID,Y,2024-06-18,2026-08-29,2
CUST000215,DVC-5bd9f4a5ad,IOS,N,2024-07-27,2026-08-20,11
CUST000216,DVC-2a8d279e01,IOS,Y,2026-06-23,2026-08-25,6
CUST000217,DVC-bcbc869f21,ANDROID,Y,2026-06-08,2026-08-25,6
CUST000218,DVC-4b24eea49e,ANDROID,Y,2026-05-21,2026-08-25,6
CUST000218,DVC-ab7fc7fe4d,WEB,N,2025-11-15,2026-08-09,22
CUST000219,DVC-a432fd64bb,IOS,Y,2025-12-10,2026-08-28,3
CUST000220,DVC-4f4c825ffc,IOS,Y,2025-10-26,2026-08-28,3
CUST000220,DVC-644c620200,IOS,N,2026-04-19,2026-06-24,68
CUST000220,DVC-f8f80fd805,IOS,N,2025-08-31,2026-03-23,161
CUST000221,DVC-7e7f9fadde,WEB,Y,2024-07-21,2026-08-28,3
CUST000222,DVC-6ba72148e6,IOS,Y,2025-02-22,2026-08-27,4
CUST000222,DVC-676f79fdf3,IOS,N,2026-04-01,2026-08-27,4
CUST000223,DVC-b30914b41b,ANDROID,Y,2026-03-28,2026-08-31,0
CUST000224,DVC-86822ab85b,IOS,Y,2024-08-09,2026-08-29,2
CUST000224,DVC-960ec3cbe5,ANDROID,N,2025-04-10,2026-06-14,78
CUST000224,DVC-fc34ec5fa0,ANDROID,N,2024-03-21,2026-07-29,33
CUST000225,DVC-02d9efd0f2,ANDROID,Y,2025-09-01,2026-08-31,0
CUST000226,DVC-3f01416edb,ANDROID,Y,2026-05-06,2026-08-31,0
CUST000226,DVC-a65f50b212,ANDROID,N,2026-05-13,2026-07-09,53
CUST000227,DVC-8d71f5d789,IOS,Y,2024-06-06,2026-08-30,1
CUST000228,DVC-09474a9360,ANDROID,Y,2026-06-16,2026-08-25,6
CUST000228,DVC-3e428c4ffb,IOS,N,2026-03-02,2026-07-28,34
CUST000229,DVC-d88b7ae2e7,ANDROID,Y,2025-09-22,2026-08-28,3
CUST000230,DVC-005b2e2d37,WEB,Y,2026-06-05,2026-08-28,3
CUST000231,DVC-94e5263608,ANDROID,Y,2026-03-08,2026-08-30,1
CUST000232,DVC-2e96c697bd,ANDROID,Y,2025-10-14,2026-08-26,5
CUST000233,DVC-b17d5987a7,IOS,Y,2026-02-08,2026-08-29,2
CUST000233,DVC-1f97aa0d63,ANDROID,N,2025-05-26,2026-08-26,5
CUST000234,DVC-0612b1970f,ANDROID,Y,2025-05-04,2026-08-27,4
CUST000234,DVC-39b3617bda,ANDROID,N,2026-03-04,2026-07-01,61
CUST000234,DVC-361aafdc68,IOS,N,2025-04-03,2026-06-17,75
CUST000235,DVC-3c3790d0db,ANDROID,Y,2026-01-01,2026-08-29,2
CUST000235,DVC-ed1d91e003,ANDROID,N,2025-05-04,2026-07-14,48
CUST000236,DVC-deb406c512,ANDROID,Y,2024-11-05,2026-08-30,1
CUST000237,DVC-4034e93470,ANDROID,Y,2026-04-18,2026-08-27,4
CUST000237,DVC-8a6244b3e0,ANDROID,N,2025-07-16,2026-07-30,32
CUST000238,DVC-c871bb3645,IOS,Y,2025-10-26,2026-08-25,6
CUST000239,DVC-0bfc31a92d,ANDROID,Y,2024-10-09,2026-08-28,3
CUST000239,DVC-f25bcf5851,ANDROID,N,2024-08-23,2026-08-26,5
CUST000240,DVC-6c83ad4356,ANDROID,Y,2026-02-16,2026-08-30,1
CUST000241,DVC-0716dd4ba0,ANDROID,Y,2024-04-22,2026-08-28,3
CUST000241,DVC-37229767ae,IOS,N,2024-12-11,2026-04-23,130
CUST000242,DVC-fa26c5b61a,ANDROID,Y,2025-06-13,2026-08-31,0
CUST000243,DVC-c43bcba392,IOS,Y,2025-08-21,2026-08-31,0
CUST000243,DVC-0c67ee70f7,ANDROID,N,2025-04-20,2026-07-22,40
CUST000244,DVC-f5aed6e14b,ANDROID,Y,2026-01-10,2026-08-29,2
CUST000245,DVC-166c0412e6,ANDROID,Y,2025-04-21,2026-08-28,3
CUST000245,DVC-76d7bb9b76,WEB,N,2025-08-09,2026-07-11,51
CUST000246,DVC-c9e35216d9,ANDROID,Y,2026-06-20,2026-08-28,3
CUST000247,DVC-0d1c7b8a21,IOS,Y,2025-01-20,2026-08-26,5
CUST000247,DVC-2173ad5da2,ANDROID,N,2025-05-05,2026-06-16,76
CUST000248,DVC-e396ac35fa,IOS,Y,2026-06-05,2026-08-30,1
CUST000249,DVC-ace4d4d447,ANDROID,Y,2025-09-30,2026-08-31,0
CUST000249,DVC-73dd247fc4,ANDROID,N,2026-03-06,2026-08-28,3
CUST000250,DVC-ac5af7b775,ANDROID,Y,2025-07-24,2026-08-29,2
CUST000250,DVC-334c696f92,ANDROID,N,2025-01-10,2026-01-07,236
CUST000251,DVC-0b43527365,ANDROID,Y,2025-10-02,2026-08-27,4
CUST000252,DVC-147499af0f,WEB,Y,2024-10-14,2026-08-29,2
CUST000253,DVC-18d4fed6a1,ANDROID,Y,2025-04-28,2026-08-28,3
CUST000253,DVC-b4852692b3,ANDROID,N,2024-04-07,2026-07-06,56
CUST000254,DVC-2b5db92274,ANDROID,Y,2025-06-19,2026-08-25,6
CUST000254,DVC-33da839fe9,WEB,N,2025-08-06,2026-08-22,9
CUST000255,DVC-b60da96033,ANDROID,Y,2025-02-14,2026-08-28,3
CUST000256,DVC-3f05c17611,WEB,Y,2025-05-28,2026-08-27,4
CUST000257,DVC-5e5732357b,ANDROID,Y,2024-12-03,2026-08-25,6
CUST000257,DVC-25d89bf62b,ANDROID,N,2025-03-12,2026-06-12,80
CUST000257,DVC-616536e65d,ANDROID,N,2024-04-08,2025-11-07,297
CUST000258,DVC-a3af788fe5,ANDROID,Y,2024-07-27,2026-08-25,6
CUST000259,DVC-f77b1274d2,IOS,Y,2024-11-09,2026-08-29,2
CUST000259,DVC-3b3c545640,ANDROID,N,2025-09-14,2026-07-09,53
CUST000259,DVC-b8031c8dba,ANDROID,N,2024-04-21,2026-06-23,69
CUST000260,DVC-d328d60363,ANDROID,Y,2024-12-21,2026-08-27,4
CUST000261,DVC-50e545b538,ANDROID,Y,2026-07-10,2026-08-29,2
CUST000262,DVC-4d62b8d59f,ANDROID,Y,2026-03-07,2026-08-29,2
CUST000262,DVC-4f64d1cf9d,WEB,N,2025-03-24,2025-11-30,274
CUST000263,DVC-ab0db538bc,ANDROID,Y,2025-03-26,2026-08-31,0
CUST000264,DVC-ea5896b7e9,ANDROID,Y,2024-12-31,2026-08-28,3
CUST000265,DVC-d8d6e3afe8,ANDROID,Y,2025-09-12,2026-08-25,6
CUST000265,DVC-51fd82119d,IOS,N,2025-12-28,2026-06-12,80
CUST000265,DVC-f526ecdc9e,IOS,N,2024-05-09,2026-07-25,37
CUST000266,DVC-761c983e38,IOS,Y,2026-03-08,2026-08-26,5
CUST000267,DVC-c69a23a7a2,ANDROID,Y,2026-03-26,2026-08-26,5
CUST000267,DVC-3e80b62702,IOS,N,2025-10-12,2026-02-13,199
CUST000268,DVC-694bf6633e,ANDROID,Y,2025-01-04,2026-08-26,5
CUST000268,DVC-6092bc3de8,WEB,N,2025-12-15,2026-03-24,160
CUST000269,DVC-b7f34e426f,ANDROID,Y,2024-07-07,2026-08-30,1
CUST000270,DVC-76a13873bf,IOS,Y,2026-07-27,2026-08-27,4
CUST000271,DVC-9a721fae54,IOS,Y,2025-10-22,2026-08-25,6
CUST000272,DVC-33c4cb06fc,ANDROID,Y,2025-07-25,2026-08-31,0
CUST000273,DVC-194f00b602,ANDROID,Y,2026-05-28,2026-08-28,3
CUST000273,DVC-077b7c03ea,IOS,N,2024-01-21,2026-06-17,75
CUST000273,DVC-3a012ba549,IOS,N,2024-10-22,2026-07-02,60
CUST000274,DVC-96782a9ccd,WEB,Y,2024-07-28,2026-08-29,2
CUST000274,DVC-f3b96b3ba1,WEB,N,2026-04-11,2026-07-04,58
CUST000274,DVC-730f74a924,ANDROID,N,2025-03-16,2026-06-12,80
CUST000275,DVC-c2bb8b9755,ANDROID,Y,2025-10-09,2026-08-29,2
CUST000275,DVC-51cf1a51c5,IOS,N,2025-03-23,2025-11-05,299
CUST000275,DVC-2d828f7cba,IOS,N,2024-08-30,2026-07-09,53
CUST000276,DVC-42ca126e00,ANDROID,Y,2026-02-04,2026-08-29,2
CUST000276,DVC-70f16c37c4,ANDROID,N,2024-10-27,2026-07-20,42
CUST000277,DVC-211d75ced7,ANDROID,Y,2025-03-05,2026-08-27,4
CUST000278,DVC-936bd298e3,IOS,Y,2025-08-20,2026-08-25,6
CUST000278,DVC-b34aec9aac,ANDROID,N,2024-04-07,2026-07-26,36
CUST000279,DVC-0fe5a259dc,IOS,Y,2026-03-27,2026-08-25,6
CUST000279,DVC-0a9dfd332e,IOS,N,2025-10-22,2026-03-23,161
CUST000279,DVC-4b30852bca,IOS,N,2024-09-16,2026-06-19,73
CUST000280,DVC-c66059970a,ANDROID,Y,2024-11-11,2026-08-26,5
CUST000281,DVC-d88e7abaf4,IOS,Y,2026-06-10,2026-08-27,4
CUST000281,DVC-429ca5fb52,IOS,N,2026-03-06,2026-06-14,78
CUST000282,DVC-55ad9569ef,WEB,Y,2026-07-09,2026-08-30,1
CUST000282,DVC-cd31e62c98,WEB,N,2026-04-04,2026-08-14,17
CUST000283,DVC-2761c5dd3e,WEB,Y,2024-07-26,2026-08-28,3
CUST000283,DVC-cb3afe1db4,ANDROID,N,2026-04-01,2026-07-18,44
CUST000283,DVC-46603d8864,ANDROID,N,2025-02-05,2026-07-14,48
CUST000284,DVC-f3a858485d,ANDROID,Y,2026-07-20,2026-08-31,0
CUST000285,DVC-c76851947f,ANDROID,Y,2025-08-07,2026-08-31,0
CUST000285,DVC-c753db459e,ANDROID,N,2025-12-10,2026-08-18,13
CUST000285,DVC-2a149e9200,ANDROID,N,2024-05-07,2026-06-28,64
CUST000286,DVC-e78ed2cb97,ANDROID,Y,2025-03-14,2026-08-30,1
CUST000286,DVC-8e11a6177e,ANDROID,N,2024-07-16,2026-08-21,10
CUST000287,DVC-f89ff4f7d9,IOS,Y,2025-06-25,2026-08-31,0
CUST000288,DVC-b17d9d4242,ANDROID,Y,2025-12-18,2026-08-28,3
CUST000288,DVC-95e5dc90fc,ANDROID,N,2025-07-20,2026-07-17,45
CUST000289,DVC-f19055d3f6,ANDROID,Y,2026-01-27,2026-08-31,0
CUST000289,DVC-54d1217366,ANDROID,N,2025-08-13,2026-07-11,51
CUST000290,DVC-3f1f4fd41d,ANDROID,Y,2026-06-24,2026-08-31,0
CUST000290,DVC-cb4b714337,IOS,N,2026-03-01,2025-11-03,301
CUST000291,DVC-5fe9f0378c,IOS,Y,2025-06-17,2026-08-30,1
CUST000292,DVC-f4108c8252,WEB,Y,2025-09-18,2026-08-28,3
CUST000293,DVC-7a965d3768,WEB,Y,2025-01-16,2026-08-27,4
CUST000294,DVC-a8461f2ab0,ANDROID,Y,2025-05-12,2026-08-27,4
CUST000295,DVC-25fca93a26,WEB,Y,2025-07-24,2026-08-28,3
CUST000295,DVC-09aff10eb9,ANDROID,N,2025-07-05,2026-08-14,17
CUST000296,DVC-1e3ec9df30,ANDROID,Y,2026-01-22,2026-08-29,2
CUST000297,DVC-c5a57d64d4,ANDROID,Y,2025-12-13,2026-08-27,4
CUST000298,DVC-6f66d6600d,ANDROID,Y,2026-05-05,2026-08-26,5
CUST000299,DVC-013afc3641,ANDROID,Y,2024-05-24,2026-08-27,4
CUST000299,DVC-a9a0f8762e,ANDROID,N,2024-05-19,2026-08-23,8
CUST000300,DVC-0f5d850a74,IOS,Y,2026-04-06,2026-08-29,2
CUST000300,DVC-eba78e7c50,ANDROID,N,2026-05-02,2026-07-14,48
CUST000301,DVC-1f7069dfc6,ANDROID,Y,2026-05-12,2026-08-29,2
CUST000301,DVC-cc7e0cf851,ANDROID,N,2024-06-05,2026-08-13,18
CUST000302,DVC-c7d7f3b0d5,IOS,Y,2025-10-01,2026-08-25,6
CUST000303,DVC-82816bb0d9,ANDROID,Y,2025-03-26,2026-08-30,1
CUST000303,DVC-757cf6ccf3,IOS,N,2024-05-17,2026-08-01,30
CUST000304,DVC-87e3472154,WEB,Y,2026-02-25,2026-08-26,5
CUST000305,DVC-90bdec04a3,ANDROID,Y,2024-12-05,2026-08-30,1
CUST000306,DVC-f4d52b0206,ANDROID,Y,2025-07-20,2026-08-30,1
CUST000306,DVC-ff9816da8f,IOS,N,2024-12-05,2026-08-18,13
CUST000307,DVC-8df6022648,ANDROID,Y,2026-07-09,2026-08-28,3
CUST000307,DVC-61a299ae2a,ANDROID,N,2026-05-24,2026-08-26,5
CUST000308,DVC-295f47770b,ANDROID,Y,2024-03-17,2026-08-28,3
CUST000309,DVC-89ce0a7a73,WEB,Y,2025-05-05,2026-08-27,4
CUST000310,DVC-543fe508f9,IOS,Y,2026-07-14,2026-08-31,0
CUST000310,DVC-7e42250bf3,ANDROID,N,2026-04-10,2026-08-11,20
CUST000311,DVC-a1827343d7,ANDROID,Y,2024-06-13,2026-08-27,4
CUST000312,DVC-8da626766b,WEB,Y,2024-08-24,2026-08-30,1
CUST000313,DVC-795939562b,ANDROID,Y,2025-10-25,2026-08-29,2
CUST000313,DVC-f76c8de4f2,ANDROID,N,2024-04-01,2026-08-10,21
CUST000314,DVC-1f54da7542,IOS,Y,2026-03-29,2026-08-25,6
CUST000315,DVC-b4841bf70d,ANDROID,Y,2024-03-21,2026-08-27,4
CUST000316,DVC-6a281abf7a,ANDROID,Y,2026-06-30,2026-08-31,0
CUST000317,DVC-236946ca72,ANDROID,Y,2025-03-06,2026-08-30,1
CUST000317,DVC-44ce8b28c4,ANDROID,N,2025-04-15,2026-08-22,9
CUST000317,DVC-2388d89dff,ANDROID,N,2024-03-25,2026-06-30,62
CUST000318,DVC-f28214e6df,ANDROID,Y,2025-05-08,2026-08-31,0
CUST000319,DVC-4507f94fd6,ANDROID,Y,2025-08-03,2026-08-25,6
CUST000320,DVC-05f8ee3cf6,IOS,Y,2025-02-19,2026-08-25,6
CUST000321,DVC-87ebaa863c,IOS,Y,2025-07-18,2026-08-28,3
CUST000322,DVC-464204cc96,IOS,Y,2024-07-05,2026-08-29,2
CUST000323,DVC-a7ba32ade4,ANDROID,Y,2024-04-14,2026-08-31,0
CUST000324,DVC-df5e86e959,IOS,Y,2025-12-27,2026-08-29,2
CUST000324,DVC-3205fa8094,ANDROID,N,2024-12-22,2026-08-25,6
CUST000325,DVC-4545d1ae91,ANDROID,Y,2024-05-08,2026-08-28,3
CUST000326,DVC-0d87a747e6,IOS,Y,2024-05-27,2026-08-29,2
CUST000326,DVC-b8618886c9,ANDROID,N,2025-12-17,2026-08-21,10
CUST000326,DVC-2ea5335af2,ANDROID,N,2024-06-11,2026-07-04,58
CUST000327,DVC-f526b8d1a3,ANDROID,Y,2025-10-30,2026-08-31,0
CUST000328,DVC-44a67588a5,ANDROID,Y,2026-03-15,2026-08-26,5
CUST000329,DVC-d484575e07,ANDROID,Y,2025-08-29,2026-08-30,1
CUST000330,DVC-f7a83d7cec,WEB,Y,2025-06-19,2026-08-29,2
CUST000331,DVC-760889b47a,ANDROID,Y,2024-10-19,2026-08-31,0
CUST000331,DVC-8359202e5d,ANDROID,N,2024-07-22,2026-08-05,26
CUST000332,DVC-8feb43bbef,ANDROID,Y,2026-01-02,2026-08-28,3
CUST000332,DVC-d4f9316795,ANDROID,N,2025-03-25,2026-06-12,80
CUST000332,DVC-eec7df8cf5,ANDROID,N,2026-01-04,2026-08-07,24
CUST000333,DVC-4b0c946e21,WEB,Y,2026-07-17,2026-08-31,0
CUST000334,DVC-1ea63a7957,ANDROID,Y,2025-09-06,2026-08-27,4
CUST000334,DVC-e5565648d2,ANDROID,N,2024-09-13,2026-07-02,60
CUST000335,DVC-3be3c434cf,ANDROID,Y,2024-12-03,2026-08-27,4
CUST000336,DVC-78a61e1473,IOS,Y,2024-09-06,2026-08-30,1
CUST000336,DVC-a9e509070a,ANDROID,N,2025-02-27,2025-12-16,258
CUST000337,DVC-6cb5cdea56,ANDROID,Y,2024-03-25,2026-08-27,4
CUST000338,DVC-efd16c065f,IOS,Y,2026-04-05,2026-08-26,5
CUST000339,DVC-d45b34c1c5,IOS,Y,2025-05-19,2026-08-30,1
CUST000340,DVC-db4eb87df6,ANDROID,Y,2026-05-10,2026-08-30,1
CUST000341,DVC-4cdc8b28e0,ANDROID,Y,2026-01-12,2026-08-25,6
CUST000342,DVC-9bbd1fff7d,WEB,Y,2025-09-27,2026-08-29,2
CUST000342,DVC-f3da191d2e,IOS,N,2026-05-02,2026-07-17,45
CUST000343,DVC-25c80a8839,ANDROID,Y,2026-04-22,2026-08-25,6
CUST000344,DVC-9fdf9469ac,ANDROID,Y,2025-11-29,2026-08-27,4
CUST000344,DVC-301b42da20,IOS,N,2025-07-13,2026-06-17,75
CUST000345,DVC-001f055877,ANDROID,Y,2025-06-08,2026-08-25,6
CUST000345,DVC-cf6a525464,IOS,N,2025-01-22,2026-08-13,18
CUST000346,DVC-07cc62a6e9,ANDROID,Y,2026-03-14,2026-08-26,5
CUST000346,DVC-af4ae748f0,IOS,N,2026-01-06,2026-08-06,25
CUST000347,DVC-be270de5a3,ANDROID,Y,2026-05-22,2026-08-30,1
CUST000348,DVC-1e482e7b80,ANDROID,Y,2025-08-07,2026-08-28,3
CUST000349,DVC-d252aa205c,ANDROID,Y,2024-07-16,2026-08-25,6
CUST000349,DVC-56f674acfd,ANDROID,N,2024-10-26,2026-07-21,41
CUST000350,DVC-5e619b4fbc,IOS,Y,2025-11-06,2026-08-31,0
CUST000351,DVC-20e67274c0,ANDROID,Y,2025-02-24,2026-08-27,4
CUST000352,DVC-63ca1be1a8,ANDROID,Y,2025-12-22,2026-08-25,6
CUST000352,DVC-4670ebf6ff,ANDROID,N,2025-10-08,2026-08-01,30
CUST000352,DVC-7116db5974,ANDROID,N,2025-12-14,2026-06-21,71
CUST000353,DVC-e3bf3fcd73,IOS,Y,2024-11-23,2026-08-26,5
CUST000353,DVC-0dfee6eda9,ANDROID,N,2024-06-14,2026-08-21,10
CUST000354,DVC-2c67ab643f,ANDROID,Y,2024-10-10,2026-08-31,0
CUST000355,DVC-033b28a212,WEB,Y,2026-07-09,2026-08-29,2
CUST000356,DVC-dce1c5fa19,ANDROID,Y,2024-10-12,2026-08-31,0
CUST000357,DVC-2c068c21b0,IOS,Y,2025-11-04,2026-08-27,4
CUST000357,DVC-c1e8d9d0dd,ANDROID,N,2026-01-13,2026-08-23,8
CUST000358,DVC-0fac5fc4e7,ANDROID,Y,2026-06-30,2026-08-26,5
CUST000359,DVC-a441fc28e9,ANDROID,Y,2025-06-13,2026-08-30,1
CUST000359,DVC-8982eda13a,ANDROID,N,2025-10-09,2026-07-26,36
CUST000360,DVC-cea5fb72fc,ANDROID,Y,2026-03-03,2026-08-31,0
CUST000361,DVC-603a45b7fd,WEB,Y,2024-08-19,2026-08-26,5
CUST000362,DVC-77784354f8,ANDROID,Y,2026-06-23,2026-08-28,3
CUST000362,DVC-e038d3fe38,IOS,N,2025-10-06,2026-05-16,107
CUST000363,DVC-8a373b8e86,ANDROID,Y,2026-03-29,2026-08-26,5
CUST000363,DVC-4fefedeaba,ANDROID,N,2025-10-15,2026-07-25,37
CUST000364,DVC-01303b3821,ANDROID,Y,2024-04-13,2026-08-30,1
CUST000364,DVC-4a93086f4b,IOS,N,2025-01-08,2026-08-30,1
CUST000365,DVC-78227f50e7,IOS,Y,2024-10-27,2026-08-26,5
CUST000365,DVC-e84cd918d5,WEB,N,2025-04-08,2026-07-14,48
CUST000365,DVC-74c27f2114,ANDROID,N,2025-10-07,2025-12-18,256
CUST000366,DVC-d4aad53b98,ANDROID,Y,2024-08-03,2026-08-31,0
CUST000366,DVC-16c882bc33,ANDROID,N,2025-04-02,2026-07-26,36
CUST000367,DVC-11152a183c,IOS,Y,2024-12-06,2026-08-26,5
CUST000368,DVC-19388be8d3,ANDROID,Y,2026-01-12,2026-08-26,5
CUST000369,DVC-700dfad8bb,ANDROID,Y,2024-12-02,2026-08-29,2
CUST000369,DVC-77b0290602,IOS,N,2025-10-17,2026-06-25,67
CUST000369,DVC-c1b0e59ff8,ANDROID,N,2025-01-01,2026-07-21,41
CUST000370,DVC-dab998475e,WEB,Y,2026-02-03,2026-08-25,6
CUST000370,DVC-1c188fa508,ANDROID,N,2026-01-07,2026-07-08,54
CUST000371,DVC-5dd25719ae,WEB,Y,2026-02-26,2026-08-26,5
CUST000372,DVC-8b90f5f749,IOS,Y,2026-03-29,2026-08-29,2
CUST000373,DVC-26aac2de7a,ANDROID,Y,2025-04-18,2026-08-29,2
CUST000373,DVC-7aa4f03fec,ANDROID,N,2025-04-25,2026-07-11,51
CUST000374,DVC-b578245589,IOS,Y,2024-11-29,2026-08-29,2
CUST000374,DVC-596cfbf3c0,ANDROID,N,2026-02-19,2026-06-16,76
CUST000375,DVC-0c71daa1c3,ANDROID,Y,2024-12-14,2026-08-25,6
CUST000376,DVC-141e9749d2,ANDROID,Y,2026-06-08,2026-08-27,4
CUST000377,DVC-54842cdc2a,IOS,Y,2025-12-10,2026-08-25,6
CUST000378,DVC-2a49979cba,ANDROID,Y,2026-03-30,2026-08-27,4
CUST000379,DVC-78b9681653,WEB,Y,2026-06-13,2026-08-31,0
CUST000380,DVC-1ecc94d5be,WEB,Y,2025-08-13,2026-08-26,5
CUST000380,DVC-97362e4ccb,ANDROID,N,2025-10-04,2026-07-01,61
CUST000381,DVC-2904450b69,ANDROID,Y,2024-05-08,2026-08-28,3
CUST000382,DVC-ef1bad9b96,ANDROID,Y,2026-04-02,2026-08-28,3
CUST000383,DVC-abc291e809,ANDROID,Y,2025-03-24,2026-08-30,1
CUST000384,DVC-5ca1e626cc,ANDROID,Y,2024-10-26,2026-08-31,0
CUST000385,DVC-db873bc4f2,ANDROID,Y,2026-03-13,2026-08-31,0
CUST000386,DVC-0e339fceee,ANDROID,Y,2026-02-18,2026-08-31,0
CUST000387,DVC-0fafe44533,ANDROID,Y,2025-07-05,2026-08-26,5
CUST000387,DVC-f36bafd8ff,ANDROID,N,2024-10-09,2026-07-24,38
CUST000388,DVC-14f4df1a12,ANDROID,Y,2026-01-26,2026-08-25,6
CUST000388,DVC-041b343e7d,IOS,N,2025-07-26,2026-06-22,70
CUST000388,DVC-84a4c28981,IOS,N,2024-01-28,2026-07-12,50
CUST000389,DVC-c38536d5ef,ANDROID,Y,2026-05-06,2026-08-26,5
CUST000389,DVC-47649ea459,ANDROID,N,2026-04-15,2026-07-12,50
CUST000390,DVC-50684209b3,IOS,Y,2026-06-20,2026-08-26,5
CUST000391,DVC-491f660913,ANDROID,Y,2025-10-31,2026-08-28,3
CUST000391,DVC-ab5474bfec,WEB,N,2024-07-14,2026-08-13,18
CUST000392,DVC-836416c945,ANDROID,Y,2025-08-15,2026-08-30,1
CUST000392,DVC-5241061d7b,ANDROID,N,2025-03-30,2026-08-24,7
CUST000393,DVC-68cb9a37b8,IOS,Y,2026-04-03,2026-08-26,5
CUST000393,DVC-70d66262ba,ANDROID,N,2026-01-17,2026-08-27,4
CUST000394,DVC-6a2c33917b,IOS,Y,2025-01-19,2026-08-26,5
CUST000394,DVC-817e9200d6,ANDROID,N,2025-05-21,2026-08-17,14
CUST000395,DVC-49b8904c7f,ANDROID,Y,2026-01-11,2026-08-26,5
CUST000396,DVC-d3ac2b439f,ANDROID,Y,2026-06-12,2026-08-29,2
CUST000397,DVC-8cb9378bb9,ANDROID,Y,2024-04-21,2026-08-27,4
CUST000398,DVC-b5bc1b8797,ANDROID,Y,2024-10-21,2026-08-29,2
CUST000398,DVC-4ba374de0a,ANDROID,N,2024-02-26,2026-07-14,48
CUST000399,DVC-5f725529ca,ANDROID,Y,2025-05-21,2026-08-28,3
CUST000399,DVC-2c36be05a8,ANDROID,N,2026-04-03,2026-08-26,5
CUST000400,DVC-b10a17fa52,IOS,Y,2026-03-18,2026-08-30,1
CUST000400,DVC-d07978e07e,WEB,N,2026-02-13,2026-06-28,64
CUST000401,DVC-5357399df0,ANDROID,Y,2025-10-18,2026-08-26,5
CUST000401,DVC-8dbae010b1,ANDROID,N,2025-10-09,2026-07-02,60
CUST000401,DVC-2706638d5d,IOS,N,2025-08-30,2026-06-26,66
CUST000402,DVC-8d4ad600ba,IOS,Y,2025-06-29,2026-08-28,3
CUST000402,DVC-dc5ed059ab,ANDROID,N,2024-10-10,2026-07-14,48
CUST000402,DVC-fba52b2f08,ANDROID,N,2024-05-19,2026-07-14,48
CUST000403,DVC-ee6f38b5e9,ANDROID,Y,2026-02-21,2026-08-25,6
CUST000404,DVC-31bbb67ff4,ANDROID,Y,2025-02-21,2026-08-25,6
CUST000405,DVC-1668974503,WEB,Y,2025-02-08,2026-08-30,1
CUST000406,DVC-bb225c1761,IOS,Y,2025-10-08,2026-08-29,2
CUST000407,DVC-ce8fa6e6d3,ANDROID,Y,2026-06-17,2026-08-26,5
CUST000407,DVC-6fc99eb43e,ANDROID,N,2024-09-26,2026-08-20,11
CUST000408,DVC-a0564d8831,ANDROID,Y,2025-09-25,2026-08-25,6
CUST000408,DVC-569413d954,ANDROID,N,2024-05-01,2026-07-16,46
CUST000409,DVC-ccbdae1013,ANDROID,Y,2026-03-14,2026-08-25,6
CUST000410,DVC-856be78103,IOS,Y,2024-08-22,2026-08-29,2
CUST000411,DVC-236076341d,IOS,Y,2026-01-20,2026-08-29,2
CUST000411,DVC-d310d108be,ANDROID,N,2025-05-05,2026-07-18,44
CUST000412,DVC-cab49aafc3,ANDROID,Y,2024-07-24,2026-08-25,6
CUST000412,DVC-5a43fc4058,IOS,N,2025-08-22,2025-12-15,259
CUST000412,DVC-c3bf92c25c,ANDROID,N,2025-11-15,2026-08-25,6
CUST000413,DVC-4460d422ae,ANDROID,Y,2024-04-18,2026-08-29,2
CUST000413,DVC-e525a24e70,IOS,N,2026-07-05,2026-08-10,21
CUST000414,DVC-8694452a4c,IOS,Y,2025-07-22,2026-08-26,5
CUST000414,DVC-7ac7610205,IOS,N,2025-09-12,2026-08-20,11
CUST000414,DVC-4faa2284dc,WEB,N,2024-06-17,2026-07-04,58
CUST000415,DVC-7be7ece74e,ANDROID,Y,2026-06-13,2026-08-30,1
CUST000415,DVC-13797e2374,ANDROID,N,2026-05-01,2026-06-19,73
CUST000415,DVC-7ab6ddec64,ANDROID,N,2026-05-01,2026-06-22,70
CUST000416,DVC-2330382c01,WEB,Y,2024-10-17,2026-08-25,6
CUST000417,DVC-cf1a87220a,ANDROID,Y,2026-05-27,2026-08-27,4
CUST000418,DVC-5632cdefbe,IOS,Y,2026-07-09,2026-08-26,5
CUST000419,DVC-fbf7d3504d,ANDROID,Y,2024-07-22,2026-08-29,2
CUST000419,DVC-079e7f2b63,ANDROID,N,2025-01-10,2026-07-14,48
CUST000419,DVC-91743b3700,ANDROID,N,2026-06-27,2026-08-15,16
CUST000420,DVC-24231d01d4,ANDROID,Y,2025-05-18,2026-08-31,0
CUST000421,DVC-af44fac8ad,ANDROID,Y,2026-07-25,2026-08-25,6
CUST000422,DVC-d770a7e85a,ANDROID,Y,2025-06-16,2026-08-30,1
CUST000422,DVC-833935b306,ANDROID,N,2025-09-17,2026-04-07,146
CUST000423,DVC-adafec5a33,IOS,Y,2024-10-22,2026-08-26,5
CUST000424,DVC-536b540893,WEB,Y,2024-08-15,2026-08-26,5
CUST000425,DVC-0a12a07778,ANDROID,Y,2025-03-05,2026-08-29,2
CUST000426,DVC-a6b83d5653,IOS,Y,2026-04-03,2026-08-31,0
CUST000426,DVC-d00d97ed4f,ANDROID,N,2026-04-13,2026-08-09,22
CUST000427,DVC-4c61ce67d0,ANDROID,Y,2026-05-24,2026-08-27,4
CUST000428,DVC-a6e3974ddf,IOS,Y,2025-10-19,2026-08-28,3
CUST000428,DVC-9a38c85281,ANDROID,N,2025-07-27,2026-07-25,37
CUST000428,DVC-baab5a0a0b,ANDROID,N,2025-08-18,2026-07-08,54
CUST000429,DVC-c91bf6df4a,WEB,Y,2025-07-15,2026-08-28,3
CUST000429,DVC-450806152b,ANDROID,N,2024-07-30,2026-07-13,49
CUST000430,DVC-089f56a068,IOS,Y,2024-04-04,2026-08-29,2
CUST000431,DVC-64e5032907,ANDROID,Y,2025-04-28,2026-08-26,5
CUST000432,DVC-72a89247a0,ANDROID,Y,2024-06-29,2026-08-25,6
CUST000433,DVC-09f98ac661,ANDROID,Y,2024-12-02,2026-08-27,4
CUST000433,DVC-ac9d3dfc4a,IOS,N,2025-02-26,2026-08-11,20
CUST000434,DVC-5561d39e48,ANDROID,Y,2025-07-07,2026-08-29,2
CUST000434,DVC-2f3ee7d001,ANDROID,N,2026-01-09,2026-06-19,73
CUST000435,DVC-ca26d74187,ANDROID,Y,2024-11-16,2026-08-26,5
CUST000436,DVC-f3cf1ba4c2,ANDROID,Y,2026-03-14,2026-08-29,2
CUST000437,DVC-aa276999bf,IOS,Y,2024-03-23,2026-08-29,2
CUST000437,DVC-fa19936d7f,ANDROID,N,2025-09-23,2026-06-20,72
CUST000438,DVC-02f9cf8d92,IOS,Y,2025-11-23,2026-08-29,2
CUST000438,DVC-41339003e0,ANDROID,N,2026-05-01,2026-06-26,66
CUST000439,DVC-4e2280c8cc,IOS,Y,2025-01-08,2026-08-31,0
CUST000440,DVC-3178875906,ANDROID,Y,2026-07-02,2026-08-28,3
CUST000441,DVC-b2b1f823de,IOS,Y,2026-04-22,2026-08-29,2
CUST000441,DVC-1f741e4811,IOS,N,2025-11-25,2026-08-11,20
CUST000441,DVC-fccf62407b,ANDROID,N,2024-07-25,2026-07-10,52
CUST000442,DVC-a442a0322f,ANDROID,Y,2024-08-25,2026-08-30,1
CUST000442,DVC-4759e8fce4,IOS,N,2024-04-03,2026-08-04,27
CUST000443,DVC-8dfa836f9b,ANDROID,Y,2026-02-18,2026-08-26,5
CUST000443,DVC-376e1f1811,WEB,N,2023-08-26,2026-02-02,210
CUST000443,DVC-2986ded760,ANDROID,N,2024-07-11,2026-08-14,17
CUST000444,DVC-2f54657745,IOS,Y,2025-09-09,2026-08-29,2
CUST000444,DVC-8866159a4a,ANDROID,N,2026-03-22,2026-08-14,17
CUST000445,DVC-244a9e2c91,ANDROID,Y,2024-05-02,2026-08-30,1
CUST000446,DVC-3893109331,ANDROID,Y,2025-10-08,2026-08-31,0
CUST000446,DVC-a324996e36,IOS,N,2024-07-14,2026-08-15,16
CUST000446,DVC-3059839329,ANDROID,N,2026-05-26,2026-07-24,38
CUST000447,DVC-3f7365e323,ANDROID,Y,2025-07-22,2026-08-28,3
CUST000448,DVC-c88d96f390,ANDROID,Y,2025-11-20,2026-08-28,3
CUST000449,DVC-15f06366ce,IOS,Y,2026-02-13,2026-08-31,0
CUST000449,DVC-adf7603614,IOS,N,2025-05-23,2026-06-24,68
CUST000450,DVC-a08c6895ec,IOS,Y,2025-09-27,2026-08-31,0
CUST000451,DVC-a1a5946a6f,WEB,Y,2026-03-16,2026-08-26,5
CUST000451,DVC-247e94ae5b,WEB,N,2026-02-17,2026-08-09,22
CUST000452,DVC-04de8e8d14,ANDROID,Y,2025-10-18,2026-08-30,1
CUST000453,DVC-75f2955715,ANDROID,Y,2026-03-04,2026-08-26,5
CUST000454,DVC-92ddf07cbf,ANDROID,Y,2024-04-27,2026-08-26,5
CUST000454,DVC-33bf13c8b4,IOS,N,2024-12-12,2026-04-18,135
CUST000454,DVC-7c5dcba811,ANDROID,N,2025-05-12,2026-07-21,41
CUST000455,DVC-a2459ac5ba,ANDROID,Y,2025-04-14,2026-08-31,0
CUST000456,DVC-b391c9e2bf,ANDROID,Y,2024-04-08,2026-08-30,1
CUST000456,DVC-3eb7eec170,WEB,N,2024-07-31,2026-08-05,26
CUST000457,DVC-77458184c8,ANDROID,Y,2024-08-28,2026-08-27,4
CUST000458,DVC-24c3d54ef8,ANDROID,Y,2026-05-04,2026-08-27,4
CUST000459,DVC-eff764da85,ANDROID,Y,2026-04-25,2026-08-29,2
CUST000460,DVC-8c479505ac,ANDROID,Y,2026-05-13,2026-08-25,6
CUST000460,DVC-a1b374bd87,IOS,N,2025-04-03,2026-06-24,68
CUST000461,DVC-cc994bb98e,ANDROID,Y,2024-08-25,2026-08-25,6
CUST000462,DVC-584e1aa2f7,IOS,Y,2025-09-24,2026-08-28,3
CUST000462,DVC-e522dd371a,ANDROID,N,2026-02-10,2026-06-30,62
CUST000462,DVC-4a4e4f78d1,ANDROID,N,2025-05-01,2026-02-10,202
CUST000463,DVC-8c1ee88fb2,ANDROID,Y,2024-12-08,2026-08-31,0
CUST000464,DVC-df87011691,ANDROID,Y,2024-04-01,2026-08-28,3
CUST000465,DVC-2b9b32f819,ANDROID,Y,2025-01-15,2026-08-30,1
CUST000466,DVC-f76a23f859,ANDROID,Y,2025-11-20,2026-08-28,3
CUST000467,DVC-d7b86d0f9a,IOS,Y,2025-04-21,2026-08-26,5
CUST000468,DVC-a3301e01b5,WEB,Y,2025-12-09,2026-08-30,1
CUST000469,DVC-40f278aefb,IOS,Y,2024-06-28,2026-08-26,5
CUST000469,DVC-c632d8673d,WEB,N,2024-06-08,2026-06-26,66
CUST000470,DVC-2cca151309,ANDROID,Y,2025-12-29,2026-08-25,6
CUST000470,DVC-00dd94fd79,ANDROID,N,2024-04-13,2026-07-10,52
CUST000471,DVC-2fdb107762,WEB,Y,2024-12-29,2026-08-27,4
CUST000472,DVC-885650c12e,ANDROID,Y,2026-06-04,2026-08-29,2
CUST000473,DVC-27a4972e4b,ANDROID,Y,2025-11-25,2026-08-28,3
CUST000473,DVC-fd02ac049b,ANDROID,N,2026-02-23,2026-08-08,23
CUST000473,DVC-872b0f4c6f,ANDROID,N,2024-04-13,2026-08-09,22
CUST000474,DVC-6db4ba1886,ANDROID,Y,2026-07-25,2026-08-31,0
CUST000475,DVC-52befea59e,IOS,Y,2025-07-04,2026-08-31,0
CUST000475,DVC-f4db15f6c7,ANDROID,N,2026-02-11,2026-07-27,35
CUST000476,DVC-25500cdaab,WEB,Y,2026-07-10,2026-08-27,4
CUST000476,DVC-54e0573fc0,ANDROID,N,2026-06-01,2026-07-13,49
CUST000477,DVC-39105b6597,ANDROID,Y,2025-04-08,2026-08-26,5
CUST000478,DVC-55396a1797,ANDROID,Y,2025-10-18,2026-08-30,1
CUST000479,DVC-371183704a,ANDROID,Y,2026-06-22,2026-08-31,0
CUST000480,DVC-30e8fa73f4,IOS,Y,2024-05-04,2026-08-27,4
CUST000480,DVC-11670df729,IOS,N,2026-03-06,2026-07-20,42
CUST000481,DVC-f962866945,ANDROID,Y,2025-12-21,2026-08-30,1
CUST000481,DVC-25eca6ce05,IOS,N,2025-02-11,2025-11-02,302
CUST000482,DVC-a261347408,IOS,Y,2024-08-16,2026-08-29,2
CUST000483,DVC-b104a66399,ANDROID,Y,2025-06-21,2026-08-25,6
CUST000484,DVC-7c0ae32914,ANDROID,Y,2026-03-15,2026-08-31,0
CUST000485,DVC-b8d2b105f9,ANDROID,Y,2025-09-19,2026-08-26,5
CUST000485,DVC-1af517586d,ANDROID,N,2025-03-11,2026-06-29,63
CUST000486,DVC-f2ba985eb6,IOS,Y,2025-12-13,2026-08-31,0
CUST000486,DVC-4c9079a0b8,WEB,N,2025-08-17,2026-06-28,64
CUST000487,DVC-44b94a01c0,ANDROID,Y,2024-10-29,2026-08-26,5
CUST000488,DVC-71bec37917,WEB,Y,2025-01-24,2026-08-31,0
CUST000488,DVC-dccf464d06,ANDROID,N,2025-10-08,2025-11-12,292
CUST000489,DVC-de74000348,ANDROID,Y,2024-08-13,2026-08-30,1
CUST000489,DVC-32353b37b1,IOS,N,2025-07-12,2026-07-17,45
CUST000490,DVC-254f68ac44,ANDROID,Y,2026-06-12,2026-08-31,0
CUST000491,DVC-dbb0e3cd56,ANDROID,Y,2025-04-07,2026-08-30,1
CUST000492,DVC-34424aee0e,IOS,Y,2026-05-06,2026-08-28,3
CUST000492,DVC-73060453a7,ANDROID,N,2026-04-17,2026-06-26,66
CUST000493,DVC-c540889825,ANDROID,Y,2025-06-02,2026-08-31,0
CUST000494,DVC-2ca4b6b311,ANDROID,Y,2025-12-06,2026-08-31,0
CUST000494,DVC-0a588aa8b1,IOS,N,2025-03-15,2026-07-22,40
CUST000495,DVC-b1253ce033,IOS,Y,2025-04-10,2026-08-25,6
CUST000496,DVC-9ae193e00b,WEB,Y,2024-04-07,2026-08-26,5
CUST000497,DVC-51acbb6fd8,ANDROID,Y,2024-09-02,2026-08-25,6
CUST000498,DVC-ba0c3780e7,ANDROID,Y,2024-11-29,2026-08-26,5
CUST000498,DVC-8deb3be068,IOS,N,2025-07-12,2026-07-23,39
CUST000499,DVC-89ca40d347,ANDROID,Y,2024-05-12,2026-08-30,1
CUST000500,DVC-ea407add5c,ANDROID,Y,2025-03-27,2026-08-26,5
CUST000501,DVC-13016227dc,ANDROID,Y,2025-03-13,2026-08-31,0
CUST000501,DVC-b5e0c12839,IOS,N,2024-09-16,2026-07-13,49
CUST000502,DVC-cb6f094c23,IOS,Y,2025-12-17,2026-08-27,4
CUST000502,DVC-71aa4a776c,ANDROID,N,2026-07-13,2026-08-16,15
CUST000502,DVC-81b697359d,ANDROID,N,2026-02-16,2026-08-03,28
CUST000503,DVC-59669c635b,IOS,Y,2024-12-15,2026-08-26,5
CUST000503,DVC-ba3a43fdf4,ANDROID,N,2025-02-17,2026-08-11,20
CUST000503,DVC-cd6e8f4d07,ANDROID,N,2026-03-29,2026-06-18,74
CUST000504,DVC-97f75de7b4,ANDROID,Y,2026-07-16,2026-08-29,2
CUST000504,DVC-86836211dd,IOS,N,2026-05-02,2026-08-16,15
CUST000505,DVC-4697e2beee,WEB,Y,2025-12-11,2026-08-28,3
CUST000505,DVC-cabed809a6,ANDROID,N,2024-05-06,2026-08-12,19
CUST000506,DVC-8c4fe7d7cb,IOS,Y,2024-05-27,2026-08-31,0
CUST000507,DVC-349aa31db3,ANDROID,Y,2025-06-28,2026-08-31,0
CUST000507,DVC-1ec5925602,ANDROID,N,2025-06-18,2025-12-16,258
CUST000507,DVC-979008324b,IOS,N,2025-09-07,2026-08-18,13
CUST000508,DVC-8150a4b419,IOS,Y,2024-05-12,2026-08-30,1
CUST000509,DVC-b4288f3210,IOS,Y,2025-10-08,2026-08-25,6
CUST000509,DVC-0bf60b799f,ANDROID,N,2025-04-12,2026-06-19,73
CUST000510,DVC-33ff413d28,IOS,Y,2026-04-24,2026-08-29,2
CUST000511,DVC-ea4493822c,ANDROID,Y,2024-03-19,2026-08-30,1
CUST000511,DVC-7c2069682c,ANDROID,N,2024-06-09,2026-08-24,7
CUST000511,DVC-98a81a31a7,ANDROID,N,2024-09-22,2026-07-06,56
CUST000512,DVC-b866d85149,IOS,Y,2024-06-05,2026-08-31,0
CUST000512,DVC-a6042133ef,ANDROID,N,2025-02-25,2025-12-11,263
CUST000512,DVC-213232f893,WEB,N,2025-04-12,2026-06-28,64
CUST000513,DVC-d143299b52,IOS,Y,2026-02-20,2026-08-27,4
CUST000513,DVC-8ad3699045,ANDROID,N,2025-10-29,2026-08-25,6
CUST000514,DVC-ad2aa892f3,ANDROID,Y,2024-09-01,2026-08-26,5
CUST000515,DVC-f78ea5f6fe,ANDROID,Y,2024-10-30,2026-08-31,0
CUST000516,DVC-6ca8802bb6,ANDROID,Y,2025-04-13,2026-08-29,2
CUST000517,DVC-d74a53811e,ANDROID,Y,2026-06-12,2026-08-26,5
CUST000518,DVC-0e0c7b3cf0,ANDROID,Y,2025-04-06,2026-08-27,4
CUST000518,DVC-1486fbe134,ANDROID,N,2025-02-04,2026-04-02,151
CUST000518,DVC-5a0b8efe82,ANDROID,N,2025-07-07,2026-08-25,6
CUST000519,DVC-40d347c019,ANDROID,Y,2026-05-14,2026-08-27,4
CUST000519,DVC-cdc9f8aeeb,ANDROID,N,2025-04-07,2026-08-04,27
CUST000520,DVC-e782c41ad9,ANDROID,Y,2024-04-04,2026-08-28,3
CUST000521,DVC-7a7f084fb8,ANDROID,Y,2026-07-10,2026-08-31,0
CUST000522,DVC-1c6ef61863,ANDROID,Y,2026-06-15,2026-08-25,6
CUST000523,DVC-d0ce1dbf8f,WEB,Y,2025-04-10,2026-08-29,2
CUST000523,DVC-be906c6e8d,ANDROID,N,2024-11-17,2026-02-14,198
CUST000524,DVC-23a979a975,ANDROID,Y,2025-12-23,2026-08-30,1
CUST000524,DVC-e90045be8b,ANDROID,N,2026-01-19,2026-08-12,19
CUST000525,DVC-0778d7a1b5,ANDROID,Y,2026-01-23,2026-08-27,4
CUST000526,DVC-d5e52eaf1a,ANDROID,Y,2025-02-07,2026-08-29,2
CUST000526,DVC-790e342e63,ANDROID,N,2024-12-29,2026-06-20,72
CUST000526,DVC-e1bcaafe40,ANDROID,N,2026-04-03,2026-07-31,31
CUST000527,DVC-4d3be1a40a,ANDROID,Y,2025-10-10,2026-08-27,4
CUST000527,DVC-ed28ea02f1,IOS,N,2025-01-04,2026-06-23,69
CUST000528,DVC-ac4d58780f,ANDROID,Y,2026-05-27,2026-08-28,3
CUST000529,DVC-7a9eccc9d8,WEB,Y,2024-03-30,2026-08-30,1
CUST000530,DVC-c5cf1b599b,ANDROID,Y,2025-05-01,2026-08-29,2
CUST000531,DVC-8c183738b8,ANDROID,Y,2026-06-11,2026-08-31,0
CUST000531,DVC-09a060cde4,ANDROID,N,2026-04-09,2026-08-16,15
CUST000532,DVC-10357a0074,IOS,Y,2026-05-22,2026-08-31,0
CUST000532,DVC-3c2f5592ec,IOS,N,2024-07-17,2026-08-22,9
CUST000533,DVC-012cd70b1f,ANDROID,Y,2026-06-26,2026-08-27,4
CUST000534,DVC-9d4275695a,ANDROID,Y,2025-11-14,2026-08-31,0
CUST000534,DVC-2546e0b3be,ANDROID,N,2026-01-03,2026-07-13,49
CUST000535,DVC-bcb8822f57,IOS,Y,2026-04-04,2026-08-28,3
CUST000536,DVC-84373ec3ba,ANDROID,Y,2026-07-24,2026-08-31,0
CUST000536,DVC-45da0b5653,ANDROID,N,2026-03-17,2026-07-10,52
CUST000537,DVC-1738c0afcf,ANDROID,Y,2026-07-05,2026-08-26,5
CUST000538,DVC-99956e2085,ANDROID,Y,2026-03-31,2026-08-27,4
CUST000539,DVC-d116ebac24,IOS,Y,2026-07-09,2026-08-28,3
CUST000540,DVC-e43f38e99f,ANDROID,Y,2025-11-20,2026-08-31,0
CUST000541,DVC-9387f13dce,ANDROID,Y,2025-10-24,2026-08-28,3
CUST000541,DVC-1a827120ca,IOS,N,2025-01-17,2026-07-23,39
CUST000542,DVC-0a2ad5bd4f,IOS,Y,2024-08-20,2026-08-25,6
CUST000542,DVC-141c47c543,ANDROID,N,2024-06-13,2026-08-14,17
CUST000543,DVC-c46d12f417,WEB,Y,2026-02-06,2026-08-26,5
CUST000544,DVC-7fb765c1ad,ANDROID,Y,2025-12-25,2026-08-31,0
CUST000545,DVC-8ddacc0010,ANDROID,Y,2024-09-13,2026-08-29,2
CUST000546,DVC-f0c43afc0e,IOS,Y,2025-09-04,2026-08-27,4
CUST000547,DVC-e8969a28a2,ANDROID,Y,2026-07-19,2026-08-25,6
CUST000548,DVC-8c12f9b759,IOS,Y,2025-08-25,2026-08-28,3
CUST000548,DVC-18816799a4,IOS,N,2023-10-02,2025-09-28,337
CUST000549,DVC-2627a7cdef,ANDROID,Y,2024-07-30,2026-08-29,2
CUST000549,DVC-d6cf6e67a0,IOS,N,2024-10-20,2026-06-17,75
CUST000550,DVC-ffbfbe0915,IOS,Y,2026-06-26,2026-08-27,4
CUST000551,DVC-61b27ea252,IOS,Y,2026-05-27,2026-08-29,2
CUST000551,DVC-43eb42a113,IOS,N,2026-04-30,2026-07-23,39
CUST000551,DVC-853d5d8dde,ANDROID,N,2026-06-27,2026-08-17,14
CUST000552,DVC-7fbf03b66b,ANDROID,Y,2024-12-17,2026-08-27,4
CUST000553,DVC-ad537eb1d1,ANDROID,Y,2026-03-14,2026-08-29,2
CUST000554,DVC-bdd04fb61c,IOS,Y,2025-04-04,2026-08-28,3
CUST000555,DVC-a99f3e91ee,IOS,Y,2026-05-06,2026-08-25,6
CUST000556,DVC-e976876c14,IOS,Y,2024-11-15,2026-08-27,4
CUST000556,DVC-9ffd1b949a,IOS,N,2025-01-13,2026-06-13,79
CUST000557,DVC-839b656899,ANDROID,Y,2025-10-08,2026-08-28,3
CUST000558,DVC-7d6eb99234,ANDROID,Y,2024-07-10,2026-08-29,2
CUST000559,DVC-76c0f63613,ANDROID,Y,2024-06-29,2026-08-26,5
CUST000560,DVC-3182e36957,IOS,Y,2026-04-20,2026-08-27,4
CUST000561,DVC-f69304bb3a,ANDROID,Y,2025-03-05,2026-08-27,4
CUST000562,DVC-775eb3e7f4,IOS,Y,2024-09-24,2026-08-25,6
CUST000562,DVC-9fc07646c3,ANDROID,N,2024-10-23,2026-08-05,26
CUST000563,DVC-98d6547416,ANDROID,Y,2025-04-16,2026-08-25,6
CUST000563,DVC-078187896a,ANDROID,N,2025-08-21,2026-08-08,23
CUST000564,DVC-4b3f23acfa,ANDROID,Y,2025-07-01,2026-08-25,6
CUST000564,DVC-19793bded4,IOS,N,2026-04-15,2026-08-22,9
CUST000565,DVC-c80f81447d,WEB,Y,2025-08-23,2026-08-25,6
CUST000566,DVC-a38f8e768b,ANDROID,Y,2024-10-01,2026-08-26,5
CUST000567,DVC-ebbb7b3252,IOS,Y,2026-02-14,2026-08-27,4
CUST000567,DVC-9491a9fdf2,ANDROID,N,2026-05-15,2026-07-25,37
CUST000568,DVC-57c56f4f87,ANDROID,Y,2025-08-09,2026-08-25,6
CUST000569,DVC-fe2c72abaa,IOS,Y,2024-07-05,2026-08-25,6
CUST000570,DVC-8fae5d98da,ANDROID,Y,2025-11-12,2026-08-31,0
CUST000570,DVC-ccfe76df4e,ANDROID,N,2026-03-29,2026-07-25,37
CUST000571,DVC-8ef98cd1b3,WEB,Y,2026-01-19,2026-08-28,3
CUST000572,DVC-c72ba1a69c,ANDROID,Y,2026-04-17,2026-08-28,3
CUST000573,DVC-e1f352629e,ANDROID,Y,2024-09-08,2026-08-31,0
CUST000574,DVC-b8fbb48a59,ANDROID,Y,2025-02-08,2026-08-28,3
CUST000575,DVC-2bdf25a598,ANDROID,Y,2025-11-22,2026-08-31,0
CUST000575,DVC-bfac3436e2,ANDROID,N,2024-07-18,2026-07-10,52
CUST000576,DVC-390fecd88e,ANDROID,Y,2025-01-17,2026-08-27,4
CUST000576,DVC-d9651a84e7,IOS,N,2023-12-03,2026-04-11,142
CUST000577,DVC-eee4eff0ad,ANDROID,Y,2026-07-11,2026-08-29,2
CUST000577,DVC-a497a85c56,ANDROID,N,2024-10-12,2025-10-22,313
CUST000578,DVC-281c35e6fc,ANDROID,Y,2026-07-30,2026-08-30,1
CUST000578,DVC-a8a54a3807,ANDROID,N,2026-06-29,2026-06-28,64
CUST000579,DVC-9bb12ac2f4,ANDROID,Y,2026-02-05,2026-08-31,0
CUST000580,DVC-46f751fb61,IOS,Y,2025-11-22,2026-08-29,2
CUST000581,DVC-d9ed5569ae,IOS,Y,2026-05-30,2026-08-29,2
CUST000582,DVC-931acdcf35,ANDROID,Y,2025-09-17,2026-08-25,6
CUST000583,DVC-e21f7b1e2a,ANDROID,Y,2024-07-11,2026-08-26,5
CUST000583,DVC-efc81682c3,ANDROID,N,2026-06-06,2026-08-14,17
CUST000583,DVC-924497e8a7,ANDROID,N,2025-03-05,2026-07-01,61
CUST000584,DVC-d73cb125bd,WEB,Y,2025-03-27,2026-08-29,2
CUST000584,DVC-a509ba2360,WEB,N,2025-04-08,2026-07-04,58
CUST000585,DVC-79031c6dc9,ANDROID,Y,2026-05-17,2026-08-26,5
CUST000585,DVC-d2da9c604e,ANDROID,N,2026-05-06,2026-07-13,49
CUST000586,DVC-1ad01c2340,ANDROID,Y,2026-07-15,2026-08-29,2
CUST000587,DVC-d91ce6266b,IOS,Y,2024-08-07,2026-08-30,1
CUST000587,DVC-0b51f25366,ANDROID,N,2024-09-01,2026-08-28,3
CUST000588,DVC-a677b4aaf8,IOS,Y,2026-07-24,2026-08-25,6
CUST000588,DVC-f94ce00bc6,ANDROID,N,2025-09-29,2026-06-14,78
CUST000589,DVC-8d1b8765ab,IOS,Y,2025-09-22,2026-08-27,4
CUST000589,DVC-6947161276,IOS,N,2026-02-04,2026-07-23,39
CUST000590,DVC-9aaca9b849,ANDROID,Y,2026-07-27,2026-08-29,2
CUST000591,DVC-055e3fa48f,ANDROID,Y,2024-07-10,2026-08-30,1
CUST000592,DVC-d6565e37b8,ANDROID,Y,2024-10-20,2026-08-30,1
CUST000592,DVC-d2241fd94d,ANDROID,N,2026-05-03,2026-08-30,1
CUST000593,DVC-9ae1a5a54c,WEB,Y,2024-07-21,2026-08-31,0
CUST000593,DVC-bd6fcea596,IOS,N,2025-11-25,2026-08-10,21
CUST000594,DVC-9fa678544e,ANDROID,Y,2024-05-03,2026-08-27,4
CUST000594,DVC-a143f631f4,IOS,N,2024-09-03,2026-07-23,39
CUST000595,DVC-f79be77e7c,ANDROID,Y,2025-12-25,2026-08-31,0
CUST000596,DVC-4cc793d7ac,ANDROID,Y,2025-09-07,2026-08-27,4
CUST000596,DVC-a11e1dc67f,ANDROID,N,2025-05-31,2026-08-18,13
CUST000597,DVC-5a82beeb5e,ANDROID,Y,2025-08-03,2026-08-26,5
CUST000598,DVC-da7063dc58,ANDROID,Y,2026-02-17,2026-08-29,2
CUST000599,DVC-72e45c3a43,IOS,Y,2026-04-18,2026-08-25,6
CUST000599,DVC-6c4a74d96b,ANDROID,N,2026-03-05,2026-07-10,52
CUST000600,DVC-b8bdefb0c3,IOS,Y,2025-11-23,2026-08-28,3
CUST000601,DVC-e9ee294b18,ANDROID,Y,2025-12-22,2026-08-29,2
CUST000601,DVC-d969e57a2c,ANDROID,N,2024-08-11,2026-07-10,52
CUST000601,DVC-3cb9d1647f,WEB,N,2026-01-13,2026-07-27,35
CUST000602,DVC-10b456eeda,IOS,Y,2026-05-04,2026-08-28,3
CUST000603,DVC-0445ed019f,IOS,Y,2025-12-04,2026-08-27,4
CUST000604,DVC-9419f6ff45,IOS,Y,2024-11-22,2026-08-25,6
CUST000605,DVC-88e6d70c65,ANDROID,Y,2025-02-23,2026-08-30,1
CUST000606,DVC-0b2f4c98ed,IOS,Y,2026-06-05,2026-08-25,6
CUST000607,DVC-d74d4d4b9a,IOS,Y,2025-07-07,2026-08-31,0
CUST000608,DVC-5a4e358593,ANDROID,Y,2025-04-20,2026-08-29,2
CUST000609,DVC-79afed7892,ANDROID,Y,2025-11-25,2026-08-27,4
CUST000610,DVC-9edaa7737f,IOS,Y,2024-04-12,2026-08-31,0
CUST000611,DVC-ac1fb0434b,IOS,Y,2024-06-26,2026-08-28,3
CUST000612,DVC-d5e0ad131e,ANDROID,Y,2025-11-14,2026-08-27,4
CUST000612,DVC-8aea9c5cb3,ANDROID,N,2024-08-01,2026-05-13,110
CUST000613,DVC-90ff67a8a5,ANDROID,Y,2026-03-03,2026-08-31,0
CUST000614,DVC-dfe4d92252,IOS,Y,2025-02-28,2026-08-26,5
CUST000614,DVC-011eef2769,ANDROID,N,2025-11-12,2026-07-11,51
CUST000615,DVC-cfe6ba7fa0,IOS,Y,2024-09-05,2026-08-25,6
CUST000616,DVC-1c11096a89,ANDROID,Y,2026-02-27,2026-08-28,3
CUST000617,DVC-8df9fac874,ANDROID,Y,2025-06-15,2026-08-28,3
CUST000618,DVC-825098ec08,ANDROID,Y,2024-03-10,2026-08-27,4
CUST000619,DVC-31aaca00f5,IOS,Y,2025-04-13,2026-08-31,0
CUST000619,DVC-ef78b0db19,ANDROID,N,2024-05-03,2026-08-15,16
CUST000620,DVC-3f034feee4,ANDROID,Y,2025-06-07,2026-08-27,4
CUST000620,DVC-cbd5a1186a,ANDROID,N,2025-11-04,2026-07-02,60
CUST000621,DVC-f9481b9eb6,WEB,Y,2026-06-23,2026-08-30,1
CUST000621,DVC-ab8d4fa85e,ANDROID,N,2026-06-13,2026-06-15,77
CUST000622,DVC-f12f428f6a,ANDROID,Y,2024-10-18,2026-08-27,4
CUST000623,DVC-d5f88ef13d,ANDROID,Y,2026-06-23,2026-08-28,3
CUST000623,DVC-7980353012,ANDROID,N,2026-03-23,2025-11-22,282
CUST000624,DVC-38c2222908,ANDROID,Y,2025-01-04,2026-08-26,5
CUST000624,DVC-387f8f79c2,WEB,N,2024-12-21,2026-06-19,73
CUST000625,DVC-5d5f795db7,ANDROID,Y,2025-03-22,2026-08-25,6
CUST000626,DVC-3f1b1a044f,ANDROID,Y,2025-02-15,2026-08-26,5
CUST000627,DVC-2e6750faee,IOS,Y,2025-04-19,2026-08-29,2
CUST000627,DVC-41f438f81b,IOS,N,2024-08-30,2026-06-15,77
CUST000628,DVC-f41420ce0c,IOS,Y,2025-10-09,2026-08-25,6
CUST000629,DVC-9a9110b7f0,ANDROID,Y,2026-06-15,2026-08-26,5
CUST000629,DVC-5a6311d082,ANDROID,N,2024-04-01,2026-06-30,62
CUST000630,DVC-78595ce895,ANDROID,Y,2026-03-10,2026-08-28,3
CUST000631,DVC-b7b9fc3648,WEB,Y,2025-09-05,2026-08-26,5
CUST000631,DVC-bc0f43c0b8,ANDROID,N,2025-09-25,2026-06-20,72
CUST000632,DVC-92648f9462,ANDROID,Y,2026-01-01,2026-08-30,1
CUST000632,DVC-60ad282fb1,ANDROID,N,2024-05-29,2026-08-01,30
CUST000632,DVC-66772d69a9,WEB,N,2024-11-06,2026-07-18,44
CUST000633,DVC-616b093e1f,ANDROID,Y,2024-10-22,2026-08-31,0
CUST000633,DVC-cd5b2dda84,ANDROID,N,2024-03-01,2026-06-13,79
CUST000634,DVC-5056e68655,ANDROID,Y,2025-08-02,2026-08-29,2
CUST000635,DVC-f4a276d564,ANDROID,Y,2026-02-04,2026-08-28,3
CUST000635,DVC-19900f3047,IOS,N,2025-03-22,2026-07-07,55
CUST000636,DVC-b3e3b6c654,IOS,Y,2025-08-14,2026-08-26,5
CUST000636,DVC-27f0a0dc4f,IOS,N,2024-01-11,2026-06-25,67
CUST000637,DVC-3ae1bcfd5e,IOS,Y,2026-02-04,2026-08-30,1
CUST000638,DVC-6662d8b983,WEB,Y,2026-02-23,2026-08-30,1
CUST000639,DVC-ced3b19c05,IOS,Y,2026-03-16,2026-08-25,6
CUST000639,DVC-85f6f94825,IOS,N,2025-08-11,2026-08-05,26
CUST000640,DVC-e2f158d9ba,ANDROID,Y,2025-05-08,2026-08-27,4
CUST000641,DVC-9007c1419a,ANDROID,Y,2026-07-11,2026-08-29,2
CUST000641,DVC-ae53f364be,ANDROID,N,2026-05-18,2026-07-23,39
CUST000642,DVC-e1cdac4104,ANDROID,Y,2024-11-04,2026-08-25,6
CUST000642,DVC-0896486948,ANDROID,N,2024-05-20,2026-07-09,53
CUST000643,DVC-01a09f8d2c,ANDROID,Y,2025-03-23,2026-08-31,0
CUST000644,DVC-09dd8f2507,ANDROID,Y,2025-02-11,2026-08-30,1
CUST000645,DVC-0376388fe6,IOS,Y,2025-09-14,2026-08-30,1
CUST000646,DVC-e25a3c2f11,ANDROID,Y,2024-04-01,2026-08-31,0
CUST000647,DVC-c46a180467,IOS,Y,2024-11-30,2026-08-28,3
CUST000647,DVC-1a5cff9a48,IOS,N,2024-05-23,2026-07-17,45
CUST000648,DVC-55829171bb,ANDROID,Y,2024-09-11,2026-08-28,3
CUST000649,DVC-5475df6746,IOS,Y,2024-03-31,2026-08-25,6
CUST000649,DVC-33a7719ecd,ANDROID,N,2024-03-23,2026-04-19,134
CUST000649,DVC-cbede08472,WEB,N,2024-04-14,2026-03-25,159
CUST000650,DVC-90aab41117,IOS,Y,2025-09-06,2026-08-31,0
CUST000651,DVC-8795f28794,IOS,Y,2025-09-15,2026-08-30,1
CUST000652,DVC-778cb930a1,ANDROID,Y,2024-12-30,2026-08-29,2
CUST000652,DVC-757c12b3a9,ANDROID,N,2024-08-23,2026-06-12,80
CUST000652,DVC-2ddad47b6d,ANDROID,N,2025-02-12,2026-07-20,42
CUST000653,DVC-62356f1908,IOS,Y,2024-09-02,2026-08-26,5
CUST000653,DVC-7bf870751a,ANDROID,N,2025-05-17,2026-04-06,147
CUST000654,DVC-a8c0a21924,ANDROID,Y,2024-10-13,2026-08-31,0
CUST000655,DVC-c3c725a3e2,ANDROID,Y,2024-11-20,2026-08-25,6
CUST000656,DVC-ff8405dd7b,ANDROID,Y,2026-05-14,2026-08-31,0
CUST000657,DVC-8f225dbbf5,IOS,Y,2024-06-07,2026-08-28,3
CUST000658,DVC-38fc5dc90f,ANDROID,Y,2026-02-26,2026-08-30,1
CUST000658,DVC-21a7775ed9,IOS,N,2026-07-06,2026-08-27,4
CUST000658,DVC-0c30acbfa2,IOS,N,2024-08-31,2026-08-04,27
CUST000659,DVC-fe3c0306d9,ANDROID,Y,2026-01-28,2026-08-25,6
CUST000659,DVC-e300605a0f,ANDROID,N,2025-11-24,2026-07-15,47
CUST000660,DVC-35bba632d3,ANDROID,Y,2026-03-01,2026-08-27,4
CUST000661,DVC-300e6ee587,ANDROID,Y,2025-06-04,2026-08-27,4
CUST000662,DVC-a600282f56,ANDROID,Y,2024-04-01,2026-08-31,0
CUST000662,DVC-7c1f1976c9,IOS,N,2026-01-17,2026-07-23,39
CUST000663,DVC-b068100565,WEB,Y,2025-03-04,2026-08-25,6
CUST000663,DVC-8c0c271894,IOS,N,2025-09-17,2026-07-09,53
CUST000664,DVC-7b1d3a3090,IOS,Y,2024-10-05,2026-08-30,1
CUST000664,DVC-bcc5b2a6c1,ANDROID,N,2024-09-28,2026-04-03,150
CUST000665,DVC-93c1583499,ANDROID,Y,2024-08-27,2026-08-29,2
CUST000666,DVC-3ab4f22c33,IOS,Y,2025-05-18,2026-08-26,5
CUST000667,DVC-db739afa9e,ANDROID,Y,2026-03-25,2026-08-28,3
CUST000668,DVC-d681343b30,ANDROID,Y,2026-05-07,2026-08-26,5
CUST000669,DVC-392f1ba109,IOS,Y,2026-05-29,2026-08-25,6
CUST000670,DVC-869afb3d2d,ANDROID,Y,2024-06-21,2026-08-26,5
CUST000671,DVC-11d208e556,IOS,Y,2025-10-23,2026-08-27,4
CUST000671,DVC-2c70cbe6c7,ANDROID,N,2024-07-29,2026-08-07,24
CUST000671,DVC-9623a8ac74,ANDROID,N,2026-04-25,2026-07-18,44
CUST000672,DVC-9b50693497,ANDROID,Y,2025-08-28,2026-08-31,0
CUST000673,DVC-8c163aa14e,ANDROID,Y,2025-11-11,2026-08-27,4
CUST000674,DVC-da9f465aed,ANDROID,Y,2026-02-21,2026-08-30,1
CUST000675,DVC-32b6702004,ANDROID,Y,2025-04-05,2026-08-26,5
CUST000675,DVC-c4c776dbf2,ANDROID,N,2025-01-29,2026-07-19,43
CUST000676,DVC-8422dfe00f,ANDROID,Y,2024-11-12,2026-08-31,0
CUST000677,DVC-4597e70d69,ANDROID,Y,2024-09-10,2026-08-30,1
CUST000678,DVC-bbcaf5d7f0,ANDROID,Y,2026-07-17,2026-08-28,3
CUST000679,DVC-27293fc505,ANDROID,Y,2025-08-07,2026-08-30,1
CUST000680,DVC-bc49ae6801,IOS,Y,2024-07-13,2026-08-30,1
CUST000681,DVC-49f90f167b,ANDROID,Y,2025-10-01,2026-08-26,5
CUST000681,DVC-841f9e67d5,ANDROID,N,2025-09-10,2026-03-15,169
CUST000682,DVC-ed50e8bb26,ANDROID,Y,2026-04-06,2026-08-29,2
CUST000682,DVC-501ecdd7b2,WEB,N,2026-05-05,2026-07-07,55
CUST000682,DVC-b3b577b37f,IOS,N,2025-08-14,2026-06-20,72
CUST000683,DVC-2a3211e6a8,WEB,Y,2026-06-30,2026-08-26,5
CUST000684,DVC-e41dbdf052,ANDROID,Y,2025-12-23,2026-08-30,1
CUST000685,DVC-ea2e16ac0c,IOS,Y,2025-01-19,2026-08-27,4
CUST000686,DVC-dc3e2e38ef,ANDROID,Y,2025-01-23,2026-08-26,5
CUST000687,DVC-5aa648e59c,ANDROID,Y,2024-09-03,2026-08-25,6
CUST000687,DVC-2a54706ce2,ANDROID,N,2025-11-25,2026-07-20,42
CUST000687,DVC-75e6d9436f,ANDROID,N,2026-05-13,2026-07-07,55
CUST000688,DVC-f6dc01d936,ANDROID,Y,2025-10-23,2026-08-29,2
CUST000688,DVC-8fdb7dbc66,IOS,N,2025-08-18,2026-06-16,76
CUST000689,DVC-7f211e8c3d,IOS,Y,2025-12-30,2026-08-30,1
CUST000690,DVC-5a0163045b,IOS,Y,2024-06-06,2026-08-25,6
CUST000691,DVC-4400d015b9,ANDROID,Y,2026-04-22,2026-08-31,0
CUST000691,DVC-29a3604961,IOS,N,2026-03-24,2026-03-29,155
CUST000692,DVC-ba00efdb34,ANDROID,Y,2026-02-11,2026-08-26,5
CUST000693,DVC-e367c60b33,ANDROID,Y,2026-07-17,2026-08-27,4
CUST000694,DVC-9cc5c29bc9,IOS,Y,2025-01-27,2026-08-29,2
CUST000694,DVC-1d3118dc85,IOS,N,2025-06-28,2026-08-07,24
CUST000694,DVC-a8cd8296e2,ANDROID,N,2026-02-23,2026-08-12,19
CUST000695,DVC-63d6a7d8b2,WEB,Y,2026-01-02,2026-08-28,3
CUST000695,DVC-5aff144691,IOS,N,2024-03-10,2026-08-11,20
CUST000696,DVC-f280f96077,ANDROID,Y,2025-08-17,2026-08-31,0
CUST000696,DVC-026f570416,IOS,N,2025-07-05,2026-06-27,65
CUST000697,DVC-2ca1fe7c00,IOS,Y,2024-08-26,2026-08-25,6
CUST000698,DVC-9f69635c1d,ANDROID,Y,2025-04-23,2026-08-26,5
CUST000699,DVC-1094523018,ANDROID,Y,2026-07-19,2026-08-29,2
CUST000699,DVC-c712b0d2b4,ANDROID,N,2026-05-16,2026-07-21,41
CUST000700,DVC-ace38b9785,ANDROID,Y,2026-02-07,2026-08-28,3
CUST000701,DVC-3f41cf8cef,ANDROID,Y,2026-03-19,2026-08-28,3
CUST000702,DVC-ab500eecbf,ANDROID,Y,2024-10-01,2026-08-26,5
CUST000703,DVC-0ec99ea04b,ANDROID,Y,2026-01-07,2026-08-30,1
CUST000704,DVC-0623b1a487,ANDROID,Y,2024-06-13,2026-08-26,5
CUST000705,DVC-40c6c5fdd1,ANDROID,Y,2025-08-08,2026-08-25,6
CUST000705,DVC-42544e2ddb,ANDROID,N,2026-02-12,2026-08-19,12
CUST000706,DVC-6dfedc8f0d,ANDROID,Y,2025-05-01,2026-08-28,3
CUST000707,DVC-9100901383,IOS,Y,2026-07-25,2026-08-26,5
CUST000707,DVC-b2bc40a9bb,ANDROID,N,2026-04-23,2026-07-08,54
CUST000708,DVC-a43bafe3d9,ANDROID,Y,2025-06-04,2026-08-26,5
CUST000709,DVC-244bb99faf,ANDROID,Y,2026-07-09,2026-08-26,5
CUST000710,DVC-867214e926,ANDROID,Y,2026-05-10,2026-08-30,1
CUST000710,DVC-679155aa9a,ANDROID,N,2025-01-03,2026-07-18,44
CUST000711,DVC-f80ab2acd8,ANDROID,Y,2025-09-30,2026-08-25,6
CUST000711,DVC-22a89354d6,ANDROID,N,2026-02-01,2026-08-05,26
CUST000712,DVC-47b2f938c0,IOS,Y,2025-04-03,2026-08-28,3
CUST000712,DVC-b367ef96e7,ANDROID,N,2025-11-21,2026-08-24,7
CUST000713,DVC-9334409466,IOS,Y,2026-03-17,2026-08-25,6
CUST000714,DVC-cdd094facc,IOS,Y,2026-05-27,2026-08-29,2
CUST000714,DVC-c2fff2b808,ANDROID,N,2026-03-31,2026-08-07,24
CUST000714,DVC-671eb19249,ANDROID,N,2024-09-02,2026-08-26,5
CUST000715,DVC-dec2b884d4,WEB,Y,2026-06-16,2026-08-25,6
CUST000715,DVC-bd81e71188,ANDROID,N,2026-02-17,2026-08-18,13
CUST000716,DVC-4705f32969,ANDROID,Y,2024-04-12,2026-08-27,4
CUST000716,DVC-4516eb88bc,WEB,N,2025-07-04,2026-07-20,42
CUST000716,DVC-d4f6017300,ANDROID,N,2025-10-18,2026-08-15,16
CUST000717,DVC-ddf63efb1c,WEB,Y,2026-07-08,2026-08-27,4
CUST000718,DVC-412853077a,ANDROID,Y,2025-07-26,2026-08-30,1
CUST000719,DVC-66b8b53bec,ANDROID,Y,2024-08-08,2026-08-29,2
CUST000719,DVC-4603f70a37,ANDROID,N,2025-09-06,2026-08-27,4
CUST000720,DVC-95644c4022,ANDROID,Y,2025-11-18,2026-08-26,5
CUST000721,DVC-78739facad,IOS,Y,2026-05-30,2026-08-25,6
CUST000722,DVC-06bc90d894,ANDROID,Y,2025-02-22,2026-08-28,3
CUST000723,DVC-08b4159436,ANDROID,Y,2025-11-28,2026-08-28,3
CUST000724,DVC-ca25fb0358,IOS,Y,2024-04-24,2026-08-27,4
CUST000725,DVC-461de3e7ed,IOS,Y,2025-02-21,2026-08-29,2
CUST000725,DVC-e7b7756a8e,IOS,N,2025-12-09,2026-06-20,72
CUST000726,DVC-3b680622fc,ANDROID,Y,2024-11-17,2026-08-28,3
CUST000726,DVC-d9d0ac2b5a,ANDROID,N,2024-02-22,2026-07-08,54
CUST000727,DVC-9697ce4885,ANDROID,Y,2026-04-04,2026-08-31,0
CUST000728,DVC-1d7fc4e16f,IOS,Y,2026-03-29,2026-08-30,1
CUST000728,DVC-39a0476384,IOS,N,2026-01-27,2026-07-07,55
CUST000729,DVC-c2a71721d2,IOS,Y,2026-06-10,2026-08-31,0
CUST000730,DVC-8b76617f2b,ANDROID,Y,2025-05-21,2026-08-27,4
CUST000731,DVC-d8d46a3076,ANDROID,Y,2025-02-28,2026-08-31,0
CUST000732,DVC-4297381a03,ANDROID,Y,2026-03-23,2026-08-29,2
CUST000733,DVC-907ffeac8d,IOS,Y,2024-08-03,2026-08-26,5
CUST000734,DVC-48a4fad988,ANDROID,Y,2024-06-16,2026-08-27,4
CUST000735,DVC-fc8736b3c0,ANDROID,Y,2024-07-22,2026-08-27,4
CUST000735,DVC-e68803dc3f,ANDROID,N,2026-04-10,2026-07-26,36
CUST000736,DVC-f2e2b7cf6b,ANDROID,Y,2025-09-22,2026-08-28,3
CUST000737,DVC-f005603005,IOS,Y,2025-07-05,2026-08-30,1
CUST000737,DVC-8b5f6b2159,ANDROID,N,2026-03-29,2026-08-22,9
CUST000738,DVC-3b48e4b3a8,ANDROID,Y,2026-04-20,2026-08-29,2
CUST000738,DVC-dd8eb85378,ANDROID,N,2024-05-17,2026-08-16,15
CUST000739,DVC-fcd3274174,ANDROID,Y,2026-06-21,2026-08-28,3
CUST000739,DVC-07d23db199,ANDROID,N,2026-02-21,2026-06-29,63
CUST000739,DVC-93e90e1bf2,IOS,N,2025-03-22,2026-06-13,79
CUST000740,DVC-20a253209c,ANDROID,Y,2026-01-03,2026-08-26,5
CUST000741,DVC-89d92372a7,IOS,Y,2025-12-19,2026-08-27,4
CUST000742,DVC-22427503b5,ANDROID,Y,2024-06-09,2026-08-27,4
CUST000742,DVC-978f221d50,ANDROID,N,2024-06-29,2026-08-25,6
CUST000743,DVC-75bcca3648,ANDROID,Y,2026-05-25,2026-08-30,1
CUST000743,DVC-5c6dddaf30,ANDROID,N,2025-12-16,2026-07-24,38
CUST000744,DVC-4f5cdac3f6,ANDROID,Y,2025-06-14,2026-08-25,6
CUST000744,DVC-cb21e0319b,ANDROID,N,2024-07-14,2026-08-08,23
CUST000745,DVC-eed35d4242,ANDROID,Y,2025-12-22,2026-08-26,5
CUST000746,DVC-f1f58eb16f,ANDROID,Y,2026-01-31,2026-08-28,3
CUST000747,DVC-2faef15979,IOS,Y,2025-09-27,2026-08-29,2
CUST000748,DVC-c7bbe41a68,WEB,Y,2026-04-27,2026-08-30,1
CUST000748,DVC-8623058a30,ANDROID,N,2025-02-16,2026-06-12,80
CUST000749,DVC-487fee7404,ANDROID,Y,2026-01-11,2026-08-29,2
CUST000750,DVC-596858bb39,IOS,Y,2024-09-22,2026-08-25,6
CUST000750,DVC-c25ace2c92,ANDROID,N,2024-10-17,2026-08-22,9
CUST000751,DVC-57a95ff6bb,ANDROID,Y,2025-08-25,2026-08-31,0
CUST000752,DVC-c868a296ae,ANDROID,Y,2025-10-11,2026-08-29,2
CUST000753,DVC-d7069f3825,ANDROID,Y,2026-07-03,2026-08-31,0
CUST000753,DVC-0d64d7b067,IOS,N,2025-03-15,2026-07-05,57
CUST000753,DVC-073b507681,ANDROID,N,2026-03-07,2026-08-03,28
CUST000754,DVC-276db1417c,ANDROID,Y,2025-12-18,2026-08-27,4
CUST000754,DVC-ecb1ccfdff,IOS,N,2025-06-28,2026-06-18,74
CUST000755,DVC-65c4d655b5,IOS,Y,2026-05-29,2026-08-25,6
CUST000756,DVC-50989011c2,ANDROID,Y,2025-10-11,2026-08-30,1
CUST000757,DVC-348f53c313,ANDROID,Y,2025-09-17,2026-08-28,3
CUST000757,DVC-93d700c516,ANDROID,N,2025-04-21,2026-07-17,45
CUST000758,DVC-ac97ed1703,ANDROID,Y,2026-03-17,2026-08-28,3
CUST000759,DVC-b20c33789f,IOS,Y,2026-07-20,2026-08-26,5
CUST000759,DVC-05c47193e3,ANDROID,N,2024-05-28,2026-06-18,74
CUST000759,DVC-97e693474a,IOS,N,2026-02-17,2026-07-26,36
CUST000760,DVC-3d32a3a0b3,ANDROID,Y,2026-02-06,2026-08-29,2
CUST000760,DVC-e12a5c21ba,ANDROID,N,2025-03-18,2026-07-29,33
CUST000761,DVC-0245f31a7c,ANDROID,Y,2024-03-15,2026-08-30,1
CUST000762,DVC-206bfb611e,IOS,Y,2024-08-16,2026-08-29,2
CUST000763,DVC-fe5719de9f,ANDROID,Y,2024-05-30,2026-08-29,2
CUST000764,DVC-e37b3c4c99,ANDROID,Y,2026-03-18,2026-08-31,0
CUST000764,DVC-e917f284a8,IOS,N,2024-04-03,2026-06-25,67
CUST000765,DVC-865faacd72,ANDROID,Y,2024-04-03,2026-08-25,6
CUST000765,DVC-6cf5e7d19f,ANDROID,N,2026-01-09,2026-06-22,70
CUST000766,DVC-2ed3c9a9a1,ANDROID,Y,2025-10-15,2026-08-29,2
CUST000767,DVC-f20b976c7e,ANDROID,Y,2024-04-09,2026-08-27,4
CUST000767,DVC-0731aaa63a,ANDROID,N,2024-08-05,2026-06-23,69
CUST000767,DVC-38be64b7dd,WEB,N,2024-06-24,2026-08-27,4
CUST000768,DVC-6de40aa4bd,ANDROID,Y,2025-04-15,2026-08-29,2
CUST000769,DVC-dc0b0bb896,IOS,Y,2026-07-26,2026-08-28,3
CUST000770,DVC-9413fb08d0,ANDROID,Y,2026-06-13,2026-08-31,0
CUST000770,DVC-942f08c556,ANDROID,N,2024-03-14,2026-06-25,67
CUST000770,DVC-d923ff543f,ANDROID,N,2026-06-11,2026-07-25,37
CUST000771,DVC-221e2fd69c,ANDROID,Y,2025-05-19,2026-08-25,6
CUST000772,DVC-e230c13ee9,IOS,Y,2025-08-14,2026-08-31,0
CUST000773,DVC-243f4113c6,ANDROID,Y,2025-09-05,2026-08-31,0
CUST000774,DVC-5f428bf6c5,ANDROID,Y,2024-09-05,2026-08-28,3
CUST000775,DVC-ada57bf962,ANDROID,Y,2024-07-04,2026-08-25,6
CUST000775,DVC-73f80e7125,ANDROID,N,2024-12-10,2026-05-05,118
CUST000776,DVC-f57c5caaba,ANDROID,Y,2024-12-14,2026-08-29,2
CUST000776,DVC-aa0d89ed2c,IOS,N,2025-04-06,2026-07-15,47
CUST000777,DVC-cff0f03747,ANDROID,Y,2026-08-01,2026-08-31,0
CUST000778,DVC-cea58e7cdb,IOS,Y,2025-01-17,2026-08-26,5
CUST000779,DVC-1d63101871,ANDROID,Y,2025-08-05,2026-08-29,2
CUST000780,DVC-4861ec08de,ANDROID,Y,2025-12-09,2026-08-26,5
CUST000781,DVC-1b0eb24a3a,ANDROID,Y,2025-10-02,2026-08-27,4
CUST000781,DVC-2cd63c6248,ANDROID,N,2026-05-30,2026-07-25,37
CUST000781,DVC-2c25d9f0fe,IOS,N,2026-06-06,2026-08-09,22
CUST000782,DVC-d2dda37063,ANDROID,Y,2025-09-10,2026-08-25,6
CUST000782,DVC-a11c0bd7f8,IOS,N,2025-06-04,2026-08-08,23
CUST000783,DVC-64374cf1ea,ANDROID,Y,2026-05-09,2026-08-31,0
CUST000784,DVC-bfa319e089,ANDROID,Y,2024-12-01,2026-08-26,5
CUST000784,DVC-dedd5ce251,IOS,N,2026-01-29,2026-07-26,36
CUST000784,DVC-d6e1433236,ANDROID,N,2026-01-23,2026-08-03,28
CUST000785,DVC-6b60d97ea9,ANDROID,Y,2025-08-12,2026-08-30,1
CUST000785,DVC-a7a8e93d5d,ANDROID,N,2026-02-05,2026-06-15,77
CUST000786,DVC-1216c79b28,ANDROID,Y,2026-03-24,2026-08-28,3
CUST000787,DVC-11cc3a0ccb,ANDROID,Y,2026-05-06,2026-08-30,1
CUST000787,DVC-1164dfed8f,ANDROID,N,2024-02-12,2026-06-24,68
CUST000788,DVC-dbcafdd500,ANDROID,Y,2025-07-29,2026-08-27,4
CUST000789,DVC-f36d2dc65f,IOS,Y,2024-12-10,2026-08-31,0
CUST000789,DVC-8680101ab0,IOS,N,2026-01-28,2026-06-26,66
CUST000790,DVC-5ceee83f9c,IOS,Y,2026-03-22,2026-08-26,5
CUST000790,DVC-9d2cb63787,IOS,N,2026-03-04,2026-07-30,32
CUST000791,DVC-be14526643,ANDROID,Y,2025-02-02,2026-08-29,2
CUST000792,DVC-1a0ff559f0,IOS,Y,2024-08-26,2026-08-28,3
CUST000792,DVC-70debe45c6,ANDROID,N,2025-06-09,2026-07-14,48
CUST000793,DVC-4707c275d1,IOS,Y,2024-03-16,2026-08-26,5
CUST000793,DVC-cf17b758ce,ANDROID,N,2024-10-02,2026-07-11,51
CUST000794,DVC-742d4bdb44,ANDROID,Y,2024-12-24,2026-08-30,1
CUST000795,DVC-ee7add8d66,IOS,Y,2024-04-09,2026-08-29,2
CUST000795,DVC-6511c74167,IOS,N,2026-03-02,2026-07-24,38
CUST000796,DVC-d7b7b0b771,ANDROID,Y,2026-06-05,2026-08-30,1
CUST000796,DVC-469b7ec2a7,ANDROID,N,2026-02-04,2026-08-19,12
CUST000796,DVC-551117c136,IOS,N,2026-05-31,2026-08-21,10
CUST000797,DVC-d3c4dda015,IOS,Y,2026-05-26,2026-08-29,2
CUST000797,DVC-2f80dbb9ad,IOS,N,2025-02-15,2026-06-29,63
CUST000798,DVC-2fa92f4636,ANDROID,Y,2024-12-07,2026-08-29,2
CUST000798,DVC-24ec379a8f,ANDROID,N,2024-06-13,2026-08-07,24
CUST000799,DVC-96f58202ef,IOS,Y,2026-05-26,2026-08-29,2
CUST000799,DVC-1ec7b44d7c,ANDROID,N,2026-04-04,2026-06-14,78
CUST000800,DVC-57249e573f,IOS,Y,2026-02-21,2026-08-27,4
CUST000801,DVC-73be226b08,ANDROID,Y,2025-10-22,2026-08-27,4
CUST000802,DVC-729c88ecbc,ANDROID,Y,2024-10-05,2026-08-27,4
CUST000803,DVC-c8faa596db,ANDROID,Y,2025-09-22,2026-08-25,6
CUST000804,DVC-4f99742e27,ANDROID,Y,2025-03-02,2026-08-27,4
CUST000804,DVC-210762e6d0,ANDROID,N,2026-05-12,2026-08-07,24
CUST000805,DVC-ef94e436c2,ANDROID,Y,2026-05-27,2026-08-27,4
CUST000806,DVC-ca9cb4fb82,ANDROID,Y,2025-04-26,2026-08-31,0
CUST000806,DVC-23acbe9872,ANDROID,N,2024-12-28,2026-07-27,35
CUST000807,DVC-7b0dc291ec,ANDROID,Y,2025-01-19,2026-08-27,4
CUST000807,DVC-8599ae605b,ANDROID,N,2026-02-21,2026-06-13,79
CUST000808,DVC-9cf2743529,IOS,Y,2026-01-05,2026-08-25,6
CUST000809,DVC-06da2ad750,IOS,Y,2024-06-13,2026-08-29,2
CUST000810,DVC-eb061a5579,ANDROID,Y,2026-05-13,2026-08-30,1
CUST000811,DVC-726eb2b126,ANDROID,Y,2025-09-28,2026-08-26,5
CUST000812,DVC-bb50ad9085,ANDROID,Y,2026-03-05,2026-08-30,1
CUST000812,DVC-806818d46f,IOS,N,2026-03-07,2026-08-29,2
CUST000813,DVC-fa89c7dda7,IOS,Y,2025-03-12,2026-08-30,1
CUST000814,DVC-9e8c7bafcd,ANDROID,Y,2025-11-03,2026-08-28,3
CUST000814,DVC-cbe9143dbb,ANDROID,N,2025-05-21,2026-07-19,43
CUST000815,DVC-fab2fc0b33,ANDROID,Y,2024-06-23,2026-08-25,6
CUST000816,DVC-70a513c1c3,IOS,Y,2024-03-22,2026-08-27,4
CUST000817,DVC-d2abe38bfd,ANDROID,Y,2024-03-17,2026-08-25,6
CUST000817,DVC-d4359ba2ce,IOS,N,2024-06-27,2026-07-26,36
CUST000818,DVC-82fdec728d,IOS,Y,2026-06-27,2026-08-27,4
CUST000819,DVC-1302ea7bda,IOS,Y,2026-05-26,2026-08-30,1
CUST000819,DVC-e6cf637dd6,ANDROID,N,2026-05-26,2026-06-25,67
CUST000820,DVC-ba876e600f,ANDROID,Y,2026-03-20,2026-08-28,3
CUST000820,DVC-22f957d185,IOS,N,2026-01-18,2026-08-10,21
CUST000821,DVC-c5b6d7c203,ANDROID,Y,2024-12-23,2026-08-25,6
CUST000822,DVC-46687df1f1,ANDROID,Y,2025-01-15,2026-08-26,5
CUST000823,DVC-7cfcf33d90,ANDROID,Y,2024-06-02,2026-08-31,0
CUST000823,DVC-3f23389599,ANDROID,N,2024-04-25,2025-09-06,359
CUST000824,DVC-18d06cda3a,ANDROID,Y,2025-11-05,2026-08-30,1
CUST000825,DVC-58771aa6d7,IOS,Y,2024-05-23,2026-08-27,4
CUST000825,DVC-798e738f6e,ANDROID,N,2025-04-04,2026-08-24,7
CUST000826,DVC-bdf9744624,ANDROID,Y,2025-03-21,2026-08-28,3
CUST000827,DVC-d84f5fdcb2,ANDROID,Y,2026-07-16,2026-08-28,3
CUST000827,DVC-175b61a6a2,ANDROID,N,2024-10-25,2026-08-05,26
CUST000827,DVC-3ad218a37a,ANDROID,N,2025-06-11,2026-07-19,43
CUST000828,DVC-f0dd564b7a,ANDROID,Y,2025-07-30,2026-08-26,5
CUST000829,DVC-ec7afe33ab,ANDROID,Y,2025-09-08,2026-08-28,3
CUST000830,DVC-19b51d834b,ANDROID,Y,2026-04-27,2026-08-31,0
CUST000831,DVC-696051d38e,IOS,Y,2026-07-24,2026-08-30,1
CUST000831,DVC-5d68a91cdd,ANDROID,N,2025-07-30,2026-08-15,16
CUST000832,DVC-6950b54c89,ANDROID,Y,2025-07-10,2026-08-31,0
CUST000833,DVC-f60153ce84,ANDROID,Y,2024-04-29,2026-08-30,1
CUST000833,DVC-e1c6ea0581,ANDROID,N,2024-11-13,2026-07-27,35
CUST000834,DVC-0939298cd6,ANDROID,Y,2024-07-08,2026-08-25,6
CUST000834,DVC-e112b3bbee,ANDROID,N,2025-02-17,2026-07-11,51
CUST000835,DVC-ce22a9311d,ANDROID,Y,2025-03-29,2026-08-27,4
CUST000836,DVC-8974567f4b,ANDROID,Y,2024-04-23,2026-08-30,1
CUST000837,DVC-9eea023aaa,WEB,Y,2026-03-20,2026-08-27,4
CUST000838,DVC-75ebcc238e,ANDROID,Y,2026-04-28,2026-08-29,2
CUST000839,DVC-7f6ac983bc,ANDROID,Y,2026-06-01,2026-08-29,2
CUST000839,DVC-80e4211eab,IOS,N,2025-07-04,2026-07-11,51
CUST000840,DVC-1655fe1169,WEB,Y,2024-08-05,2026-08-26,5
CUST000840,DVC-cf18739463,ANDROID,N,2026-01-12,2026-08-09,22
CUST000841,DVC-c39616ca77,IOS,Y,2025-09-06,2026-08-29,2
CUST000841,DVC-4f022f0679,ANDROID,N,2025-11-15,2026-08-08,23
CUST000842,DVC-81cd449ef0,ANDROID,Y,2026-04-05,2026-08-28,3
CUST000843,DVC-c0d1cd546f,ANDROID,Y,2024-08-03,2026-08-28,3
CUST000844,DVC-958b4bb799,IOS,Y,2024-04-20,2026-08-28,3
CUST000845,DVC-0380dd66d5,ANDROID,Y,2026-02-28,2026-08-26,5
CUST000846,DVC-2fb84e0699,WEB,Y,2024-06-26,2026-08-26,5
CUST000847,DVC-0733a46e52,ANDROID,Y,2026-06-21,2026-08-30,1
CUST000848,DVC-7df0902165,ANDROID,Y,2024-12-23,2026-08-25,6
CUST000848,DVC-730f070b27,IOS,N,2025-01-30,2026-07-31,31
CUST000849,DVC-887f29212a,ANDROID,Y,2026-07-20,2026-08-26,5
CUST000849,DVC-d1bbbbfa5f,WEB,N,2026-03-10,2025-10-13,322
CUST000849,DVC-218da58f72,ANDROID,N,2026-03-10,2025-12-20,254
CUST000850,DVC-f329488e28,IOS,Y,2024-12-10,2026-08-31,0
CUST000851,DVC-60fbd96eca,WEB,Y,2025-11-06,2026-08-29,2
CUST000851,DVC-3ddcdbec3a,IOS,N,2025-09-20,2026-08-28,3
CUST000852,DVC-ce35a8e09c,ANDROID,Y,2026-06-27,2026-08-27,4
CUST000852,DVC-1b77a6c06f,WEB,N,2026-03-23,2026-07-16,46
CUST000852,DVC-55db4f879e,IOS,N,2026-05-09,2026-07-25,37
CUST000853,DVC-714c92bb1d,ANDROID,Y,2024-10-12,2026-08-30,1
CUST000854,DVC-cd400b7faf,IOS,Y,2025-11-26,2026-08-25,6
CUST000855,DVC-000a5e9469,ANDROID,Y,2026-03-24,2026-08-28,3
CUST000855,DVC-753e56866b,ANDROID,N,2025-12-13,2026-06-20,72
CUST000856,DVC-f39ff2dbd0,IOS,Y,2025-03-07,2026-08-29,2
CUST000857,DVC-4c11e1595f,ANDROID,Y,2025-02-01,2026-08-31,0
CUST000858,DVC-885b907065,ANDROID,Y,2024-08-23,2026-08-30,1
CUST000859,DVC-d6a0a346b3,ANDROID,Y,2025-06-11,2026-08-29,2
CUST000860,DVC-5058aa035b,ANDROID,Y,2025-06-22,2026-08-30,1
CUST000861,DVC-19cb4f19ac,IOS,Y,2025-12-04,2026-08-28,3
CUST000861,DVC-8794364ba8,IOS,N,2026-03-01,2026-08-01,30
CUST000862,DVC-9996b108d1,ANDROID,Y,2026-05-28,2026-08-29,2
CUST000863,DVC-c5797ad248,ANDROID,Y,2026-07-12,2026-08-25,6
CUST000864,DVC-b0f8bf841e,IOS,Y,2024-07-24,2026-08-30,1
CUST000865,DVC-e0a390388f,ANDROID,Y,2026-06-25,2026-08-28,3
CUST000865,DVC-0f3ef2cae4,ANDROID,N,2024-08-06,2026-08-12,19
CUST000865,DVC-e09d149758,ANDROID,N,2025-12-24,2026-08-14,17
CUST000866,DVC-3f10692265,ANDROID,Y,2025-04-27,2026-08-26,5
CUST000867,DVC-2779bce63d,ANDROID,Y,2024-05-27,2026-08-28,3
CUST000867,DVC-9d858a2414,IOS,N,2024-05-27,2025-12-04,270
CUST000867,DVC-abd2e077a1,ANDROID,N,2025-04-07,2026-06-28,64
CUST000868,DVC-1b4cd427b0,ANDROID,Y,2026-04-16,2026-08-26,5
CUST000868,DVC-3a21f55ea8,ANDROID,N,2026-02-02,2026-07-27,35
CUST000869,DVC-50fee5c3af,IOS,Y,2025-05-30,2026-08-25,6
CUST000870,DVC-bc4b650f46,ANDROID,Y,2024-04-29,2026-08-25,6
CUST000871,DVC-f665c54fd1,IOS,Y,2025-06-19,2026-08-31,0
CUST000872,DVC-f8688c8999,IOS,Y,2026-01-06,2026-08-26,5
CUST000873,DVC-23f3f1354c,ANDROID,Y,2025-05-15,2026-08-31,0
CUST000874,DVC-e5afe127b5,WEB,Y,2025-06-19,2026-08-28,3
CUST000875,DVC-e70206fccb,ANDROID,Y,2025-12-26,2026-08-27,4
CUST000875,DVC-907c72d350,ANDROID,N,2026-03-31,2026-07-27,35
CUST000875,DVC-5b7a61c1bc,ANDROID,N,2026-02-24,2026-08-02,29
CUST000876,DVC-ea0bfc66bc,ANDROID,Y,2026-03-02,2026-08-26,5
CUST000876,DVC-2a03763cac,ANDROID,N,2026-05-27,2026-08-15,16
CUST000877,DVC-9ea049d1d4,ANDROID,Y,2025-09-14,2026-08-29,2
CUST000877,DVC-6dc2d03dd2,ANDROID,N,2026-01-26,2026-08-25,6
CUST000877,DVC-57db007b99,ANDROID,N,2026-03-06,2026-07-05,57
CUST000878,DVC-827bfea9bd,IOS,Y,2024-06-12,2026-08-25,6
CUST000879,DVC-305894587a,IOS,Y,2025-12-06,2026-08-31,0
CUST000880,DVC-caf6404ee2,IOS,Y,2026-06-21,2026-08-26,5
CUST000880,DVC-e8459649dd,WEB,N,2026-01-30,2026-08-23,8
CUST000881,DVC-a3d13e7503,ANDROID,Y,2024-08-17,2026-08-25,6
CUST000881,DVC-99c89aedeb,ANDROID,N,2025-05-02,2025-11-08,296
CUST000881,DVC-4712195b76,WEB,N,2024-06-05,2026-08-19,12
CUST000882,DVC-f9957db548,ANDROID,Y,2024-12-09,2026-08-30,1
CUST000883,DVC-85fa103543,ANDROID,Y,2026-03-05,2026-08-30,1
CUST000884,DVC-4e5ca0845f,ANDROID,Y,2024-09-01,2026-08-31,0
CUST000885,DVC-3e405a428a,ANDROID,Y,2026-03-14,2026-08-25,6
CUST000885,DVC-8a6540cb37,IOS,N,2025-04-28,2026-08-27,4
CUST000886,DVC-fc93df4a3c,ANDROID,Y,2025-01-19,2026-08-26,5
CUST000887,DVC-bfbc969e59,ANDROID,Y,2024-08-10,2026-08-27,4
CUST000888,DVC-03de98e202,ANDROID,Y,2025-05-20,2026-08-31,0
CUST000888,DVC-3f66faa1dd,WEB,N,2025-02-06,2026-06-21,71
CUST000889,DVC-6c4b6c733a,WEB,Y,2025-03-10,2026-08-30,1
CUST000890,DVC-2e6f3faa2f,ANDROID,Y,2025-05-21,2026-08-27,4
CUST000891,DVC-7bc1104139,IOS,Y,2025-11-01,2026-08-26,5
CUST000891,DVC-c2cb8dfb84,ANDROID,N,2025-04-18,2026-08-02,29
CUST000892,DVC-acc43aa00b,WEB,Y,2026-07-09,2026-08-27,4
CUST000893,DVC-11ad5ef791,ANDROID,Y,2026-07-10,2026-08-27,4
CUST000894,DVC-36c595af5d,WEB,Y,2025-02-11,2026-08-26,5
CUST000895,DVC-180aaac7f9,ANDROID,Y,2026-04-23,2026-08-29,2
CUST000896,DVC-946dc34289,IOS,Y,2024-12-25,2026-08-28,3
CUST000897,DVC-d050b701a2,IOS,Y,2025-01-01,2026-08-30,1
CUST000897,DVC-9860c8c392,WEB,N,2024-12-23,2025-10-07,328
CUST000898,DVC-79ceebc71a,ANDROID,Y,2026-04-08,2026-08-26,5
CUST000898,DVC-35b2623803,ANDROID,N,2025-10-18,2026-07-20,42
CUST000899,DVC-d780f6103c,ANDROID,Y,2025-09-16,2026-08-27,4
CUST000900,DVC-fe6e555b1e,IOS,Y,2026-01-19,2026-08-27,4
CUST000900,DVC-528a742c1b,ANDROID,N,2025-02-18,2026-07-30,32
CUST000901,DVC-f080c48ad7,ANDROID,Y,2025-11-11,2026-08-28,3
CUST000901,DVC-6f13bbdfc6,ANDROID,N,2026-04-14,2026-07-06,56
CUST000901,DVC-65780b2238,ANDROID,N,2026-01-05,2026-06-16,76
CUST000902,DVC-cdb68bbd06,WEB,Y,2025-09-16,2026-08-30,1
CUST000902,DVC-30c8b04096,ANDROID,N,2025-12-28,2026-07-24,38
CUST000903,DVC-5d84c6b030,IOS,Y,2025-07-29,2026-08-28,3
CUST000903,DVC-edee920c17,ANDROID,N,2025-04-30,2026-06-27,65
CUST000904,DVC-4aec730fa3,ANDROID,Y,2026-07-28,2026-08-27,4
CUST000904,DVC-2703b2d7c7,IOS,N,2025-05-15,2025-11-27,277
CUST000905,DVC-f3a1347467,ANDROID,Y,2025-01-14,2026-08-25,6
CUST000906,DVC-5bdcf6719f,IOS,Y,2026-03-09,2026-08-26,5
CUST000907,DVC-9d6cf82ec1,ANDROID,Y,2024-04-05,2026-08-29,2
CUST000908,DVC-3ffd6d64c1,IOS,Y,2024-09-18,2026-08-29,2
CUST000908,DVC-314b07b28f,IOS,N,2024-09-07,2026-06-26,66
CUST000909,DVC-1c932c4141,ANDROID,Y,2024-12-24,2026-08-25,6
CUST000909,DVC-1bcdc22a3b,IOS,N,2026-05-20,2026-08-20,11
CUST000910,DVC-f688ec2992,ANDROID,Y,2026-06-23,2026-08-30,1
CUST000911,DVC-30b767a2c1,ANDROID,Y,2025-05-10,2026-08-29,2
CUST000912,DVC-2032b49536,ANDROID,Y,2025-01-22,2026-08-28,3
CUST000913,DVC-a2e201abdf,IOS,Y,2025-12-30,2026-08-28,3
CUST000914,DVC-0f17a548d9,ANDROID,Y,2026-07-21,2026-08-27,4
CUST000914,DVC-afe0afa418,ANDROID,N,2026-04-22,2026-06-20,72
CUST000915,DVC-2ca5dfd1b3,WEB,Y,2026-03-09,2026-08-26,5
CUST000916,DVC-7523e4dc74,ANDROID,Y,2025-03-16,2026-08-30,1
CUST000917,DVC-267cfd907d,ANDROID,Y,2026-07-19,2026-08-26,5
CUST000917,DVC-794d09aa38,ANDROID,N,2025-09-01,2026-06-23,69
CUST000918,DVC-33b0eac076,ANDROID,Y,2026-07-04,2026-08-30,1
CUST000919,DVC-54d88bf447,IOS,Y,2026-06-10,2026-08-25,6
CUST000920,DVC-e70d7ef5bc,IOS,Y,2026-07-24,2026-08-31,0
CUST000921,DVC-12fbb06634,ANDROID,Y,2025-07-03,2026-08-27,4
CUST000921,DVC-2523265657,ANDROID,N,2024-03-18,2026-08-21,10
CUST000922,DVC-9fbfaf81a8,ANDROID,Y,2025-11-10,2026-08-25,6
CUST000923,DVC-41a14a9e33,ANDROID,Y,2026-07-01,2026-08-31,0
CUST000923,DVC-3cfe974f1e,ANDROID,N,2026-06-28,2026-07-20,42
CUST000924,DVC-54f0c5411d,IOS,Y,2026-03-14,2026-08-29,2
CUST000925,DVC-15731cd3d0,ANDROID,Y,2025-11-22,2026-08-31,0
CUST000925,DVC-de1099e50b,ANDROID,N,2025-10-29,2026-07-18,44
CUST000926,DVC-0abcc7c63c,IOS,Y,2025-05-31,2026-08-28,3
CUST000926,DVC-2c65f33320,WEB,N,2026-03-07,2026-08-06,25
CUST000926,DVC-94154ffcdf,IOS,N,2024-08-07,2026-07-28,34
CUST000927,DVC-b6e6d1d2ce,ANDROID,Y,2024-05-31,2026-08-25,6
CUST000928,DVC-6e488e0cb5,ANDROID,Y,2026-06-21,2026-08-28,3
CUST000929,DVC-ee05eb6707,ANDROID,Y,2025-11-24,2026-08-29,2
CUST000929,DVC-23822831df,ANDROID,N,2024-03-16,2026-07-27,35
CUST000930,DVC-b9ed933b11,ANDROID,Y,2025-06-29,2026-08-30,1
CUST000930,DVC-45d51044be,IOS,N,2024-07-31,2026-03-07,177
CUST000930,DVC-a854618f81,ANDROID,N,2025-11-26,2026-08-13,18
CUST000931,DVC-73db9d32fc,ANDROID,Y,2026-05-21,2026-08-27,4
CUST000931,DVC-b128a2297b,ANDROID,N,2026-07-15,2026-08-17,14
CUST000932,DVC-7330f3c3aa,ANDROID,Y,2025-08-20,2026-08-30,1
CUST000933,DVC-bd5285a911,ANDROID,Y,2026-04-02,2026-08-30,1
CUST000934,DVC-bc1916b2b9,WEB,Y,2026-02-24,2026-08-28,3
CUST000935,DVC-5676ff6271,ANDROID,Y,2025-11-18,2026-08-28,3
CUST000935,DVC-ace93a26b4,ANDROID,N,2025-09-30,2026-08-17,14
CUST000935,DVC-045f34d8de,ANDROID,N,2026-07-15,2026-08-15,16
CUST000936,DVC-5dcccd347c,ANDROID,Y,2026-06-26,2026-08-26,5
CUST000937,DVC-3d9677af5b,ANDROID,Y,2025-04-08,2026-08-30,1
CUST000937,DVC-0dc15448c5,ANDROID,N,2026-05-31,2026-08-11,20
CUST000938,DVC-7e9ab770d9,ANDROID,Y,2024-10-31,2026-08-28,3
CUST000939,DVC-c094e4a8be,ANDROID,Y,2025-06-05,2026-08-29,2
CUST000940,DVC-b710060bfe,ANDROID,Y,2026-07-15,2026-08-28,3
CUST000940,DVC-bd08592a22,ANDROID,N,2026-05-24,2026-08-04,27
CUST000941,DVC-76ea22a9cd,WEB,Y,2025-05-12,2026-08-29,2
CUST000942,DVC-05f3d00a75,IOS,Y,2025-10-15,2026-08-31,0
CUST000942,DVC-f2e0f48a02,IOS,N,2025-02-04,2026-06-16,76
CUST000942,DVC-9ae7ed728b,ANDROID,N,2025-06-16,2026-08-25,6
CUST000943,DVC-24533a5787,ANDROID,Y,2026-07-13,2026-08-26,5
CUST000943,DVC-13b55650a1,ANDROID,N,2026-01-22,2026-08-20,11
CUST000943,DVC-32f7b89d9e,IOS,N,2024-05-12,2026-08-21,10
CUST000944,DVC-5a93eea37d,ANDROID,Y,2025-08-07,2026-08-30,1
CUST000944,DVC-cc5e397b6d,ANDROID,N,2024-01-27,2026-07-06,56
CUST000945,DVC-8eabccfd28,ANDROID,Y,2026-07-28,2026-08-28,3
CUST000945,DVC-144273c41b,ANDROID,N,2025-11-09,2026-07-19,43
CUST000946,DVC-5ecb159e0f,ANDROID,Y,2025-12-01,2026-08-26,5
CUST000946,DVC-9776bdacc5,ANDROID,N,2026-06-09,2026-08-12,19
CUST000946,DVC-a71ba9afc8,ANDROID,N,2026-02-18,2026-06-16,76
CUST000947,DVC-0e2db67124,ANDROID,Y,2025-08-24,2026-08-26,5
CUST000948,DVC-20ed0cd03c,ANDROID,Y,2024-10-02,2026-08-31,0
CUST000949,DVC-a406afae1a,ANDROID,Y,2026-05-12,2026-08-29,2
CUST000949,DVC-bdd914128d,ANDROID,N,2025-01-16,2026-06-25,67
CUST000950,DVC-e8cb493d50,IOS,Y,2024-10-22,2026-08-30,1
CUST000950,DVC-cdb99e68bb,ANDROID,N,2024-04-12,2026-06-12,80
CUST000951,DVC-bd6d45cfac,WEB,Y,2025-01-11,2026-08-28,3
CUST000952,DVC-5216f6cbe1,ANDROID,Y,2025-07-19,2026-08-27,4
CUST000952,DVC-82385be965,ANDROID,N,2025-08-19,2026-08-15,16
CUST000953,DVC-a75a6e2d16,ANDROID,Y,2025-10-31,2026-08-27,4
CUST000953,DVC-4c26c533cf,ANDROID,N,2024-06-15,2026-08-03,28
CUST000954,DVC-b473a06997,IOS,Y,2024-12-08,2026-08-25,6
CUST000955,DVC-448ac2ffee,ANDROID,Y,2025-05-17,2026-08-27,4
CUST000955,DVC-a14a01336a,ANDROID,N,2025-08-29,2026-08-13,18
CUST000955,DVC-c7e53f3429,ANDROID,N,2025-09-20,2026-08-23,8
CUST000956,DVC-aab786896e,ANDROID,Y,2025-12-15,2026-08-25,6
CUST000956,DVC-33c33f1033,WEB,N,2025-08-24,2026-06-14,78
CUST000956,DVC-8b6279f86d,ANDROID,N,2026-03-18,2026-07-02,60
CUST000957,DVC-1a37b70120,ANDROID,Y,2024-07-04,2026-08-27,4
CUST000957,DVC-df1673b959,IOS,N,2025-03-12,2026-08-24,7
CUST000958,DVC-1764e515c3,IOS,Y,2026-07-06,2026-08-31,0
CUST000958,DVC-522132cef4,ANDROID,N,2025-03-24,2026-08-23,8
CUST000958,DVC-ffa838914b,ANDROID,N,2025-08-27,2026-07-04,58
CUST000959,DVC-81d7541500,ANDROID,Y,2024-10-01,2026-08-30,1
CUST000960,DVC-de7aa0a1f3,ANDROID,Y,2024-09-22,2026-08-29,2
CUST000960,DVC-94c65a3489,ANDROID,N,2025-04-23,2026-06-14,78
CUST000961,DVC-ce4bcdb5a3,ANDROID,Y,2025-09-17,2026-08-25,6
CUST000961,DVC-562536274b,ANDROID,N,2024-03-17,2026-07-13,49
CUST000962,DVC-9c5ee0796f,ANDROID,Y,2026-07-21,2026-08-30,1
CUST000963,DVC-ca89e2821c,IOS,Y,2025-08-27,2026-08-26,5
CUST000963,DVC-f9aeeab6f8,ANDROID,N,2026-04-26,2026-08-12,19
CUST000963,DVC-48ea340623,ANDROID,N,2024-04-22,2026-07-12,50
CUST000964,DVC-93682657d0,ANDROID,Y,2025-11-11,2026-08-29,2
CUST000964,DVC-45d91bad7a,ANDROID,N,2025-12-26,2026-08-01,30
CUST000965,DVC-0b59fe1042,WEB,Y,2025-02-01,2026-08-25,6
CUST000965,DVC-02e70f0831,ANDROID,N,2024-08-04,2026-06-24,68
CUST000965,DVC-47891f3630,ANDROID,N,2026-01-14,2026-07-27,35
CUST000966,DVC-127ec4fc86,IOS,Y,2024-08-13,2026-08-25,6
CUST000967,DVC-f77dade756,ANDROID,Y,2025-08-10,2026-08-29,2
CUST000968,DVC-9535fb5196,WEB,Y,2025-01-31,2026-08-28,3
CUST000968,DVC-5692c4c0ff,IOS,N,2024-04-22,2026-07-17,45
CUST000969,DVC-338782ed97,ANDROID,Y,2026-03-13,2026-08-29,2
CUST000970,DVC-08169fed19,WEB,Y,2025-09-25,2026-08-25,6
CUST000971,DVC-59a7b2a671,ANDROID,Y,2024-12-19,2026-08-26,5
CUST000972,DVC-731858a27e,ANDROID,Y,2026-04-11,2026-08-25,6
CUST000973,DVC-e8bc98d68a,WEB,Y,2026-06-11,2026-08-25,6
CUST000973,DVC-dcaad9afec,IOS,N,2025-06-27,2026-08-10,21
CUST000974,DVC-f2785ac3c1,ANDROID,Y,2026-06-21,2026-08-30,1
CUST000975,DVC-ef5a481244,ANDROID,Y,2024-06-01,2026-08-29,2
CUST000975,DVC-172f0371c8,ANDROID,N,2024-10-07,2025-09-25,340
CUST000976,DVC-9187a6815a,ANDROID,Y,2026-03-01,2026-08-25,6
CUST000977,DVC-b661c0cdb0,ANDROID,Y,2024-04-28,2026-08-28,3
CUST000977,DVC-acc731b53b,ANDROID,N,2024-02-04,2026-06-14,78
CUST000978,DVC-fcd420a736,ANDROID,Y,2024-06-01,2026-08-28,3
CUST000979,DVC-6c841b40c3,ANDROID,Y,2024-08-31,2026-08-31,0
CUST000979,DVC-b1ce614f8a,IOS,N,2025-03-20,2025-12-24,250
CUST000980,DVC-a8229be20d,WEB,Y,2024-05-16,2026-08-25,6
CUST000980,DVC-14a8288003,ANDROID,N,2023-11-20,2026-03-30,154
CUST000981,DVC-f3a6eb1603,ANDROID,Y,2025-02-21,2026-08-29,2
CUST000982,DVC-0d33ec8aca,WEB,Y,2026-02-11,2026-08-28,3
CUST000983,DVC-05fb301f8f,ANDROID,Y,2025-04-09,2026-08-25,6
CUST000984,DVC-dfb5c4ae4a,ANDROID,Y,2025-04-07,2026-08-30,1
CUST000985,DVC-21cc84575f,IOS,Y,2025-02-24,2026-08-31,0
CUST000986,DVC-f07e38909a,IOS,Y,2024-12-28,2026-08-27,4
CUST000986,DVC-a97a7a405b,ANDROID,N,2025-04-19,2026-07-08,54
CUST000987,DVC-ba6a37dfa8,ANDROID,Y,2025-04-28,2026-08-26,5
CUST000987,DVC-8e3bec7e2a,ANDROID,N,2025-07-03,2026-06-29,63
CUST000988,DVC-502f4a50b7,IOS,Y,2026-01-19,2026-08-27,4
CUST000989,DVC-f7fd3ad181,IOS,Y,2026-01-18,2026-08-30,1
CUST000990,DVC-c221707b2d,ANDROID,Y,2024-12-09,2026-08-29,2
CUST000991,DVC-b5b2f014a5,IOS,Y,2026-07-24,2026-08-31,0
CUST000992,DVC-7a62dc6783,ANDROID,Y,2025-03-11,2026-08-26,5
CUST000992,DVC-c402d60c8a,ANDROID,N,2025-06-11,2026-07-19,43
CUST000993,DVC-477e75880c,ANDROID,Y,2025-11-21,2026-08-25,6
CUST000993,DVC-94a1591058,WEB,N,2026-04-18,2026-06-18,74
CUST000994,DVC-e271fcf8df,IOS,Y,2025-07-18,2026-08-27,4
CUST000994,DVC-ea36d013ae,ANDROID,N,2025-02-01,2026-07-24,38
CUST000994,DVC-279bf3a880,ANDROID,N,2024-02-29,2026-07-02,60
CUST000995,DVC-3619dd3da1,ANDROID,Y,2025-03-18,2026-08-31,0
CUST000995,DVC-7c913dbd03,ANDROID,N,2025-12-24,2026-07-02,60
CUST000996,DVC-4ae9659428,ANDROID,Y,2026-04-10,2026-08-27,4
CUST000997,DVC-388c655208,ANDROID,Y,2025-04-09,2026-08-27,4
CUST000997,DVC-99ea4527d9,ANDROID,N,2024-07-11,2026-07-13,49
CUST000998,DVC-9faa036729,ANDROID,Y,2024-09-23,2026-08-28,3
CUST000998,DVC-1e3c710c87,IOS,N,2025-10-06,2026-07-06,56
CUST000999,DVC-2d6a673f43,ANDROID,Y,2026-07-30,2026-08-30,1
CUST001000,DVC-143d46d7e3,ANDROID,Y,2026-05-11,2026-08-26,5
CUST001001,DVC-72d3e29e93,ANDROID,Y,2024-05-12,2026-08-29,2
CUST001002,DVC-c01df8ee4e,ANDROID,Y,2025-10-11,2026-08-27,4
CUST001003,DVC-08b2ef4730,IOS,Y,2024-07-22,2026-08-26,5
CUST001004,DVC-e8e1e34e4d,ANDROID,Y,2024-09-04,2026-08-25,6
CUST001004,DVC-16ddad09bb,IOS,N,2025-02-28,2026-07-18,44
CUST001005,DVC-22c29ec2b5,ANDROID,Y,2025-03-13,2026-08-29,2
CUST001006,DVC-7bb52abc7c,ANDROID,Y,2025-01-06,2026-08-26,5
CUST001006,DVC-c2eecba1df,ANDROID,N,2024-03-01,2026-07-23,39
CUST001007,DVC-83c55d9998,ANDROID,Y,2024-11-09,2026-08-27,4
CUST001008,DVC-144153f8b4,ANDROID,Y,2025-09-02,2026-08-30,1
CUST001009,DVC-b443528e28,ANDROID,Y,2024-12-08,2026-08-28,3
CUST001009,DVC-11c9102ee2,ANDROID,N,2024-05-15,2026-03-07,177
CUST001010,DVC-9f3660d45c,WEB,Y,2026-06-21,2026-08-28,3
CUST001011,DVC-1f11a8d7f8,IOS,Y,2025-09-20,2026-08-30,1
CUST001012,DVC-a774833176,IOS,Y,2026-03-28,2026-08-27,4
CUST001013,DVC-73b6043883,ANDROID,Y,2026-02-08,2026-08-26,5
CUST001013,DVC-33b51b2dde,WEB,N,2025-09-23,2026-08-14,17
CUST001014,DVC-b87431b6aa,ANDROID,Y,2025-12-19,2026-08-30,1
CUST001014,DVC-1fcf7e0049,ANDROID,N,2024-05-01,2026-07-12,50
CUST001014,DVC-911ba3de42,ANDROID,N,2025-07-08,2026-06-27,65
CUST001015,DVC-1873d607f1,ANDROID,Y,2025-06-02,2026-08-27,4
CUST001016,DVC-2e6ce0f09d,ANDROID,Y,2025-11-22,2026-08-29,2
CUST001017,DVC-ec20b8b450,ANDROID,Y,2025-01-31,2026-08-26,5
CUST001018,DVC-b2b5405cde,ANDROID,Y,2026-06-14,2026-08-30,1
CUST001019,DVC-63c0f3707c,IOS,Y,2025-09-29,2026-08-29,2
CUST001019,DVC-aca2846f99,WEB,N,2024-12-16,2026-08-06,25
CUST001020,DVC-aa7bfa1a5c,ANDROID,Y,2025-09-16,2026-08-26,5
CUST001020,DVC-d38265ddeb,ANDROID,N,2026-04-30,2026-07-07,55
CUST001021,DVC-a20a073acc,IOS,Y,2026-05-17,2026-08-28,3
CUST001021,DVC-2898f252cc,WEB,N,2024-12-19,2026-07-07,55
CUST001022,DVC-98929feae6,ANDROID,Y,2026-07-01,2026-08-27,4
CUST001023,DVC-f4d94f7490,WEB,Y,2025-12-15,2026-08-30,1
CUST001024,DVC-3a27f21e6c,ANDROID,Y,2024-12-12,2026-08-27,4
CUST001025,DVC-799178ce36,IOS,Y,2025-04-19,2026-08-27,4
CUST001025,DVC-ef7f11d567,ANDROID,N,2024-06-04,2026-06-16,76
CUST001025,DVC-b57c4315ad,ANDROID,N,2025-07-15,2026-06-29,63
CUST001026,DVC-39d3c518cc,ANDROID,Y,2024-03-10,2026-08-26,5
CUST001027,DVC-c2615da508,ANDROID,Y,2024-08-24,2026-08-28,3
CUST001027,DVC-66073acab0,IOS,N,2024-05-27,2026-07-10,52
CUST001028,DVC-e84f4b1899,ANDROID,Y,2025-12-14,2026-08-31,0
CUST001029,DVC-09d1ba63fd,ANDROID,Y,2025-11-05,2026-08-31,0
CUST001029,DVC-a1d2772161,ANDROID,N,2026-06-21,2026-07-21,41
CUST001030,DVC-a5f883b0ec,ANDROID,Y,2025-11-17,2026-08-28,3
CUST001031,DVC-c53ce6c6c3,ANDROID,Y,2025-01-15,2026-08-28,3
CUST001031,DVC-b7dddfe6e0,IOS,N,2025-06-13,2026-07-02,60
CUST001031,DVC-e130a43e28,WEB,N,2026-03-02,2026-07-06,56
CUST001032,DVC-803257da47,ANDROID,Y,2025-12-12,2026-08-25,6
CUST001033,DVC-c7752ee540,ANDROID,Y,2025-08-31,2026-08-30,1
CUST001034,DVC-eabbc6b376,IOS,Y,2024-03-17,2026-08-27,4
CUST001034,DVC-e805d6a097,ANDROID,N,2026-01-30,2026-07-01,61
CUST001035,DVC-e0a6ee6fe2,ANDROID,Y,2024-07-06,2026-08-27,4
CUST001036,DVC-e70bb29ea0,ANDROID,Y,2024-07-27,2026-08-26,5
CUST001037,DVC-50ddecd442,ANDROID,Y,2026-01-23,2026-08-27,4
CUST001037,DVC-0681a2054a,ANDROID,N,2025-08-17,2026-06-26,66
CUST001038,DVC-7553b8f935,IOS,Y,2026-01-15,2026-08-29,2
CUST001038,DVC-815fa0da99,ANDROID,N,2025-02-09,2026-06-28,64
CUST001039,DVC-5972d7d043,ANDROID,Y,2024-05-19,2026-08-26,5
CUST001040,DVC-aecf8aba05,IOS,Y,2024-10-06,2026-08-29,2
CUST001040,DVC-79ccbb18b1,ANDROID,N,2024-11-24,2026-07-11,51
CUST001041,DVC-d6ebd96479,ANDROID,Y,2026-07-13,2026-08-30,1
CUST001042,DVC-b2fdf77c2d,ANDROID,Y,2026-05-12,2026-08-28,3
CUST001042,DVC-25586a819a,ANDROID,N,2025-04-22,2026-08-12,19
CUST001043,DVC-d9b4fa7ad1,ANDROID,Y,2024-10-01,2026-08-30,1
CUST001043,DVC-9121b9ef23,ANDROID,N,2026-04-22,2026-06-19,73
CUST001043,DVC-d6f08beb12,IOS,N,2025-09-12,2026-06-25,67
CUST001044,DVC-2c422c461b,ANDROID,Y,2026-02-03,2026-08-27,4
CUST001045,DVC-816fa70c05,IOS,Y,2025-05-05,2026-08-30,1
CUST001045,DVC-b63429b1ed,ANDROID,N,2024-01-25,2026-07-10,52
CUST001046,DVC-dd0e430af5,ANDROID,Y,2026-07-05,2026-08-31,0
CUST001047,DVC-2fc97cff02,IOS,Y,2025-09-12,2026-08-25,6
CUST001048,DVC-d39167b7be,ANDROID,Y,2026-06-16,2026-08-30,1
CUST001048,DVC-76a1f4919a,ANDROID,N,2026-07-11,2026-08-13,18
CUST001049,DVC-4506c7d6b5,IOS,Y,2025-04-18,2026-08-26,5
CUST001049,DVC-67d6f72384,ANDROID,N,2025-05-06,2026-06-30,62
CUST001050,DVC-fd70b85c67,ANDROID,Y,2024-06-21,2026-08-28,3
CUST001051,DVC-cdc5ba2ee0,ANDROID,Y,2025-01-18,2026-08-28,3
CUST001052,DVC-539759e07b,ANDROID,Y,2025-02-13,2026-08-28,3
CUST001053,DVC-922ca98d69,ANDROID,Y,2025-04-08,2026-08-27,4
CUST001054,DVC-3add8c6729,ANDROID,Y,2025-12-12,2026-08-26,5
CUST001054,DVC-b788571506,ANDROID,N,2024-11-25,2026-07-06,56
CUST001055,DVC-4fd7d432ad,ANDROID,Y,2025-01-25,2026-08-27,4
CUST001056,DVC-f3f968d9fd,ANDROID,Y,2026-01-28,2026-08-31,0
CUST001056,DVC-1020fc27eb,IOS,N,2024-09-27,2026-06-23,69
CUST001057,DVC-3b73cee748,ANDROID,Y,2025-07-24,2026-08-30,1
CUST001058,DVC-2c3da873c6,ANDROID,Y,2024-03-20,2026-08-29,2
CUST001058,DVC-8261555f9d,ANDROID,N,2025-05-06,2026-08-11,20
CUST001059,DVC-e36fd3b508,IOS,Y,2024-03-20,2026-08-29,2
CUST001060,DVC-a414c326c3,ANDROID,Y,2025-10-23,2026-08-25,6
CUST001061,DVC-940415fc7e,ANDROID,Y,2026-03-02,2026-08-26,5
CUST001061,DVC-6ab9628d3e,ANDROID,N,2025-08-08,2026-07-21,41
CUST001062,DVC-d0de21ffdf,ANDROID,Y,2026-07-15,2026-08-29,2
CUST001062,DVC-aedabf891b,ANDROID,N,2024-03-31,2025-08-04,392
CUST001063,DVC-cfd1f10dff,ANDROID,Y,2024-11-04,2026-08-30,1
CUST001064,DVC-6328df9092,ANDROID,Y,2026-02-09,2026-08-31,0
CUST001065,DVC-f92ca25cf4,IOS,Y,2025-10-11,2026-08-25,6
CUST001066,DVC-71e941de51,ANDROID,Y,2025-09-30,2026-08-30,1
CUST001066,DVC-fd4193b6d0,ANDROID,N,2024-05-21,2026-07-11,51
CUST001066,DVC-81398cca28,ANDROID,N,2025-01-01,2026-08-04,27
CUST001067,DVC-6b8fd96e38,ANDROID,Y,2026-01-28,2026-08-31,0
CUST001067,DVC-7dfaa1b3df,WEB,N,2024-10-11,2026-07-17,45
CUST001068,DVC-e5fe9ba26d,ANDROID,Y,2025-01-30,2026-08-29,2
CUST001069,DVC-bb6a8ea77d,WEB,Y,2026-02-27,2026-08-25,6
CUST001070,DVC-911671922f,ANDROID,Y,2026-05-22,2026-08-30,1
CUST001070,DVC-0177c84870,IOS,N,2026-06-15,2026-08-09,22
CUST001070,DVC-3e89ad947b,ANDROID,N,2026-05-09,2026-06-19,73
CUST001071,DVC-c88143c074,ANDROID,Y,2025-09-21,2026-08-26,5
CUST001072,DVC-9e09d06544,ANDROID,Y,2026-04-10,2026-08-25,6
CUST001073,DVC-b0228bd61d,ANDROID,Y,2026-06-22,2026-08-25,6
CUST001073,DVC-351e04d261,ANDROID,N,2026-05-29,2026-08-05,26
CUST001073,DVC-48ab37fb54,IOS,N,2026-05-29,2026-07-07,55
CUST001074,DVC-3fdac98c44,ANDROID,Y,2024-08-26,2026-08-31,0
CUST001074,DVC-89b543d699,IOS,N,2026-01-01,2026-06-27,65
CUST001075,DVC-9f9735c2ee,ANDROID,Y,2025-09-06,2026-08-28,3
CUST001075,DVC-071f973aec,ANDROID,N,2026-01-28,2026-08-12,19
CUST001075,DVC-123823990c,ANDROID,N,2025-08-21,2026-06-24,68
CUST001076,DVC-07c6425dca,ANDROID,Y,2025-04-25,2026-08-28,3
CUST001076,DVC-41ad245e9e,ANDROID,N,2026-06-08,2026-08-21,10
CUST001077,DVC-a0fdf4959b,IOS,Y,2025-06-27,2026-08-28,3
CUST001078,DVC-075119f076,ANDROID,Y,2025-07-23,2026-08-29,2
CUST001078,DVC-cb820ffc0e,ANDROID,N,2024-03-20,2025-09-07,358
CUST001079,DVC-92addac284,ANDROID,Y,2026-06-13,2026-08-30,1
CUST001079,DVC-d2a3753986,IOS,N,2026-05-05,2026-07-24,38
CUST001079,DVC-a60a4b5d4d,ANDROID,N,2026-05-11,2026-08-21,10
CUST001080,DVC-94268e909f,ANDROID,Y,2024-03-30,2026-08-27,4
CUST001080,DVC-e7cb1d5125,ANDROID,N,2026-01-13,2026-08-02,29
CUST001081,DVC-0ab142997c,ANDROID,Y,2026-06-23,2026-08-25,6
CUST001081,DVC-2fab2d14ff,ANDROID,N,2026-06-23,2025-10-14,321
CUST001081,DVC-c67426c438,ANDROID,N,2026-07-15,2026-08-22,9
CUST001082,DVC-7e2d19f240,ANDROID,Y,2025-04-11,2026-08-29,2
CUST001082,DVC-6f1fd67e76,IOS,N,2025-03-20,2026-07-15,47
CUST001083,DVC-aeb68bcb7c,WEB,Y,2025-12-01,2026-08-25,6
CUST001083,DVC-f6fe1ce856,ANDROID,N,2024-05-13,2026-05-14,109
CUST001084,DVC-21b7b5b17b,ANDROID,Y,2025-02-17,2026-08-28,3
CUST001085,DVC-056208697e,WEB,Y,2025-10-03,2026-08-27,4
CUST001085,DVC-a1049f0a09,ANDROID,N,2024-06-15,2025-11-14,290
CUST001085,DVC-b26ef994d6,IOS,N,2025-07-07,2026-08-03,28
CUST001086,DVC-1b0c8cf648,ANDROID,Y,2025-09-17,2026-08-27,4
CUST001086,DVC-945306aff0,ANDROID,N,2025-12-22,2026-08-29,2
CUST001087,DVC-36179f0ca9,ANDROID,Y,2025-06-30,2026-08-28,3
CUST001088,DVC-208b3d7bdc,ANDROID,Y,2026-01-26,2026-08-25,6
CUST001089,DVC-bc06cdc485,ANDROID,Y,2025-07-20,2026-08-29,2
CUST001090,DVC-3de9366044,ANDROID,Y,2025-07-20,2026-08-27,4
CUST001090,DVC-e7ac617120,ANDROID,N,2024-10-16,2026-08-27,4
CUST001090,DVC-9f04ca38b5,IOS,N,2025-12-10,2026-07-06,56
CUST001091,DVC-c978a176e4,ANDROID,Y,2024-12-13,2026-08-25,6
CUST001092,DVC-4509b52497,ANDROID,Y,2025-11-06,2026-08-27,4
CUST001093,DVC-2e51945095,WEB,Y,2025-07-28,2026-08-30,1
CUST001094,DVC-b4388b3abb,ANDROID,Y,2025-04-18,2026-08-25,6
CUST001094,DVC-63575e6f29,ANDROID,N,2024-08-23,2026-08-22,9
CUST001095,DVC-80e657e1e0,ANDROID,Y,2025-07-04,2026-08-30,1
CUST001096,DVC-1be0cc7ef6,ANDROID,Y,2026-02-19,2026-08-29,2
CUST001096,DVC-2b33cc5a0f,IOS,N,2024-03-27,2026-06-22,70
CUST001097,DVC-db0b0eaae7,IOS,Y,2024-10-24,2026-08-29,2
CUST001098,DVC-478d4f5440,WEB,Y,2026-02-09,2026-08-31,0
CUST001098,DVC-894df85fdf,ANDROID,N,2026-01-29,2026-06-28,64
CUST001099,DVC-fea08259d9,IOS,Y,2026-06-10,2026-08-30,1
CUST001100,DVC-59ead2dc13,ANDROID,Y,2025-03-13,2026-08-26,5
CUST001101,DVC-068b45c738,WEB,Y,2024-12-28,2026-08-28,3
CUST001101,DVC-a79d08edce,ANDROID,N,2024-09-09,2026-08-22,9
CUST001101,DVC-6fbbd5eb43,ANDROID,N,2024-02-03,2026-06-19,73
CUST001102,DVC-ff1315600c,WEB,Y,2025-07-31,2026-08-27,4
CUST001102,DVC-a6a1415ae2,ANDROID,N,2025-04-02,2026-07-31,31
CUST001102,DVC-4e642df463,ANDROID,N,2025-12-24,2026-08-30,1
CUST001103,DVC-9f366e85cc,ANDROID,Y,2026-01-31,2026-08-26,5
CUST001103,DVC-7ffa11c858,ANDROID,N,2024-08-20,2026-07-10,52
CUST001104,DVC-83b7e50c9e,ANDROID,Y,2024-04-05,2026-08-28,3
CUST001104,DVC-47f349f4fd,ANDROID,N,2024-12-29,2026-06-30,62
CUST001105,DVC-46d23e74de,ANDROID,Y,2024-04-07,2026-08-31,0
CUST001106,DVC-2a7ec77287,IOS,Y,2025-03-12,2026-08-26,5
CUST001106,DVC-88c1dbf748,ANDROID,N,2025-07-14,2026-07-11,51
CUST001106,DVC-636b0e3eb6,ANDROID,N,2025-03-12,2026-08-18,13
CUST001107,DVC-3dad9d1af4,ANDROID,Y,2026-01-23,2026-08-26,5
CUST001108,DVC-46149c0a07,IOS,Y,2026-06-17,2026-08-26,5
CUST001109,DVC-1d8b8b3abc,IOS,Y,2025-03-17,2026-08-25,6
CUST001109,DVC-2330527c63,IOS,N,2025-07-17,2026-08-22,9
CUST001109,DVC-c0c94efbcf,ANDROID,N,2024-01-29,2026-07-13,49
CUST001110,DVC-8d6f53acee,WEB,Y,2025-12-16,2026-08-26,5
CUST001111,DVC-2dae92c846,ANDROID,Y,2026-01-12,2026-08-31,0
CUST001112,DVC-6cd1ea6e85,WEB,Y,2025-08-20,2026-08-30,1
CUST001113,DVC-13538d5a4a,ANDROID,Y,2026-04-26,2026-08-29,2
CUST001114,DVC-af82362605,ANDROID,Y,2026-02-25,2026-08-29,2
CUST001114,DVC-489dd1329e,ANDROID,N,2023-12-01,2026-02-13,199
CUST001114,DVC-8d46475b0b,ANDROID,N,2024-12-31,2026-08-07,24
CUST001115,DVC-3d43532ef5,IOS,Y,2026-02-06,2026-08-25,6
CUST001116,DVC-bf006e5f7d,ANDROID,Y,2026-01-31,2026-08-29,2
CUST001117,DVC-2ec81aae27,ANDROID,Y,2025-04-05,2026-08-30,1
CUST001117,DVC-80d5a07ce8,IOS,N,2026-06-17,2026-08-04,27
CUST001118,DVC-efc86fcd4e,WEB,Y,2026-03-11,2026-08-28,3
CUST001119,DVC-8eb5ccb92f,ANDROID,Y,2026-02-20,2026-08-26,5
CUST001120,DVC-d968bd3bb7,IOS,Y,2025-04-30,2026-08-30,1
CUST001120,DVC-6aee3f4b83,ANDROID,N,2024-05-04,2026-06-14,78
CUST001121,DVC-934ba3aa9a,ANDROID,Y,2026-01-12,2026-08-30,1
CUST001122,DVC-92d30a03f8,ANDROID,Y,2025-06-13,2026-08-31,0
CUST001122,DVC-11aa431e46,ANDROID,N,2026-01-24,2026-06-29,63
CUST001123,DVC-6eeaba17ed,ANDROID,Y,2026-04-23,2026-08-28,3
CUST001123,DVC-09ca737810,IOS,N,2026-01-14,2026-06-25,67
CUST001124,DVC-8029261c00,ANDROID,Y,2026-01-01,2026-08-28,3
CUST001124,DVC-dcdf9be248,ANDROID,N,2025-09-13,2026-08-25,6
CUST001125,DVC-f89f1f9f97,ANDROID,Y,2026-04-23,2026-08-31,0
CUST001126,DVC-a631ad6d44,WEB,Y,2026-03-11,2026-08-27,4
CUST001127,DVC-88b82f1f1b,IOS,Y,2026-07-10,2026-08-30,1
CUST001128,DVC-a5808a0681,IOS,Y,2025-05-17,2026-08-29,2
CUST001129,DVC-3a2f5b52f2,ANDROID,Y,2025-12-12,2026-08-28,3
CUST001130,DVC-b453ad6f66,ANDROID,Y,2025-07-10,2026-08-25,6
CUST001130,DVC-ec9bc0dd2e,IOS,N,2026-05-16,2026-06-19,73
CUST001131,DVC-99f845bd14,ANDROID,Y,2026-01-02,2026-08-25,6
CUST001132,DVC-aba649b76a,ANDROID,Y,2025-11-11,2026-08-27,4
CUST001132,DVC-c0c1894e1f,IOS,N,2026-06-30,2026-08-16,15
CUST001133,DVC-f9fbc61596,ANDROID,Y,2026-04-10,2026-08-31,0
CUST001134,DVC-a0ca9df48a,WEB,Y,2026-06-22,2026-08-25,6
CUST001134,DVC-3dddf702d2,ANDROID,N,2026-05-10,2026-07-29,33
CUST001135,DVC-125153bece,ANDROID,Y,2026-06-18,2026-08-30,1
CUST001136,DVC-e5bcec6f40,IOS,Y,2026-01-23,2026-08-29,2
CUST001136,DVC-23d3d38e9f,ANDROID,N,2024-12-12,2026-07-23,39
CUST001136,DVC-edfab1fe98,WEB,N,2025-04-11,2026-08-24,7
CUST001137,DVC-e7566bbbec,IOS,Y,2024-04-30,2026-08-30,1
CUST001138,DVC-bd5d60fb20,IOS,Y,2024-07-02,2026-08-31,0
CUST001139,DVC-140f305f19,IOS,Y,2025-05-22,2026-08-25,6
CUST001140,DVC-b8fcc7bf19,IOS,Y,2026-04-17,2026-08-25,6
CUST001141,DVC-25a9959b6b,ANDROID,Y,2025-03-17,2026-08-30,1
CUST001141,DVC-46391150f2,IOS,N,2026-05-22,2026-07-10,52
CUST001142,DVC-086375b12c,ANDROID,Y,2026-04-09,2026-08-31,0
CUST001142,DVC-ba4694651e,IOS,N,2025-02-22,2026-07-19,43
CUST001142,DVC-6467eb2333,ANDROID,N,2024-02-02,2026-02-05,207
CUST001143,DVC-6f78ce3a82,ANDROID,Y,2024-08-18,2026-08-28,3
CUST001143,DVC-710a395d36,ANDROID,N,2024-08-27,2026-08-13,18
CUST001144,DVC-4f89502893,ANDROID,Y,2026-06-16,2026-08-25,6
CUST001145,DVC-e66ec259cb,ANDROID,Y,2026-05-28,2026-08-30,1
CUST001145,DVC-618a89f07b,IOS,N,2026-05-19,2026-07-02,60
CUST001146,DVC-cc1884f065,ANDROID,Y,2025-10-21,2026-08-30,1
CUST001146,DVC-ba9d207e07,ANDROID,N,2026-03-02,2026-08-23,8
CUST001147,DVC-51fe0a6176,ANDROID,Y,2024-04-08,2026-08-30,1
CUST001147,DVC-b1be5f522f,ANDROID,N,2024-01-26,2026-06-18,74
CUST001148,DVC-690e8214eb,ANDROID,Y,2026-04-15,2026-08-29,2
CUST001148,DVC-6c28a7b54a,ANDROID,N,2025-03-22,2026-08-06,25
CUST001149,DVC-f8d2b90155,IOS,Y,2024-08-15,2026-08-25,6
CUST001150,DVC-632e05adf3,IOS,Y,2024-04-05,2026-08-25,6
CUST001150,DVC-61dbacecc9,ANDROID,N,2026-01-02,2026-07-17,45
CUST001150,DVC-3d7d33c5a3,ANDROID,N,2025-11-28,2026-08-17,14
CUST001151,DVC-d18017b0ad,ANDROID,Y,2026-03-14,2026-08-29,2
CUST001151,DVC-8a07505956,ANDROID,N,2026-02-01,2026-01-19,224
CUST001151,DVC-070e54e04a,ANDROID,N,2026-02-25,2026-06-20,72
CUST001152,DVC-84582f24c0,ANDROID,Y,2025-12-14,2026-08-29,2
CUST001152,DVC-e47755cab8,IOS,N,2024-08-16,2026-06-23,69
CUST001153,DVC-7637a8713b,IOS,Y,2024-11-28,2026-08-31,0
CUST001153,DVC-aa874a533a,ANDROID,N,2025-06-26,2026-01-14,229
CUST001154,DVC-09aad73c08,WEB,Y,2026-03-22,2026-08-26,5
CUST001155,DVC-69f9a0a37f,ANDROID,Y,2025-09-09,2026-08-26,5
CUST001155,DVC-da3a8767cc,IOS,N,2026-05-20,2026-07-05,57
CUST001156,DVC-d8b6b211e5,ANDROID,Y,2024-10-09,2026-08-25,6
CUST001156,DVC-93f30ab50d,ANDROID,N,2026-03-28,2026-08-20,11
CUST001156,DVC-36166eb687,ANDROID,N,2025-03-05,2026-06-29,63
CUST001157,DVC-735de650e8,ANDROID,Y,2026-07-18,2026-08-26,5
CUST001158,DVC-975719b19b,ANDROID,Y,2026-04-20,2026-08-29,2
CUST001158,DVC-12af3db74e,ANDROID,N,2026-05-23,2026-08-21,10
CUST001159,DVC-825043010d,ANDROID,Y,2024-10-25,2026-08-28,3
CUST001160,DVC-45e09dc6b7,WEB,Y,2025-06-30,2026-08-26,5
CUST001160,DVC-6359768933,ANDROID,N,2025-09-01,2026-01-28,215
CUST001160,DVC-cbf2b54d57,WEB,N,2024-05-31,2026-06-12,80
CUST001161,DVC-66804179c7,ANDROID,Y,2024-11-22,2026-08-26,5
CUST001161,DVC-c23b4c35e3,ANDROID,N,2024-06-07,2026-08-08,23
CUST001162,DVC-85829f83ea,ANDROID,Y,2026-06-19,2026-08-25,6
CUST001162,DVC-c1214dad01,ANDROID,N,2026-06-19,2026-06-21,71
CUST001163,DVC-63c381bdd0,ANDROID,Y,2025-08-14,2026-08-25,6
CUST001163,DVC-3bdc2bccd3,ANDROID,N,2025-11-21,2026-08-11,20
CUST001164,DVC-d5d615ac67,ANDROID,Y,2026-07-23,2026-08-31,0
CUST001164,DVC-04997720a1,ANDROID,N,2026-07-15,2026-06-26,66
CUST001164,DVC-779a5287c9,ANDROID,N,2026-07-15,2026-07-06,56
CUST001165,DVC-26de84f8d4,ANDROID,Y,2025-02-25,2026-08-26,5
CUST001165,DVC-053584bcb2,IOS,N,2024-06-05,2026-03-12,172
CUST001166,DVC-f95975a14c,ANDROID,Y,2026-07-25,2026-08-27,4
CUST001167,DVC-a4cd82f9d6,ANDROID,Y,2025-06-13,2026-08-30,1
CUST001167,DVC-4624386577,IOS,N,2023-12-11,2025-09-03,362
CUST001168,DVC-a6fb64a60e,IOS,Y,2025-10-01,2026-08-26,5
CUST001169,DVC-4e7fd194c1,ANDROID,Y,2024-07-04,2026-08-29,2
CUST001170,DVC-3b81fea1c4,ANDROID,Y,2025-06-23,2026-08-25,6
CUST001170,DVC-0b070cfbf9,ANDROID,N,2025-06-07,2026-08-10,21
CUST001171,DVC-2353b49d60,ANDROID,Y,2025-02-25,2026-08-25,6
CUST001171,DVC-c85f9091e7,ANDROID,N,2026-04-12,2026-08-25,6
CUST001172,DVC-8a4a4b0b9c,IOS,Y,2024-05-29,2026-08-31,0
CUST001172,DVC-56be37525e,IOS,N,2025-02-01,2026-07-24,38
CUST001173,DVC-9ab852459a,IOS,Y,2025-10-12,2026-08-31,0
CUST001173,DVC-3622e4950a,ANDROID,N,2025-11-27,2026-07-05,57
CUST001174,DVC-f9a45b8dbe,ANDROID,Y,2024-03-25,2026-08-28,3
CUST001174,DVC-a9f0c3950a,IOS,N,2024-03-01,2026-07-20,42
CUST001175,DVC-1ec376c831,ANDROID,Y,2026-02-09,2026-08-30,1
CUST001175,DVC-16841fa954,ANDROID,N,2025-10-09,2026-07-11,51
CUST001175,DVC-4773dd061d,IOS,N,2026-03-15,2026-07-07,55
CUST001176,DVC-ba8c97be5b,IOS,Y,2024-03-28,2026-08-28,3
CUST001176,DVC-056557b684,ANDROID,N,2025-08-02,2026-08-17,14
CUST001177,DVC-967c2d8a3c,ANDROID,Y,2025-09-25,2026-08-30,1
CUST001178,DVC-d35e430184,ANDROID,Y,2026-05-30,2026-08-26,5
CUST001178,DVC-d0c1051ddb,ANDROID,N,2026-06-03,2026-08-25,6
CUST001179,DVC-27aec2dc86,IOS,Y,2026-06-10,2026-08-25,6
CUST001179,DVC-18d80c5721,ANDROID,N,2024-01-21,2026-06-24,68
CUST001180,DVC-22ebd8c2e2,ANDROID,Y,2025-10-08,2026-08-31,0
CUST001181,DVC-0b521c47cc,IOS,Y,2025-10-07,2026-08-28,3
CUST001181,DVC-d47f570851,ANDROID,N,2024-10-11,2026-07-01,61
CUST001181,DVC-56f8ba207b,ANDROID,N,2025-11-30,2026-07-09,53
CUST001182,DVC-f2fbf252fd,IOS,Y,2024-09-24,2026-08-26,5
CUST001183,DVC-affe614d78,WEB,Y,2026-04-07,2026-08-31,0
CUST001184,DVC-81e08a0949,ANDROID,Y,2024-05-27,2026-08-25,6
CUST001185,DVC-5e33722cde,ANDROID,Y,2024-03-27,2026-08-26,5
CUST001186,DVC-3287fe4668,ANDROID,Y,2025-08-31,2026-08-25,6
CUST001187,DVC-2b09bd764a,IOS,Y,2025-03-29,2026-08-26,5
CUST001187,DVC-48f56228aa,ANDROID,N,2025-08-25,2026-07-08,54
CUST001188,DVC-120fd93904,ANDROID,Y,2024-03-24,2026-08-27,4
CUST001188,DVC-401f481cdc,IOS,N,2026-05-13,2026-06-26,66
CUST001188,DVC-8b7b3bce27,IOS,N,2025-03-18,2026-08-24,7
CUST001189,DVC-3996d5bd3d,ANDROID,Y,2025-05-07,2026-08-30,1
CUST001189,DVC-9607f9fb90,ANDROID,N,2025-06-25,2026-07-30,32
CUST001190,DVC-e823529007,ANDROID,Y,2025-04-14,2026-08-28,3
CUST001191,DVC-a299b867f9,ANDROID,Y,2026-07-10,2026-08-27,4
CUST001192,DVC-1bfadd8930,IOS,Y,2024-05-10,2026-08-25,6
CUST001193,DVC-615a082b41,IOS,Y,2026-01-05,2026-08-29,2
CUST001193,DVC-0689b5e73c,ANDROID,N,2025-02-25,2026-07-23,39
CUST001194,DVC-4fc5086fac,IOS,Y,2025-12-14,2026-08-25,6
CUST001195,DVC-8d3d17e6d3,ANDROID,Y,2024-11-23,2026-08-30,1
CUST001195,DVC-26aa65daf5,ANDROID,N,2026-06-01,2026-07-18,44
CUST001195,DVC-73de1f2548,WEB,N,2025-12-27,2026-08-24,7
CUST001196,DVC-980e804f00,ANDROID,Y,2024-05-08,2026-08-27,4
CUST001196,DVC-4b2f8daf4d,ANDROID,N,2025-11-06,2026-04-24,129
CUST001197,DVC-012c4dada0,WEB,Y,2024-03-27,2026-08-31,0
CUST001198,DVC-28de0f39da,ANDROID,Y,2025-06-27,2026-08-31,0
CUST001199,DVC-c355cdd24a,IOS,Y,2025-11-29,2026-08-28,3
CUST001199,DVC-201253d626,IOS,N,2024-08-23,2026-06-12,80
CUST001200,DVC-10af7e91d7,ANDROID,Y,2024-06-05,2026-08-30,1
CUST001200,DVC-3d09b2a134,ANDROID,N,2025-01-16,2026-06-19,73
CUST001201,DVC-61fd1af9b3,ANDROID,Y,2025-02-06,2026-08-25,6
CUST001201,DVC-4b85c73aab,IOS,N,2024-05-20,2026-08-19,12
CUST001202,DVC-41d6cefe8a,IOS,Y,2025-06-09,2026-08-27,4
CUST001203,DVC-a06816e0d5,ANDROID,Y,2025-12-16,2026-08-30,1
CUST001204,DVC-a8a41d52c3,IOS,Y,2025-04-07,2026-08-31,0
CUST001204,DVC-263bdcea9a,ANDROID,N,2025-11-20,2026-08-28,3
CUST001205,DVC-fa6eafd241,ANDROID,Y,2026-07-18,2026-08-27,4
CUST001205,DVC-19e1fdcd32,ANDROID,N,2025-12-05,2026-08-15,16
CUST001206,DVC-dd2dff6e15,ANDROID,Y,2026-04-28,2026-08-31,0
CUST001207,DVC-fd2aa85dae,IOS,Y,2026-01-31,2026-08-28,3
CUST001208,DVC-db70c5159d,ANDROID,Y,2025-08-31,2026-08-29,2
CUST001208,DVC-7c8082b392,ANDROID,N,2025-10-02,2026-08-02,29
CUST001209,DVC-07e25fec65,ANDROID,Y,2025-11-13,2026-08-31,0
CUST001209,DVC-3194bbad6f,ANDROID,N,2024-10-06,2026-06-18,74
CUST001209,DVC-c90a9dfaac,ANDROID,N,2026-04-09,2026-07-14,48
CUST001210,DVC-4f59a393fc,ANDROID,Y,2025-08-18,2026-08-30,1
CUST001211,DVC-59cfac86bb,ANDROID,Y,2025-07-21,2026-08-27,4
CUST001212,DVC-efae1ab6d7,ANDROID,Y,2025-12-12,2026-08-27,4
CUST001212,DVC-1d44299fcb,ANDROID,N,2026-04-01,2026-08-21,10
CUST001212,DVC-1c37ff6f03,IOS,N,2024-10-06,2026-08-23,8
CUST001213,DVC-96bb86029b,ANDROID,Y,2025-06-09,2026-08-25,6
CUST001214,DVC-3751484725,IOS,Y,2026-01-26,2026-08-31,0
CUST001214,DVC-cfa08fa46d,ANDROID,N,2025-06-05,2026-06-26,66
CUST001215,DVC-d09295f6c4,WEB,Y,2024-06-17,2026-08-25,6
CUST001216,DVC-bd961badf3,IOS,Y,2024-07-02,2026-08-25,6
CUST001216,DVC-1cb2dd0707,IOS,N,2026-03-15,2026-06-17,75
CUST001217,DVC-6d06eb84b0,ANDROID,Y,2026-06-09,2026-08-29,2
CUST001217,DVC-3f02421741,ANDROID,N,2025-05-01,2026-07-08,54
CUST001218,DVC-23ef3b412a,ANDROID,Y,2025-12-26,2026-08-27,4
CUST001218,DVC-383699584d,ANDROID,N,2024-09-12,2026-06-28,64
CUST001219,DVC-e25dcb1b60,ANDROID,Y,2024-11-12,2026-08-25,6
CUST001219,DVC-1f91600091,IOS,N,2025-02-09,2026-07-27,35
CUST001220,DVC-83eb6a20f2,IOS,Y,2025-08-09,2026-08-30,1
CUST001220,DVC-bb4f569a81,ANDROID,N,2025-04-28,2026-08-10,21
CUST001220,DVC-e313682b46,ANDROID,N,2024-08-14,2026-07-19,43
CUST001221,DVC-b9da22e495,ANDROID,Y,2025-04-20,2026-08-31,0
CUST001221,DVC-856903886d,ANDROID,N,2025-04-11,2026-07-07,55
CUST001222,DVC-14fe569d56,ANDROID,Y,2025-01-21,2026-08-25,6
CUST001223,DVC-3deffdbc8c,ANDROID,Y,2025-08-01,2026-08-26,5
CUST001224,DVC-a0e2c84ba0,ANDROID,Y,2024-11-26,2026-08-29,2
CUST001225,DVC-182aba89c5,ANDROID,Y,2024-10-29,2026-08-27,4
CUST001226,DVC-caa36d63ba,IOS,Y,2026-07-09,2026-08-28,3
CUST001227,DVC-8f1c653b0b,WEB,Y,2026-06-23,2026-08-27,4
CUST001228,DVC-dd74e64471,IOS,Y,2025-02-17,2026-08-31,0
CUST001229,DVC-89a7aaa526,ANDROID,Y,2025-03-21,2026-08-25,6
CUST001229,DVC-a58b8b9089,ANDROID,N,2026-06-01,2026-07-10,52
CUST001229,DVC-b96a3ab2c2,ANDROID,N,2024-09-01,2026-07-25,37
CUST001230,DVC-e9e65a6253,WEB,Y,2025-12-07,2026-08-26,5
CUST001231,DVC-8bbde68eaf,ANDROID,Y,2026-04-30,2026-08-31,0
CUST001231,DVC-066ba52ed8,WEB,N,2024-08-21,2026-07-25,37
CUST001232,DVC-7c55f8bb05,ANDROID,Y,2026-01-19,2026-08-25,6
CUST001232,DVC-6af6f03f5c,ANDROID,N,2026-02-04,2026-08-08,23
CUST001233,DVC-7696231582,IOS,Y,2025-07-21,2026-08-27,4
CUST001234,DVC-2f41de65fd,IOS,Y,2025-07-24,2026-08-25,6
CUST001234,DVC-f240ac6df5,IOS,N,2025-07-24,2025-11-13,291
CUST001235,DVC-5c62a68fa3,ANDROID,Y,2025-01-25,2026-08-27,4
CUST001236,DVC-fb543a1aac,ANDROID,Y,2025-02-13,2026-08-27,4
CUST001236,DVC-f499bf7a60,IOS,N,2026-03-24,2026-08-12,19
CUST001237,DVC-115f9cdb31,ANDROID,Y,2024-07-02,2026-08-29,2
CUST001238,DVC-8440f2351d,ANDROID,Y,2025-08-11,2026-08-25,6
CUST001238,DVC-fec03eec7c,IOS,N,2025-11-16,2026-07-20,42
CUST001239,DVC-6aa84dec8e,ANDROID,Y,2026-07-02,2026-08-26,5
CUST001240,DVC-08958a76e6,ANDROID,Y,2025-10-04,2026-08-28,3
CUST001241,DVC-90e967ee03,ANDROID,Y,2024-11-01,2026-08-26,5
CUST001242,DVC-1d310cd49d,ANDROID,Y,2026-06-25,2026-08-25,6
CUST001242,DVC-ccdf90dada,ANDROID,N,2025-10-12,2026-06-24,68
CUST001243,DVC-17ba9a771c,WEB,Y,2024-12-31,2026-08-30,1
CUST001243,DVC-e248fdbc43,ANDROID,N,2024-12-21,2026-06-30,62
CUST001243,DVC-ead63fed82,ANDROID,N,2026-05-09,2026-07-10,52
CUST001244,DVC-4aae77c715,ANDROID,Y,2026-07-03,2026-08-31,0
CUST001244,DVC-6937af5da9,ANDROID,N,2025-07-22,2026-07-12,50
CUST001245,DVC-40ccbbf9ce,ANDROID,Y,2024-06-19,2026-08-30,1
CUST001246,DVC-f2569b6c21,IOS,Y,2026-03-18,2026-08-29,2
CUST001246,DVC-5588ea7fcc,WEB,N,2026-03-18,2026-08-15,16
CUST001246,DVC-baec326af1,ANDROID,N,2026-03-25,2026-08-15,16
CUST001247,DVC-fd11f55134,ANDROID,Y,2025-01-14,2026-08-26,5
CUST001248,DVC-6604b018ca,ANDROID,Y,2025-12-05,2026-08-31,0
CUST001248,DVC-d4f1b4dc8e,IOS,N,2024-06-07,2026-08-17,14
CUST001249,DVC-e4359b3b2c,ANDROID,Y,2026-05-11,2026-08-30,1
CUST001249,DVC-6b240a4c8f,ANDROID,N,2024-08-01,2026-06-21,71
CUST001250,DVC-e69f464004,WEB,Y,2024-10-12,2026-08-31,0
CUST001250,DVC-e53428154e,IOS,N,2026-05-07,2026-07-20,42
CUST001251,DVC-86723834b8,IOS,Y,2025-11-21,2026-08-26,5
CUST001252,DVC-4701b64d94,ANDROID,Y,2026-05-22,2026-08-25,6
CUST001252,DVC-33ee4aed3e,ANDROID,N,2026-03-06,2025-08-22,374
CUST001252,DVC-eae1867e31,ANDROID,N,2026-04-02,2026-08-12,19
CUST001253,DVC-3fe138c84e,IOS,Y,2026-07-12,2026-08-26,5
CUST001254,DVC-10ef008433,IOS,Y,2024-04-15,2026-08-26,5
CUST001255,DVC-b175995f34,ANDROID,Y,2026-05-27,2026-08-25,6
CUST001256,DVC-882d680e04,IOS,Y,2024-12-28,2026-08-29,2
CUST001256,DVC-27dd852c6e,WEB,N,2026-04-01,2026-07-01,61
CUST001256,DVC-7462ff38b1,ANDROID,N,2024-04-30,2026-07-12,50
CUST001257,DVC-5f567446b8,ANDROID,Y,2026-07-15,2026-08-26,5
CUST001257,DVC-7edec9778a,IOS,N,2026-07-15,2026-08-04,27
CUST001257,DVC-2a69d596c2,IOS,N,2026-07-15,2026-07-12,50
CUST001258,DVC-baa2db0fb6,ANDROID,Y,2025-07-12,2026-08-27,4
CUST001259,DVC-61cd1122dc,ANDROID,Y,2026-03-28,2026-08-29,2
CUST001260,DVC-5a178148ac,ANDROID,Y,2025-03-09,2026-08-25,6
CUST001260,DVC-3798d72c82,WEB,N,2025-11-01,2026-08-14,17
CUST001260,DVC-492606fb05,WEB,N,2025-08-20,2026-08-11,20
CUST001261,DVC-69e08cd8c1,ANDROID,Y,2024-10-25,2026-08-27,4
CUST001261,DVC-95f859e740,IOS,N,2026-04-05,2026-07-16,46
CUST001262,DVC-5c9da02d9c,ANDROID,Y,2025-10-18,2026-08-27,4
CUST001263,DVC-785ca546e8,ANDROID,Y,2025-06-11,2026-08-31,0
CUST001263,DVC-5d35a32da2,ANDROID,N,2025-05-30,2026-07-09,53
CUST001263,DVC-4065bf3c9d,ANDROID,N,2024-03-04,2026-07-13,49
CUST001264,DVC-11966924eb,ANDROID,Y,2026-07-11,2026-08-29,2
CUST001264,DVC-ab8c81496d,ANDROID,N,2025-10-26,2026-08-14,17
CUST001265,DVC-7984db5f63,WEB,Y,2026-06-30,2026-08-26,5
CUST001265,DVC-ea97322d1f,ANDROID,N,2025-12-13,2026-07-09,53
CUST001265,DVC-097268ddfa,IOS,N,2025-09-26,2026-08-22,9
CUST001266,DVC-7d8d4f1de2,IOS,Y,2025-10-05,2026-08-28,3
CUST001266,DVC-6a5ab0be1a,ANDROID,N,2025-10-21,2026-07-25,37
CUST001267,DVC-a2fe821703,ANDROID,Y,2025-03-01,2026-08-27,4
CUST001268,DVC-f4f3b175f8,IOS,Y,2025-04-18,2026-08-27,4
CUST001269,DVC-25c8318efd,ANDROID,Y,2024-06-06,2026-08-28,3
CUST001269,DVC-497c486580,IOS,N,2025-06-05,2026-08-05,26
CUST001270,DVC-62f6cf0bc5,ANDROID,Y,2025-10-01,2026-08-31,0
CUST001270,DVC-58a89326f2,ANDROID,N,2025-05-04,2026-08-17,14
CUST001270,DVC-e750dfa1e5,ANDROID,N,2025-09-14,2026-06-15,77
CUST001271,DVC-912eb26639,ANDROID,Y,2025-01-24,2026-08-25,6
CUST001271,DVC-ee09653169,ANDROID,N,2026-04-20,2026-06-28,64
CUST001272,DVC-753bd7d6d2,ANDROID,Y,2024-07-28,2026-08-30,1
CUST001272,DVC-4bb004a9c5,ANDROID,N,2024-01-19,2026-01-22,221
CUST001273,DVC-42e7ead830,ANDROID,Y,2026-06-14,2026-08-31,0
CUST001273,DVC-3dcb4a92ba,ANDROID,N,2024-06-08,2026-08-14,17
CUST001274,DVC-76f5d6cecc,ANDROID,Y,2026-04-09,2026-08-26,5
CUST001275,DVC-32fda991c3,ANDROID,Y,2025-07-14,2026-08-29,2
CUST001276,DVC-3f958b601d,ANDROID,Y,2025-08-17,2026-08-28,3
CUST001277,DVC-12b5b6bbdd,ANDROID,Y,2025-06-19,2026-08-31,0
CUST001277,DVC-2144df3bd0,ANDROID,N,2025-12-05,2026-08-23,8
CUST001278,DVC-602486ec5c,ANDROID,Y,2025-05-31,2026-08-28,3
CUST001279,DVC-b986042ef7,ANDROID,Y,2026-01-29,2026-08-26,5
CUST001279,DVC-582610fd6b,ANDROID,N,2024-03-18,2026-05-07,116
CUST001280,DVC-c56657119b,ANDROID,Y,2026-01-10,2026-08-31,0
CUST001281,DVC-fdd154fe87,ANDROID,Y,2025-03-29,2026-08-28,3
CUST001282,DVC-74e1aa5827,ANDROID,Y,2026-07-29,2026-08-29,2
CUST001282,DVC-52bf69ec84,ANDROID,N,2024-10-23,2026-06-19,73
CUST001283,DVC-211784c0c7,ANDROID,Y,2026-03-12,2026-08-30,1
CUST001284,DVC-fc7206ff7a,ANDROID,Y,2025-11-06,2026-08-29,2
CUST001285,DVC-8f7af26336,ANDROID,Y,2025-08-01,2026-08-30,1
CUST001286,DVC-5072b9b39c,IOS,Y,2026-05-17,2026-08-25,6
CUST001287,DVC-bd8f7a1fea,IOS,Y,2026-04-25,2026-08-29,2
CUST001288,DVC-79ed8d85d1,ANDROID,Y,2024-09-20,2026-08-28,3
CUST001289,DVC-129d78e27c,WEB,Y,2026-02-25,2026-08-27,4
CUST001290,DVC-6328c6e98f,WEB,Y,2025-12-10,2026-08-25,6
CUST001291,DVC-2d424e24fd,ANDROID,Y,2025-11-13,2026-08-31,0
CUST001291,DVC-4bd831327c,ANDROID,N,2026-03-29,2026-08-26,5
CUST001292,DVC-5aa3b73f72,IOS,Y,2025-04-19,2026-08-28,3
CUST001292,DVC-b0d36be6b4,ANDROID,N,2025-09-03,2026-06-17,75
CUST001293,DVC-a09484df5e,ANDROID,Y,2026-03-20,2026-08-30,1
CUST001293,DVC-3bd3c42671,ANDROID,N,2026-03-31,2026-08-21,10
CUST001293,DVC-b079ab2de5,ANDROID,N,2026-07-01,2026-08-21,10
CUST001294,DVC-7fa51fc65a,ANDROID,Y,2026-06-28,2026-08-28,3
CUST001295,DVC-2c6a52e3f6,ANDROID,Y,2025-12-18,2026-08-25,6
CUST001296,DVC-737b097173,ANDROID,Y,2025-05-07,2026-08-28,3
CUST001297,DVC-45f4c5695e,ANDROID,Y,2026-05-25,2026-08-27,4
CUST001298,DVC-dbe2fb26ed,ANDROID,Y,2025-04-19,2026-08-29,2
CUST001299,DVC-7d6cf2b1a5,IOS,Y,2026-05-02,2026-08-27,4
CUST001300,DVC-a6810516e6,ANDROID,Y,2026-06-29,2026-08-27,4
CUST001301,DVC-302db16576,ANDROID,Y,2026-06-07,2026-08-25,6
CUST001302,DVC-c261a92bae,ANDROID,Y,2026-02-11,2026-08-26,5
CUST001303,DVC-82cdfef56f,ANDROID,Y,2026-07-19,2026-08-25,6
CUST001304,DVC-7410f27eca,ANDROID,Y,2025-11-18,2026-08-28,3
CUST001305,DVC-41ed6623a8,ANDROID,Y,2025-02-08,2026-08-31,0
CUST001306,DVC-b0cc9bbdc1,IOS,Y,2025-08-03,2026-08-25,6
CUST001306,DVC-80c673963c,ANDROID,N,2024-09-27,2026-08-14,17
CUST001307,DVC-38a7e5b0cd,IOS,Y,2025-01-29,2026-08-26,5
CUST001307,DVC-12eda259e9,ANDROID,N,2024-06-25,2026-07-27,35
CUST001308,DVC-09874a67dc,IOS,Y,2024-08-08,2026-08-29,2
CUST001308,DVC-7107338dee,ANDROID,N,2026-03-04,2026-08-27,4
CUST001309,DVC-cc89bd7619,IOS,Y,2024-09-10,2026-08-29,2
CUST001310,DVC-d13747eb88,ANDROID,Y,2026-01-18,2026-08-25,6
CUST001311,DVC-7f49558dd8,IOS,Y,2026-04-02,2026-08-31,0
CUST001312,DVC-582355ae0d,IOS,Y,2026-06-29,2026-08-31,0
CUST001313,DVC-7264803404,ANDROID,Y,2024-03-22,2026-08-30,1
CUST001314,DVC-4dead4b13f,ANDROID,Y,2026-04-17,2026-08-26,5
CUST001315,DVC-044e701de7,IOS,Y,2024-08-12,2026-08-30,1
CUST001315,DVC-b903bbb7b6,ANDROID,N,2026-01-09,2026-08-16,15
CUST001316,DVC-a471357cf1,ANDROID,Y,2026-05-21,2026-08-31,0
CUST001317,DVC-72a7151580,IOS,Y,2025-06-18,2026-08-26,5
CUST001318,DVC-c5917fa63e,ANDROID,Y,2026-03-23,2026-08-25,6
CUST001319,DVC-b195d29aa8,ANDROID,Y,2026-01-01,2026-08-26,5
CUST001320,DVC-a24a1f67e6,ANDROID,Y,2026-03-01,2026-08-26,5
CUST001321,DVC-279f0affe2,ANDROID,Y,2026-05-06,2026-08-29,2
CUST001322,DVC-ddcb1520c3,IOS,Y,2025-04-09,2026-08-28,3
CUST001323,DVC-867981451d,ANDROID,Y,2025-03-30,2026-08-25,6
CUST001323,DVC-1ecbbd9fd4,ANDROID,N,2025-09-24,2026-08-29,2
CUST001324,DVC-90d5089b25,ANDROID,Y,2026-05-07,2026-08-28,3
CUST001324,DVC-38b87acd9f,ANDROID,N,2024-11-22,2026-06-29,63
CUST001324,DVC-9e72621193,IOS,N,2026-02-09,2026-07-11,51
CUST001325,DVC-48b99cecf6,IOS,Y,2025-10-18,2026-08-30,1
CUST001326,DVC-d050ff2a16,ANDROID,Y,2025-01-17,2026-08-26,5
CUST001327,DVC-21cdbab308,ANDROID,Y,2026-07-21,2026-08-29,2
CUST001327,DVC-964a514a79,ANDROID,N,2025-02-11,2026-08-14,17
CUST001327,DVC-0f4e98d81e,ANDROID,N,2026-02-13,2026-08-22,9
CUST001328,DVC-466de4b49d,IOS,Y,2025-03-03,2026-08-29,2
CUST001329,DVC-c4185431ad,ANDROID,Y,2026-06-15,2026-08-30,1
CUST001329,DVC-7686798f5c,ANDROID,N,2026-02-19,2026-07-12,50
CUST001330,DVC-fc54151fbc,ANDROID,Y,2026-06-03,2026-08-26,5
CUST001331,DVC-bec360cb11,ANDROID,Y,2026-04-20,2026-08-31,0
CUST001332,DVC-98298711f7,ANDROID,Y,2026-06-23,2026-08-31,0
CUST001332,DVC-6d525efa7f,ANDROID,N,2025-11-13,2025-08-14,382
CUST001333,DVC-4e5e0fb1ec,ANDROID,Y,2026-05-04,2026-08-30,1
CUST001333,DVC-0f846d6aa1,IOS,N,2024-11-18,2026-06-26,66
CUST001334,DVC-3f551adf0d,ANDROID,Y,2026-03-18,2026-08-31,0
CUST001335,DVC-e2dbb85b6d,ANDROID,Y,2024-10-04,2026-08-29,2
CUST001335,DVC-141bd6194f,ANDROID,N,2025-04-10,2026-07-28,34
CUST001336,DVC-da1f0cf360,WEB,Y,2025-04-11,2026-08-26,5
CUST001337,DVC-d2f985674d,ANDROID,Y,2026-04-06,2026-08-28,3
CUST001338,DVC-dd8ec6dbb3,WEB,Y,2024-12-26,2026-08-29,2
CUST001339,DVC-7f9c5828eb,ANDROID,Y,2026-07-22,2026-08-26,5
CUST001340,DVC-4f551467cf,IOS,Y,2024-08-28,2026-08-25,6
CUST001341,DVC-1de7964164,ANDROID,Y,2026-06-07,2026-08-26,5
CUST001342,DVC-c7068ceed7,WEB,Y,2026-03-17,2026-08-25,6
CUST001343,DVC-9da68fb2d5,IOS,Y,2025-09-19,2026-08-30,1
CUST001343,DVC-0d5e04c4ea,IOS,N,2026-05-18,2026-07-21,41
CUST001344,DVC-4a7b5e4fe5,IOS,Y,2025-05-05,2026-08-26,5
CUST001344,DVC-f8064c3aed,ANDROID,N,2024-11-26,2025-09-25,340
CUST001345,DVC-b013f27dff,ANDROID,Y,2025-08-05,2026-08-31,0
CUST001346,DVC-e1c9e0a13a,WEB,Y,2026-06-04,2026-08-26,5
CUST001347,DVC-d6bea3342d,ANDROID,Y,2026-01-17,2026-08-30,1
CUST001347,DVC-cbac661544,IOS,N,2025-09-30,2026-06-15,77
CUST001348,DVC-f4f9e19ee1,ANDROID,Y,2026-01-27,2026-08-30,1
CUST001348,DVC-4c9a9b46b9,ANDROID,N,2026-01-06,2026-06-14,78
CUST001349,DVC-def10197bc,IOS,Y,2026-01-31,2026-08-29,2
CUST001349,DVC-23da084e8d,ANDROID,N,2025-11-28,2026-02-26,186
CUST001349,DVC-9d9a918d0e,IOS,N,2026-02-25,2026-08-09,22
CUST001350,DVC-08f80036f6,IOS,Y,2025-10-30,2026-08-29,2
CUST001350,DVC-a5342d2b35,IOS,N,2025-10-30,2025-09-17,348
CUST001351,DVC-aa27b8bc9a,ANDROID,Y,2025-02-03,2026-08-28,3
CUST001351,DVC-b7774f8d64,ANDROID,N,2025-01-04,2026-06-24,68
CUST001352,DVC-1d127321bc,IOS,Y,2025-06-18,2026-08-31,0
CUST001353,DVC-ffcedaf63c,ANDROID,Y,2024-06-20,2026-08-25,6
CUST001353,DVC-d665831bf1,IOS,N,2026-02-09,2026-07-08,54
CUST001353,DVC-8bbfe62335,WEB,N,2025-05-07,2026-08-29,2
CUST001354,DVC-c34fc14e31,WEB,Y,2025-04-07,2026-08-30,1
CUST001355,DVC-a7c244ec4f,ANDROID,Y,2025-10-12,2026-08-31,0
CUST001355,DVC-18b2be590d,ANDROID,N,2025-03-06,2026-06-26,66
CUST001356,DVC-f9844e24a4,IOS,Y,2024-06-28,2026-08-26,5
CUST001357,DVC-d23079feb9,ANDROID,Y,2026-05-27,2026-08-31,0
CUST001358,DVC-fbebfcc6ae,ANDROID,Y,2026-04-04,2026-08-31,0
CUST001359,DVC-5142f4373d,IOS,Y,2026-07-15,2026-08-25,6
CUST001359,DVC-33657ba153,IOS,N,2025-07-19,2026-07-25,37
CUST001360,DVC-dc9693bca3,ANDROID,Y,2025-11-08,2026-08-28,3
CUST001361,DVC-e10d48b8e1,ANDROID,Y,2026-05-02,2026-08-26,5
CUST001362,DVC-5ef159f731,WEB,Y,2026-06-20,2026-08-25,6
CUST001363,DVC-13836c46ad,IOS,Y,2025-05-29,2026-08-30,1
CUST001363,DVC-7b53feb943,IOS,N,2025-03-12,2026-08-23,8
CUST001364,DVC-6a3d633c86,ANDROID,Y,2024-03-23,2026-08-27,4
CUST001364,DVC-94bed97c58,ANDROID,N,2025-06-27,2026-07-30,32
CUST001365,DVC-c897cbee1d,IOS,Y,2025-12-07,2026-08-28,3
CUST001366,DVC-e0d8421d95,ANDROID,Y,2025-07-25,2026-08-26,5
CUST001366,DVC-06d06d41e1,ANDROID,N,2025-11-01,2026-07-22,40
CUST001366,DVC-2b062aacef,ANDROID,N,2025-09-21,2026-07-10,52
CUST001367,DVC-6f0ae118c5,ANDROID,Y,2024-10-13,2026-08-31,0
CUST001368,DVC-090be77e7c,ANDROID,Y,2026-06-13,2026-08-31,0
CUST001369,DVC-7bfe04ea3e,IOS,Y,2025-03-02,2026-08-25,6
CUST001370,DVC-acbb595bd2,WEB,Y,2026-06-06,2026-08-25,6
CUST001371,DVC-f93cf3cb62,IOS,Y,2025-01-04,2026-08-27,4
CUST001372,DVC-1653e6d440,ANDROID,Y,2024-03-17,2026-08-28,3
CUST001372,DVC-880921ae49,ANDROID,N,2024-04-22,2026-06-16,76
CUST001373,DVC-d240eec718,ANDROID,Y,2025-12-11,2026-08-30,1
CUST001374,DVC-9c3aca7e4f,IOS,Y,2025-06-05,2026-08-25,6
CUST001375,DVC-704da954f4,ANDROID,Y,2024-10-07,2026-08-26,5
CUST001375,DVC-55261be71f,ANDROID,N,2025-12-22,2026-06-24,68
CUST001376,DVC-50f52c4ad7,ANDROID,Y,2026-05-12,2026-08-28,3
CUST001376,DVC-49087cb6ca,WEB,N,2026-04-28,2026-06-20,72
CUST001377,DVC-d0bb37f1f2,ANDROID,Y,2025-02-25,2026-08-31,0
CUST001378,DVC-ee9237d66f,ANDROID,Y,2025-12-26,2026-08-31,0
CUST001379,DVC-c2c3344c56,ANDROID,Y,2024-06-13,2026-08-25,6
CUST001380,DVC-05813a7d4e,IOS,Y,2024-06-08,2026-08-26,5
CUST001381,DVC-629678d9a7,ANDROID,Y,2026-06-16,2026-08-27,4
CUST001382,DVC-a4722b932c,ANDROID,Y,2026-07-18,2026-08-31,0
CUST001383,DVC-2f003a21c0,ANDROID,Y,2025-12-03,2026-08-26,5
CUST001383,DVC-660d46606c,ANDROID,N,2025-05-10,2026-07-03,59
CUST001383,DVC-1eae998949,ANDROID,N,2026-04-21,2026-07-27,35
CUST001384,DVC-1498905798,ANDROID,Y,2026-01-11,2026-08-27,4
CUST001385,DVC-6e42952879,IOS,Y,2025-03-13,2026-08-31,0
CUST001385,DVC-0ecb6d6e0c,IOS,N,2024-11-09,2026-06-18,74
CUST001385,DVC-c2bd861cc7,ANDROID,N,2025-03-06,2026-08-12,19
CUST001386,DVC-6d4d677d72,IOS,Y,2026-03-07,2026-08-25,6
CUST001386,DVC-d02ba28bd1,ANDROID,N,2026-03-07,2026-06-14,78
CUST001387,DVC-90c718160f,IOS,Y,2024-07-30,2026-08-26,5
CUST001388,DVC-5a55147701,ANDROID,Y,2025-08-20,2026-08-28,3
CUST001388,DVC-628a35ce7d,WEB,N,2025-02-28,2026-07-20,42
CUST001389,DVC-8aaa47be23,ANDROID,Y,2026-03-29,2026-08-26,5
CUST001390,DVC-a0f331b660,IOS,Y,2024-10-10,2026-08-28,3
CUST001391,DVC-9429395f7c,ANDROID,Y,2025-07-27,2026-08-31,0
CUST001391,DVC-c5c662ca6d,ANDROID,N,2025-07-04,2025-09-07,358
CUST001391,DVC-67970bdec8,ANDROID,N,2026-04-04,2026-06-25,67
CUST001392,DVC-30d52f1ce2,WEB,Y,2025-06-22,2026-08-27,4
CUST001392,DVC-0d8a3b8583,WEB,N,2025-06-24,2026-07-02,60
CUST001393,DVC-095f73cdfa,ANDROID,Y,2026-04-19,2026-08-26,5
CUST001394,DVC-d86044bbe2,ANDROID,Y,2026-02-20,2026-08-28,3
CUST001394,DVC-174bf3b60a,ANDROID,N,2025-07-28,2026-07-25,37
CUST001395,DVC-9f6d5f9e9d,ANDROID,Y,2026-06-04,2026-08-30,1
CUST001396,DVC-2d1032de47,IOS,Y,2024-10-18,2026-08-25,6
CUST001396,DVC-ffe42029bb,IOS,N,2026-03-05,2026-08-19,12
CUST001397,DVC-8e01178647,ANDROID,Y,2026-04-19,2026-08-25,6
CUST001397,DVC-eb0c6d2787,IOS,N,2024-03-24,2026-08-06,25
CUST001398,DVC-538206b8d9,WEB,Y,2025-09-01,2026-08-26,5
CUST001399,DVC-6772d113db,ANDROID,Y,2024-11-08,2026-08-30,1
CUST001400,DVC-8a5c6d4d3e,IOS,Y,2025-01-07,2026-08-27,4
CUST001401,DVC-f58c516899,IOS,Y,2024-07-31,2026-08-27,4
CUST001402,DVC-7a3e33f34f,ANDROID,Y,2025-08-12,2026-08-30,1
CUST001402,DVC-68b0165cbf,IOS,N,2025-10-07,2026-06-25,67
CUST001403,DVC-702b41a64e,ANDROID,Y,2025-10-30,2026-08-27,4
CUST001403,DVC-078fb17a0b,IOS,N,2024-07-17,2026-04-08,145
CUST001404,DVC-fd6581383f,IOS,Y,2025-02-02,2026-08-31,0
CUST001405,DVC-91bd26c02d,ANDROID,Y,2025-09-13,2026-08-28,3
CUST001406,DVC-869a1f86cb,ANDROID,Y,2026-03-26,2026-08-26,5
CUST001406,DVC-128c8ca152,ANDROID,N,2026-04-17,2026-07-19,43
CUST001407,DVC-8cd7f367d7,IOS,Y,2024-03-28,2026-08-26,5
CUST001408,DVC-c1d0d48059,ANDROID,Y,2025-11-26,2026-08-26,5
CUST001408,DVC-c85f8bdc19,IOS,N,2025-11-14,2026-02-15,197
CUST001409,DVC-ed9fab02d3,ANDROID,Y,2025-11-11,2026-08-26,5
CUST001409,DVC-494baada2c,WEB,N,2026-01-10,2026-07-14,48
CUST001410,DVC-a733f45fa9,ANDROID,Y,2025-06-30,2026-08-29,2
CUST001411,DVC-3807bfc4ca,ANDROID,Y,2025-12-22,2026-08-29,2
CUST001412,DVC-eef2b0c94a,ANDROID,Y,2025-07-28,2026-08-28,3
CUST001413,DVC-beb3a968d9,ANDROID,Y,2025-06-28,2026-08-26,5
CUST001414,DVC-54cecbfbae,ANDROID,Y,2026-07-14,2026-08-31,0
CUST001415,DVC-4a1d15174f,ANDROID,Y,2026-02-21,2026-08-27,4
CUST001416,DVC-4e86e99a7d,IOS,Y,2025-01-25,2026-08-25,6
CUST001416,DVC-62c63ec809,IOS,N,2025-09-14,2026-08-01,30
CUST001417,DVC-57e5d73bd8,ANDROID,Y,2026-04-22,2026-08-29,2
CUST001417,DVC-95d65cd727,ANDROID,N,2025-01-18,2026-06-25,67
CUST001418,DVC-6259534384,ANDROID,Y,2025-08-23,2026-08-28,3
CUST001419,DVC-d22117ac81,ANDROID,Y,2025-01-02,2026-08-28,3
CUST001419,DVC-572fe3b189,ANDROID,N,2026-06-19,2026-08-06,25
CUST001420,DVC-35940c62ca,ANDROID,Y,2026-01-04,2026-08-28,3
CUST001420,DVC-3c7ac68852,ANDROID,N,2025-11-23,2026-07-19,43
CUST001421,DVC-c62e84ddce,ANDROID,Y,2024-05-02,2026-08-27,4
CUST001421,DVC-791e985b4d,IOS,N,2025-12-06,2026-07-10,52
CUST001422,DVC-9e635a4374,ANDROID,Y,2024-12-05,2026-08-30,1
CUST001423,DVC-56644ece42,WEB,Y,2026-04-25,2026-08-30,1
CUST001423,DVC-89fdb0ae69,WEB,N,2026-06-11,2026-07-20,42
CUST001424,DVC-b4ac3cd808,ANDROID,Y,2024-06-28,2026-08-31,0
CUST001424,DVC-9160cb4186,ANDROID,N,2026-01-05,2026-08-07,24
CUST001424,DVC-585b96d247,IOS,N,2024-04-17,2026-07-11,51
CUST001425,DVC-33a77e5656,ANDROID,Y,2024-03-29,2026-08-30,1
CUST001425,DVC-37c7eec655,ANDROID,N,2024-09-10,2026-07-05,57
CUST001426,DVC-69c99fae10,ANDROID,Y,2024-09-09,2026-08-29,2
CUST001426,DVC-76e0cc20a0,WEB,N,2025-10-24,2026-06-13,79
CUST001427,DVC-2d595f94f1,IOS,Y,2026-06-15,2026-08-29,2
CUST001428,DVC-7080962e55,ANDROID,Y,2025-02-11,2026-08-30,1
CUST001429,DVC-d749f9aa44,ANDROID,Y,2025-02-05,2026-08-27,4
CUST001430,DVC-c349c2538f,ANDROID,Y,2024-07-13,2026-08-31,0
CUST001431,DVC-2344f6e21c,ANDROID,Y,2025-10-30,2026-08-30,1
CUST001432,DVC-e74dcdfaa3,ANDROID,Y,2026-04-12,2026-08-27,4
CUST001432,DVC-ed19ff196b,ANDROID,N,2025-12-21,2026-08-21,10
CUST001432,DVC-94c6c16bf1,IOS,N,2024-12-18,2026-07-10,52
CUST001433,DVC-8122efacd0,ANDROID,Y,2026-06-25,2026-08-25,6
CUST001433,DVC-4bfeed46a7,ANDROID,N,2026-06-25,2026-03-12,172
CUST001433,DVC-76e04125fa,IOS,N,2026-06-25,2025-12-11,263
CUST001434,DVC-e3a6d62780,ANDROID,Y,2026-06-27,2026-08-25,6
CUST001434,DVC-c9b989c9a4,IOS,N,2024-03-11,2026-07-28,34
CUST001434,DVC-52f3adfb5c,WEB,N,2024-07-09,2026-07-13,49
CUST001435,DVC-774d3d6e8e,WEB,Y,2024-08-17,2026-08-28,3
CUST001436,DVC-692a8f3283,WEB,Y,2025-12-11,2026-08-31,0
CUST001436,DVC-ca1f4ff56b,ANDROID,N,2026-02-19,2026-08-12,19
CUST001437,DVC-112ca9faec,ANDROID,Y,2026-02-05,2026-08-25,6
CUST001437,DVC-6cfb8f23b2,ANDROID,N,2024-05-27,2026-07-07,55
CUST001437,DVC-47e2dc5331,ANDROID,N,2024-10-22,2026-06-15,77
CUST001438,DVC-66714a59db,ANDROID,Y,2025-12-05,2026-08-25,6
CUST001439,DVC-4274b443df,IOS,Y,2025-10-14,2026-08-30,1
CUST001440,DVC-19d73749e2,ANDROID,Y,2025-08-18,2026-08-29,2
CUST001440,DVC-e34c388306,ANDROID,N,2024-12-09,2026-07-08,54
CUST001441,DVC-cdb52ccbe2,ANDROID,Y,2024-11-03,2026-08-31,0
CUST001441,DVC-e16a6d67d8,ANDROID,N,2025-05-25,2026-07-21,41
CUST001442,DVC-bc19c8efa2,ANDROID,Y,2025-09-11,2026-08-31,0
CUST001442,DVC-37a829da5f,ANDROID,N,2026-07-16,2026-08-17,14
CUST001443,DVC-3774d8cdea,ANDROID,Y,2024-07-28,2026-08-27,4
CUST001444,DVC-0d36726441,ANDROID,Y,2024-11-25,2026-08-30,1
CUST001445,DVC-860c58d23f,IOS,Y,2024-06-24,2026-08-29,2
CUST001445,DVC-4dd9aa1f36,ANDROID,N,2025-05-28,2026-07-28,34
CUST001445,DVC-226d85b642,ANDROID,N,2024-04-23,2026-07-30,32
CUST001446,DVC-f33f1f54bf,ANDROID,Y,2024-12-06,2026-08-31,0
CUST001446,DVC-3f585f27a9,ANDROID,N,2026-06-25,2026-08-09,22
CUST001447,DVC-58299dbee7,ANDROID,Y,2025-09-04,2026-08-29,2
CUST001447,DVC-070d92b1e9,ANDROID,N,2025-08-30,2026-07-18,44
CUST001447,DVC-9be1a2f128,ANDROID,N,2024-12-22,2026-08-10,21
CUST001448,DVC-a49aa86b02,ANDROID,Y,2024-09-05,2026-08-26,5
CUST001448,DVC-2efa02dada,IOS,N,2024-05-04,2026-08-14,17
CUST001449,DVC-a06e42a86e,ANDROID,Y,2025-12-21,2026-08-27,4
CUST001450,DVC-99792b3d28,ANDROID,Y,2024-10-03,2026-08-31,0
CUST001450,DVC-6cbc3c1029,ANDROID,N,2025-05-30,2026-08-18,13
CUST001450,DVC-9fbad2e6c5,IOS,N,2024-09-13,2025-11-09,295
CUST001451,DVC-c70e3ef329,ANDROID,Y,2026-04-05,2026-08-30,1
CUST001452,DVC-878764aa74,IOS,Y,2025-05-12,2026-08-31,0
CUST001453,DVC-6958e64f17,ANDROID,Y,2026-02-25,2026-08-26,5
CUST001454,DVC-f1ec251e94,IOS,Y,2025-09-24,2026-08-25,6
CUST001455,DVC-3d4ec480ef,ANDROID,Y,2025-05-12,2026-08-30,1
CUST001456,DVC-e804e479aa,ANDROID,Y,2024-06-01,2026-08-26,5
CUST001457,DVC-d25636e3f4,ANDROID,Y,2024-03-31,2026-08-27,4
CUST001458,DVC-d8df3deecf,ANDROID,Y,2025-02-16,2026-08-27,4
CUST001459,DVC-25a9f33245,IOS,Y,2025-08-09,2026-08-26,5
CUST001460,DVC-093d4cf153,ANDROID,Y,2024-07-05,2026-08-29,2
CUST001461,DVC-7a1d179bb6,ANDROID,Y,2025-12-27,2026-08-25,6
CUST001462,DVC-002b72244c,IOS,Y,2026-07-18,2026-08-28,3
CUST001463,DVC-b1a0f5bb05,WEB,Y,2026-06-14,2026-08-28,3
CUST001463,DVC-d4d13943f5,ANDROID,N,2026-04-24,2026-05-26,97
CUST001464,DVC-4faf0e63b5,ANDROID,Y,2025-12-08,2026-08-31,0
CUST001465,DVC-1a814a3494,IOS,Y,2025-01-23,2026-08-29,2
CUST001465,DVC-fb4e96a466,WEB,N,2024-11-02,2026-04-23,130
CUST001465,DVC-f2946c3c34,ANDROID,N,2026-01-13,2026-07-29,33
CUST001466,DVC-195eae8fce,ANDROID,Y,2026-01-12,2026-08-28,3
CUST001466,DVC-6563b707ae,ANDROID,N,2025-09-21,2026-06-29,63
CUST001466,DVC-7d4267fe39,IOS,N,2025-10-19,2025-11-21,283
CUST001467,DVC-a33b724f69,ANDROID,Y,2024-11-30,2026-08-29,2
CUST001468,DVC-30d3af09e7,IOS,Y,2024-07-27,2026-08-26,5
CUST001468,DVC-5b1e879117,ANDROID,N,2025-08-13,2026-07-02,60
CUST001469,DVC-101741d292,IOS,Y,2026-03-13,2026-08-31,0
CUST001469,DVC-f3f78be128,ANDROID,N,2026-03-05,2026-08-21,10
CUST001469,DVC-db12838a97,ANDROID,N,2024-06-19,2026-08-12,19
CUST001470,DVC-7e9d663027,ANDROID,Y,2026-04-02,2026-08-26,5
CUST001471,DVC-881f318f06,ANDROID,Y,2025-03-30,2026-08-30,1
CUST001472,DVC-a511a9174a,ANDROID,Y,2026-02-23,2026-08-30,1
CUST001472,DVC-ca3af06faa,ANDROID,N,2025-01-03,2026-06-25,67
CUST001473,DVC-2cf285d329,ANDROID,Y,2024-11-15,2026-08-31,0
CUST001474,DVC-83d8666339,ANDROID,Y,2026-02-05,2026-08-30,1
CUST001474,DVC-be2a39d50a,IOS,N,2025-01-11,2026-08-11,20
CUST001475,DVC-02adad2077,ANDROID,Y,2025-01-30,2026-08-29,2
CUST001476,DVC-b94d4669a6,ANDROID,Y,2024-05-09,2026-08-28,3
CUST001476,DVC-c70a209b08,ANDROID,N,2026-06-14,2026-08-30,1
CUST001476,DVC-700e81f64f,IOS,N,2023-12-13,2026-03-14,170
CUST001477,DVC-c926f27c9a,ANDROID,Y,2024-04-28,2026-08-27,4
CUST001478,DVC-684e5f2067,IOS,Y,2026-02-09,2026-08-30,1
CUST001479,DVC-81ed2a3c33,ANDROID,Y,2025-01-05,2026-08-31,0
CUST001479,DVC-8b7db2c869,ANDROID,N,2026-02-12,2026-07-15,47
CUST001480,DVC-cb8e28cf67,IOS,Y,2025-10-31,2026-08-27,4
CUST001480,DVC-6fec782bf4,ANDROID,N,2025-09-21,2026-06-28,64
CUST001480,DVC-336ee9470b,ANDROID,N,2024-12-09,2026-06-28,64
CUST001481,DVC-f0ced6d7d4,ANDROID,Y,2024-07-23,2026-08-25,6
CUST001481,DVC-5299f16e2b,IOS,N,2025-12-07,2026-08-13,18
CUST001482,DVC-61c9ec3af8,ANDROID,Y,2026-03-14,2026-08-27,4
CUST001482,DVC-9e74dff17a,ANDROID,N,2026-02-26,2026-07-28,34
CUST001483,DVC-34146cf623,ANDROID,Y,2024-08-07,2026-08-30,1
CUST001484,DVC-bdb370f585,IOS,Y,2026-07-12,2026-08-29,2
CUST001485,DVC-5e24481b9b,ANDROID,Y,2025-07-01,2026-08-26,5
CUST001485,DVC-07954f4a9f,IOS,N,2025-07-03,2025-09-16,349
CUST001486,DVC-b5d58ef70f,ANDROID,Y,2024-11-16,2026-08-31,0
CUST001487,DVC-3263c8ea83,ANDROID,Y,2024-12-24,2026-08-30,1
CUST001487,DVC-a0d210aa17,IOS,N,2025-06-10,2026-08-13,18
CUST001487,DVC-887b734a44,ANDROID,N,2024-04-18,2026-06-25,67
CUST001488,DVC-d207729e4d,ANDROID,Y,2024-04-17,2026-08-30,1
CUST001488,DVC-e2398b6400,ANDROID,N,2023-11-29,2025-08-18,378
CUST001489,DVC-381b400937,IOS,Y,2024-12-31,2026-08-27,4
CUST001489,DVC-280be9cd39,IOS,N,2025-07-31,2026-08-16,15
CUST001490,DVC-d27e15d0a3,ANDROID,Y,2026-02-25,2026-08-31,0
CUST001490,DVC-3c5b67d9e9,ANDROID,N,2023-10-12,2025-09-09,356
CUST001490,DVC-d9f18dd9ea,ANDROID,N,2024-08-15,2025-10-11,324
CUST001491,DVC-488916eb2c,ANDROID,Y,2025-09-07,2026-08-26,5
CUST001491,DVC-723d79110c,ANDROID,N,2025-06-21,2026-06-28,64
CUST001492,DVC-1bb01582b1,ANDROID,Y,2025-12-04,2026-08-25,6
CUST001492,DVC-7de948ccb8,ANDROID,N,2025-07-25,2026-07-03,59
CUST001493,DVC-6876f3bd56,ANDROID,Y,2025-12-30,2026-08-25,6
CUST001494,DVC-90e680d5b5,ANDROID,Y,2024-10-03,2026-08-31,0
CUST001494,DVC-a9e002c06e,ANDROID,N,2025-07-11,2026-06-21,71
CUST001495,DVC-7198850b21,ANDROID,Y,2026-06-08,2026-08-31,0
CUST001496,DVC-a23bfbb5a4,IOS,Y,2024-12-18,2026-08-29,2
CUST001497,DVC-a5b29adb86,ANDROID,Y,2024-06-07,2026-08-27,4
CUST001498,DVC-7d4bb712f5,WEB,Y,2025-02-20,2026-08-27,4
CUST001499,DVC-3c2222b166,WEB,Y,2025-11-27,2026-08-31,0
CUST001500,DVC-c9c4d6c471,IOS,Y,2025-09-24,2026-08-28,3
CUST001501,DVC-cb4f888b69,ANDROID,Y,2026-05-19,2026-08-31,0
CUST001502,DVC-fd54b35786,WEB,Y,2024-06-04,2026-08-31,0
CUST001502,DVC-78b2126db7,WEB,N,2025-01-01,2026-08-09,22
CUST001502,DVC-774a959477,ANDROID,N,2025-08-11,2026-02-20,192
CUST001503,DVC-4dcde5c4e8,IOS,Y,2026-07-04,2026-08-27,4
CUST001504,DVC-6f6d0687f1,IOS,Y,2025-10-11,2026-08-31,0
CUST001505,DVC-66acf967d2,IOS,Y,2025-10-27,2026-08-30,1
CUST001506,DVC-a13f4aeef7,ANDROID,Y,2025-02-05,2026-08-26,5
CUST001506,DVC-c683519574,IOS,N,2025-11-26,2026-08-22,9
CUST001507,DVC-3822757141,ANDROID,Y,2024-06-03,2026-08-29,2
CUST001508,DVC-0790dfddb8,IOS,Y,2025-07-26,2026-08-29,2
CUST001509,DVC-a2fb75da25,IOS,Y,2025-10-28,2026-08-25,6
CUST001509,DVC-4f457113de,ANDROID,N,2026-01-05,2026-07-24,38
CUST001509,DVC-10016c8112,ANDROID,N,2025-06-14,2026-08-28,3
CUST001510,DVC-6c726ad8f7,ANDROID,Y,2025-09-01,2026-08-25,6
CUST001510,DVC-e59c7540a5,ANDROID,N,2024-07-16,2025-11-29,275
CUST001511,DVC-f2d3151deb,ANDROID,Y,2024-07-27,2026-08-25,6
CUST001512,DVC-39fa82ca8e,ANDROID,Y,2026-03-25,2026-08-26,5
CUST001512,DVC-ed56cc0216,ANDROID,N,2025-12-11,2026-07-23,39
CUST001513,DVC-c383a1900e,IOS,Y,2026-01-07,2026-08-27,4
CUST001513,DVC-cbd3d898aa,ANDROID,N,2025-10-28,2026-06-26,66
CUST001514,DVC-0b1cd8b966,ANDROID,Y,2025-01-04,2026-08-25,6
CUST001515,DVC-f5d58193d8,IOS,Y,2025-01-28,2026-08-28,3
CUST001515,DVC-248561de51,IOS,N,2024-03-02,2026-07-03,59
CUST001516,DVC-a6cf4ae08b,IOS,Y,2026-05-25,2026-08-28,3
CUST001517,DVC-651ea4e668,WEB,Y,2026-02-18,2026-08-30,1
CUST001518,DVC-569213f068,WEB,Y,2024-07-26,2026-08-26,5
CUST001518,DVC-aa2c837f74,ANDROID,N,2025-02-21,2026-04-19,134
CUST001519,DVC-ce500246c4,ANDROID,Y,2024-04-14,2026-08-31,0
CUST001520,DVC-602a822758,IOS,Y,2024-04-21,2026-08-31,0
CUST001520,DVC-29ab1b6900,ANDROID,N,2026-04-23,2026-06-26,66
CUST001521,DVC-542586d05d,ANDROID,Y,2025-04-03,2026-08-28,3
CUST001522,DVC-e354519881,ANDROID,Y,2025-05-21,2026-08-31,0
CUST001522,DVC-dd82d35c64,ANDROID,N,2025-10-22,2026-07-02,60
CUST001522,DVC-9105b8ae63,ANDROID,N,2026-06-27,2026-08-20,11
CUST001523,DVC-be6ca85886,ANDROID,Y,2026-03-17,2026-08-28,3
CUST001524,DVC-53fa5c7970,ANDROID,Y,2026-04-09,2026-08-26,5
CUST001525,DVC-4d6e9603a1,ANDROID,Y,2026-07-15,2026-08-30,1
CUST001526,DVC-f40f857699,ANDROID,Y,2026-03-24,2026-08-27,4
CUST001526,DVC-9a4793eb7f,ANDROID,N,2026-06-02,2026-07-30,32
CUST001526,DVC-4278d91e0d,IOS,N,2025-05-02,2026-06-27,65
CUST001527,DVC-bb5c8b6258,ANDROID,Y,2025-11-20,2026-08-30,1
CUST001527,DVC-335aae4295,ANDROID,N,2023-11-21,2026-04-30,123
CUST001528,DVC-66fde79045,IOS,Y,2026-06-27,2026-08-31,0
CUST001528,DVC-fe82714343,ANDROID,N,2025-01-31,2025-08-03,393
CUST001529,DVC-07cbc349df,IOS,Y,2025-01-29,2026-08-29,2
CUST001529,DVC-49c48279d1,IOS,N,2026-05-06,2026-07-14,48
CUST001530,DVC-c654570705,WEB,Y,2026-01-25,2026-08-26,5
CUST001531,DVC-999a9b12c4,ANDROID,Y,2024-04-18,2026-08-27,4
CUST001531,DVC-14043eb259,ANDROID,N,2025-11-14,2026-08-01,30
CUST001532,DVC-254a64d558,ANDROID,Y,2026-01-26,2026-08-30,1
CUST001533,DVC-22c9f80bb0,IOS,Y,2025-07-24,2026-08-25,6
CUST001534,DVC-85522ffd01,ANDROID,Y,2026-04-27,2026-08-25,6
CUST001535,DVC-df7f20af92,ANDROID,Y,2025-04-30,2026-08-25,6
CUST001536,DVC-6aab288c18,IOS,Y,2026-03-14,2026-08-28,3
CUST001536,DVC-1072cefcaa,WEB,N,2024-05-09,2026-03-12,172
CUST001537,DVC-1aa4aed297,ANDROID,Y,2025-08-21,2026-08-29,2
CUST001538,DVC-039a60c323,ANDROID,Y,2026-06-11,2026-08-26,5
CUST001538,DVC-35448ab360,WEB,N,2024-04-14,2026-01-27,216
CUST001539,DVC-1f55d1b3ac,ANDROID,Y,2024-12-19,2026-08-30,1
CUST001539,DVC-245253aeb7,ANDROID,N,2024-10-25,2025-10-28,307
CUST001540,DVC-44179f5844,IOS,Y,2025-12-11,2026-08-26,5
CUST001540,DVC-6c79908abb,ANDROID,N,2025-07-26,2026-07-19,43
CUST001541,DVC-9362db057f,IOS,Y,2026-03-14,2026-08-29,2
CUST001542,DVC-ec19be42ed,WEB,Y,2025-06-12,2026-08-31,0
CUST001543,DVC-98ea181017,ANDROID,Y,2025-04-03,2026-08-25,6
CUST001543,DVC-b0f7c3c02b,ANDROID,N,2024-06-16,2025-09-11,354
CUST001544,DVC-f22fb160ae,IOS,Y,2025-03-20,2026-08-30,1
CUST001544,DVC-6e85902a2f,WEB,N,2025-02-28,2026-07-12,50
CUST001545,DVC-971b39f56f,IOS,Y,2025-06-20,2026-08-29,2
CUST001545,DVC-6bf6abaf39,IOS,N,2024-11-16,2026-06-13,79
CUST001546,DVC-73117cfca8,ANDROID,Y,2025-03-28,2026-08-29,2
CUST001547,DVC-2ad5bd1769,ANDROID,Y,2024-10-09,2026-08-30,1
CUST001548,DVC-b0eb1ccb78,ANDROID,Y,2026-07-27,2026-08-26,5
CUST001549,DVC-e2fb68df03,IOS,Y,2024-12-05,2026-08-30,1
CUST001550,DVC-41d08f99f6,ANDROID,Y,2026-01-24,2026-08-31,0
CUST001550,DVC-7ba63df12d,ANDROID,N,2025-08-22,2025-12-10,264
CUST001550,DVC-29a33c273e,IOS,N,2025-05-30,2026-08-09,22
CUST001551,DVC-811376f65e,ANDROID,Y,2026-03-08,2026-08-30,1
CUST001552,DVC-f2098d009f,ANDROID,Y,2026-03-16,2026-08-27,4
CUST001552,DVC-ca77423822,ANDROID,N,2026-05-25,2026-08-04,27
CUST001553,DVC-15eaa5a0ed,ANDROID,Y,2025-07-19,2026-08-27,4
CUST001554,DVC-09124af32e,ANDROID,Y,2026-06-29,2026-08-30,1
CUST001554,DVC-08a0384c5c,WEB,N,2026-06-23,2026-08-02,29
CUST001555,DVC-5fc6cb52fb,ANDROID,Y,2024-04-01,2026-08-31,0
CUST001555,DVC-22e58f7888,IOS,N,2024-12-12,2026-06-16,76
CUST001556,DVC-118a7fe4a4,IOS,Y,2026-03-27,2026-08-30,1
CUST001557,DVC-22aebda301,ANDROID,Y,2024-04-23,2026-08-29,2
CUST001557,DVC-6542533fdd,ANDROID,N,2025-01-24,2026-06-24,68
CUST001558,DVC-6915a621cf,ANDROID,Y,2024-09-17,2026-08-25,6
CUST001559,DVC-6d9992ee55,ANDROID,Y,2025-10-15,2026-08-26,5
CUST001559,DVC-fe98625818,ANDROID,N,2025-09-01,2025-11-16,288
CUST001560,DVC-b136247dae,IOS,Y,2025-09-18,2026-08-27,4
CUST001561,DVC-c0108ab780,ANDROID,Y,2026-02-20,2026-08-27,4
CUST001562,DVC-18269411ba,ANDROID,Y,2024-04-08,2026-08-30,1
CUST001563,DVC-d932b54bfe,ANDROID,Y,2026-07-08,2026-08-30,1
CUST001563,DVC-fc94f73a97,ANDROID,N,2025-04-13,2026-07-14,48
CUST001563,DVC-d2b78ed4dd,ANDROID,N,2024-06-21,2026-08-15,16
CUST001564,DVC-314cd83723,ANDROID,Y,2025-06-18,2026-08-29,2
CUST001565,DVC-6767d212b7,IOS,Y,2024-11-06,2026-08-25,6
CUST001566,DVC-ba2ec61617,IOS,Y,2026-07-03,2026-08-25,6
CUST001566,DVC-25dca89b39,ANDROID,N,2025-12-26,2026-07-08,54
CUST001566,DVC-c469f0e974,ANDROID,N,2026-06-21,2026-08-20,11
CUST001567,DVC-7122e500d0,ANDROID,Y,2024-09-14,2026-08-27,4
CUST001567,DVC-3025916e01,IOS,N,2024-04-16,2026-08-19,12
CUST001567,DVC-7d49d2a0f5,ANDROID,N,2024-09-10,2026-07-04,58
CUST001568,DVC-aaa62bbddd,ANDROID,Y,2026-04-13,2026-08-27,4
CUST001568,DVC-6fc240eff5,IOS,N,2025-07-21,2026-07-24,38
CUST001569,DVC-c1a08111e0,IOS,Y,2025-07-13,2026-08-25,6
CUST001570,DVC-a3b2aea363,IOS,Y,2024-06-06,2026-08-28,3
CUST001570,DVC-9052a487b1,ANDROID,N,2026-01-24,2026-06-20,72
CUST001571,DVC-137bff369b,IOS,Y,2024-06-13,2026-08-30,1
CUST001572,DVC-0c3562471c,IOS,Y,2024-10-13,2026-08-27,4
CUST001573,DVC-3a636143d2,IOS,Y,2024-04-24,2026-08-27,4
CUST001573,DVC-958c7b3dc9,IOS,N,2025-09-18,2026-06-30,62
CUST001574,DVC-a06042ebe8,ANDROID,Y,2025-06-25,2026-08-29,2
CUST001574,DVC-10e9dfa371,ANDROID,N,2024-08-18,2025-10-15,320
CUST001575,DVC-cd9cbe9107,ANDROID,Y,2024-06-01,2026-08-29,2
CUST001576,DVC-9db7832c7c,ANDROID,Y,2026-06-01,2026-08-30,1
CUST001577,DVC-31e45ad6dc,ANDROID,Y,2025-12-03,2026-08-31,0
CUST001577,DVC-45813acc5a,IOS,N,2024-03-04,2026-07-04,58
CUST001578,DVC-d842f4ae29,ANDROID,Y,2025-05-04,2026-08-27,4
CUST001579,DVC-f51d44869d,IOS,Y,2026-06-29,2026-08-27,4
CUST001579,DVC-c0d0a4725a,IOS,N,2025-06-17,2026-01-31,212
CUST001580,DVC-0736bbcb52,WEB,Y,2026-03-27,2026-08-25,6
CUST001580,DVC-45410ef707,ANDROID,N,2025-06-15,2026-07-09,53
CUST001581,DVC-43757eafea,IOS,Y,2024-07-27,2026-08-27,4
CUST001582,DVC-491be2a320,ANDROID,Y,2026-05-25,2026-08-30,1
CUST001582,DVC-270e51d95b,IOS,N,2026-05-04,2025-10-30,305
CUST001583,DVC-5b89c23e34,ANDROID,Y,2025-01-22,2026-08-31,0
CUST001583,DVC-4ddcea6c61,IOS,N,2025-11-26,2026-08-02,29
CUST001584,DVC-7fa2e81db3,ANDROID,Y,2026-06-15,2026-08-30,1
CUST001584,DVC-f4eda3638b,ANDROID,N,2025-06-18,2026-06-28,64
CUST001585,DVC-609a2933c0,ANDROID,Y,2024-06-11,2026-08-31,0
CUST001585,DVC-3e2b30d282,ANDROID,N,2024-06-25,2026-07-22,40
CUST001586,DVC-c95c35a758,ANDROID,Y,2025-04-06,2026-08-30,1
CUST001587,DVC-b27524faa1,ANDROID,Y,2026-06-11,2026-08-27,4
CUST001588,DVC-33fa676c3d,WEB,Y,2026-07-07,2026-08-29,2
CUST001589,DVC-285d2cb100,ANDROID,Y,2024-05-28,2026-08-25,6
CUST001590,DVC-7ce825899b,ANDROID,Y,2025-03-14,2026-08-29,2
CUST001591,DVC-64e6b21c9e,ANDROID,Y,2026-03-23,2026-08-28,3
CUST001591,DVC-a1e46ce9f2,ANDROID,N,2024-04-19,2026-07-03,59
CUST001591,DVC-261e9e7adb,ANDROID,N,2024-08-10,2026-07-08,54
CUST001592,DVC-29017e2c31,IOS,Y,2024-10-14,2026-08-30,1
CUST001593,DVC-5e107c177c,IOS,Y,2026-07-06,2026-08-27,4
CUST001593,DVC-078cd0770a,IOS,N,2025-11-15,2026-07-24,38
CUST001594,DVC-1255b5eb7d,ANDROID,Y,2026-07-13,2026-08-31,0
CUST001595,DVC-cfc9e0b9c9,ANDROID,Y,2026-01-06,2026-08-28,3
CUST001596,DVC-7542ba1b67,ANDROID,Y,2025-05-02,2026-08-29,2
CUST001596,DVC-321da1f6f5,ANDROID,N,2025-12-15,2026-07-29,33
CUST001597,DVC-cee12bdebc,ANDROID,Y,2026-07-31,2026-08-30,1
CUST001598,DVC-0ee545e653,ANDROID,Y,2024-12-12,2026-08-25,6
CUST001599,DVC-c8fa97a89d,IOS,Y,2026-01-08,2026-08-27,4
CUST001600,DVC-41cee698ef,ANDROID,Y,2025-12-16,2026-08-28,3
CUST001600,DVC-3ae2c1caa7,ANDROID,N,2026-03-20,2026-08-18,13
CUST001601,DVC-e0fcda44ed,ANDROID,Y,2024-09-06,2026-08-29,2
CUST001601,DVC-62274727c6,ANDROID,N,2026-05-14,2026-08-13,18
CUST001602,DVC-5588e5f761,IOS,Y,2025-07-18,2026-08-25,6
CUST001602,DVC-3cc85fcc31,ANDROID,N,2025-02-19,2026-07-14,48
CUST001603,DVC-985c653c36,ANDROID,Y,2026-04-15,2026-08-26,5
CUST001603,DVC-7eee6bcde3,ANDROID,N,2026-04-23,2026-07-30,32
CUST001604,DVC-e151eef05d,ANDROID,Y,2026-07-23,2026-08-26,5
CUST001604,DVC-7b8911e529,ANDROID,N,2025-07-02,2026-07-23,39
CUST001604,DVC-964a367f33,ANDROID,N,2025-12-26,2026-07-31,31
CUST001605,DVC-43cc33109a,IOS,Y,2025-07-07,2026-08-30,1
CUST001606,DVC-a0b3d66d83,ANDROID,Y,2025-04-09,2026-08-28,3
CUST001606,DVC-89c7ebba2b,ANDROID,N,2026-02-21,2026-06-17,75
CUST001606,DVC-56e34da77c,IOS,N,2025-04-14,2026-07-03,59
CUST001607,DVC-640c729c83,ANDROID,Y,2025-02-11,2026-08-28,3
CUST001607,DVC-8ef90e0eae,ANDROID,N,2025-07-20,2026-07-06,56
CUST001608,DVC-59b187f767,IOS,Y,2026-04-01,2026-08-28,3
CUST001608,DVC-e82817c473,WEB,N,2024-08-28,2026-08-03,28
CUST001608,DVC-95c242c732,IOS,N,2025-09-22,2026-05-14,109
CUST001609,DVC-a30dae16bf,ANDROID,Y,2026-05-25,2026-08-28,3
CUST001610,DVC-b5b8b4ca6f,ANDROID,Y,2024-08-03,2026-08-28,3
CUST001610,DVC-bee1a10bcb,ANDROID,N,2024-06-01,2026-08-25,6
CUST001610,DVC-ff7debf1a7,IOS,N,2026-02-12,2026-07-22,40
CUST001611,DVC-a0bd850cd6,IOS,Y,2024-07-01,2026-08-31,0
CUST001611,DVC-90335edc54,ANDROID,N,2024-07-08,2026-08-01,30
CUST001612,DVC-f4e0792282,IOS,Y,2024-09-19,2026-08-26,5
CUST001612,DVC-40f01efa4e,ANDROID,N,2025-09-22,2026-08-07,24
CUST001613,DVC-5e142949ce,IOS,Y,2025-07-31,2026-08-31,0
CUST001614,DVC-e42d6c8b61,ANDROID,Y,2024-12-24,2026-08-28,3
CUST001614,DVC-67d3e278bd,ANDROID,N,2024-07-07,2025-12-19,255
CUST001614,DVC-85768bea8a,ANDROID,N,2024-12-24,2026-07-29,33
CUST001615,DVC-f5af076e87,ANDROID,Y,2024-08-26,2026-08-31,0
CUST001616,DVC-f764009a90,ANDROID,Y,2025-05-20,2026-08-28,3
CUST001617,DVC-58d501e09b,ANDROID,Y,2025-10-18,2026-08-29,2
CUST001617,DVC-52407da5c1,ANDROID,N,2025-07-27,2026-06-13,79
CUST001617,DVC-13bc861047,IOS,N,2025-12-18,2026-07-30,32
CUST001618,DVC-b3ee746f51,ANDROID,Y,2024-10-13,2026-08-25,6
CUST001619,DVC-9f0ea750e6,ANDROID,Y,2024-07-14,2026-08-26,5
CUST001620,DVC-51144e95f5,ANDROID,Y,2026-04-13,2026-08-30,1
CUST001621,DVC-15b7eb9951,WEB,Y,2026-07-20,2026-08-28,3
CUST001621,DVC-9ec84a52d5,ANDROID,N,2024-07-10,2025-10-05,330
CUST001621,DVC-d6c6401e14,WEB,N,2025-09-21,2026-07-21,41
CUST001622,DVC-939bd9d628,ANDROID,Y,2025-05-16,2026-08-28,3
CUST001622,DVC-05baa94988,ANDROID,N,2025-09-29,2026-06-25,67
CUST001623,DVC-ef796baa79,ANDROID,Y,2026-01-08,2026-08-27,4
CUST001624,DVC-6a20b949b9,ANDROID,Y,2024-09-04,2026-08-31,0
CUST001625,DVC-580ac425b1,ANDROID,Y,2025-05-02,2026-08-31,0
CUST001626,DVC-f1bbb10ab0,IOS,Y,2026-05-09,2026-08-28,3
CUST001627,DVC-a47113e25c,ANDROID,Y,2025-03-22,2026-08-25,6
CUST001628,DVC-84a38be71f,ANDROID,Y,2024-03-28,2026-08-30,1
CUST001628,DVC-34ba22ec71,ANDROID,N,2025-09-21,2026-03-27,157
CUST001629,DVC-e1b70f25e9,IOS,Y,2024-06-14,2026-08-26,5
CUST001630,DVC-ba9a4725a7,IOS,Y,2024-10-25,2026-08-31,0
CUST001631,DVC-33ecd529ab,IOS,Y,2024-11-29,2026-08-31,0
CUST001632,DVC-26b5ee49a6,IOS,Y,2026-01-01,2026-08-25,6
CUST001632,DVC-6d80506f37,ANDROID,N,2025-06-13,2026-06-17,75
CUST001632,DVC-f1f30d289b,WEB,N,2025-11-25,2026-07-29,33
CUST001633,DVC-0568e27d59,IOS,Y,2026-03-17,2026-08-29,2
CUST001634,DVC-f522ca79a6,ANDROID,Y,2026-05-27,2026-08-31,0
CUST001634,DVC-8016aa4340,IOS,N,2025-07-08,2026-06-14,78
CUST001634,DVC-8782bd891f,ANDROID,N,2026-06-18,2026-08-16,15
CUST001635,DVC-f60d5eed2d,ANDROID,Y,2026-04-15,2026-08-31,0
CUST001635,DVC-aa305d8cae,IOS,N,2026-03-22,2025-12-23,251
CUST001636,DVC-afa590880e,ANDROID,Y,2026-04-25,2026-08-25,6
CUST001637,DVC-82364f4c45,IOS,Y,2026-06-27,2026-08-30,1
CUST001638,DVC-a565afeb52,IOS,Y,2025-11-15,2026-08-25,6
CUST001638,DVC-e32c481486,ANDROID,N,2025-03-06,2026-08-12,19
CUST001639,DVC-a725262357,ANDROID,Y,2026-03-06,2026-08-27,4
CUST001639,DVC-2ac372bde8,ANDROID,N,2024-04-18,2026-07-26,36
CUST001639,DVC-af8a165380,ANDROID,N,2024-11-05,2026-07-23,39
CUST001640,DVC-1bb083e7f9,IOS,Y,2025-08-26,2026-08-29,2
CUST001640,DVC-975bbc62a5,ANDROID,N,2023-08-07,2025-10-14,321
CUST001641,DVC-d6ea215f32,ANDROID,Y,2025-12-18,2026-08-25,6
CUST001641,DVC-907d9ee418,ANDROID,N,2026-03-21,2026-08-08,23
CUST001642,DVC-335bff46a2,ANDROID,Y,2026-05-04,2026-08-28,3
CUST001643,DVC-6373716f1e,ANDROID,Y,2026-01-11,2026-08-26,5
CUST001643,DVC-f4ccb57120,ANDROID,N,2025-11-20,2026-07-09,53
CUST001643,DVC-92f9431224,ANDROID,N,2026-04-14,2026-08-12,19
CUST001644,DVC-6d5a783280,IOS,Y,2026-03-02,2026-08-28,3
CUST001644,DVC-b42f1ef468,WEB,N,2026-02-24,2026-06-22,70
CUST001644,DVC-b23e38a643,ANDROID,N,2026-01-18,2026-08-21,10
CUST001645,DVC-fba0dd0643,ANDROID,Y,2025-07-07,2026-08-26,5
CUST001645,DVC-4dffd6981c,ANDROID,N,2025-06-06,2026-02-27,185
CUST001645,DVC-87c3838095,ANDROID,N,2026-07-04,2026-08-19,12
CUST001646,DVC-f685a6b7fc,ANDROID,Y,2024-06-04,2026-08-29,2
CUST001646,DVC-67edd882ad,ANDROID,N,2024-09-07,2026-06-19,73
CUST001647,DVC-ff3da6600c,ANDROID,Y,2025-12-03,2026-08-25,6
CUST001648,DVC-b719d4e378,ANDROID,Y,2024-04-09,2026-08-30,1
CUST001648,DVC-169b3e5757,IOS,N,2024-08-05,2026-07-27,35
CUST001649,DVC-64a7483d5a,ANDROID,Y,2026-04-13,2026-08-28,3
CUST001650,DVC-8c4ec06e9a,WEB,Y,2025-09-22,2026-08-31,0
CUST001650,DVC-ccfc6b1671,ANDROID,N,2025-02-11,2026-03-22,162
CUST001650,DVC-8122ac812b,ANDROID,N,2025-09-16,2026-07-09,53
CUST001651,DVC-e7377e97bd,ANDROID,Y,2025-12-12,2026-08-31,0
CUST001652,DVC-276e7da0b9,ANDROID,Y,2025-04-21,2026-08-25,6
CUST001652,DVC-77fa8db62d,ANDROID,N,2026-04-12,2026-08-12,19
CUST001653,DVC-cce6342c8d,ANDROID,Y,2026-04-16,2026-08-27,4
CUST001654,DVC-f4b4ea7dcd,ANDROID,Y,2025-09-11,2026-08-30,1
CUST001655,DVC-61dfdcf443,ANDROID,Y,2026-06-25,2026-08-29,2
CUST001655,DVC-fc5df405cd,WEB,N,2026-06-28,2026-08-04,27
CUST001656,DVC-cfe6049ada,IOS,Y,2026-02-03,2026-08-28,3
CUST001656,DVC-1a6ffbe1a5,IOS,N,2026-01-13,2026-06-27,65
CUST001657,DVC-5a36f96e43,ANDROID,Y,2026-07-20,2026-08-31,0
CUST001658,DVC-59372c7126,ANDROID,Y,2024-04-27,2026-08-26,5
CUST001659,DVC-7fb0808dd7,WEB,Y,2026-06-22,2026-08-28,3
CUST001659,DVC-fc6a4ae076,ANDROID,N,2024-12-31,2026-07-02,60
CUST001660,DVC-be0ec1edfd,ANDROID,Y,2024-07-21,2026-08-27,4
CUST001661,DVC-869c888b14,ANDROID,Y,2025-10-21,2026-08-26,5
CUST001661,DVC-b654135616,ANDROID,N,2024-12-09,2026-06-17,75
CUST001662,DVC-023b8ef7e0,ANDROID,Y,2024-07-28,2026-08-25,6
CUST001662,DVC-f0eecfbc9d,ANDROID,N,2026-04-06,2026-07-28,34
CUST001663,DVC-cbbe3a8c67,IOS,Y,2025-09-15,2026-08-28,3
CUST001663,DVC-73755ac34c,ANDROID,N,2026-03-30,2026-08-26,5
CUST001664,DVC-f99d6c712c,ANDROID,Y,2026-06-28,2026-08-27,4
CUST001664,DVC-386058fd73,IOS,N,2026-06-26,2026-08-09,22
CUST001665,DVC-174cd42856,ANDROID,Y,2026-07-31,2026-08-30,1
CUST001666,DVC-d3f4c54727,ANDROID,Y,2024-11-14,2026-08-26,5
CUST001667,DVC-b5827c92bb,ANDROID,Y,2024-04-15,2026-08-29,2
CUST001668,DVC-e95db2651d,ANDROID,Y,2026-01-03,2026-08-29,2
CUST001668,DVC-6ccdfa1e2b,IOS,N,2024-03-06,2025-12-08,266
CUST001668,DVC-e9f0cb88a4,ANDROID,N,2026-01-10,2026-08-12,19
CUST001669,DVC-bb42e8cdaa,IOS,Y,2024-07-22,2026-08-25,6
CUST001670,DVC-83aa9cb33a,IOS,Y,2025-04-30,2026-08-26,5
CUST001670,DVC-768e43353b,ANDROID,N,2023-12-16,2025-08-31,365
CUST001670,DVC-41df86d764,IOS,N,2025-04-27,2025-12-26,248
CUST001671,DVC-179565550e,IOS,Y,2024-09-02,2026-08-29,2
CUST001671,DVC-bbb4f83481,ANDROID,N,2026-03-25,2026-08-30,1
CUST001672,DVC-f4bbc2b14b,ANDROID,Y,2024-09-28,2026-08-28,3
CUST001672,DVC-17ab2f96d5,IOS,N,2025-09-28,2026-07-24,38
CUST001673,DVC-c88586195b,ANDROID,Y,2026-02-13,2026-08-29,2
CUST001673,DVC-912150acb1,IOS,N,2024-05-23,2026-07-23,39
CUST001673,DVC-7c61f22f20,ANDROID,N,2025-12-14,2026-07-31,31
CUST001674,DVC-d1b924c902,ANDROID,Y,2025-03-13,2026-08-27,4
CUST001675,DVC-5a61da8224,ANDROID,Y,2026-02-28,2026-08-25,6
CUST001676,DVC-4260e0981e,ANDROID,Y,2025-02-05,2026-08-28,3
CUST001677,DVC-5fb6cf3160,ANDROID,Y,2026-05-18,2026-08-25,6
CUST001677,DVC-2f108bf411,WEB,N,2026-03-27,2026-08-13,18
CUST001678,DVC-8ca6fbf7fa,ANDROID,Y,2025-10-26,2026-08-25,6
CUST001679,DVC-3b2aa0ff7b,ANDROID,Y,2026-05-20,2026-08-26,5
CUST001679,DVC-2e9f790ee0,ANDROID,N,2025-10-04,2025-10-02,333
CUST001679,DVC-b44e26313e,WEB,N,2025-10-11,2026-06-17,75
CUST001680,DVC-60e5b26be9,IOS,Y,2025-10-15,2026-08-31,0
CUST001681,DVC-f6b63974c6,ANDROID,Y,2026-02-19,2026-08-27,4
CUST001681,DVC-8ece2a43b3,ANDROID,N,2026-01-03,2026-07-06,56
CUST001681,DVC-2aec863617,ANDROID,N,2026-02-27,2026-08-12,19
CUST001682,DVC-f08d2f9e52,ANDROID,Y,2024-09-06,2026-08-25,6
CUST001682,DVC-aaff21aaee,IOS,N,2025-12-12,2026-07-19,43
CUST001682,DVC-9eb56d8510,ANDROID,N,2024-08-19,2026-06-20,72
CUST001683,DVC-b2e368b2a2,ANDROID,Y,2024-11-14,2026-08-27,4
CUST001684,DVC-49beb54897,ANDROID,Y,2026-06-20,2026-08-27,4
CUST001685,DVC-a65429d49e,ANDROID,Y,2025-05-21,2026-08-26,5
CUST001685,DVC-b9cc41cffe,ANDROID,N,2025-12-18,2026-08-09,22
CUST001686,DVC-30058f6ce7,IOS,Y,2026-07-16,2026-08-28,3
CUST001686,DVC-f1eddb1534,ANDROID,N,2026-05-31,2026-07-13,49
CUST001686,DVC-af041bf7f7,ANDROID,N,2026-06-03,2026-07-31,31
CUST001687,DVC-f0914c7626,ANDROID,Y,2026-02-01,2026-08-25,6
CUST001687,DVC-9c246b214b,ANDROID,N,2026-02-15,2026-06-27,65
CUST001688,DVC-2562f9e6f3,ANDROID,Y,2026-07-19,2026-08-30,1
CUST001688,DVC-d00d877ab9,ANDROID,N,2024-04-14,2026-07-24,38
CUST001688,DVC-9134c2a278,ANDROID,N,2025-06-28,2026-08-14,17
CUST001689,DVC-8b24cb2327,ANDROID,Y,2024-03-28,2026-08-27,4
CUST001689,DVC-a59bd19529,ANDROID,N,2026-02-20,2026-08-28,3
CUST001689,DVC-119f06c566,ANDROID,N,2024-08-19,2026-08-06,25
CUST001690,DVC-ab1e654447,ANDROID,Y,2026-05-01,2026-08-29,2
CUST001691,DVC-3d002e77ee,IOS,Y,2024-06-21,2026-08-26,5
CUST001692,DVC-932c5973fa,ANDROID,Y,2024-12-03,2026-08-29,2
CUST001693,DVC-fc33e6324b,IOS,Y,2025-03-21,2026-08-28,3
CUST001693,DVC-095a47c13b,ANDROID,N,2026-05-27,2026-07-31,31
CUST001693,DVC-a577cae014,WEB,N,2025-01-05,2026-08-29,2
CUST001694,DVC-f48e5ae9fa,IOS,Y,2026-02-10,2026-08-27,4
CUST001694,DVC-d20fcf21fd,ANDROID,N,2026-03-12,2026-08-30,1
CUST001694,DVC-0c0d86b9e7,ANDROID,N,2026-06-30,2026-08-05,26
CUST001695,DVC-d1a7089393,WEB,Y,2024-11-11,2026-08-27,4
CUST001696,DVC-ed03921ba0,ANDROID,Y,2024-04-09,2026-08-27,4
CUST001697,DVC-2d6a8fcb53,ANDROID,Y,2025-08-26,2026-08-26,5
CUST001698,DVC-8af1cad331,ANDROID,Y,2024-07-28,2026-08-26,5
CUST001699,DVC-f598ecdba9,ANDROID,Y,2024-08-07,2026-08-25,6
CUST001700,DVC-8ddff03ed8,ANDROID,Y,2024-09-04,2026-08-31,0
CUST001701,DVC-ce02403feb,ANDROID,Y,2026-05-21,2026-08-27,4
CUST001701,DVC-3200c66de6,ANDROID,N,2024-11-22,2025-10-17,318
CUST001701,DVC-cc6b24516c,IOS,N,2024-11-13,2026-07-23,39
CUST001702,DVC-95532b1edb,ANDROID,Y,2026-07-05,2026-08-28,3
CUST001702,DVC-44a48dcc49,ANDROID,N,2026-07-02,2026-07-07,55
CUST001703,DVC-b43bf41462,WEB,Y,2026-07-11,2026-08-27,4
CUST001704,DVC-f9ae27dcab,ANDROID,Y,2026-03-11,2026-08-26,5
CUST001704,DVC-b4d151c53b,ANDROID,N,2026-01-21,2026-08-03,28
CUST001704,DVC-63396d626f,ANDROID,N,2025-07-13,2025-11-15,289
CUST001705,DVC-d8167e5deb,ANDROID,Y,2026-02-06,2026-08-28,3
CUST001705,DVC-d144f95955,IOS,N,2025-12-16,2026-08-20,11
CUST001706,DVC-221aa09368,ANDROID,Y,2025-06-07,2026-08-26,5
CUST001707,DVC-32ccb23bfd,WEB,Y,2026-03-28,2026-08-31,0
CUST001707,DVC-b067a81f79,IOS,N,2025-06-29,2026-08-21,10
CUST001708,DVC-886489efd2,IOS,Y,2024-09-19,2026-08-26,5
CUST001708,DVC-63cc748ede,IOS,N,2025-10-24,2026-08-24,7
CUST001709,DVC-a184374d34,IOS,Y,2024-11-12,2026-08-27,4
CUST001710,DVC-c0f37b5b31,ANDROID,Y,2025-04-24,2026-08-25,6
CUST001711,DVC-c74005e8a0,ANDROID,Y,2024-07-12,2026-08-28,3
CUST001712,DVC-169e241a7b,ANDROID,Y,2026-07-27,2026-08-29,2
CUST001713,DVC-1765d8815f,ANDROID,Y,2026-03-05,2026-08-31,0
CUST001713,DVC-05ab3cdfc0,ANDROID,N,2026-07-20,2026-08-28,3
CUST001714,DVC-1e09d9ee5d,ANDROID,Y,2026-03-24,2026-08-28,3
CUST001714,DVC-e97e0b8d79,ANDROID,N,2026-04-10,2026-06-22,70
CUST001715,DVC-34b2340264,ANDROID,Y,2025-01-29,2026-08-31,0
CUST001715,DVC-b9de75efa7,IOS,N,2026-04-30,2026-08-03,28
CUST001716,DVC-0a420616e5,ANDROID,Y,2024-11-17,2026-08-31,0
CUST001716,DVC-20bc6c128a,ANDROID,N,2024-11-30,2026-08-05,26
CUST001716,DVC-beb35a0c2e,IOS,N,2024-05-09,2026-07-19,43
CUST001717,DVC-1bb07e983c,IOS,Y,2025-12-09,2026-08-28,3
CUST001718,DVC-0366efd1d2,WEB,Y,2024-07-04,2026-08-29,2
CUST001719,DVC-52abb52df2,IOS,Y,2025-07-02,2026-08-30,1
CUST001719,DVC-8338808a90,ANDROID,N,2026-01-30,2026-08-29,2
CUST001720,DVC-fd1da93bb0,ANDROID,Y,2024-07-22,2026-08-25,6
CUST001721,DVC-963685c549,IOS,Y,2026-01-29,2026-08-30,1
CUST001722,DVC-607de38a74,ANDROID,Y,2025-04-25,2026-08-27,4
CUST001722,DVC-1c6772331a,IOS,N,2024-06-01,2026-06-12,80
CUST001723,DVC-70c546f848,ANDROID,Y,2024-10-11,2026-08-28,3
CUST001724,DVC-c2cc5c8880,IOS,Y,2026-02-15,2026-08-28,3
CUST001725,DVC-504b026dca,ANDROID,Y,2026-04-29,2026-08-31,0
CUST001725,DVC-7568039cc0,ANDROID,N,2026-04-07,2026-06-18,74
CUST001725,DVC-2efc25e7eb,ANDROID,N,2026-04-08,2026-08-07,24
CUST001726,DVC-33aeb3ff7f,ANDROID,Y,2024-07-16,2026-08-29,2
CUST001726,DVC-d1b837423a,ANDROID,N,2024-08-06,2026-06-15,77
CUST001726,DVC-0eccea8ca1,ANDROID,N,2025-05-03,2026-08-15,16
CUST001727,DVC-108ac908cf,ANDROID,Y,2025-10-21,2026-08-29,2
CUST001727,DVC-b7fceeec7e,ANDROID,N,2024-02-22,2025-11-26,278
CUST001728,DVC-55e8e3a84f,ANDROID,Y,2025-10-25,2026-08-27,4
CUST001728,DVC-6f38790c94,ANDROID,N,2026-05-19,2026-08-29,2
CUST001729,DVC-78275fdebb,IOS,Y,2026-04-25,2026-08-27,4
CUST001730,DVC-fec068d23a,ANDROID,Y,2025-08-01,2026-08-28,3
CUST001730,DVC-bcceb1ae8a,ANDROID,N,2024-04-12,2026-07-17,45
CUST001730,DVC-4413312768,ANDROID,N,2025-10-23,2026-07-17,45
CUST001731,DVC-b9fc4aadc2,ANDROID,Y,2024-04-24,2026-08-26,5
CUST001731,DVC-527fa2a7e9,IOS,N,2025-12-15,2026-08-09,22
CUST001731,DVC-4fefdbcb2b,ANDROID,N,2025-12-07,2026-08-12,19
CUST001732,DVC-03a1255627,ANDROID,Y,2025-01-10,2026-08-30,1
CUST001733,DVC-b7fdc2eeb1,WEB,Y,2024-03-27,2026-08-29,2
CUST001733,DVC-ed2df5a957,IOS,N,2026-04-16,2026-08-03,28
CUST001733,DVC-c595869177,ANDROID,N,2023-05-01,2025-08-27,369
CUST001734,DVC-9fa232b345,ANDROID,Y,2026-03-12,2026-08-28,3
CUST001734,DVC-0d9ca09fa8,WEB,N,2026-04-15,2026-06-25,67
CUST001735,DVC-79ec011d54,ANDROID,Y,2025-01-15,2026-08-29,2
CUST001736,DVC-93f622a5ae,ANDROID,Y,2024-12-17,2026-08-29,2
CUST001736,DVC-8f7892d95d,ANDROID,N,2025-11-27,2026-07-23,39
CUST001737,DVC-398dbe70a5,IOS,Y,2026-02-02,2026-08-30,1
CUST001737,DVC-176e0d6297,ANDROID,N,2025-02-07,2026-07-05,57
CUST001738,DVC-961b1f8c26,ANDROID,Y,2025-06-11,2026-08-25,6
CUST001738,DVC-602b1c655a,ANDROID,N,2025-08-07,2025-09-26,339
CUST001739,DVC-6079362a90,IOS,Y,2024-09-01,2026-08-31,0
CUST001739,DVC-36e1f4630f,ANDROID,N,2025-06-21,2026-07-07,55
CUST001740,DVC-891a29c97e,WEB,Y,2025-10-27,2026-08-28,3
CUST001740,DVC-d2aa0f5020,ANDROID,N,2026-04-13,2026-06-19,73
CUST001741,DVC-01a4a04969,ANDROID,Y,2024-12-23,2026-08-29,2
CUST001741,DVC-acdcf2a221,ANDROID,N,2026-03-05,2026-07-20,42
CUST001742,DVC-1f26e7010d,IOS,Y,2025-05-31,2026-08-28,3
CUST001743,DVC-58fb388a4e,ANDROID,Y,2024-09-26,2026-08-28,3
CUST001744,DVC-756e25c43a,IOS,Y,2025-04-10,2026-08-29,2
CUST001744,DVC-9f5c908c1c,ANDROID,N,2024-11-19,2025-10-01,334
CUST001744,DVC-4276b61109,ANDROID,N,2024-11-19,2026-07-08,54
CUST001745,DVC-8a439b0631,IOS,Y,2025-11-08,2026-08-31,0
CUST001746,DVC-d3653b4e61,IOS,Y,2025-11-20,2026-08-29,2
CUST001747,DVC-82908192d0,IOS,Y,2024-04-12,2026-08-28,3
CUST001747,DVC-d381b777f1,IOS,N,2025-05-14,2026-08-05,26
CUST001747,DVC-4d78e21632,WEB,N,2025-06-16,2026-06-25,67
CUST001748,DVC-8a805e5215,IOS,Y,2025-08-31,2026-08-30,1
CUST001749,DVC-ba9b065e7c,ANDROID,Y,2025-12-23,2026-08-25,6
CUST001749,DVC-cab6bb7511,IOS,N,2026-02-19,2026-08-10,21
CUST001749,DVC-a37688651a,ANDROID,N,2024-11-07,2026-08-21,10
CUST001750,DVC-00a26d7c87,WEB,Y,2025-09-17,2026-08-26,5
CUST001750,DVC-1feee15535,ANDROID,N,2023-12-08,2025-11-17,287
CUST001751,DVC-d08c357b01,ANDROID,Y,2025-05-26,2026-08-27,4
CUST001752,DVC-ac3476caf9,ANDROID,Y,2025-01-22,2026-08-30,1
CUST001753,DVC-2bde994ab4,ANDROID,Y,2025-11-30,2026-08-28,3
CUST001754,DVC-64e9b28638,ANDROID,Y,2025-05-21,2026-08-30,1
CUST001754,DVC-779f385106,ANDROID,N,2025-02-01,2026-07-18,44
CUST001755,DVC-f0a7e87ffa,IOS,Y,2024-11-25,2026-08-29,2
CUST001755,DVC-b497d8e138,ANDROID,N,2024-08-01,2026-06-22,70
CUST001756,DVC-dcbbab55c8,WEB,Y,2024-09-22,2026-08-26,5
CUST001757,DVC-a4a35bb307,ANDROID,Y,2025-01-23,2026-08-28,3
CUST001757,DVC-7a9656dd94,ANDROID,N,2026-02-19,2026-07-23,39
CUST001758,DVC-33d6c9ee11,IOS,Y,2024-07-29,2026-08-25,6
CUST001759,DVC-e52d2fb172,ANDROID,Y,2025-09-04,2026-08-29,2
CUST001760,DVC-5b832cde0b,ANDROID,Y,2026-04-20,2026-08-25,6
CUST001761,DVC-1935b00589,WEB,Y,2026-06-27,2026-08-27,4
CUST001762,DVC-9986b4d60b,ANDROID,Y,2025-03-03,2026-08-27,4
CUST001763,DVC-dfabbb30ff,ANDROID,Y,2026-03-23,2026-08-29,2
CUST001764,DVC-db554d7adf,WEB,Y,2024-08-04,2026-08-28,3
CUST001764,DVC-1575ca95cc,ANDROID,N,2025-06-12,2026-06-19,73
CUST001765,DVC-ef139c609a,ANDROID,Y,2024-12-26,2026-08-29,2
CUST001766,DVC-dd7c82783c,IOS,Y,2026-03-20,2026-08-28,3
CUST001767,DVC-e4e5efe109,IOS,Y,2025-05-22,2026-08-30,1
CUST001767,DVC-a386d7eb03,IOS,N,2024-04-07,2025-12-19,255
CUST001768,DVC-a949df64d6,IOS,Y,2026-02-02,2026-08-26,5
CUST001769,DVC-e3afa417c9,ANDROID,Y,2026-07-17,2026-08-26,5
CUST001770,DVC-fabb5923e6,ANDROID,Y,2025-03-28,2026-08-27,4
CUST001771,DVC-a3a42cf6ea,IOS,Y,2025-05-07,2026-08-30,1
CUST001772,DVC-d253ae3b68,IOS,Y,2024-11-14,2026-08-26,5
CUST001772,DVC-e5ba358f99,ANDROID,N,2024-06-14,2026-08-26,5
CUST001773,DVC-82c94abb30,ANDROID,Y,2026-06-03,2026-08-28,3
CUST001773,DVC-95b692c484,ANDROID,N,2026-05-17,2026-06-20,72
CUST001773,DVC-79dfad8c40,WEB,N,2026-05-17,2026-07-02,60
CUST001774,DVC-d25cc1d9bf,IOS,Y,2025-04-22,2026-08-26,5
CUST001775,DVC-7feca37a1f,ANDROID,Y,2025-08-24,2026-08-31,0
CUST001776,DVC-3516d093ab,ANDROID,Y,2024-03-28,2026-08-26,5
CUST001777,DVC-81210f9d28,ANDROID,Y,2025-03-26,2026-08-27,4
CUST001778,DVC-736b797a85,ANDROID,Y,2026-06-09,2026-08-30,1
CUST001778,DVC-16713a75a0,ANDROID,N,2025-03-02,2026-07-21,41
CUST001779,DVC-e8e403a6f5,ANDROID,Y,2026-06-07,2026-08-29,2
CUST001780,DVC-e6b4210e25,ANDROID,Y,2025-10-28,2026-08-26,5
CUST001780,DVC-34d750eb8a,IOS,N,2025-02-18,2025-12-12,262
CUST001781,DVC-01c88abaac,ANDROID,Y,2026-07-02,2026-08-25,6
CUST001782,DVC-8b2ef696ab,ANDROID,Y,2026-01-03,2026-08-31,0
CUST001782,DVC-7458dd93d0,IOS,N,2024-09-29,2026-07-11,51
CUST001783,DVC-be5bb8cf89,ANDROID,Y,2025-02-24,2026-08-30,1
CUST001783,DVC-e8ea2c227e,WEB,N,2025-11-05,2026-07-09,53
CUST001784,DVC-f54fb58ba7,ANDROID,Y,2026-06-15,2026-08-26,5
CUST001785,DVC-f4ca6b1035,ANDROID,Y,2026-06-20,2026-08-26,5
CUST001785,DVC-288387b6ec,ANDROID,N,2024-04-20,2026-07-05,57
CUST001785,DVC-91304a80a8,ANDROID,N,2026-02-22,2026-07-15,47
CUST001786,DVC-525a9b7518,ANDROID,Y,2026-07-08,2026-08-31,0
CUST001787,DVC-eea104fdd0,ANDROID,Y,2026-04-19,2026-08-28,3
CUST001788,DVC-f7f13a30ba,ANDROID,Y,2025-04-29,2026-08-28,3
CUST001788,DVC-ab0dd3dcc1,IOS,N,2025-11-28,2026-07-19,43
CUST001789,DVC-e1fca4ff59,ANDROID,Y,2025-10-31,2026-08-31,0
CUST001790,DVC-4510d20644,ANDROID,Y,2024-05-05,2026-08-25,6
CUST001791,DVC-259e4a0f7e,ANDROID,Y,2025-06-13,2026-08-26,5
CUST001792,DVC-996fabd8ed,IOS,Y,2026-07-16,2026-08-27,4
CUST001792,DVC-ef3c1080aa,IOS,N,2025-12-05,2026-04-19,134
CUST001792,DVC-d2b5850efb,ANDROID,N,2025-04-02,2026-06-30,62
CUST001793,DVC-0a729a7661,ANDROID,Y,2026-07-09,2026-08-31,0
CUST001793,DVC-197e2363c4,ANDROID,N,2026-07-04,2025-08-04,392
CUST001793,DVC-366234e609,ANDROID,N,2026-07-07,2026-08-09,22
CUST001794,DVC-fe65510bde,ANDROID,Y,2026-03-15,2026-08-26,5
CUST001794,DVC-028e05e976,ANDROID,N,2026-05-12,2026-06-20,72
CUST001794,DVC-dc5677b754,ANDROID,N,2026-01-08,2026-06-28,64
CUST001795,DVC-452b1fe6b6,ANDROID,Y,2026-02-12,2026-08-25,6
CUST001795,DVC-32e6908e42,ANDROID,N,2026-06-15,2026-07-15,47
CUST001796,DVC-53b092f6a9,ANDROID,Y,2025-04-19,2026-08-29,2
CUST001797,DVC-d32fecf406,ANDROID,Y,2024-12-29,2026-08-27,4
CUST001798,DVC-a885d9e28e,ANDROID,Y,2024-04-02,2026-08-30,1
CUST001799,DVC-9b0055ea51,ANDROID,Y,2025-08-03,2026-08-28,3
CUST001799,DVC-b39e0909f7,ANDROID,N,2025-06-07,2026-07-30,32
CUST001799,DVC-7e93bef4c3,ANDROID,N,2025-04-21,2026-08-30,1
CUST001800,DVC-704be8234f,IOS,Y,2026-05-26,2026-08-31,0
CUST001800,DVC-6fd27cd58a,ANDROID,N,2024-06-01,2026-06-17,75
CUST001800,DVC-edfb62cc29,ANDROID,N,2025-06-05,2026-07-29,33
CUST001801,DVC-f48fc880fe,ANDROID,Y,2026-07-16,2026-08-27,4
CUST001801,DVC-c5fd12e2ed,IOS,N,2025-10-30,2026-06-16,76
CUST001802,DVC-e4321a2759,IOS,Y,2026-05-06,2026-08-29,2
CUST001802,DVC-342d1f8ceb,ANDROID,N,2026-03-03,2026-06-24,68
CUST001803,DVC-1e028337e2,ANDROID,Y,2024-04-20,2026-08-27,4
CUST001804,DVC-b219b6c37d,ANDROID,Y,2025-04-21,2026-08-27,4
CUST001804,DVC-c5c887be0c,ANDROID,N,2026-06-02,2026-07-16,46
CUST001805,DVC-95c058a2b9,ANDROID,Y,2025-01-21,2026-08-30,1
CUST001806,DVC-8dd5fca58c,ANDROID,Y,2025-02-25,2026-08-31,0
CUST001807,DVC-6f8ce66c26,ANDROID,Y,2025-11-27,2026-08-26,5
CUST001807,DVC-f47a095b0f,WEB,N,2024-07-10,2026-07-17,45
CUST001808,DVC-87414b53be,ANDROID,Y,2024-09-05,2026-08-28,3
CUST001808,DVC-79aa2b930d,ANDROID,N,2026-01-25,2026-08-05,26
CUST001809,DVC-49f49b2bd0,IOS,Y,2025-01-07,2026-08-25,6
CUST001809,DVC-ad9737ea25,ANDROID,N,2025-01-11,2025-09-01,364
CUST001810,DVC-28cbb4672c,ANDROID,Y,2026-01-06,2026-08-27,4
CUST001811,DVC-0e28981914,IOS,Y,2025-06-12,2026-08-31,0
CUST001811,DVC-59809c536e,ANDROID,N,2025-08-30,2026-08-17,14
CUST001812,DVC-1e6c516251,IOS,Y,2024-05-02,2026-08-30,1
CUST001812,DVC-1e05f57903,ANDROID,N,2026-02-17,2026-07-15,47
CUST001813,DVC-8a4f66bc37,ANDROID,Y,2024-03-13,2026-08-30,1
CUST001814,DVC-e2ff0e797b,ANDROID,Y,2025-04-20,2026-08-28,3
CUST001815,DVC-c114b8a4ea,ANDROID,Y,2024-11-23,2026-08-26,5
CUST001815,DVC-43cb251f23,ANDROID,N,2026-01-12,2026-06-20,72
CUST001816,DVC-5be30679d1,ANDROID,Y,2025-04-16,2026-08-26,5
CUST001816,DVC-9668e1d0d9,ANDROID,N,2025-09-22,2026-08-02,29
CUST001816,DVC-65ceac3252,ANDROID,N,2024-08-27,2026-04-11,142
CUST001817,DVC-113b0a8e8f,ANDROID,Y,2026-07-18,2026-08-25,6
CUST001818,DVC-4380b4a431,ANDROID,Y,2025-06-01,2026-08-28,3
CUST001818,DVC-3f0fb8c681,IOS,N,2025-11-06,2026-08-28,3
CUST001819,DVC-4597e0a6fe,ANDROID,Y,2025-06-12,2026-08-25,6
CUST001820,DVC-1b80620f3c,ANDROID,Y,2026-07-11,2026-08-30,1
CUST001821,DVC-92223c0d89,ANDROID,Y,2025-07-30,2026-08-27,4
CUST001821,DVC-50ed864eec,ANDROID,N,2025-02-16,2025-09-11,354
CUST001821,DVC-c920a0cb67,ANDROID,N,2024-11-09,2025-08-18,378
CUST001822,DVC-f6b7360120,ANDROID,Y,2026-03-31,2026-08-27,4
CUST001823,DVC-bfe8ae1d8e,ANDROID,Y,2026-06-15,2026-08-30,1
CUST001823,DVC-f535cb88b3,IOS,N,2026-05-12,2026-07-07,55
CUST001823,DVC-7b11dbc8c0,IOS,N,2026-06-27,2026-08-23,8
CUST001824,DVC-68e448de00,ANDROID,Y,2026-06-25,2026-08-30,1
CUST001825,DVC-673393dd90,ANDROID,Y,2025-12-25,2026-08-31,0
CUST001826,DVC-0d4d7d8327,WEB,Y,2024-07-09,2026-08-31,0
CUST001827,DVC-37d8b7df81,ANDROID,Y,2025-08-06,2026-08-25,6
CUST001827,DVC-260efa92ec,ANDROID,N,2024-10-17,2026-03-22,162
CUST001828,DVC-1785ea39e5,ANDROID,Y,2025-01-26,2026-08-26,5
CUST001828,DVC-8bd9d57200,ANDROID,N,2025-06-30,2026-05-08,115
CUST001829,DVC-12714a0104,WEB,Y,2026-06-30,2026-08-30,1
CUST001830,DVC-8f0b867845,ANDROID,Y,2026-01-16,2026-08-26,5
CUST001830,DVC-3958cc9f1a,ANDROID,N,2024-12-26,2026-06-26,66
CUST001831,DVC-7ad4e5b342,ANDROID,Y,2024-11-06,2026-08-29,2
CUST001831,DVC-ad01bfc53e,WEB,N,2025-04-10,2026-06-16,76
CUST001832,DVC-0ff982e198,IOS,Y,2024-03-14,2026-08-27,4
CUST001833,DVC-fba1c778c2,IOS,Y,2025-08-24,2026-08-28,3
CUST001834,DVC-00c091f88d,ANDROID,Y,2026-05-31,2026-08-30,1
CUST001834,DVC-ff1a3b5e2b,WEB,N,2025-12-14,2026-07-03,59
CUST001835,DVC-f83c80b703,ANDROID,Y,2026-04-08,2026-08-26,5
CUST001835,DVC-a26f90ec7f,ANDROID,N,2026-06-01,2026-07-20,42
CUST001836,DVC-a5d7e81648,ANDROID,Y,2026-06-14,2026-08-29,2
CUST001836,DVC-919fc2c99e,ANDROID,N,2026-03-22,2026-07-24,38
CUST001836,DVC-b31ed01214,ANDROID,N,2025-08-18,2025-11-08,296
CUST001837,DVC-221dd589f5,ANDROID,Y,2025-10-18,2026-08-30,1
CUST001837,DVC-e70004ca18,ANDROID,N,2025-09-29,2026-07-21,41
CUST001838,DVC-1c18ccb596,ANDROID,Y,2026-04-13,2026-08-27,4
CUST001838,DVC-3003880207,ANDROID,N,2025-05-24,2026-07-20,42
CUST001838,DVC-6c9ad8b224,IOS,N,2024-10-28,2026-08-17,14
CUST001839,DVC-a07b07e4ec,ANDROID,Y,2026-07-12,2026-08-28,3
CUST001839,DVC-f3627d6efe,ANDROID,N,2026-03-14,2026-06-29,63
CUST001839,DVC-cf9fd64ca0,ANDROID,N,2026-06-18,2026-08-17,14
CUST001840,DVC-6f0a1c85cd,IOS,Y,2026-07-09,2026-08-30,1
CUST001840,DVC-87d82809e0,IOS,N,2026-04-11,2026-06-24,68
CUST001841,DVC-f7712349bd,ANDROID,Y,2026-06-17,2026-08-28,3
CUST001842,DVC-834919451a,ANDROID,Y,2026-04-26,2026-08-27,4
CUST001842,DVC-002382f166,ANDROID,N,2025-11-03,2026-06-28,64
CUST001843,DVC-c6c5d917cb,ANDROID,Y,2025-10-25,2026-08-25,6
CUST001843,DVC-8a10967ee0,ANDROID,N,2024-12-23,2026-01-29,214
CUST001844,DVC-d8f3471298,IOS,Y,2025-08-09,2026-08-26,5
CUST001844,DVC-febeef97bf,WEB,N,2025-08-30,2026-08-28,3
CUST001845,DVC-f434cc6f83,IOS,Y,2025-12-19,2026-08-30,1
CUST001846,DVC-327f91ac7c,ANDROID,Y,2024-11-02,2026-08-31,0
CUST001846,DVC-05a5999198,ANDROID,N,2025-12-12,2026-08-10,21
CUST001847,DVC-bfcdca96d7,ANDROID,Y,2026-04-08,2026-08-27,4
CUST001848,DVC-f8c1218552,ANDROID,Y,2025-02-17,2026-08-28,3
CUST001848,DVC-2caa91509d,ANDROID,N,2025-08-18,2026-08-29,2
CUST001849,DVC-9c56cfece4,ANDROID,Y,2024-11-16,2026-08-26,5
CUST001850,DVC-c8a608dcb2,IOS,Y,2026-05-11,2026-08-31,0
CUST001851,DVC-9c49ae64f9,ANDROID,Y,2026-06-06,2026-08-28,3
CUST001851,DVC-869d7e7850,ANDROID,N,2026-03-03,2026-07-05,57
CUST001852,DVC-2d49be3ed7,ANDROID,Y,2026-06-02,2026-08-30,1
CUST001853,DVC-034bc4b66e,IOS,Y,2026-03-27,2026-08-29,2
CUST001853,DVC-48438deca5,ANDROID,N,2026-05-28,2026-08-08,23
CUST001854,DVC-3ea24b4604,ANDROID,Y,2026-03-06,2026-08-29,2
CUST001855,DVC-d1c884f332,ANDROID,Y,2024-10-23,2026-08-25,6
CUST001855,DVC-4d17ca4533,IOS,N,2024-10-06,2026-08-17,14
CUST001856,DVC-cd4dc1aeb0,ANDROID,Y,2025-05-01,2026-08-27,4
CUST001857,DVC-3ea9acdcb6,IOS,Y,2025-05-12,2026-08-25,6
CUST001857,DVC-b16498a492,ANDROID,N,2024-10-22,2026-07-26,36
CUST001858,DVC-346618f92e,ANDROID,Y,2026-01-06,2026-08-27,4
CUST001859,DVC-5f943c0b20,IOS,Y,2025-01-26,2026-08-28,3
CUST001859,DVC-f585424268,ANDROID,N,2024-04-22,2026-08-12,19
CUST001860,DVC-cb8bd3bd79,ANDROID,Y,2026-07-03,2026-08-28,3
CUST001861,DVC-ed18ed4142,WEB,Y,2026-06-03,2026-08-26,5
CUST001862,DVC-cdd6d41d22,ANDROID,Y,2026-01-12,2026-08-27,4
CUST001863,DVC-45d69345cf,IOS,Y,2026-05-03,2026-08-31,0
CUST001863,DVC-7901c87ec3,IOS,N,2026-02-11,2026-08-24,7
CUST001863,DVC-3931744016,ANDROID,N,2024-12-20,2026-05-12,111
CUST001864,DVC-2f13b9e328,IOS,Y,2026-03-17,2026-08-25,6
CUST001864,DVC-3667ae7869,ANDROID,N,2024-04-17,2026-07-31,31
CUST001864,DVC-7a0cab1917,IOS,N,2026-03-06,2026-06-13,79
CUST001865,DVC-fc3fa67a8c,ANDROID,Y,2024-05-04,2026-08-25,6
CUST001865,DVC-e1631c405b,ANDROID,N,2023-10-24,2025-08-09,387
CUST001866,DVC-3cfe39b633,IOS,Y,2024-04-13,2026-08-27,4
CUST001867,DVC-5f53fd24fb,ANDROID,Y,2024-08-27,2026-08-25,6
CUST001867,DVC-cfd9a48307,ANDROID,N,2024-12-25,2026-07-06,56
CUST001868,DVC-94a31ea95b,ANDROID,Y,2024-09-30,2026-08-26,5
CUST001868,DVC-25fce617bb,ANDROID,N,2024-03-13,2026-08-20,11
CUST001868,DVC-0e5cd6b59a,WEB,N,2025-05-20,2025-09-20,345
CUST001869,DVC-7f7f7a5cac,ANDROID,Y,2026-05-18,2026-08-25,6
CUST001870,DVC-aee2d10f31,ANDROID,Y,2024-07-11,2026-08-31,0
CUST001870,DVC-9795f18917,ANDROID,N,2024-11-02,2026-06-15,77
CUST001871,DVC-0db4d5fd5e,IOS,Y,2024-09-09,2026-08-28,3
CUST001871,DVC-e84b2e94d4,ANDROID,N,2025-12-15,2026-08-23,8
CUST001872,DVC-90a78b09c2,ANDROID,Y,2025-11-03,2026-08-25,6
CUST001873,DVC-eddbc763ea,ANDROID,Y,2026-06-08,2026-08-31,0
CUST001874,DVC-75c2ebf7e2,IOS,Y,2025-12-01,2026-08-26,5
CUST001874,DVC-c60272a6e9,ANDROID,N,2024-06-17,2026-08-27,4
CUST001875,DVC-cfb34b0668,ANDROID,Y,2024-11-25,2026-08-28,3
CUST001875,DVC-f4ac07cdab,ANDROID,N,2024-12-05,2026-08-21,10
CUST001876,DVC-beef5a5577,IOS,Y,2025-12-04,2026-08-26,5
CUST001876,DVC-ad3184c911,ANDROID,N,2025-05-18,2026-06-26,66
CUST001876,DVC-e11b3bbc6c,ANDROID,N,2025-03-20,2026-06-23,69
CUST001877,DVC-145237f4e1,ANDROID,Y,2025-05-10,2026-08-25,6
CUST001877,DVC-cb43558192,ANDROID,N,2025-07-31,2026-08-12,19
CUST001878,DVC-ba5a4bc0a6,IOS,Y,2025-08-27,2026-08-31,0
CUST001879,DVC-c83e659e4a,ANDROID,Y,2025-05-17,2026-08-27,4
CUST001880,DVC-1ae832664d,ANDROID,Y,2025-09-21,2026-08-27,4
CUST001881,DVC-44e5b5012f,IOS,Y,2025-02-26,2026-08-26,5
CUST001882,DVC-ba6f3aa4ca,WEB,Y,2024-12-25,2026-08-29,2
CUST001883,DVC-d0f99de79e,ANDROID,Y,2026-01-09,2026-08-30,1
CUST001884,DVC-7593da0a32,WEB,Y,2026-05-30,2026-08-26,5
CUST001885,DVC-52005cb40d,ANDROID,Y,2025-07-30,2026-08-28,3
CUST001886,DVC-a2dadbc8d3,ANDROID,Y,2026-04-30,2026-08-27,4
CUST001887,DVC-858dec6934,ANDROID,Y,2025-09-17,2026-08-28,3
CUST001887,DVC-4bb6abb533,ANDROID,N,2025-07-12,2026-07-31,31
CUST001888,DVC-5960d167f9,ANDROID,Y,2025-04-12,2026-08-31,0
CUST001888,DVC-fce06b701f,IOS,N,2024-08-02,2026-06-22,70
CUST001888,DVC-090fea3ac2,IOS,N,2024-07-29,2026-06-25,67
CUST001889,DVC-79ba01652e,ANDROID,Y,2025-03-19,2026-08-26,5
CUST001889,DVC-9deb910de7,WEB,N,2024-08-12,2026-07-09,53
CUST001889,DVC-1e31c0a870,IOS,N,2024-10-25,2025-11-12,292
CUST001890,DVC-482101a785,ANDROID,Y,2025-05-25,2026-08-25,6
CUST001891,DVC-6fe7c5a5a3,ANDROID,Y,2026-07-02,2026-08-30,1
CUST001892,DVC-32007395c0,ANDROID,Y,2025-10-04,2026-08-27,4
CUST001893,DVC-9390181509,ANDROID,Y,2024-05-06,2026-08-25,6
CUST001893,DVC-3246f6d054,IOS,N,2025-11-12,2026-07-09,53
CUST001893,DVC-51cab3ea63,ANDROID,N,2024-01-26,2026-07-14,48
CUST001894,DVC-1f86ba66c4,ANDROID,Y,2024-04-28,2026-08-28,3
CUST001895,DVC-518264601c,ANDROID,Y,2026-02-05,2026-08-26,5
CUST001895,DVC-ae3f7c67cb,ANDROID,N,2025-09-25,2026-07-31,31
CUST001896,DVC-ee87bfe86f,IOS,Y,2025-06-17,2026-08-31,0
CUST001896,DVC-b683330096,IOS,N,2025-12-17,2026-07-05,57
CUST001897,DVC-79ff5925a0,IOS,Y,2024-03-24,2026-08-27,4
CUST001898,DVC-2de752f42c,ANDROID,Y,2026-06-08,2026-08-28,3
CUST001899,DVC-844c43a596,ANDROID,Y,2025-11-22,2026-08-25,6
CUST001899,DVC-7aa9a75829,ANDROID,N,2025-12-19,2026-06-20,72
CUST001899,DVC-8a115304c9,ANDROID,N,2024-10-12,2026-08-17,14
CUST001900,DVC-309181f7af,ANDROID,Y,2025-10-05,2026-08-29,2
CUST001901,DVC-523a13fb47,IOS,Y,2024-11-30,2026-08-29,2
CUST001902,DVC-cba53a8d1c,ANDROID,Y,2026-02-22,2026-08-29,2
CUST001902,DVC-5163540d79,ANDROID,N,2025-02-07,2026-08-22,9
CUST001902,DVC-77cf5b6249,IOS,N,2025-11-13,2026-06-24,68
CUST001903,DVC-c9ef38aeee,IOS,Y,2024-11-13,2026-08-30,1
CUST001904,DVC-1e5b9ccd34,IOS,Y,2025-02-19,2026-08-30,1
CUST001904,DVC-1c71d7b013,ANDROID,N,2025-04-29,2026-05-26,97
CUST001905,DVC-63d65f2adf,IOS,Y,2025-08-24,2026-08-27,4
CUST001905,DVC-b1053b44eb,ANDROID,N,2025-08-26,2026-08-11,20
CUST001906,DVC-99b2b7caee,ANDROID,Y,2025-02-24,2026-08-27,4
CUST001907,DVC-de27bbe3ba,ANDROID,Y,2024-12-08,2026-08-27,4
CUST001907,DVC-a466b732e5,IOS,N,2025-12-28,2026-03-06,178
CUST001907,DVC-ad8e2e312f,ANDROID,N,2025-06-07,2026-08-27,4
CUST001908,DVC-4040d9bc5d,ANDROID,Y,2024-09-06,2026-08-28,3
CUST001908,DVC-bab5d038ff,ANDROID,N,2026-03-19,2026-06-20,72
CUST001909,DVC-68d0eac3dd,ANDROID,Y,2026-05-07,2026-08-27,4
CUST001910,DVC-556b7f106c,ANDROID,Y,2026-03-07,2026-08-28,3
CUST001910,DVC-ad5679d75a,ANDROID,N,2026-05-17,2026-08-23,8
CUST001911,DVC-85e910604c,ANDROID,Y,2024-07-26,2026-08-28,3
CUST001911,DVC-2b853da6dd,ANDROID,N,2026-02-13,2026-08-19,12
CUST001912,DVC-21a239e49e,IOS,Y,2025-05-05,2026-08-30,1
CUST001913,DVC-202f659fbd,ANDROID,Y,2025-12-11,2026-08-25,6
CUST001913,DVC-8d1ca55e6a,ANDROID,N,2025-08-22,2026-08-10,21
CUST001914,DVC-d0eeb28a36,ANDROID,Y,2025-09-18,2026-08-31,0
CUST001915,DVC-3f0f10a21f,IOS,Y,2024-04-18,2026-08-25,6
CUST001915,DVC-2c64ae7b78,ANDROID,N,2025-12-17,2026-08-02,29
CUST001916,DVC-5bfeb7f882,ANDROID,Y,2025-11-27,2026-08-28,3
CUST001917,DVC-504d124cfb,ANDROID,Y,2026-05-19,2026-08-31,0
CUST001917,DVC-eb6148dc0d,ANDROID,N,2026-05-27,2026-06-29,63
CUST001918,DVC-eb0bb4bf20,IOS,Y,2025-07-05,2026-08-27,4
CUST001919,DVC-f43bf9f5cb,IOS,Y,2026-06-28,2026-08-28,3
CUST001920,DVC-b1a54c1442,IOS,Y,2026-01-03,2026-08-28,3
CUST001921,DVC-35806cb734,ANDROID,Y,2025-07-14,2026-08-31,0
CUST001921,DVC-2adde8056a,ANDROID,N,2024-08-16,2026-08-14,17
CUST001922,DVC-b2602937f0,IOS,Y,2026-01-12,2026-08-27,4
CUST001923,DVC-0d47d2757a,IOS,Y,2026-06-27,2026-08-28,3
CUST001924,DVC-e0dbce2b2e,ANDROID,Y,2026-07-04,2026-08-31,0
CUST001925,DVC-a15ecf4620,ANDROID,Y,2024-06-11,2026-08-28,3
CUST001925,DVC-7a2987dcaa,IOS,N,2024-11-04,2026-06-30,62
CUST001925,DVC-b8d10c8986,ANDROID,N,2026-04-28,2026-08-16,15
CUST001926,DVC-c49ed5399e,WEB,Y,2024-03-31,2026-08-27,4
CUST001927,DVC-771eb91471,ANDROID,Y,2026-03-30,2026-08-26,5
CUST001928,DVC-52cfd5c81e,ANDROID,Y,2024-09-09,2026-08-27,4
CUST001928,DVC-d9f2c87756,ANDROID,N,2026-07-17,2026-08-20,11
CUST001928,DVC-37b7324e69,ANDROID,N,2024-01-17,2026-05-11,112
CUST001929,DVC-35f298fe67,ANDROID,Y,2024-09-02,2026-08-31,0
CUST001929,DVC-c5f3f929aa,IOS,N,2026-04-08,2026-06-26,66
CUST001930,DVC-37b0e1fbd8,ANDROID,Y,2026-07-08,2026-08-28,3
CUST001931,DVC-30e1927861,WEB,Y,2024-12-14,2026-08-28,3
CUST001931,DVC-8ce6d73fea,ANDROID,N,2024-03-16,2026-07-16,46
CUST001932,DVC-59d8a15669,WEB,Y,2025-12-17,2026-08-25,6
CUST001933,DVC-d57e036175,ANDROID,Y,2026-06-23,2026-08-28,3
CUST001934,DVC-4f79b85b18,ANDROID,Y,2025-10-02,2026-08-26,5
CUST001935,DVC-a613547ed8,ANDROID,Y,2025-01-09,2026-08-26,5
CUST001936,DVC-f24edd48ac,IOS,Y,2024-12-07,2026-08-29,2
CUST001936,DVC-20145cd04a,ANDROID,N,2026-06-11,2026-08-25,6
CUST001936,DVC-26bed91a90,ANDROID,N,2024-03-08,2026-06-26,66
CUST001937,DVC-5d613d50c5,WEB,Y,2024-12-16,2026-08-25,6
CUST001938,DVC-9efd6c99a5,ANDROID,Y,2025-01-21,2026-08-28,3
CUST001939,DVC-7c86e33307,IOS,Y,2024-04-19,2026-08-31,0
CUST001940,DVC-ee517f6cad,ANDROID,Y,2024-07-04,2026-08-25,6
CUST001940,DVC-ca82b1c4a9,ANDROID,N,2026-02-28,2026-06-21,71
CUST001940,DVC-b506a64eeb,IOS,N,2024-06-12,2026-07-01,61
CUST001941,DVC-b637e3b7b8,ANDROID,Y,2025-09-09,2026-08-26,5
CUST001942,DVC-5157bc330b,ANDROID,Y,2025-07-09,2026-08-29,2
CUST001943,DVC-27803976ce,ANDROID,Y,2024-12-14,2026-08-31,0
CUST001943,DVC-525a176c93,IOS,N,2024-01-27,2026-06-19,73
CUST001944,DVC-c652fb7305,ANDROID,Y,2024-09-27,2026-08-31,0
CUST001945,DVC-4025ffa4ac,ANDROID,Y,2025-01-13,2026-08-26,5
CUST001945,DVC-b894694007,ANDROID,N,2024-10-26,2026-08-27,4
CUST001946,DVC-c9052d3f27,ANDROID,Y,2025-04-30,2026-08-29,2
CUST001947,DVC-8f76d7bc71,ANDROID,Y,2025-03-20,2026-08-28,3
CUST001948,DVC-3c6510b38a,WEB,Y,2026-07-19,2026-08-28,3
CUST001948,DVC-59ba4662b2,IOS,N,2024-09-04,2026-07-25,37
CUST001949,DVC-230a05a0a3,IOS,Y,2024-08-10,2026-08-30,1
CUST001949,DVC-33a4356586,IOS,N,2024-11-11,2026-08-22,9
CUST001950,DVC-def1a13df8,ANDROID,Y,2024-08-05,2026-08-26,5
CUST001951,DVC-ca6237e286,IOS,Y,2026-07-02,2026-08-26,5
CUST001951,DVC-b3ef81a9d9,WEB,N,2024-06-19,2026-06-15,77
CUST001952,DVC-afaef9dfe1,ANDROID,Y,2026-04-14,2026-08-29,2
CUST001953,DVC-f32af7ff03,ANDROID,Y,2025-09-30,2026-08-28,3
CUST001953,DVC-67379e58e7,ANDROID,N,2025-10-24,2026-08-13,18
CUST001953,DVC-e17b53e65e,ANDROID,N,2024-04-15,2026-07-28,34
CUST001954,DVC-4eaedbce49,ANDROID,Y,2025-01-31,2026-08-30,1
CUST001955,DVC-e0bd24b6cf,IOS,Y,2026-05-10,2026-08-26,5
CUST001955,DVC-d720de7b56,ANDROID,N,2025-11-24,2026-08-05,26
CUST001955,DVC-e526600582,ANDROID,N,2024-11-30,2026-07-17,45
CUST001956,DVC-469b37e67d,ANDROID,Y,2026-06-29,2026-08-29,2
CUST001956,DVC-995df832ba,ANDROID,N,2026-03-18,2026-07-22,40
CUST001957,DVC-621c7a439a,ANDROID,Y,2024-06-25,2026-08-30,1
CUST001957,DVC-3af90cd2e6,ANDROID,N,2024-06-04,2026-02-18,194
CUST001958,DVC-da9241f1d9,ANDROID,Y,2025-11-09,2026-08-30,1
CUST001958,DVC-7cc90661be,ANDROID,N,2025-08-29,2026-08-16,15
CUST001959,DVC-93864aa397,ANDROID,Y,2026-05-26,2026-08-29,2
CUST001960,DVC-3bd9092c1a,ANDROID,Y,2024-11-20,2026-08-31,0
CUST001960,DVC-9b24a97df9,ANDROID,N,2025-10-18,2026-07-13,49
CUST001961,DVC-75748d1a2c,ANDROID,Y,2026-07-09,2026-08-31,0
CUST001961,DVC-ae94d91b1f,ANDROID,N,2026-05-23,2026-06-24,68
CUST001961,DVC-232293c194,WEB,N,2026-04-24,2026-06-25,67
CUST001962,DVC-8f52252c3e,ANDROID,Y,2026-04-17,2026-08-26,5
CUST001962,DVC-1284667983,ANDROID,N,2025-04-15,2025-09-08,357
CUST001963,DVC-e1a117a15b,ANDROID,Y,2026-05-22,2026-08-26,5
CUST001964,DVC-08c495b771,ANDROID,Y,2025-02-26,2026-08-31,0
CUST001965,DVC-221ed06fda,WEB,Y,2025-03-01,2026-08-26,5
CUST001966,DVC-34978782b6,ANDROID,Y,2026-04-14,2026-08-26,5
CUST001967,DVC-3e462b375a,IOS,Y,2025-03-11,2026-08-25,6
CUST001967,DVC-ede2a0f28f,IOS,N,2025-01-25,2026-08-30,1
CUST001967,DVC-d14c3f9103,ANDROID,N,2025-09-02,2026-08-01,30
CUST001968,DVC-07a17b6a7c,ANDROID,Y,2024-06-15,2026-08-28,3
CUST001969,DVC-4496695ccf,ANDROID,Y,2026-01-11,2026-08-27,4
CUST001970,DVC-0694223d15,IOS,Y,2024-08-21,2026-08-31,0
CUST001970,DVC-52044af561,ANDROID,N,2025-12-29,2026-07-02,60
CUST001970,DVC-ad922b479a,ANDROID,N,2025-09-11,2026-07-09,53
CUST001971,DVC-d84cce1fb1,ANDROID,Y,2025-01-30,2026-08-30,1
CUST001972,DVC-6f3e152f97,ANDROID,Y,2026-07-04,2026-08-29,2
CUST001973,DVC-fa355cca9e,IOS,Y,2026-02-13,2026-08-29,2
CUST001974,DVC-c01ffdd4bf,ANDROID,Y,2026-03-06,2026-08-31,0
CUST001974,DVC-079b7c78e9,ANDROID,N,2025-05-16,2026-08-19,12
CUST001975,DVC-66a1f8867f,ANDROID,Y,2026-07-17,2026-08-30,1
CUST001976,DVC-505fd12ceb,WEB,Y,2025-08-20,2026-08-29,2
CUST001977,DVC-214a945ab6,ANDROID,Y,2025-06-05,2026-08-27,4
CUST001978,DVC-eb75f3e6cd,ANDROID,Y,2024-07-30,2026-08-26,5
CUST001978,DVC-7cf60bc72b,IOS,N,2026-05-15,2026-07-01,61
CUST001978,DVC-a74752e04c,ANDROID,N,2024-08-01,2026-08-16,15
CUST001979,DVC-0889926e03,IOS,Y,2025-04-22,2026-08-30,1
CUST001979,DVC-944618f443,ANDROID,N,2024-07-25,2026-07-30,32
CUST001980,DVC-0d07eea1e6,ANDROID,Y,2024-06-03,2026-08-25,6
CUST001981,DVC-80a7dcac43,IOS,Y,2026-04-26,2026-08-26,5
CUST001982,DVC-3cec27da6d,IOS,Y,2025-04-09,2026-08-31,0
CUST001983,DVC-be1a32d432,ANDROID,Y,2025-04-22,2026-08-26,5
CUST001983,DVC-162e29f094,ANDROID,N,2024-02-03,2026-03-12,172
CUST001984,DVC-bc9fb8c199,ANDROID,Y,2026-07-24,2026-08-30,1
CUST001984,DVC-95e24c2b98,ANDROID,N,2026-06-23,2026-06-23,69
CUST001984,DVC-9539c65b68,ANDROID,N,2026-06-23,2025-09-12,353
CUST001985,DVC-00863eeda3,WEB,Y,2026-01-30,2026-08-29,2
CUST001986,DVC-4e3731298f,ANDROID,Y,2025-12-05,2026-08-25,6
CUST001987,DVC-fb661a9795,IOS,Y,2026-05-25,2026-08-29,2
CUST001987,DVC-996e9e15f4,ANDROID,N,2025-04-25,2026-08-19,12
CUST001988,DVC-97fda18aa6,ANDROID,Y,2024-04-27,2026-08-28,3
CUST001988,DVC-ab5c70aee7,ANDROID,N,2024-03-09,2026-07-22,40
CUST001989,DVC-07c591f108,WEB,Y,2025-08-06,2026-08-28,3
CUST001989,DVC-283b144048,ANDROID,N,2025-03-10,2026-07-17,45
CUST001990,DVC-f7921639c6,IOS,Y,2025-03-18,2026-08-31,0
CUST001991,DVC-f6c0c4da34,ANDROID,Y,2026-07-16,2026-08-31,0
CUST001992,DVC-cde62b3ef3,IOS,Y,2026-01-30,2026-08-29,2
CUST001993,DVC-7a5a152d0a,IOS,Y,2024-07-15,2026-08-31,0
CUST001994,DVC-3df11bf56f,ANDROID,Y,2025-05-22,2026-08-30,1
CUST001994,DVC-73746a2013,ANDROID,N,2025-04-03,2026-08-04,27
CUST001995,DVC-88a57188ce,IOS,Y,2024-12-16,2026-08-31,0
CUST001995,DVC-a6dc644323,WEB,N,2024-07-01,2025-12-27,247
CUST001996,DVC-56fb0c3293,IOS,Y,2024-05-31,2026-08-28,3
CUST001997,DVC-ac6764afcd,WEB,Y,2026-05-06,2026-08-25,6
CUST001998,DVC-dc2051f465,ANDROID,Y,2025-01-11,2026-08-31,0
CUST001999,DVC-c7e64e1cef,ANDROID,Y,2025-02-13,2026-08-26,5
CUST002000,DVC-1c945bd566,ANDROID,Y,2026-07-04,2026-08-25,6
CUST002000,DVC-eedb9432dd,IOS,N,2026-06-15,2026-07-29,33
CUST002001,DVC-5878d38a82,IOS,Y,2026-07-20,2026-08-26,5
CUST002002,DVC-fffadf42b3,IOS,Y,2025-11-30,2026-08-29,2
CUST002003,DVC-d97e8a3dc0,IOS,Y,2025-01-04,2026-08-26,5
CUST002004,DVC-06a79de378,IOS,Y,2024-04-29,2026-08-27,4
CUST002005,DVC-7e97f08125,IOS,Y,2026-05-25,2026-08-28,3
CUST002006,DVC-0485847b65,ANDROID,Y,2025-08-28,2026-08-26,5
CUST002006,DVC-c0a8c22901,ANDROID,N,2024-10-24,2026-06-19,73
CUST002007,DVC-30f0e292dc,ANDROID,Y,2025-10-13,2026-08-26,5
CUST002008,DVC-188e00365f,IOS,Y,2025-03-19,2026-08-29,2
CUST002008,DVC-b7ce6cc578,ANDROID,N,2024-10-20,2026-07-22,40
CUST002008,DVC-fc148980ec,ANDROID,N,2024-07-25,2026-08-19,12
CUST002009,DVC-055ed93119,ANDROID,Y,2026-06-30,2026-08-25,6
CUST002009,DVC-2813f76209,ANDROID,N,2025-03-23,2026-07-04,58
CUST002010,DVC-b77704dbb3,IOS,Y,2026-02-22,2026-08-31,0
CUST002010,DVC-80cf1175ab,IOS,N,2025-03-13,2026-01-02,241
CUST002011,DVC-68a4ebcd27,ANDROID,Y,2024-12-16,2026-08-26,5
CUST002011,DVC-b9aa953a99,ANDROID,N,2025-08-27,2026-08-20,11
CUST002012,DVC-662895d360,ANDROID,Y,2026-03-15,2026-08-30,1
CUST002012,DVC-3b3429df97,ANDROID,N,2025-04-26,2026-07-15,47
CUST002012,DVC-00a721fdae,ANDROID,N,2025-10-03,2026-08-18,13
CUST002013,DVC-b8ba45e0d9,WEB,Y,2026-04-07,2026-08-27,4
CUST002013,DVC-29f1f412b2,ANDROID,N,2025-07-12,2026-08-06,25
CUST002014,DVC-108fcd1317,IOS,Y,2026-02-28,2026-08-31,0
CUST002015,DVC-5eae6f503f,ANDROID,Y,2026-02-17,2026-08-27,4
CUST002015,DVC-48875a25f0,ANDROID,N,2025-07-24,2026-07-02,60
CUST002015,DVC-72c4585989,ANDROID,N,2025-09-20,2026-07-22,40
CUST002016,DVC-b82d028553,ANDROID,Y,2025-07-12,2026-08-27,4
CUST002017,DVC-9d072609da,IOS,Y,2026-04-16,2026-08-27,4
CUST002018,DVC-b14a231238,ANDROID,Y,2026-02-05,2026-08-31,0
CUST002019,DVC-cca0537b48,IOS,Y,2026-02-16,2026-08-25,6
CUST002019,DVC-a26d0680c5,IOS,N,2025-02-04,2026-08-20,11
CUST002020,DVC-fc8ecaf42f,ANDROID,Y,2024-09-11,2026-08-29,2
CUST002021,DVC-52d5130f54,IOS,Y,2024-10-28,2026-08-29,2
CUST002022,DVC-77a773c0bc,ANDROID,Y,2024-09-26,2026-08-29,2
CUST002022,DVC-31ec3b567f,ANDROID,N,2025-11-07,2026-07-01,61
CUST002023,DVC-07c364b85c,ANDROID,Y,2025-10-26,2026-08-25,6
CUST002023,DVC-5f01b36ae2,ANDROID,N,2024-04-16,2026-06-19,73
CUST002024,DVC-f3079e3fc5,ANDROID,Y,2026-05-31,2026-08-31,0
CUST002024,DVC-81fea64235,IOS,N,2025-12-06,2026-08-18,13
CUST002025,DVC-47d13a39b5,IOS,Y,2024-11-28,2026-08-29,2
CUST002025,DVC-55c8aeaf6b,WEB,N,2025-05-05,2026-07-25,37
CUST002025,DVC-b4e323227e,IOS,N,2026-06-08,2026-07-16,46
CUST002026,DVC-41847c011a,ANDROID,Y,2025-06-25,2026-08-25,6
CUST002026,DVC-71f8b070d5,IOS,N,2026-01-24,2026-06-19,73
CUST002027,DVC-cdc20b8bde,ANDROID,Y,2026-05-04,2026-08-25,6
CUST002027,DVC-d9e8a8b4ad,ANDROID,N,2025-01-09,2026-07-10,52
CUST002028,DVC-403f60ba9e,ANDROID,Y,2024-08-17,2026-08-26,5
CUST002028,DVC-4a2ab20ab6,ANDROID,N,2025-08-01,2026-06-28,64
CUST002029,DVC-70b8b16481,WEB,Y,2026-07-20,2026-08-31,0
CUST002030,DVC-3f27c94545,ANDROID,Y,2026-02-27,2026-08-27,4
CUST002031,DVC-55ff023371,IOS,Y,2024-07-10,2026-08-31,0
CUST002032,DVC-3a3410aff2,IOS,Y,2026-05-20,2026-08-30,1
CUST002032,DVC-f45ba770f4,ANDROID,N,2024-10-06,2026-07-08,54
CUST002033,DVC-867dd82dc1,IOS,Y,2024-10-02,2026-08-27,4
CUST002033,DVC-7587c9c0ed,IOS,N,2024-06-24,2025-09-05,360
CUST002034,DVC-b16f53dfdb,ANDROID,Y,2025-09-27,2026-08-25,6
CUST002034,DVC-b2cc8ebe04,ANDROID,N,2025-08-19,2026-07-08,54
CUST002034,DVC-0f4e560be7,ANDROID,N,2025-07-21,2026-08-11,20
CUST002035,DVC-c49ac33599,IOS,Y,2024-08-25,2026-08-26,5
CUST002036,DVC-6602930bac,ANDROID,Y,2026-03-06,2026-08-28,3
CUST002036,DVC-8c146e95b2,ANDROID,N,2026-03-02,2026-06-26,66
CUST002036,DVC-80ec3ae726,IOS,N,2025-09-22,2026-06-27,65
CUST002037,DVC-7d71525537,ANDROID,Y,2025-07-04,2026-08-31,0
CUST002037,DVC-2f1c65fa6e,ANDROID,N,2024-12-02,2026-08-24,7
CUST002038,DVC-9f4ee0680d,ANDROID,Y,2024-10-04,2026-08-30,1
CUST002038,DVC-bdb05e0cc9,ANDROID,N,2024-07-08,2026-05-08,115
CUST002039,DVC-4f697e0692,IOS,Y,2024-04-10,2026-08-29,2
CUST002039,DVC-ee8d87caa2,ANDROID,N,2026-01-21,2026-07-04,58
CUST002040,DVC-b525616cee,IOS,Y,2025-03-18,2026-08-31,0
CUST002041,DVC-850c94317a,IOS,Y,2026-07-15,2026-08-28,3
CUST002042,DVC-e6abc8abf3,WEB,Y,2024-09-19,2026-08-27,4
CUST002043,DVC-72b06b3d18,ANDROID,Y,2024-03-23,2026-08-31,0
CUST002043,DVC-77354cc1f9,ANDROID,N,2026-06-12,2026-08-17,14
CUST002043,DVC-fcd9164ef3,ANDROID,N,2026-05-12,2026-06-19,73
CUST002044,DVC-a243bf507a,WEB,Y,2025-03-26,2026-08-26,5
CUST002044,DVC-f49471f654,ANDROID,N,2025-10-23,2026-07-13,49
CUST002045,DVC-a40790e01b,IOS,Y,2024-04-22,2026-08-29,2
CUST002045,DVC-0a12d21e7d,IOS,N,2024-09-11,2026-04-09,144
CUST002046,DVC-a18b77e5c0,ANDROID,Y,2024-09-01,2026-08-26,5
CUST002047,DVC-a5aed62424,ANDROID,Y,2025-11-09,2026-08-25,6
CUST002048,DVC-72810b2f36,ANDROID,Y,2026-03-15,2026-08-26,5
CUST002048,DVC-a77a8fbf75,ANDROID,N,2026-01-28,2026-08-20,11
CUST002049,DVC-c9edc90d21,WEB,Y,2025-12-10,2026-08-27,4
CUST002049,DVC-2e268a4142,ANDROID,N,2026-02-07,2026-08-19,12
CUST002049,DVC-781833e164,ANDROID,N,2026-02-09,2026-08-26,5
CUST002050,DVC-f1ab6d4bf0,ANDROID,Y,2026-05-31,2026-08-28,3
CUST002051,DVC-7158734360,ANDROID,Y,2024-03-20,2026-08-30,1
CUST002051,DVC-076f843555,ANDROID,N,2026-02-28,2026-07-26,36
CUST002051,DVC-9790662951,ANDROID,N,2025-08-29,2026-06-30,62
CUST002052,DVC-3b72066a2b,ANDROID,Y,2024-07-17,2026-08-26,5
CUST002052,DVC-45e0f9a86f,ANDROID,N,2024-04-10,2026-06-21,71
CUST002053,DVC-8cae8dcf5e,ANDROID,Y,2025-06-18,2026-08-26,5
CUST002054,DVC-81d078de75,ANDROID,Y,2025-09-12,2026-08-28,3
CUST002055,DVC-9f7bec61d4,ANDROID,Y,2025-04-01,2026-08-30,1
CUST002055,DVC-4e281c7216,ANDROID,N,2025-11-17,2026-08-21,10
CUST002056,DVC-d45340914b,ANDROID,Y,2026-03-25,2026-08-29,2
CUST002056,DVC-8e25227b34,WEB,N,2025-01-24,2026-08-21,10
CUST002056,DVC-71554833a0,IOS,N,2026-03-10,2026-08-20,11
CUST002057,DVC-e050defd97,ANDROID,Y,2024-08-16,2026-08-28,3
CUST002057,DVC-6cf700b7f6,ANDROID,N,2024-09-19,2026-08-25,6
CUST002057,DVC-46cbda7b79,IOS,N,2025-07-24,2026-08-21,10
CUST002058,DVC-51815f932c,ANDROID,Y,2025-04-23,2026-08-27,4
CUST002059,DVC-76a1c38740,ANDROID,Y,2024-09-17,2026-08-29,2
CUST002059,DVC-92b7f5974f,IOS,N,2025-05-05,2026-07-01,61
CUST002060,DVC-12b105ff20,ANDROID,Y,2025-02-26,2026-08-26,5
CUST002060,DVC-82654ece68,IOS,N,2024-11-03,2026-08-10,21
CUST002061,DVC-6646407ae5,ANDROID,Y,2024-03-24,2026-08-27,4
CUST002062,DVC-f419e62a27,ANDROID,Y,2025-02-28,2026-08-28,3
CUST002063,DVC-26042521af,ANDROID,Y,2024-12-27,2026-08-29,2
CUST002063,DVC-b40ef8fd8e,IOS,N,2025-12-21,2026-08-13,18
CUST002063,DVC-3169fd9fed,ANDROID,N,2025-08-06,2026-07-09,53
CUST002064,DVC-af9a6dd140,ANDROID,Y,2024-08-15,2026-08-31,0
CUST002065,DVC-a7d8a5ff10,IOS,Y,2026-05-03,2026-08-29,2
CUST002066,DVC-fe5457a4d7,ANDROID,Y,2026-02-17,2026-08-28,3
CUST002067,DVC-867316e474,IOS,Y,2026-06-25,2026-08-25,6
CUST002068,DVC-6010df8ac1,ANDROID,Y,2024-07-07,2026-08-31,0
CUST002069,DVC-0878228c2f,IOS,Y,2025-09-30,2026-08-25,6
CUST002070,DVC-33aca058b8,IOS,Y,2025-02-24,2026-08-29,2
CUST002070,DVC-95d750c0a8,ANDROID,N,2026-01-09,2026-08-30,1
CUST002070,DVC-7a5a39b040,ANDROID,N,2026-06-01,2026-07-18,44
CUST002071,DVC-a2b2f90808,ANDROID,Y,2024-06-28,2026-08-29,2
CUST002072,DVC-d3bdba65c1,ANDROID,Y,2024-11-16,2026-08-29,2
CUST002072,DVC-598501b9b1,ANDROID,N,2025-05-18,2026-08-14,17
CUST002073,DVC-19fdba0d17,WEB,Y,2025-02-06,2026-08-26,5
CUST002073,DVC-79d5fdc8c5,IOS,N,2024-06-12,2026-06-24,68
CUST002073,DVC-6d77ceede6,ANDROID,N,2025-06-30,2026-08-02,29
CUST002074,DVC-3914cf920e,IOS,Y,2025-08-10,2026-08-25,6
CUST002074,DVC-79c341a5c3,WEB,N,2025-02-20,2026-06-23,69
CUST002075,DVC-87986264d1,IOS,Y,2026-02-28,2026-08-25,6
CUST002075,DVC-0653340a1b,ANDROID,N,2025-07-16,2026-01-02,241
CUST002076,DVC-232cbc3332,ANDROID,Y,2026-06-06,2026-08-31,0
CUST002077,DVC-24e9808881,ANDROID,Y,2024-12-26,2026-08-28,3
CUST002077,DVC-09c45a3d2c,ANDROID,N,2026-04-16,2026-08-30,1
CUST002078,DVC-50d6715c82,ANDROID,Y,2025-03-16,2026-08-25,6
CUST002078,DVC-0178981eae,IOS,N,2024-10-01,2026-08-14,17
CUST002078,DVC-397b7957fc,ANDROID,N,2025-05-29,2026-08-25,6
CUST002079,DVC-950b822150,IOS,Y,2026-05-17,2026-08-29,2
CUST002079,DVC-2512040a1b,ANDROID,N,2026-05-26,2026-08-20,11
CUST002080,DVC-5a21d7b53c,ANDROID,Y,2026-07-06,2026-08-28,3
CUST002080,DVC-5b5ddb6d54,ANDROID,N,2026-05-18,2026-08-06,25
CUST002081,DVC-223642b8b2,ANDROID,Y,2025-04-01,2026-08-28,3
CUST002081,DVC-b8341158c9,ANDROID,N,2024-09-16,2026-08-19,12
CUST002081,DVC-44726bfd20,ANDROID,N,2025-07-25,2026-08-16,15
CUST002082,DVC-6e16fc7c4c,IOS,Y,2024-05-07,2026-08-26,5
CUST002082,DVC-c221fc85cb,ANDROID,N,2024-01-19,2026-06-17,75
CUST002082,DVC-c8e57d304d,ANDROID,N,2024-12-07,2026-07-21,41
CUST002083,DVC-5ee07356a7,ANDROID,Y,2026-01-09,2026-08-30,1
CUST002084,DVC-e5e6664089,IOS,Y,2025-04-30,2026-08-28,3
CUST002085,DVC-420362a13a,IOS,Y,2026-05-12,2026-08-30,1
CUST002086,DVC-f5b1c6f11c,ANDROID,Y,2026-05-13,2026-08-31,0
CUST002087,DVC-0e94371197,ANDROID,Y,2026-07-14,2026-08-31,0
CUST002088,DVC-b84b80e634,ANDROID,Y,2026-02-16,2026-08-26,5
CUST002089,DVC-dcb692bd55,ANDROID,Y,2024-12-06,2026-08-31,0
CUST002089,DVC-9d10b296a2,IOS,N,2026-05-21,2026-07-30,32
CUST002090,DVC-18c4e6d7f2,IOS,Y,2026-06-29,2026-08-28,3
CUST002091,DVC-da242a9713,ANDROID,Y,2024-11-13,2026-08-26,5
CUST002092,DVC-fffa1c7015,IOS,Y,2026-04-02,2026-08-25,6
CUST002092,DVC-56ebff6b26,ANDROID,N,2025-08-17,2026-08-08,23
CUST002092,DVC-1f84337d1f,ANDROID,N,2026-03-01,2026-06-17,75
CUST002093,DVC-d850f700a5,ANDROID,Y,2024-12-03,2026-08-26,5
CUST002094,DVC-68c57e1a57,ANDROID,Y,2025-07-14,2026-08-30,1
CUST002094,DVC-bad9a4026d,ANDROID,N,2026-04-08,2026-07-27,35
CUST002095,DVC-f97350a6ce,IOS,Y,2026-02-23,2026-08-25,6
CUST002096,DVC-5b8fa059ad,WEB,Y,2024-04-05,2026-08-26,5
CUST002096,DVC-df3f08a204,ANDROID,N,2024-12-10,2026-08-28,3
CUST002097,DVC-9cb33ab3d6,ANDROID,Y,2026-03-21,2026-08-31,0
CUST002097,DVC-f83b128dc7,IOS,N,2025-09-21,2026-08-16,15
CUST002098,DVC-936567ac0a,ANDROID,Y,2025-08-14,2026-08-30,1
CUST002099,DVC-770b11bd45,ANDROID,Y,2025-04-17,2026-08-26,5
CUST002099,DVC-a2356e7027,ANDROID,N,2025-09-10,2026-06-23,69
CUST002100,DVC-ae73899807,ANDROID,Y,2024-10-23,2026-08-31,0
CUST002101,DVC-1affac0e64,ANDROID,Y,2024-05-06,2026-08-31,0
CUST002102,DVC-d4df1b536d,WEB,Y,2025-11-08,2026-08-26,5
CUST002103,DVC-4e0291d0b5,ANDROID,Y,2026-07-14,2026-08-27,4
CUST002104,DVC-0d33bf59bf,IOS,Y,2026-05-16,2026-08-27,4
CUST002105,DVC-692470c7a1,ANDROID,Y,2025-10-10,2026-08-31,0
CUST002106,DVC-d54b609674,ANDROID,Y,2024-11-01,2026-08-31,0
CUST002107,DVC-b48840d222,ANDROID,Y,2024-03-20,2026-08-28,3
CUST002108,DVC-d2c1c7a5a5,ANDROID,Y,2026-04-16,2026-08-30,1
CUST002108,DVC-777cda0e62,ANDROID,N,2026-02-01,2025-12-02,272
CUST002109,DVC-6f1b06d76f,ANDROID,Y,2025-02-11,2026-08-25,6
CUST002110,DVC-6e4cb67752,ANDROID,Y,2026-04-17,2026-08-30,1
CUST002111,DVC-6f053ba4b5,ANDROID,Y,2025-07-28,2026-08-29,2
CUST002112,DVC-a4ab1079df,ANDROID,Y,2024-07-20,2026-08-31,0
CUST002113,DVC-0a1a397f3f,IOS,Y,2025-09-23,2026-08-31,0
CUST002114,DVC-0602ae3d54,ANDROID,Y,2025-04-14,2026-08-27,4
CUST002114,DVC-2c5aeae608,ANDROID,N,2025-11-03,2026-08-17,14
CUST002114,DVC-e3686b1414,IOS,N,2024-02-25,2026-07-06,56
CUST002115,DVC-e761856967,ANDROID,Y,2025-10-04,2026-08-29,2
CUST002115,DVC-f8bb167026,IOS,N,2024-05-31,2026-08-25,6
CUST002116,DVC-77a77237ca,IOS,Y,2025-01-01,2026-08-30,1
CUST002116,DVC-f59e67bf5d,ANDROID,N,2025-02-15,2026-05-23,100
CUST002117,DVC-eb0fb4ef46,ANDROID,Y,2026-04-21,2026-08-30,1
CUST002117,DVC-741bf8040a,ANDROID,N,2025-11-21,2025-12-16,258
CUST002118,DVC-50f57f6ca3,IOS,Y,2026-05-06,2026-08-30,1
CUST002118,DVC-e4bd4df44c,ANDROID,N,2026-07-08,2026-08-14,17
CUST002119,DVC-491b865f92,IOS,Y,2025-05-29,2026-08-29,2
CUST002119,DVC-8931c88bbc,ANDROID,N,2025-08-21,2026-08-18,13
CUST002120,DVC-76e0dbd3a8,ANDROID,Y,2026-04-20,2026-08-27,4
CUST002121,DVC-c5c796b161,IOS,Y,2024-12-09,2026-08-26,5
CUST002121,DVC-94b56e7201,IOS,N,2024-08-29,2026-07-06,56
CUST002122,DVC-6d43f3fc33,ANDROID,Y,2026-01-10,2026-08-27,4
CUST002122,DVC-3aaa1f28eb,ANDROID,N,2024-12-16,2026-06-16,76
CUST002123,DVC-809ada7c81,WEB,Y,2025-03-25,2026-08-25,6
CUST002123,DVC-737e6702d9,ANDROID,N,2024-06-09,2026-06-18,74
CUST002124,DVC-07e16f6547,ANDROID,Y,2024-08-18,2026-08-27,4
CUST002124,DVC-0abd861f82,ANDROID,N,2024-12-10,2026-08-13,18
CUST002124,DVC-fa5ba257e1,ANDROID,N,2026-06-15,2026-07-22,40
CUST002125,DVC-deff63b915,ANDROID,Y,2024-03-25,2026-08-30,1
CUST002126,DVC-dc39c620ae,ANDROID,Y,2025-10-03,2026-08-27,4
CUST002127,DVC-41872998e9,ANDROID,Y,2025-05-26,2026-08-27,4
CUST002127,DVC-d894549806,IOS,N,2024-08-23,2026-07-19,43
CUST002128,DVC-0d8a7fbb8b,ANDROID,Y,2026-03-06,2026-08-28,3
CUST002128,DVC-5c5c8ae166,WEB,N,2024-11-23,2025-08-21,375
CUST002129,DVC-9e98992d51,IOS,Y,2025-03-06,2026-08-26,5
CUST002130,DVC-9592a490f8,ANDROID,Y,2025-12-09,2026-08-31,0
CUST002131,DVC-0aabbbd10b,ANDROID,Y,2024-11-29,2026-08-26,5
CUST002131,DVC-f6e44db7fd,ANDROID,N,2025-12-10,2026-07-20,42
CUST002132,DVC-2389149918,WEB,Y,2025-12-25,2026-08-31,0
CUST002132,DVC-12b1cd1c9a,IOS,N,2026-04-04,2026-08-02,29
CUST002133,DVC-f8295dce12,ANDROID,Y,2025-09-07,2026-08-29,2
CUST002134,DVC-cfce3786c7,ANDROID,Y,2025-05-28,2026-08-30,1
CUST002135,DVC-4702da18f9,ANDROID,Y,2024-03-16,2026-08-29,2
CUST002136,DVC-581cd72a4b,ANDROID,Y,2026-06-19,2026-08-25,6
CUST002136,DVC-7ff5d2e735,ANDROID,N,2025-02-11,2025-09-06,359
CUST002137,DVC-a969ad7f51,IOS,Y,2025-06-11,2026-08-27,4
CUST002137,DVC-75d8f62c27,ANDROID,N,2024-02-16,2025-10-08,327
CUST002138,DVC-fd51afce91,IOS,Y,2026-05-02,2026-08-28,3
CUST002138,DVC-0000776bb3,IOS,N,2025-09-22,2026-08-10,21
CUST002139,DVC-c0e4b6cf7a,ANDROID,Y,2024-05-09,2026-08-31,0
CUST002140,DVC-aeb00047af,ANDROID,Y,2026-03-15,2026-08-31,0
CUST002141,DVC-0890eafe56,ANDROID,Y,2025-12-21,2026-08-27,4
CUST002141,DVC-ace619e0d0,ANDROID,N,2025-03-01,2026-07-08,54
CUST002141,DVC-544b39204f,ANDROID,N,2025-06-12,2026-08-09,22
CUST002142,DVC-647a177c2b,ANDROID,Y,2025-08-12,2026-08-26,5
CUST002143,DVC-a855cabf2d,IOS,Y,2025-07-20,2026-08-29,2
CUST002144,DVC-d3654a6974,ANDROID,Y,2024-03-27,2026-08-31,0
CUST002144,DVC-d53f9d4c69,WEB,N,2024-11-16,2026-08-17,14
CUST002144,DVC-609a5a1a6d,ANDROID,N,2025-04-18,2026-08-06,25
CUST002145,DVC-edc566169d,ANDROID,Y,2026-07-20,2026-08-26,5
CUST002145,DVC-d347f350de,IOS,N,2026-07-16,2026-07-09,53
CUST002146,DVC-aa2e8291bf,ANDROID,Y,2025-04-03,2026-08-27,4
CUST002146,DVC-c449cd7582,ANDROID,N,2024-07-29,2026-07-27,35
CUST002147,DVC-59e2542792,ANDROID,Y,2024-04-10,2026-08-25,6
CUST002148,DVC-4199d3f5cf,ANDROID,Y,2025-03-07,2026-08-31,0
CUST002148,DVC-f8f7762c51,ANDROID,N,2024-09-26,2026-06-18,74
CUST002149,DVC-d029682266,WEB,Y,2025-06-12,2026-08-29,2
CUST002149,DVC-1549ab3850,WEB,N,2026-04-14,2026-07-31,31
CUST002149,DVC-9fcf48a301,ANDROID,N,2025-11-19,2026-08-15,16
CUST002150,DVC-f37d31146c,IOS,Y,2025-08-06,2026-08-27,4
CUST002150,DVC-0933ca0067,ANDROID,N,2026-03-26,2026-07-22,40
CUST002151,DVC-87ccc812cd,WEB,Y,2025-07-21,2026-08-30,1
CUST002151,DVC-9119ed1944,ANDROID,N,2026-01-30,2026-08-04,27
CUST002152,DVC-a1b71a2648,ANDROID,Y,2026-01-09,2026-08-28,3
CUST002152,DVC-73f5653995,ANDROID,N,2026-01-13,2026-06-16,76
CUST002153,DVC-388dfa2f25,IOS,Y,2024-08-05,2026-08-30,1
CUST002154,DVC-bcf22c1073,ANDROID,Y,2024-06-12,2026-08-30,1
CUST002155,DVC-30f40338a5,IOS,Y,2026-04-13,2026-08-29,2
CUST002156,DVC-1578a6e23d,IOS,Y,2026-06-18,2026-08-25,6
CUST002157,DVC-eca746bd9a,WEB,Y,2025-08-23,2026-08-25,6
CUST002157,DVC-386fccb199,ANDROID,N,2023-12-19,2025-11-21,283
CUST002158,DVC-1fb8f7d064,IOS,Y,2025-05-03,2026-08-26,5
CUST002159,DVC-5807d1d8a4,ANDROID,Y,2024-07-04,2026-08-31,0
CUST002159,DVC-6f8fd1902e,IOS,N,2024-06-10,2026-07-07,55
CUST002160,DVC-7bdccfed8f,ANDROID,Y,2025-12-03,2026-08-25,6
CUST002160,DVC-483a7483e2,ANDROID,N,2025-07-18,2026-08-04,27
CUST002160,DVC-f5e8183945,ANDROID,N,2024-06-19,2026-08-22,9
CUST002161,DVC-82369e3df1,ANDROID,Y,2026-04-23,2026-08-29,2
CUST002161,DVC-b041f4f572,ANDROID,N,2026-02-15,2026-07-12,50
CUST002162,DVC-bb73ca164c,IOS,Y,2026-03-22,2026-08-26,5
CUST002162,DVC-c3a996e16f,ANDROID,N,2025-04-08,2026-07-27,35
CUST002163,DVC-dda890bc4e,IOS,Y,2026-04-25,2026-08-25,6
CUST002163,DVC-28f408ff33,IOS,N,2025-01-15,2026-06-14,78
CUST002164,DVC-06a8cb1843,IOS,Y,2024-11-23,2026-08-30,1
CUST002164,DVC-3de62e8f07,ANDROID,N,2025-03-03,2026-06-26,66
CUST002164,DVC-d44fcebbe1,ANDROID,N,2024-05-14,2026-07-24,38
CUST002165,DVC-7e6e60be5e,IOS,Y,2025-06-05,2026-08-25,6
CUST002165,DVC-dd563d766a,ANDROID,N,2025-08-28,2026-07-19,43
CUST002166,DVC-fa37f99011,ANDROID,Y,2026-06-10,2026-08-28,3
CUST002167,DVC-b3d2ab5143,ANDROID,Y,2026-02-05,2026-08-31,0
CUST002168,DVC-6546c73e25,ANDROID,Y,2026-05-11,2026-08-31,0
CUST002169,DVC-b6175f96a7,ANDROID,Y,2025-11-17,2026-08-29,2
CUST002169,DVC-19d97111dc,ANDROID,N,2024-10-26,2026-07-16,46
CUST002170,DVC-5c2bf3ef45,ANDROID,Y,2026-02-10,2026-08-25,6
CUST002170,DVC-b5657a85cc,ANDROID,N,2025-01-25,2026-07-10,52
CUST002170,DVC-a7f0c90e80,IOS,N,2025-02-11,2026-06-20,72
CUST002171,DVC-73cea036c1,IOS,Y,2025-11-25,2026-08-25,6
CUST002171,DVC-bd879e7a96,ANDROID,N,2026-02-02,2026-07-23,39
CUST002172,DVC-481016c755,WEB,Y,2026-06-19,2026-08-26,5
CUST002172,DVC-44a823bfb7,ANDROID,N,2025-08-04,2026-07-10,52
CUST002172,DVC-4e937958f8,ANDROID,N,2026-04-18,2026-08-30,1
CUST002173,DVC-40c1a133b8,WEB,Y,2024-11-18,2026-08-31,0
CUST002173,DVC-8dcd97bef3,ANDROID,N,2024-09-02,2026-06-15,77
CUST002174,DVC-7edef10617,ANDROID,Y,2024-04-21,2026-08-29,2
CUST002174,DVC-1b6c64867a,ANDROID,N,2024-09-11,2026-08-18,13
CUST002175,DVC-abc7131fbf,IOS,Y,2024-08-13,2026-08-29,2
CUST002175,DVC-45c953cfe0,IOS,N,2025-03-24,2026-08-20,11
CUST002176,DVC-979f1273de,WEB,Y,2024-11-02,2026-08-27,4
CUST002177,DVC-4b6a09e087,WEB,Y,2024-12-21,2026-08-30,1
CUST002177,DVC-c3d788be12,IOS,N,2024-09-17,2026-06-24,68
CUST002178,DVC-27514625b9,ANDROID,Y,2025-11-14,2026-08-29,2
CUST002179,DVC-2492be9b23,ANDROID,Y,2024-06-02,2026-08-26,5
CUST002179,DVC-6428f8176e,ANDROID,N,2024-12-22,2026-08-09,22
CUST002180,DVC-0bc888561f,IOS,Y,2025-09-30,2026-08-29,2
CUST002180,DVC-9b2d591521,ANDROID,N,2024-04-04,2026-07-17,45
CUST002181,DVC-6e77241560,ANDROID,Y,2024-12-07,2026-08-29,2
CUST002181,DVC-0398673609,IOS,N,2024-10-03,2026-07-14,48
CUST002182,DVC-dce82f4cc7,ANDROID,Y,2025-02-07,2026-08-26,5
CUST002182,DVC-b0dfb225f5,ANDROID,N,2026-04-26,2026-08-10,21
CUST002183,DVC-3b740a1fb1,ANDROID,Y,2026-05-13,2026-08-26,5
CUST002183,DVC-87130d804d,ANDROID,N,2026-05-02,2026-08-08,23
CUST002184,DVC-d33ce04c4f,IOS,Y,2024-12-31,2026-08-27,4
CUST002184,DVC-9ce66b22cb,IOS,N,2025-09-01,2026-08-09,22
CUST002185,DVC-6641d295f7,IOS,Y,2025-07-06,2026-08-25,6
CUST002186,DVC-35f17892d2,IOS,Y,2026-06-15,2026-08-27,4
CUST002186,DVC-2fdd8c56d0,ANDROID,N,2026-05-26,2026-07-13,49
CUST002187,DVC-e63ebca646,WEB,Y,2026-07-31,2026-08-31,0
CUST002188,DVC-e53c2c3da7,ANDROID,Y,2024-06-04,2026-08-25,6
CUST002188,DVC-a563fa37c2,ANDROID,N,2024-06-08,2026-04-29,124
CUST002188,DVC-ec2848fb53,IOS,N,2025-04-16,2026-08-03,28
CUST002189,DVC-32b54ca6c5,ANDROID,Y,2026-06-28,2026-08-26,5
CUST002190,DVC-f5a723d0be,WEB,Y,2026-03-19,2026-08-30,1
CUST002190,DVC-b96cdd72b6,ANDROID,N,2026-01-29,2026-07-29,33
CUST002191,DVC-c2cd4c0aa9,ANDROID,Y,2026-01-14,2026-08-25,6
CUST002192,DVC-59442607e8,ANDROID,Y,2026-06-08,2026-08-29,2
CUST002193,DVC-0fe5edcd6a,ANDROID,Y,2025-01-19,2026-08-26,5
CUST002193,DVC-e424a8e263,IOS,N,2026-03-26,2026-08-08,23
CUST002193,DVC-c4152a589e,ANDROID,N,2024-04-22,2026-07-27,35
CUST002194,DVC-b1b6553ab7,ANDROID,Y,2025-08-30,2026-08-27,4
CUST002195,DVC-3fe7d3bf32,ANDROID,Y,2026-06-09,2026-08-28,3
CUST002195,DVC-a733501270,ANDROID,N,2025-06-13,2026-07-03,59
CUST002196,DVC-96288ce462,WEB,Y,2024-05-20,2026-08-26,5
CUST002197,DVC-e9b9e7b474,ANDROID,Y,2025-03-01,2026-08-26,5
CUST002198,DVC-40ac52bd0a,IOS,Y,2025-11-28,2026-08-29,2
CUST002199,DVC-0c71aa4112,ANDROID,Y,2025-02-13,2026-08-25,6
CUST002199,DVC-d19aef7174,IOS,N,2026-01-11,2026-05-03,120
CUST002200,DVC-731cb3a0d9,ANDROID,Y,2025-10-28,2026-08-27,4
CUST002200,DVC-9605005203,IOS,N,2025-10-23,2026-01-17,226
CUST002201,DVC-e293322360,ANDROID,Y,2025-08-26,2026-08-29,2
CUST002202,DVC-b713acf377,WEB,Y,2025-03-31,2026-08-26,5
CUST002203,DVC-ac2ac5f0ef,ANDROID,Y,2024-08-22,2026-08-26,5
CUST002203,DVC-65bc77a74b,ANDROID,N,2025-09-26,2026-08-06,25
CUST002204,DVC-308eb07aa4,ANDROID,Y,2026-05-10,2026-08-27,4
CUST002204,DVC-cf6c99e5f5,ANDROID,N,2026-05-30,2026-08-10,21
CUST002205,DVC-1ac08dcec2,WEB,Y,2024-05-12,2026-08-25,6
CUST002205,DVC-a04820a46e,ANDROID,N,2025-11-01,2026-08-21,10
CUST002206,DVC-0d59d11b0d,ANDROID,Y,2026-02-24,2026-08-28,3
CUST002206,DVC-0dbff35e1a,IOS,N,2026-05-15,2026-06-24,68
CUST002207,DVC-a0ea4d11fe,ANDROID,Y,2025-08-13,2026-08-28,3
CUST002208,DVC-d27f4c180a,ANDROID,Y,2024-04-02,2026-08-30,1
CUST002208,DVC-041e2a5ecc,WEB,N,2025-11-18,2026-07-28,34
CUST002209,DVC-acb41a9777,IOS,Y,2024-10-01,2026-08-26,5
CUST002209,DVC-e627087698,ANDROID,N,2025-09-06,2026-07-14,48
CUST002210,DVC-2db85ceb72,IOS,Y,2026-03-20,2026-08-29,2
CUST002210,DVC-004c01633e,ANDROID,N,2026-02-23,2026-06-19,73
CUST002210,DVC-2203c3771c,ANDROID,N,2024-03-21,2026-07-18,44
CUST002211,DVC-1cbefc7aa8,ANDROID,Y,2026-07-05,2026-08-30,1
CUST002212,DVC-438143c414,ANDROID,Y,2025-08-29,2026-08-30,1
CUST002212,DVC-dcf2bd719f,ANDROID,N,2025-02-04,2025-12-04,270
CUST002213,DVC-53fc19396d,ANDROID,Y,2025-09-04,2026-08-31,0
CUST002214,DVC-cb4420ca81,ANDROID,Y,2025-05-03,2026-08-26,5
CUST002215,DVC-64d339c9f5,ANDROID,Y,2026-01-15,2026-08-30,1
CUST002216,DVC-099188084e,ANDROID,Y,2025-01-26,2026-08-30,1
CUST002216,DVC-4de6719163,ANDROID,N,2025-05-19,2026-08-15,16
CUST002217,DVC-3f7c826098,IOS,Y,2025-01-25,2026-08-28,3
CUST002218,DVC-d32ac5cafc,ANDROID,Y,2025-07-04,2026-08-30,1
CUST002219,DVC-8b2ab7d68e,ANDROID,Y,2026-04-09,2026-08-25,6
CUST002219,DVC-0281084c9a,ANDROID,N,2026-03-28,2025-08-16,380
CUST002219,DVC-305ba05365,IOS,N,2026-06-25,2026-08-08,23
CUST002220,DVC-325dec846f,ANDROID,Y,2024-10-14,2026-08-25,6
CUST002221,DVC-e05f532c01,ANDROID,Y,2025-11-14,2026-08-25,6
CUST002222,DVC-485e0d7247,WEB,Y,2024-07-18,2026-08-31,0
CUST002222,DVC-4975f8cd89,ANDROID,N,2024-05-21,2026-07-06,56
CUST002223,DVC-920fa89f59,ANDROID,Y,2024-11-04,2026-08-25,6
CUST002224,DVC-6ebb0da188,ANDROID,Y,2024-06-28,2026-08-30,1
CUST002224,DVC-60d3f4a741,IOS,N,2024-12-08,2026-08-14,17
CUST002225,DVC-cfcf85abed,ANDROID,Y,2026-04-15,2026-08-28,3
CUST002226,DVC-4a993ad8fe,WEB,Y,2024-08-26,2026-08-31,0
CUST002227,DVC-89f634b5fa,WEB,Y,2024-07-11,2026-08-28,3
CUST002228,DVC-2538cf1013,ANDROID,Y,2026-02-26,2026-08-30,1
CUST002228,DVC-a6a1e6e13d,ANDROID,N,2026-07-13,2026-08-14,17
CUST002229,DVC-8987c6e0c0,ANDROID,Y,2025-11-04,2026-08-25,6
CUST002229,DVC-d7842dd481,IOS,N,2024-10-10,2026-06-25,67
CUST002230,DVC-bef1d79151,ANDROID,Y,2025-10-07,2026-08-28,3
CUST002230,DVC-5281cb6c85,ANDROID,N,2025-09-20,2026-02-26,186
CUST002230,DVC-62f7afe6f3,WEB,N,2026-02-09,2026-08-10,21
CUST002231,DVC-4cbe249d11,ANDROID,Y,2024-04-17,2026-08-27,4
CUST002231,DVC-9dcdebf868,ANDROID,N,2025-09-30,2026-07-08,54
CUST002232,DVC-6fda93c14a,ANDROID,Y,2024-03-19,2026-08-31,0
CUST002233,DVC-15380bb2f9,ANDROID,Y,2026-07-27,2026-08-26,5
CUST002234,DVC-d4eedeb12f,IOS,Y,2025-09-18,2026-08-29,2
CUST002234,DVC-72cd29f6ac,ANDROID,N,2025-01-27,2025-08-11,385
CUST002235,DVC-b32fe1869f,ANDROID,Y,2025-11-24,2026-08-28,3
CUST002235,DVC-4610be806c,ANDROID,N,2025-02-20,2026-06-22,70
CUST002236,DVC-b1ecb4ea9e,ANDROID,Y,2025-06-25,2026-08-29,2
CUST002236,DVC-4dedaaea99,IOS,N,2025-11-02,2026-06-16,76
CUST002237,DVC-bdb67d4284,IOS,Y,2025-06-29,2026-08-29,2
CUST002237,DVC-e44cc73a17,ANDROID,N,2025-06-20,2026-08-07,24
CUST002238,DVC-4856ab0eb4,ANDROID,Y,2024-09-27,2026-08-31,0
CUST002238,DVC-daeb5c4821,ANDROID,N,2024-03-23,2026-08-01,30
CUST002239,DVC-107bd00577,ANDROID,Y,2024-08-07,2026-08-25,6
CUST002240,DVC-a5502e00f3,IOS,Y,2026-02-08,2026-08-30,1
CUST002240,DVC-3fcb83a1ff,ANDROID,N,2025-12-21,2026-02-25,187
CUST002241,DVC-3d8bf06486,ANDROID,Y,2026-05-02,2026-08-31,0
CUST002242,DVC-300702242e,ANDROID,Y,2026-03-20,2026-08-27,4
CUST002242,DVC-5cb557f1fd,IOS,N,2024-06-02,2025-12-18,256
CUST002242,DVC-3ea5fdd0d5,IOS,N,2024-08-23,2026-06-27,65
CUST002243,DVC-d4cda6e71b,ANDROID,Y,2024-03-24,2026-08-30,1
CUST002243,DVC-323f81737e,ANDROID,N,2025-07-05,2026-07-07,55
CUST002244,DVC-7e4081a2e4,ANDROID,Y,2025-12-21,2026-08-28,3
CUST002245,DVC-30c8c45799,ANDROID,Y,2025-11-03,2026-08-25,6
CUST002246,DVC-0bc13d2009,ANDROID,Y,2026-02-22,2026-08-28,3
CUST002247,DVC-2eb7047fb6,ANDROID,Y,2025-10-14,2026-08-31,0
CUST002248,DVC-a94c616326,IOS,Y,2024-05-31,2026-08-26,5
CUST002248,DVC-867e6b3e18,WEB,N,2025-12-29,2026-07-13,49
CUST002249,DVC-f756e317ca,IOS,Y,2025-04-03,2026-08-26,5
CUST002250,DVC-48670335b5,ANDROID,Y,2025-06-23,2026-08-25,6
CUST002250,DVC-b8fd0c3775,ANDROID,N,2025-08-11,2026-07-30,32
CUST002251,DVC-f34e1d0dd2,WEB,Y,2026-06-17,2026-08-31,0
CUST002252,DVC-ea67800779,IOS,Y,2025-07-11,2026-08-27,4
CUST002252,DVC-866829df96,IOS,N,2026-05-02,2026-08-16,15
CUST002253,DVC-0c21a25c36,ANDROID,Y,2025-10-21,2026-08-27,4
CUST002254,DVC-99850643e5,IOS,Y,2024-07-14,2026-08-26,5
CUST002255,DVC-781e8aec1b,WEB,Y,2026-02-16,2026-08-31,0
CUST002256,DVC-d34123f359,ANDROID,Y,2024-09-08,2026-08-31,0
CUST002257,DVC-0dd522d924,ANDROID,Y,2025-12-17,2026-08-27,4
CUST002257,DVC-c2e9b3d465,IOS,N,2026-01-23,2026-07-07,55
CUST002258,DVC-d32d4085d7,IOS,Y,2026-02-19,2026-08-30,1
CUST002259,DVC-c42f00d9dc,ANDROID,Y,2025-01-31,2026-08-26,5
CUST002260,DVC-66c38f47e1,ANDROID,Y,2025-09-11,2026-08-28,3
CUST002261,DVC-f44c13725d,ANDROID,Y,2025-10-03,2026-08-25,6
CUST002261,DVC-0d765bad31,IOS,N,2025-12-21,2026-07-14,48
CUST002261,DVC-0f756cf512,ANDROID,N,2026-04-02,2026-07-30,32
CUST002262,DVC-fcf0a84e26,ANDROID,Y,2025-09-14,2026-08-31,0
CUST002262,DVC-fcce3993e8,IOS,N,2025-07-09,2026-07-21,41
CUST002263,DVC-6bc33610c0,ANDROID,Y,2025-08-14,2026-08-31,0
CUST002263,DVC-94545972ac,WEB,N,2025-11-03,2026-07-10,52
CUST002264,DVC-6571a05e20,IOS,Y,2026-03-28,2026-08-29,2
CUST002265,DVC-368fd01174,ANDROID,Y,2025-09-06,2026-08-26,5
CUST002265,DVC-50ed4d3db6,ANDROID,N,2025-09-20,2026-08-29,2
CUST002265,DVC-2879f0afcf,ANDROID,N,2025-11-13,2026-08-03,28
CUST002266,DVC-f573f26166,ANDROID,Y,2025-02-10,2026-08-31,0
CUST002267,DVC-240aed9725,ANDROID,Y,2024-04-16,2026-08-27,4
CUST002268,DVC-fbab0f8328,ANDROID,Y,2024-07-18,2026-08-30,1
CUST002269,DVC-809bcd64b0,ANDROID,Y,2025-01-06,2026-08-25,6
CUST002270,DVC-7a9ce47eda,IOS,Y,2026-05-30,2026-08-25,6
CUST002271,DVC-53494989b7,ANDROID,Y,2026-01-07,2026-08-31,0
CUST002272,DVC-4e2644b419,ANDROID,Y,2024-10-16,2026-08-29,2
CUST002273,DVC-6e55d95f59,IOS,Y,2024-05-12,2026-08-30,1
CUST002274,DVC-97bcbb35e5,ANDROID,Y,2026-07-23,2026-08-26,5
CUST002274,DVC-908a68713c,ANDROID,N,2026-05-06,2026-08-14,17
CUST002274,DVC-91469214ac,ANDROID,N,2026-01-08,2026-08-05,26
CUST002275,DVC-a973bc8c8d,IOS,Y,2024-03-27,2026-08-30,1
CUST002275,DVC-6b4537fb9a,ANDROID,N,2024-05-28,2026-06-19,73
CUST002275,DVC-9a70fbf2d4,ANDROID,N,2025-09-24,2026-07-04,58
CUST002276,DVC-a7738826ea,ANDROID,Y,2026-07-18,2026-08-25,6
CUST002277,DVC-a381cfb7e8,ANDROID,Y,2025-12-23,2026-08-30,1
CUST002277,DVC-99a56aaa3f,ANDROID,N,2024-02-20,2026-08-05,26
CUST002278,DVC-b496574b02,ANDROID,Y,2025-06-21,2026-08-27,4
CUST002279,DVC-9481d05244,ANDROID,Y,2025-03-08,2026-08-29,2
CUST002280,DVC-d09f38fb1e,IOS,Y,2025-03-03,2026-08-31,0
CUST002281,DVC-4b80cc5147,IOS,Y,2026-05-09,2026-08-25,6
CUST002281,DVC-ba631a23f9,IOS,N,2025-01-14,2026-08-27,4
CUST002282,DVC-11534ddcaa,ANDROID,Y,2026-04-08,2026-08-26,5
CUST002282,DVC-6c4ffc5da0,ANDROID,N,2026-01-19,2026-08-18,13
CUST002283,DVC-bb251fe73d,IOS,Y,2025-10-15,2026-08-28,3
CUST002283,DVC-16c564e367,ANDROID,N,2025-12-02,2026-07-28,34
CUST002284,DVC-729cd221f8,WEB,Y,2024-09-19,2026-08-26,5
CUST002284,DVC-ccbfdb98ec,ANDROID,N,2025-09-03,2026-08-14,17
CUST002285,DVC-c77d7f8993,ANDROID,Y,2025-11-21,2026-08-28,3
CUST002285,DVC-394f768c79,ANDROID,N,2024-08-27,2026-07-14,48
CUST002286,DVC-fca78b30b7,WEB,Y,2025-10-29,2026-08-30,1
CUST002287,DVC-badc6c4720,IOS,Y,2025-08-10,2026-08-29,2
CUST002287,DVC-730d942940,ANDROID,N,2025-08-27,2026-07-18,44
CUST002288,DVC-a045c89278,ANDROID,Y,2026-07-17,2026-08-30,1
CUST002289,DVC-6f9e227441,WEB,Y,2026-06-25,2026-08-29,2
CUST002290,DVC-a9e89c873d,IOS,Y,2025-05-25,2026-08-30,1
CUST002290,DVC-b27dbd00bc,ANDROID,N,2024-12-16,2026-06-23,69
CUST002291,DVC-571af1fdd6,ANDROID,Y,2026-05-22,2026-08-26,5
CUST002292,DVC-423bc5cc04,IOS,Y,2026-01-17,2026-08-29,2
CUST002292,DVC-6fb605b26f,ANDROID,N,2025-07-30,2026-01-13,230
CUST002293,DVC-5a877e4ca7,ANDROID,Y,2024-03-15,2026-08-26,5
CUST002294,DVC-2312a9ad62,IOS,Y,2026-05-04,2026-08-28,3
CUST002295,DVC-27d0094f99,IOS,Y,2024-07-27,2026-08-28,3
CUST002296,DVC-3425110586,IOS,Y,2026-05-11,2026-08-30,1
CUST002296,DVC-ce50659775,ANDROID,N,2024-05-02,2026-07-01,61
CUST002297,DVC-673d302c1f,ANDROID,Y,2026-05-14,2026-08-30,1
CUST002297,DVC-0a1790b70f,IOS,N,2026-03-10,2026-08-17,14
CUST002298,DVC-52c4aaa4de,IOS,Y,2026-05-03,2026-08-30,1
CUST002298,DVC-0ecf0bafe2,IOS,N,2026-04-28,2026-07-30,32
CUST002298,DVC-62388edd5c,ANDROID,N,2026-04-28,2026-06-27,65
CUST002299,DVC-577c2b95de,WEB,Y,2025-04-19,2026-08-25,6
CUST002299,DVC-4cd30da593,ANDROID,N,2024-07-16,2026-06-14,78
CUST002299,DVC-04dfc72e8a,IOS,N,2025-07-19,2026-07-24,38
CUST002300,DVC-f5653507b8,ANDROID,Y,2026-03-01,2026-08-26,5
CUST002300,DVC-aeeb784524,ANDROID,N,2025-10-16,2026-06-26,66
CUST002300,DVC-eef0083d20,ANDROID,N,2025-08-11,2026-07-11,51
CUST002301,DVC-ed81fece0d,ANDROID,Y,2025-02-15,2026-08-26,5
CUST002302,DVC-ed0aba89dc,ANDROID,Y,2026-06-03,2026-08-25,6
CUST002302,DVC-cfd73fb6f1,ANDROID,N,2025-06-12,2026-07-20,42
CUST002303,DVC-9304eb177e,ANDROID,Y,2025-07-08,2026-08-26,5
CUST002304,DVC-90a6241ad1,ANDROID,Y,2026-04-07,2026-08-28,3
CUST002304,DVC-24e79bf29e,ANDROID,N,2024-04-01,2026-06-27,65
CUST002305,DVC-f5248bc6a6,ANDROID,Y,2024-11-19,2026-08-26,5
CUST002306,DVC-fbe8dcd9ca,ANDROID,Y,2025-08-16,2026-08-27,4
CUST002307,DVC-7613cb8373,ANDROID,Y,2025-03-31,2026-08-31,0
CUST002307,DVC-d468e72431,ANDROID,N,2025-09-15,2026-07-01,61
CUST002308,DVC-94398622e5,ANDROID,Y,2025-05-10,2026-08-25,6
CUST002309,DVC-dfc538b796,ANDROID,Y,2024-04-15,2026-08-28,3
CUST002310,DVC-6858b973ea,ANDROID,Y,2026-06-15,2026-08-27,4
CUST002311,DVC-bf3ea9cf4d,ANDROID,Y,2025-03-27,2026-08-30,1
CUST002312,DVC-ba2ecd79c3,ANDROID,Y,2024-12-17,2026-08-30,1
CUST002312,DVC-9fbdd5376b,ANDROID,N,2025-01-21,2026-07-25,37
CUST002313,DVC-107e1eaede,IOS,Y,2025-08-21,2026-08-26,5
CUST002313,DVC-2e6e269504,ANDROID,N,2026-03-16,2026-08-02,29
CUST002314,DVC-0627a46d30,ANDROID,Y,2024-05-18,2026-08-30,1
CUST002314,DVC-0f1eec2538,ANDROID,N,2025-06-15,2026-06-21,71
CUST002314,DVC-a39527a5d5,IOS,N,2025-09-05,2026-05-23,100
CUST002315,DVC-e94d856714,ANDROID,Y,2026-07-29,2026-08-30,1
CUST002316,DVC-9046e539a6,IOS,Y,2024-06-14,2026-08-28,3
CUST002317,DVC-54aebe6042,WEB,Y,2024-10-17,2026-08-26,5
CUST002317,DVC-2375dff1d4,WEB,N,2024-11-28,2026-08-16,15
CUST002317,DVC-bbbab9d37b,ANDROID,N,2026-01-07,2026-08-18,13
CUST002318,DVC-2ac87a7730,ANDROID,Y,2024-10-22,2026-08-26,5
CUST002318,DVC-3b585bbf7d,ANDROID,N,2024-10-11,2026-08-19,12
CUST002319,DVC-272841aa27,ANDROID,Y,2025-07-30,2026-08-28,3
CUST002320,DVC-242b30a72f,ANDROID,Y,2025-12-13,2026-08-25,6
CUST002321,DVC-a62814f035,ANDROID,Y,2024-04-26,2026-08-30,1
CUST002321,DVC-181631b236,IOS,N,2024-03-01,2026-06-17,75
CUST002322,DVC-41461135f6,ANDROID,Y,2026-04-01,2026-08-26,5
CUST002323,DVC-275b7e82a4,IOS,Y,2024-07-25,2026-08-26,5
CUST002323,DVC-c8b38402b7,ANDROID,N,2024-11-29,2026-06-29,63
CUST002323,DVC-8daadfa091,IOS,N,2024-04-10,2026-08-09,22
CUST002324,DVC-de21e4d113,ANDROID,Y,2025-10-28,2026-08-26,5
CUST002325,DVC-090d1efb1e,ANDROID,Y,2026-03-05,2026-08-26,5
CUST002325,DVC-426fc27bb6,ANDROID,N,2023-10-16,2026-03-17,167
CUST002325,DVC-9682255d62,ANDROID,N,2024-01-19,2026-06-30,62
CUST002326,DVC-003efb2672,ANDROID,Y,2024-03-30,2026-08-26,5
CUST002327,DVC-ef7def661e,ANDROID,Y,2024-03-25,2026-08-25,6
CUST002327,DVC-74164c4eb0,ANDROID,N,2026-01-21,2026-06-24,68
CUST002328,DVC-e39722f5e4,WEB,Y,2026-06-24,2026-08-27,4
CUST002328,DVC-f23c6a916a,ANDROID,N,2026-01-10,2026-08-21,10
CUST002329,DVC-1d590bef83,ANDROID,Y,2026-03-30,2026-08-29,2
CUST002330,DVC-63493f5eeb,ANDROID,Y,2025-05-18,2026-08-28,3
CUST002330,DVC-5841e40edf,ANDROID,N,2025-12-26,2026-08-03,28
CUST002331,DVC-43e147e153,ANDROID,Y,2026-05-13,2026-08-31,0
CUST002331,DVC-af7ee8a07b,ANDROID,N,2024-07-21,2025-09-25,340
CUST002331,DVC-be4d8b4fcd,IOS,N,2024-09-30,2026-08-26,5
CUST002332,DVC-cbfd16c96c,ANDROID,Y,2026-07-09,2026-08-27,4
CUST002333,DVC-72b9037d79,WEB,Y,2025-11-12,2026-08-27,4
CUST002334,DVC-78140cf05f,IOS,Y,2026-04-09,2026-08-25,6
CUST002334,DVC-c67a3a320d,ANDROID,N,2025-01-29,2026-08-11,20
CUST002335,DVC-7dfb69b13e,ANDROID,Y,2026-05-05,2026-08-30,1
CUST002336,DVC-607dd357a6,ANDROID,Y,2026-03-20,2026-08-27,4
CUST002337,DVC-d2c7120cec,ANDROID,Y,2025-09-26,2026-08-27,4
CUST002337,DVC-8da9858a18,ANDROID,N,2026-01-20,2026-08-28,3
CUST002338,DVC-e20fd8d6ae,IOS,Y,2024-11-10,2026-08-27,4
CUST002339,DVC-d3cfb3420a,ANDROID,Y,2026-03-08,2026-08-31,0
CUST002339,DVC-a5cf8d0c09,ANDROID,N,2026-03-28,2026-06-21,71
CUST002340,DVC-c1020bf0bf,ANDROID,Y,2026-02-27,2026-08-31,0
CUST002341,DVC-8966aa5e68,ANDROID,Y,2025-07-26,2026-08-26,5
CUST002341,DVC-2b8cf8c22d,IOS,N,2026-02-04,2026-08-24,7
CUST002342,DVC-0c6db34f7f,ANDROID,Y,2024-11-01,2026-08-26,5
CUST002343,DVC-58438a0969,WEB,Y,2026-04-15,2026-08-30,1
CUST002344,DVC-43db9f2844,ANDROID,Y,2024-03-23,2026-08-27,4
CUST002344,DVC-d1cf69c7a0,ANDROID,N,2025-06-12,2026-07-19,43
CUST002345,DVC-88be9cbda1,IOS,Y,2025-04-28,2026-08-26,5
CUST002346,DVC-3ddfd7dddd,ANDROID,Y,2026-02-23,2026-08-31,0
CUST002347,DVC-6f85b6b2a1,ANDROID,Y,2025-06-05,2026-08-26,5
CUST002347,DVC-7c92e85f11,ANDROID,N,2024-12-24,2026-01-10,233
CUST002348,DVC-a379817ba5,ANDROID,Y,2026-07-18,2026-08-26,5
CUST002349,DVC-ee00314639,ANDROID,Y,2025-03-25,2026-08-25,6
CUST002349,DVC-03f04ab3fe,WEB,N,2024-11-05,2026-06-12,80
CUST002350,DVC-3276496fa2,ANDROID,Y,2025-10-21,2026-08-27,4
CUST002350,DVC-839bfe70ee,ANDROID,N,2025-12-24,2026-07-11,51
CUST002351,DVC-c997df4928,ANDROID,Y,2026-01-22,2026-08-30,1
CUST002351,DVC-bcaea71958,ANDROID,N,2024-09-16,2026-08-14,17
CUST002352,DVC-3b37360c10,ANDROID,Y,2026-03-06,2026-08-29,2
CUST002353,DVC-f16ef6f763,WEB,Y,2024-09-06,2026-08-28,3
CUST002353,DVC-0ca3494e87,ANDROID,N,2025-03-29,2026-08-24,7
CUST002353,DVC-6e18bbe0b9,ANDROID,N,2024-04-02,2026-06-23,69
CUST002354,DVC-e4ed895db2,ANDROID,Y,2025-12-16,2026-08-31,0
CUST002355,DVC-ac1cd486fd,ANDROID,Y,2025-03-23,2026-08-29,2
CUST002355,DVC-effecf8e2d,IOS,N,2024-08-08,2025-10-01,334
CUST002356,DVC-06661315b5,ANDROID,Y,2026-04-30,2026-08-30,1
CUST002356,DVC-3f7c6cae40,IOS,N,2025-08-02,2026-07-20,42
CUST002357,DVC-25d79595d6,ANDROID,Y,2024-07-26,2026-08-30,1
CUST002358,DVC-a5c1f4bb69,ANDROID,Y,2024-07-13,2026-08-28,3
CUST002359,DVC-e55b5005b1,ANDROID,Y,2026-04-27,2026-08-28,3
CUST002360,DVC-2cd6169dd7,ANDROID,Y,2026-05-30,2026-08-25,6
CUST002361,DVC-7787f4cd4a,ANDROID,Y,2025-01-01,2026-08-25,6
CUST002361,DVC-31b2e324af,IOS,N,2024-03-03,2026-08-04,27
CUST002362,DVC-4d2b7b9625,ANDROID,Y,2024-08-20,2026-08-31,0
CUST002362,DVC-5f0bdbdd37,ANDROID,N,2024-10-03,2025-10-20,315
CUST002362,DVC-d54f6f76f2,ANDROID,N,2026-03-06,2026-08-11,20
CUST002363,DVC-2f74bf2f56,ANDROID,Y,2024-12-28,2026-08-26,5
CUST002364,DVC-d5d2bd4042,IOS,Y,2025-05-16,2026-08-28,3
CUST002365,DVC-55e8618aa4,IOS,Y,2026-06-05,2026-08-31,0
CUST002365,DVC-2a3b8f2dfa,ANDROID,N,2026-05-30,2026-06-21,71
CUST002366,DVC-2ec07d7f93,ANDROID,Y,2025-05-25,2026-08-30,1
CUST002367,DVC-08d1754094,ANDROID,Y,2024-07-07,2026-08-31,0
CUST002368,DVC-3af96ec614,IOS,Y,2024-12-15,2026-08-25,6
CUST002369,DVC-57d7441557,ANDROID,Y,2026-05-12,2026-08-28,3
CUST002369,DVC-92bd21880d,ANDROID,N,2026-06-07,2026-08-07,24
CUST002369,DVC-606bd43864,ANDROID,N,2026-03-21,2026-07-22,40
CUST002370,DVC-be575225fa,IOS,Y,2025-09-18,2026-08-28,3
CUST002371,DVC-3d07c1c11a,ANDROID,Y,2024-08-04,2026-08-31,0
CUST002372,DVC-6d1b1c5a06,ANDROID,Y,2025-11-01,2026-08-31,0
CUST002373,DVC-28aa5e88d2,ANDROID,Y,2024-11-19,2026-08-26,5
CUST002373,DVC-ce18b6c792,WEB,N,2025-02-05,2026-06-19,73
CUST002373,DVC-8775fbbf17,ANDROID,N,2024-08-07,2026-07-09,53
CUST002374,DVC-f755506dea,ANDROID,Y,2024-06-26,2026-08-25,6
CUST002375,DVC-adcbe9bfa6,ANDROID,Y,2025-08-07,2026-08-30,1
CUST002376,DVC-be4aea76d7,ANDROID,Y,2024-06-04,2026-08-31,0
CUST002377,DVC-4e9d641a69,IOS,Y,2024-05-12,2026-08-26,5
CUST002377,DVC-2dfead18ef,ANDROID,N,2025-03-09,2026-07-06,56
CUST002378,DVC-4037536dfc,IOS,Y,2024-05-22,2026-08-25,6
CUST002378,DVC-59093c7be2,ANDROID,N,2026-01-21,2026-06-12,80
CUST002378,DVC-ae43455d67,IOS,N,2025-07-07,2026-08-16,15
CUST002379,DVC-29dc774e47,ANDROID,Y,2025-01-30,2026-08-29,2
CUST002380,DVC-94711b2cea,ANDROID,Y,2024-09-16,2026-08-29,2
CUST002381,DVC-8d16b37671,ANDROID,Y,2025-07-12,2026-08-30,1
CUST002382,DVC-fe2102063c,ANDROID,Y,2025-03-01,2026-08-31,0
CUST002383,DVC-f798aeb5d1,IOS,Y,2025-10-28,2026-08-29,2
CUST002384,DVC-9715923ba8,ANDROID,Y,2024-04-03,2026-08-27,4
CUST002385,DVC-6998d5a019,ANDROID,Y,2024-05-28,2026-08-26,5
CUST002385,DVC-2d9a03dd2f,ANDROID,N,2025-08-06,2026-07-22,40
CUST002386,DVC-2615144a33,IOS,Y,2026-06-20,2026-08-29,2
CUST002387,DVC-02e81d9d71,ANDROID,Y,2024-09-20,2026-08-28,3
CUST002387,DVC-2edc2d4114,IOS,N,2025-09-17,2026-06-29,63
CUST002387,DVC-49bc189473,IOS,N,2026-03-08,2026-07-28,34
CUST002388,DVC-821b0ee15d,ANDROID,Y,2025-02-10,2026-08-30,1
CUST002389,DVC-c575e5514a,WEB,Y,2026-05-31,2026-08-26,5
CUST002389,DVC-3f7c274c8e,ANDROID,N,2026-06-24,2026-07-24,38
CUST002390,DVC-569ebbbf41,IOS,Y,2025-12-04,2026-08-29,2
CUST002390,DVC-28459cdcbf,IOS,N,2025-09-01,2026-06-14,78
CUST002391,DVC-9c5dde7f24,WEB,Y,2026-04-30,2026-08-29,2
CUST002391,DVC-47824ec628,IOS,N,2026-04-21,2026-07-16,46
CUST002391,DVC-b9ea14ae82,ANDROID,N,2026-03-22,2026-05-11,112
CUST002392,DVC-2060b78621,ANDROID,Y,2024-09-28,2026-08-31,0
CUST002392,DVC-9d22ebe155,ANDROID,N,2023-09-18,2025-11-20,284
CUST002393,DVC-19c852c306,ANDROID,Y,2026-04-27,2026-08-27,4
CUST002394,DVC-b9759513c4,IOS,Y,2026-06-19,2026-08-31,0
CUST002394,DVC-8939e94074,ANDROID,N,2026-05-13,2026-07-04,58
CUST002395,DVC-1fe150c118,ANDROID,Y,2025-04-04,2026-08-30,1
CUST002395,DVC-fb6f38ae04,IOS,N,2025-09-14,2026-06-28,64
CUST002396,DVC-5956dba8b7,IOS,Y,2024-04-18,2026-08-30,1
CUST002396,DVC-b672d474fd,ANDROID,N,2026-02-13,2026-06-19,73
CUST002396,DVC-3d6d2f0800,ANDROID,N,2024-10-23,2026-07-27,35
CUST002397,DVC-0ef3b73f3c,ANDROID,Y,2024-06-01,2026-08-26,5
CUST002398,DVC-1548d963f1,ANDROID,Y,2025-01-07,2026-08-30,1
CUST002399,DVC-f63c1e9ebc,ANDROID,Y,2025-12-28,2026-08-29,2
CUST002399,DVC-2ef57e32d0,WEB,N,2026-02-13,2026-07-28,34
CUST002400,DVC-bfa0cdc023,IOS,Y,2026-06-10,2026-08-26,5
CUST002401,DVC-057c33ca79,ANDROID,Y,2026-06-12,2026-08-28,3
CUST002401,DVC-e39c100f80,ANDROID,N,2026-05-19,2026-08-23,8
CUST002402,DVC-5a27d84e0c,IOS,Y,2025-01-14,2026-08-31,0
CUST002403,DVC-8b4675db72,ANDROID,Y,2026-06-28,2026-08-30,1
CUST002403,DVC-bcdb0d1d56,IOS,N,2025-03-07,2026-07-02,60
CUST002404,DVC-4330ae6ed4,IOS,Y,2026-04-12,2026-08-25,6
CUST002405,DVC-3c4ed9bb27,IOS,Y,2024-03-15,2026-08-31,0
CUST002406,DVC-351eccb39e,IOS,Y,2026-02-15,2026-08-25,6
CUST002406,DVC-b3489c6648,ANDROID,N,2024-08-28,2026-06-17,75
CUST002407,DVC-8450261aba,ANDROID,Y,2024-11-24,2026-08-29,2
CUST002407,DVC-21d4c3f6e7,ANDROID,N,2025-11-05,2026-08-17,14
CUST002408,DVC-864198af85,ANDROID,Y,2024-06-24,2026-08-27,4
CUST002409,DVC-61f09f16cd,ANDROID,Y,2026-05-20,2026-08-29,2
CUST002410,DVC-9157b50ea3,ANDROID,Y,2026-07-19,2026-08-29,2
CUST002411,DVC-9915ea87d5,ANDROID,Y,2025-03-21,2026-08-28,3
CUST002411,DVC-cb4fea894d,ANDROID,N,2025-01-25,2026-08-18,13
CUST002412,DVC-23e69433d5,ANDROID,Y,2026-02-13,2026-08-28,3
CUST002412,DVC-be47de2b04,ANDROID,N,2026-01-14,2026-08-29,2
CUST002413,DVC-0a0f0017d4,IOS,Y,2026-02-27,2026-08-28,3
CUST002413,DVC-febe1a26f4,ANDROID,N,2025-04-13,2026-06-12,80
CUST002414,DVC-bf953a4b9e,ANDROID,Y,2025-12-10,2026-08-26,5
CUST002414,DVC-0ef5d88bef,ANDROID,N,2025-05-28,2026-06-25,67
CUST002415,DVC-3f4b205593,ANDROID,Y,2025-06-03,2026-08-28,3
CUST002416,DVC-172b7079f1,ANDROID,Y,2026-03-29,2026-08-28,3
CUST002417,DVC-5d6e5d29b7,IOS,Y,2024-09-26,2026-08-27,4
CUST002418,DVC-9d37dc064b,IOS,Y,2025-10-08,2026-08-29,2
CUST002419,DVC-dc9dd3411d,ANDROID,Y,2025-01-06,2026-08-31,0
CUST002420,DVC-8ae89e5821,ANDROID,Y,2026-06-24,2026-08-26,5
CUST002420,DVC-f3527cce49,ANDROID,N,2023-09-13,2026-01-21,222
CUST002421,DVC-182fd312fe,IOS,Y,2025-09-05,2026-08-28,3
CUST002422,DVC-ccad11f60c,ANDROID,Y,2025-11-23,2026-08-31,0
CUST002422,DVC-17f7f3f0b7,ANDROID,N,2025-11-19,2026-07-13,49
CUST002422,DVC-3aaffc53b6,ANDROID,N,2025-11-20,2026-07-01,61
CUST002423,DVC-df67715af9,ANDROID,Y,2026-07-09,2026-08-25,6
CUST002423,DVC-c771bd721a,ANDROID,N,2024-11-01,2026-08-30,1
CUST002424,DVC-dd1cd2e03e,ANDROID,Y,2025-12-04,2026-08-28,3
CUST002424,DVC-11471bfa0e,ANDROID,N,2026-02-20,2026-06-25,67
CUST002424,DVC-83c002c8b2,IOS,N,2025-09-06,2025-12-23,251
CUST002425,DVC-d69fdab6d1,IOS,Y,2026-02-24,2026-08-31,0
CUST002425,DVC-7c44fb0827,ANDROID,N,2026-02-17,2026-08-29,2
CUST002426,DVC-8c26fc68d7,ANDROID,Y,2024-08-24,2026-08-27,4
CUST002426,DVC-144d38a50d,ANDROID,N,2025-06-12,2026-08-19,12
CUST002427,DVC-5f52059a24,ANDROID,Y,2025-02-23,2026-08-26,5
CUST002427,DVC-55b372eece,ANDROID,N,2024-08-06,2026-08-29,2
CUST002427,DVC-d7362a1fc5,ANDROID,N,2025-10-02,2026-08-18,13
CUST002428,DVC-27cda87840,IOS,Y,2026-02-02,2026-08-29,2
CUST002429,DVC-8c80387bde,ANDROID,Y,2026-05-03,2026-08-31,0
CUST002429,DVC-dfdc6c82c2,IOS,N,2026-04-17,2025-12-04,270
CUST002430,DVC-c13a10d85f,IOS,Y,2025-09-14,2026-08-27,4
CUST002431,DVC-573f3b0af9,ANDROID,Y,2025-11-30,2026-08-28,3
CUST002432,DVC-9574ae9763,ANDROID,Y,2024-05-13,2026-08-28,3
CUST002432,DVC-e0d424687d,ANDROID,N,2026-02-16,2026-06-21,71
CUST002433,DVC-df43a3f2c6,ANDROID,Y,2025-10-25,2026-08-26,5
CUST002433,DVC-7e98d54231,ANDROID,N,2024-03-19,2026-08-24,7
CUST002434,DVC-4aa01fefb9,ANDROID,Y,2025-04-24,2026-08-31,0
CUST002435,DVC-2296e20d27,ANDROID,Y,2024-11-17,2026-08-25,6
CUST002436,DVC-be7e95cffd,ANDROID,Y,2026-07-18,2026-08-31,0
CUST002436,DVC-d11404f818,IOS,N,2026-05-26,2026-06-25,67
CUST002437,DVC-647258a376,ANDROID,Y,2025-12-15,2026-08-28,3
CUST002438,DVC-e1ecaa8091,ANDROID,Y,2024-07-01,2026-08-27,4
CUST002438,DVC-3174875dfc,ANDROID,N,2025-12-16,2026-01-25,218
CUST002439,DVC-f8ebabf624,ANDROID,Y,2025-09-16,2026-08-29,2
CUST002440,DVC-f01cb031fc,ANDROID,Y,2026-02-05,2026-08-25,6
CUST002441,DVC-cb4ff4c9ab,ANDROID,Y,2026-02-13,2026-08-30,1
CUST002441,DVC-945cf8cfca,ANDROID,N,2026-01-20,2026-07-06,56
CUST002442,DVC-ce0b121401,ANDROID,Y,2025-12-14,2026-08-26,5
CUST002442,DVC-5e598634d0,ANDROID,N,2026-02-07,2026-06-12,80
CUST002443,DVC-468e95bc65,IOS,Y,2026-02-05,2026-08-30,1
CUST002443,DVC-d903605aeb,IOS,N,2025-07-09,2026-08-09,22
CUST002444,DVC-22b80dd63f,ANDROID,Y,2026-07-14,2026-08-26,5
CUST002445,DVC-e12f4dd009,IOS,Y,2026-01-26,2026-08-29,2
CUST002445,DVC-a16b074c94,ANDROID,N,2024-12-11,2026-08-17,14
CUST002446,DVC-385c3a16d7,ANDROID,Y,2025-11-09,2026-08-25,6
CUST002446,DVC-a93ca17ab4,ANDROID,N,2024-03-13,2026-07-05,57
CUST002446,DVC-a923d0982f,ANDROID,N,2024-05-07,2026-07-08,54
CUST002447,DVC-79b6855298,ANDROID,Y,2026-07-20,2026-08-29,2
CUST002447,DVC-61e1fc976a,ANDROID,N,2024-02-08,2026-06-15,77
CUST002447,DVC-a6894346e8,ANDROID,N,2024-03-22,2026-06-21,71
CUST002448,DVC-a3edf66577,ANDROID,Y,2024-12-04,2026-08-28,3
CUST002448,DVC-534d779569,ANDROID,N,2024-02-23,2026-06-27,65
CUST002449,DVC-26d51114fb,ANDROID,Y,2026-05-21,2026-08-31,0
CUST002450,DVC-67d94b1d6a,IOS,Y,2026-06-08,2026-08-30,1
CUST002451,DVC-6424f38b14,ANDROID,Y,2026-03-28,2026-08-26,5
CUST002452,DVC-ea7af010dd,ANDROID,Y,2024-06-01,2026-08-29,2
CUST002452,DVC-e287a741d2,ANDROID,N,2026-01-21,2026-07-12,50
CUST002453,DVC-f24d2db4e9,ANDROID,Y,2025-11-13,2026-08-30,1
CUST002454,DVC-c9957dada6,ANDROID,Y,2025-02-21,2026-08-25,6
CUST002455,DVC-2f83b6353e,ANDROID,Y,2026-05-01,2026-08-29,2
CUST002455,DVC-e1ef3d2442,WEB,N,2025-05-13,2026-08-10,21
CUST002456,DVC-92106e40c3,IOS,Y,2025-05-24,2026-08-30,1
CUST002457,DVC-b24b99ae91,IOS,Y,2024-03-26,2026-08-30,1
CUST002458,DVC-6507d043b0,ANDROID,Y,2025-07-26,2026-08-29,2
CUST002458,DVC-f800b68c8b,IOS,N,2023-05-28,2025-08-28,368
CUST002458,DVC-e78fd950ab,ANDROID,N,2025-08-09,2026-06-18,74
CUST002459,DVC-fbd4792a9b,ANDROID,Y,2026-01-17,2026-08-30,1
CUST002460,DVC-b8f0f03928,ANDROID,Y,2024-10-28,2026-08-27,4
CUST002461,DVC-1442118888,IOS,Y,2024-10-04,2026-08-25,6
CUST002461,DVC-6b416db7c3,ANDROID,N,2024-11-08,2026-08-08,23
CUST002461,DVC-ab5763fe01,ANDROID,N,2024-09-11,2026-08-07,24
CUST002462,DVC-3e8bc71f6e,ANDROID,Y,2025-12-18,2026-08-28,3
CUST002463,DVC-77307cf254,ANDROID,Y,2024-03-28,2026-08-28,3
CUST002463,DVC-7c25e7f770,ANDROID,N,2024-03-25,2025-08-05,391
CUST002464,DVC-aae765dc3f,IOS,Y,2025-06-19,2026-08-25,6
CUST002464,DVC-22a5732a29,ANDROID,N,2024-11-21,2026-06-25,67
CUST002465,DVC-5541d7ebd5,ANDROID,Y,2024-11-27,2026-08-28,3
CUST002465,DVC-ce3d3cac3d,ANDROID,N,2024-10-01,2026-07-11,51
CUST002466,DVC-94c69070e3,ANDROID,Y,2025-02-04,2026-08-28,3
CUST002466,DVC-789ea743f9,ANDROID,N,2024-07-17,2026-07-20,42
CUST002466,DVC-217ac2cd30,ANDROID,N,2025-10-25,2026-07-12,50
CUST002467,DVC-28ff08900c,ANDROID,Y,2025-01-14,2026-08-30,1
CUST002467,DVC-c3c218bc53,ANDROID,N,2025-02-25,2025-10-11,324
CUST002468,DVC-b63488f981,ANDROID,Y,2025-08-29,2026-08-28,3
CUST002468,DVC-5b3f2fe541,IOS,N,2025-07-04,2026-08-09,22
CUST002468,DVC-77e3ec6b36,ANDROID,N,2024-08-31,2026-06-21,71
CUST002469,DVC-48bf0dea9c,WEB,Y,2026-05-19,2026-08-29,2
CUST002470,DVC-43ab9d45a1,ANDROID,Y,2025-11-11,2026-08-27,4
CUST002470,DVC-a7fb072b37,ANDROID,N,2026-03-02,2026-08-23,8
CUST002471,DVC-14e3bd2cc4,ANDROID,Y,2025-06-19,2026-08-26,5
CUST002471,DVC-bf6b81d648,IOS,N,2024-11-26,2026-08-05,26
CUST002472,DVC-8491c8a1f9,WEB,Y,2025-11-28,2026-08-26,5
CUST002473,DVC-d4ab232f1c,ANDROID,Y,2025-10-28,2026-08-31,0
CUST002473,DVC-1788ec475f,IOS,N,2024-06-23,2026-06-12,80
CUST002474,DVC-cbf520e205,IOS,Y,2026-05-08,2026-08-25,6
CUST002474,DVC-d2bb1d08fd,IOS,N,2025-12-24,2026-07-17,45
CUST002474,DVC-0a09ed0c8e,WEB,N,2025-11-30,2026-06-14,78
CUST002475,DVC-0923312729,ANDROID,Y,2025-04-05,2026-08-26,5
CUST002475,DVC-986ebe576b,ANDROID,N,2025-11-20,2026-08-21,10
CUST002475,DVC-370e9891f5,ANDROID,N,2024-07-04,2026-07-02,60
CUST002476,DVC-02a98c3e20,ANDROID,Y,2025-10-07,2026-08-26,5
CUST002476,DVC-6efb7a22b5,ANDROID,N,2025-01-27,2026-08-14,17
CUST002477,DVC-e82a26eda9,ANDROID,Y,2026-07-11,2026-08-31,0
CUST002477,DVC-0d00e8e472,IOS,N,2023-04-30,2025-09-19,346
CUST002478,DVC-a6dae23aab,ANDROID,Y,2024-09-23,2026-08-26,5
CUST002479,DVC-f6c22a1429,WEB,Y,2026-04-15,2026-08-26,5
CUST002480,DVC-b72c6ab3e6,ANDROID,Y,2024-11-30,2026-08-31,0
CUST002481,DVC-0bac466f1e,ANDROID,Y,2026-02-06,2026-08-28,3
CUST002482,DVC-5bffb5de82,ANDROID,Y,2026-06-19,2026-08-30,1
CUST002483,DVC-bd032327bc,ANDROID,Y,2026-03-18,2026-08-31,0
CUST002483,DVC-d06d97c8e7,ANDROID,N,2026-03-07,2026-07-29,33
CUST002484,DVC-bdaa24f2ed,IOS,Y,2025-09-11,2026-08-29,2
CUST002485,DVC-d363007c99,ANDROID,Y,2025-11-19,2026-08-25,6
CUST002486,DVC-177237f553,ANDROID,Y,2026-03-09,2026-08-31,0
CUST002487,DVC-205ec65a52,ANDROID,Y,2024-10-29,2026-08-26,5
CUST002488,DVC-fa449e2a5c,IOS,Y,2026-01-10,2026-08-25,6
CUST002489,DVC-1e4969447c,ANDROID,Y,2024-11-02,2026-08-30,1
CUST002489,DVC-1f26ba0abc,ANDROID,N,2024-05-03,2026-07-27,35
CUST002490,DVC-892b4f3769,ANDROID,Y,2024-05-04,2026-08-25,6
CUST002490,DVC-85cd5485d6,ANDROID,N,2025-09-01,2026-07-03,59
CUST002491,DVC-13acc06911,ANDROID,Y,2025-11-28,2026-08-29,2
CUST002491,DVC-afa3ecf4a3,IOS,N,2025-12-08,2026-07-03,59
CUST002492,DVC-f30437339f,ANDROID,Y,2025-09-16,2026-08-25,6
CUST002492,DVC-557c3870bc,ANDROID,N,2025-06-10,2026-07-08,54
CUST002493,DVC-4c92f1c722,ANDROID,Y,2026-03-03,2026-08-25,6
CUST002494,DVC-19d5ed0091,ANDROID,Y,2026-07-08,2026-08-27,4
CUST002495,DVC-23dcee2caa,IOS,Y,2026-06-28,2026-08-30,1
CUST002495,DVC-45fc2c597b,ANDROID,N,2026-06-16,2026-07-28,34
CUST002496,DVC-db4ab3d778,ANDROID,Y,2026-03-08,2026-08-25,6
CUST002496,DVC-a92c176204,ANDROID,N,2025-10-14,2026-07-14,48
CUST002497,DVC-7a7f3a3f54,WEB,Y,2025-09-26,2026-08-30,1
CUST002498,DVC-246acd986a,ANDROID,Y,2026-07-12,2026-08-29,2
CUST002499,DVC-9d8654e9a2,ANDROID,Y,2024-10-30,2026-08-25,6
CUST002499,DVC-a849135827,ANDROID,N,2024-12-27,2026-07-13,49
CUST002500,DVC-72cb52e197,IOS,Y,2025-05-14,2026-08-25,6
CUST002501,DVC-592da9906e,ANDROID,Y,2024-05-31,2026-08-25,6
CUST002501,DVC-36722268c5,IOS,N,2024-07-08,2026-07-28,34
CUST002502,DVC-371279099d,IOS,Y,2025-12-10,2026-08-28,3
CUST002503,DVC-76226712ad,IOS,Y,2024-09-28,2026-08-25,6
CUST002504,DVC-9841281330,IOS,Y,2025-10-07,2026-08-31,0
CUST002505,DVC-f080ae1525,WEB,Y,2025-02-22,2026-08-27,4
CUST002505,DVC-5117a7cefc,IOS,N,2024-12-08,2026-04-05,148
CUST002506,DVC-7ca8ca56e0,IOS,Y,2026-06-23,2026-08-25,6
CUST002507,DVC-89b7514035,IOS,Y,2025-06-21,2026-08-30,1
CUST002507,DVC-1d27eb8a0c,ANDROID,N,2025-12-09,2026-06-21,71
CUST002508,DVC-2bf0b7ce0a,IOS,Y,2024-05-20,2026-08-31,0
CUST002508,DVC-a280e0576a,ANDROID,N,2025-08-29,2026-08-11,20
CUST002509,DVC-6bc2ea5d20,ANDROID,Y,2026-06-23,2026-08-29,2
CUST002509,DVC-5c645d881f,ANDROID,N,2025-02-18,2026-08-10,21
CUST002510,DVC-76221dedd8,ANDROID,Y,2026-07-18,2026-08-26,5
CUST002511,DVC-489830b811,ANDROID,Y,2025-06-12,2026-08-29,2
CUST002512,DVC-130accf72d,ANDROID,Y,2026-04-19,2026-08-29,2
CUST002512,DVC-bc99ebe57f,ANDROID,N,2026-04-17,2026-07-11,51
CUST002513,DVC-ee65d11a45,ANDROID,Y,2024-11-14,2026-08-26,5
CUST002514,DVC-d8edabf848,ANDROID,Y,2025-01-01,2026-08-26,5
CUST002515,DVC-f222d68ddf,IOS,Y,2025-10-18,2026-08-31,0
CUST002516,DVC-2b12dbff54,ANDROID,Y,2026-02-08,2026-08-27,4
CUST002517,DVC-c0a94ee0a4,ANDROID,Y,2025-10-19,2026-08-27,4
CUST002518,DVC-0ac0c5f6ec,ANDROID,Y,2025-07-26,2026-08-25,6
CUST002519,DVC-54c3dc9ef8,ANDROID,Y,2026-03-23,2026-08-26,5
CUST002519,DVC-f8655a4e16,ANDROID,N,2024-12-23,2026-07-11,51
CUST002520,DVC-db8b3c6028,ANDROID,Y,2026-06-17,2026-08-31,0
CUST002521,DVC-a6eeb4b381,IOS,Y,2025-10-09,2026-08-26,5
CUST002522,DVC-540ce814d7,IOS,Y,2025-11-03,2026-08-29,2
CUST002522,DVC-f93835b3e9,ANDROID,N,2025-02-09,2026-05-14,109
CUST002522,DVC-f15b22fb7d,ANDROID,N,2026-04-16,2026-08-10,21
CUST002523,DVC-cb033423a4,IOS,Y,2026-04-30,2026-08-25,6
CUST002523,DVC-a80b2d9cb9,IOS,N,2026-03-05,2026-06-20,72
CUST002523,DVC-bb4b933465,IOS,N,2026-06-22,2026-08-03,28
CUST002524,DVC-4cf2f734fa,ANDROID,Y,2025-05-12,2026-08-25,6
CUST002524,DVC-7fe9bb06ac,ANDROID,N,2026-03-20,2026-06-18,74
CUST002525,DVC-8b5266554c,WEB,Y,2025-05-08,2026-08-31,0
CUST002525,DVC-1d5bfe779a,ANDROID,N,2025-10-22,2026-07-16,46
CUST002525,DVC-2b8337dd64,ANDROID,N,2025-09-12,2026-08-01,30
CUST002526,DVC-9d26f9621f,ANDROID,Y,2025-08-10,2026-08-30,1
CUST002526,DVC-ddc5a7160b,IOS,N,2025-09-06,2026-07-07,55
CUST002526,DVC-69bf12b32f,ANDROID,N,2024-11-09,2026-06-13,79
CUST002527,DVC-8998ffc881,ANDROID,Y,2024-05-24,2026-08-29,2
CUST002527,DVC-2cfeacbb0a,ANDROID,N,2024-02-09,2025-11-04,300
CUST002527,DVC-83d4099029,ANDROID,N,2025-06-28,2026-08-29,2
CUST002528,DVC-2972ecf699,ANDROID,Y,2026-05-19,2026-08-25,6
CUST002529,DVC-1a62ed02d5,IOS,Y,2026-07-26,2026-08-25,6
CUST002530,DVC-7267138f90,ANDROID,Y,2025-12-03,2026-08-31,0
CUST002530,DVC-624bc2b906,ANDROID,N,2026-05-10,2026-06-19,73
CUST002530,DVC-ea53fcd756,ANDROID,N,2024-06-08,2026-07-04,58
CUST002531,DVC-ab02513674,ANDROID,Y,2026-02-17,2026-08-29,2
CUST002531,DVC-81ed97ff5e,IOS,N,2026-02-14,2026-08-28,3
CUST002531,DVC-a307d51800,ANDROID,N,2026-04-27,2026-07-14,48
CUST002532,DVC-8817c7f264,ANDROID,Y,2025-10-21,2026-08-26,5
CUST002532,DVC-8e20b09b6c,IOS,N,2025-10-06,2026-03-31,153
CUST002532,DVC-b7506b335d,IOS,N,2025-03-13,2025-10-02,333
CUST002533,DVC-67940cfb32,WEB,Y,2025-11-07,2026-08-28,3
CUST002533,DVC-7a979b093a,IOS,N,2025-02-22,2026-07-20,42
CUST002534,DVC-206d074955,ANDROID,Y,2024-07-08,2026-08-30,1
CUST002535,DVC-b255056f4b,IOS,Y,2025-06-16,2026-08-31,0
CUST002536,DVC-011ed54cab,IOS,Y,2025-04-30,2026-08-27,4
CUST002536,DVC-71af2fd046,ANDROID,N,2026-05-02,2026-08-01,30
CUST002537,DVC-262cf38ec8,ANDROID,Y,2026-06-27,2026-08-30,1
CUST002538,DVC-5a293627bf,ANDROID,Y,2025-08-12,2026-08-30,1
CUST002539,DVC-aae268a925,ANDROID,Y,2025-12-28,2026-08-26,5
CUST002540,DVC-d6d69103b6,ANDROID,Y,2026-06-21,2026-08-25,6
CUST002540,DVC-83a395d201,ANDROID,N,2025-07-20,2026-02-19,193
CUST002541,DVC-2cca02d007,ANDROID,Y,2025-01-25,2026-08-27,4
CUST002541,DVC-b97d5cf80e,ANDROID,N,2024-12-06,2026-07-24,38
CUST002542,DVC-6a2463427d,WEB,Y,2025-02-09,2026-08-25,6
CUST002543,DVC-2fe2d5a430,IOS,Y,2025-08-11,2026-08-29,2
CUST002543,DVC-000a84ef19,ANDROID,N,2025-05-16,2026-08-24,7
CUST002544,DVC-6884f195cd,ANDROID,Y,2025-01-20,2026-08-25,6
CUST002545,DVC-6a587b4d10,ANDROID,Y,2026-05-22,2026-08-26,5
CUST002546,DVC-d91b88e2c7,IOS,Y,2024-04-02,2026-08-26,5
CUST002547,DVC-5c5fd622d7,ANDROID,Y,2026-04-04,2026-08-28,3
CUST002548,DVC-d73cf3787b,IOS,Y,2024-10-13,2026-08-31,0
CUST002549,DVC-7e134d4a94,IOS,Y,2025-11-28,2026-08-25,6
CUST002550,DVC-79e1244df0,IOS,Y,2026-03-02,2026-08-28,3
CUST002551,DVC-95abc12f1b,WEB,Y,2024-03-25,2026-08-30,1
CUST002552,DVC-aa209352a2,ANDROID,Y,2025-09-10,2026-08-31,0
CUST002552,DVC-0717195a2b,ANDROID,N,2026-04-03,2026-07-31,31
CUST002552,DVC-c3df3395ed,ANDROID,N,2026-05-14,2026-08-05,26
CUST002553,DVC-52e701e5f2,ANDROID,Y,2026-03-15,2026-08-30,1
CUST002553,DVC-a4dc84e0e4,WEB,N,2026-04-18,2026-07-05,57
CUST002554,DVC-fee2d3ecc8,WEB,Y,2025-05-03,2026-08-30,1
CUST002554,DVC-f34391d984,IOS,N,2024-03-10,2026-08-04,27
CUST002555,DVC-f0e30be6ec,ANDROID,Y,2026-06-24,2026-08-30,1
CUST002556,DVC-961bc3340f,ANDROID,Y,2024-09-12,2026-08-28,3
CUST002556,DVC-be53e20e92,ANDROID,N,2024-08-22,2026-07-26,36
CUST002557,DVC-3fcfefa58e,ANDROID,Y,2025-09-15,2026-08-29,2
CUST002557,DVC-9851be6fe0,ANDROID,N,2026-03-10,2026-07-06,56
CUST002558,DVC-85ebfebf22,WEB,Y,2026-01-10,2026-08-31,0
CUST002559,DVC-b9d1bb712f,IOS,Y,2025-04-23,2026-08-28,3
CUST002560,DVC-e246d5bc99,ANDROID,Y,2024-11-28,2026-08-26,5
CUST002560,DVC-399b00dc62,ANDROID,N,2024-03-13,2026-07-19,43
CUST002560,DVC-2c6cc1add9,ANDROID,N,2025-04-25,2026-07-08,54
CUST002561,DVC-66a46457d9,ANDROID,Y,2025-09-07,2026-08-26,5
CUST002562,DVC-bc74076404,IOS,Y,2025-06-06,2026-08-29,2
CUST002563,DVC-1ff762fdc4,ANDROID,Y,2024-12-12,2026-08-26,5
CUST002563,DVC-bdd7224ea8,ANDROID,N,2025-07-26,2026-08-01,30
CUST002564,DVC-3d9323a2e5,IOS,Y,2025-06-12,2026-08-29,2
CUST002564,DVC-66038199b1,ANDROID,N,2026-04-04,2026-08-14,17
CUST002565,DVC-141037309c,IOS,Y,2024-11-19,2026-08-27,4
CUST002566,DVC-b6cc38d720,ANDROID,Y,2026-04-21,2026-08-26,5
CUST002566,DVC-13d02dcde7,ANDROID,N,2024-04-17,2026-06-13,79
CUST002566,DVC-f451d68ba2,ANDROID,N,2026-04-22,2026-07-27,35
CUST002567,DVC-a94b54ea25,ANDROID,Y,2025-10-10,2026-08-31,0
CUST002568,DVC-9cea6530c4,ANDROID,Y,2026-07-17,2026-08-25,6
CUST002569,DVC-a46ce636aa,IOS,Y,2026-02-26,2026-08-28,3
CUST002569,DVC-8c09f84d24,ANDROID,N,2026-05-29,2026-07-24,38
CUST002570,DVC-0acdb77728,ANDROID,Y,2025-12-25,2026-08-31,0
CUST002570,DVC-74ae82d489,ANDROID,N,2024-11-24,2026-06-21,71
CUST002570,DVC-31d1579708,IOS,N,2025-10-15,2026-07-08,54
CUST002571,DVC-6427d53944,ANDROID,Y,2024-06-06,2026-08-29,2
CUST002572,DVC-50b8dd62ed,WEB,Y,2025-02-23,2026-08-25,6
CUST002572,DVC-86bb71b92c,ANDROID,N,2024-07-27,2026-08-25,6
CUST002573,DVC-b59b76f9ea,WEB,Y,2025-11-06,2026-08-31,0
CUST002574,DVC-ce1d7eabc4,ANDROID,Y,2025-03-29,2026-08-25,6
CUST002575,DVC-ab85304920,ANDROID,Y,2025-03-11,2026-08-29,2
CUST002576,DVC-d645edd50e,ANDROID,Y,2025-01-26,2026-08-28,3
CUST002577,DVC-a74e71c2d7,ANDROID,Y,2025-08-11,2026-08-25,6
CUST002577,DVC-ee221637f1,ANDROID,N,2026-03-05,2026-06-27,65
CUST002578,DVC-f19c257219,ANDROID,Y,2026-07-16,2026-08-28,3
CUST002578,DVC-b22648915c,ANDROID,N,2025-09-19,2026-07-10,52
CUST002579,DVC-d3772b5727,ANDROID,Y,2026-07-19,2026-08-29,2
CUST002580,DVC-316b2e5204,IOS,Y,2026-04-11,2026-08-25,6
CUST002580,DVC-8b5972491d,ANDROID,N,2024-02-20,2026-06-26,66
CUST002580,DVC-7b2a9476a6,ANDROID,N,2026-01-30,2026-07-07,55
CUST002581,DVC-1fdc42f8dc,ANDROID,Y,2024-05-09,2026-08-30,1
CUST002581,DVC-06e24f93f8,ANDROID,N,2024-11-11,2026-06-29,63
CUST002582,DVC-ae75a55724,ANDROID,Y,2024-05-24,2026-08-27,4
CUST002583,DVC-1bd01b9b6d,ANDROID,Y,2025-08-05,2026-08-31,0
CUST002584,DVC-010278fecb,ANDROID,Y,2026-07-29,2026-08-28,3
CUST002585,DVC-7840acdbfc,IOS,Y,2025-08-20,2026-08-26,5
CUST002585,DVC-fb702f7a1b,IOS,N,2025-08-19,2026-08-03,28
CUST002586,DVC-dc10c811a7,ANDROID,Y,2026-01-22,2026-08-28,3
CUST002587,DVC-f4ecf5ea76,ANDROID,Y,2025-02-01,2026-08-26,5
CUST002587,DVC-346b81cb70,IOS,N,2024-09-28,2026-07-07,55
CUST002588,DVC-f8e0b058ed,IOS,Y,2026-01-19,2026-08-29,2
CUST002588,DVC-a1a4066dc5,ANDROID,N,2025-03-24,2026-08-14,17
CUST002589,DVC-3f00c0c401,IOS,Y,2025-12-10,2026-08-31,0
CUST002590,DVC-83a2d1cbe0,IOS,Y,2025-09-29,2026-08-27,4
CUST002591,DVC-9849749c08,ANDROID,Y,2026-06-23,2026-08-26,5
CUST002592,DVC-80c16f7e9f,ANDROID,Y,2026-06-09,2026-08-29,2
CUST002592,DVC-06428760c6,ANDROID,N,2025-04-04,2026-06-21,71
CUST002593,DVC-76e3a343f8,IOS,Y,2024-04-16,2026-08-25,6
CUST002594,DVC-97703aab07,WEB,Y,2026-04-16,2026-08-27,4
CUST002595,DVC-b242503e6e,IOS,Y,2025-07-25,2026-08-26,5
CUST002596,DVC-81922f6e3f,ANDROID,Y,2025-12-13,2026-08-30,1
CUST002597,DVC-61c80c343e,IOS,Y,2024-03-19,2026-08-31,0
CUST002598,DVC-74b7e7368e,ANDROID,Y,2026-04-04,2026-08-25,6
CUST002598,DVC-16f255b662,ANDROID,N,2026-01-18,2026-08-29,2
CUST002599,DVC-7ff2ff6189,ANDROID,Y,2024-06-11,2026-08-27,4
CUST002599,DVC-00fc7b41cf,ANDROID,N,2025-08-12,2026-08-02,29
CUST002600,DVC-9c2feb27c3,ANDROID,Y,2025-04-05,2026-08-30,1
CUST002601,DVC-3cc19cf3ac,IOS,Y,2026-05-11,2026-08-28,3
CUST002601,DVC-0017c38b24,IOS,N,2025-07-11,2026-07-10,52
CUST002602,DVC-d911a15b73,ANDROID,Y,2026-07-10,2026-08-28,3
CUST002602,DVC-8f79aeb650,ANDROID,N,2026-02-16,2026-06-26,66
CUST002603,DVC-f3039a10f9,ANDROID,Y,2024-08-17,2026-08-29,2
CUST002604,DVC-184c5b9e99,IOS,Y,2024-04-08,2026-08-30,1
CUST002604,DVC-7469ba7b08,WEB,N,2025-01-16,2026-06-19,73
CUST002604,DVC-f42c6f039d,IOS,N,2024-03-22,2026-08-29,2
CUST002605,DVC-9708148444,IOS,Y,2025-11-25,2026-08-27,4
CUST002605,DVC-4dfc848301,ANDROID,N,2024-12-04,2026-06-28,64
CUST002606,DVC-d2d582a407,ANDROID,Y,2026-03-12,2026-08-31,0
CUST002607,DVC-60d4148897,ANDROID,Y,2025-07-23,2026-08-26,5
CUST002607,DVC-af0a67c87e,IOS,N,2025-05-13,2026-06-21,71
CUST002608,DVC-532c1ebac0,ANDROID,Y,2025-02-09,2026-08-25,6
CUST002609,DVC-0730e2404a,IOS,Y,2025-05-04,2026-08-28,3
CUST002610,DVC-5ba7689fa8,IOS,Y,2025-07-11,2026-08-31,0
CUST002611,DVC-796e201995,IOS,Y,2025-07-30,2026-08-25,6
CUST002611,DVC-bb4648ec47,WEB,N,2026-06-22,2026-08-18,13
CUST002612,DVC-7cd9aa85f0,IOS,Y,2026-01-27,2026-08-30,1
CUST002613,DVC-883704e163,ANDROID,Y,2026-05-24,2026-08-31,0
CUST002614,DVC-e924b5c14d,ANDROID,Y,2024-08-16,2026-08-29,2
CUST002614,DVC-c68e049f15,WEB,N,2026-01-14,2026-08-02,29
CUST002614,DVC-4839e25722,IOS,N,2024-02-13,2026-07-28,34
CUST002615,DVC-54dcbe8cd8,IOS,Y,2026-06-05,2026-08-25,6
CUST002616,DVC-95f397070f,ANDROID,Y,2026-02-02,2026-08-29,2
CUST002617,DVC-e0b9422b7a,IOS,Y,2026-02-15,2026-08-30,1
CUST002617,DVC-751b0c59e3,IOS,N,2025-12-10,2026-07-07,55
CUST002618,DVC-37486b0186,ANDROID,Y,2025-03-25,2026-08-30,1
CUST002618,DVC-1dd4e80ef5,IOS,N,2024-03-09,2026-06-29,63
CUST002619,DVC-aaf8aac617,ANDROID,Y,2025-02-06,2026-08-27,4
CUST002619,DVC-c91aff828d,ANDROID,N,2024-05-28,2026-07-07,55
CUST002620,DVC-9efcaaf1bc,ANDROID,Y,2024-10-24,2026-08-25,6
CUST002621,DVC-d97b5df07c,ANDROID,Y,2026-04-23,2026-08-26,5
CUST002621,DVC-2933933057,ANDROID,N,2025-04-15,2026-08-17,14
CUST002621,DVC-373d784897,ANDROID,N,2024-05-02,2026-07-11,51
CUST002622,DVC-f8adf8013c,ANDROID,Y,2025-10-24,2026-08-30,1
CUST002623,DVC-130ce1d335,ANDROID,Y,2024-04-17,2026-08-28,3
CUST002623,DVC-2868f16b27,ANDROID,N,2024-11-09,2026-06-17,75
CUST002624,DVC-30f3a8ed53,ANDROID,Y,2024-06-15,2026-08-27,4
CUST002624,DVC-5bc5070209,WEB,N,2023-12-09,2026-04-09,144
CUST002624,DVC-e38ea30396,ANDROID,N,2024-11-22,2026-06-21,71
CUST002625,DVC-fca3a2d05e,ANDROID,Y,2026-05-06,2026-08-26,5
CUST002626,DVC-706dafc296,ANDROID,Y,2025-11-12,2026-08-25,6
CUST002626,DVC-c9bea3f3da,ANDROID,N,2024-07-24,2026-07-08,54
CUST002626,DVC-729e003b0f,IOS,N,2025-02-21,2026-07-09,53
CUST002627,DVC-f07d75e730,ANDROID,Y,2025-04-29,2026-08-28,3
CUST002627,DVC-7a2775a3e4,ANDROID,N,2024-07-01,2026-06-24,68
CUST002627,DVC-c3268eef43,ANDROID,N,2025-02-13,2026-06-13,79
CUST002628,DVC-a1bf1cad2d,ANDROID,Y,2025-05-01,2026-08-31,0
CUST002628,DVC-fd7b0071ac,IOS,N,2026-04-12,2026-06-20,72
CUST002628,DVC-f3523f9c5e,ANDROID,N,2026-06-13,2026-07-24,38
CUST002629,DVC-cee6b58aa9,ANDROID,Y,2025-04-20,2026-08-30,1
CUST002630,DVC-54dc817473,ANDROID,Y,2024-08-21,2026-08-31,0
CUST002630,DVC-7ef7c4555e,ANDROID,N,2025-04-27,2026-08-30,1
CUST002631,DVC-caf8f9fbd9,ANDROID,Y,2025-09-22,2026-08-29,2
CUST002631,DVC-0bf611d186,IOS,N,2026-01-30,2026-06-28,64
CUST002632,DVC-84345a7629,IOS,Y,2026-01-19,2026-08-30,1
CUST002632,DVC-97f43a0c98,ANDROID,N,2026-01-09,2026-07-01,61
CUST002632,DVC-272a2dd457,IOS,N,2026-05-10,2026-06-27,65
CUST002633,DVC-41f4f0e9e1,IOS,Y,2026-06-09,2026-08-31,0
CUST002634,DVC-cd674f3cc1,ANDROID,Y,2026-02-21,2026-08-26,5
CUST002635,DVC-2fc39a5888,WEB,Y,2026-03-22,2026-08-25,6
CUST002636,DVC-b26dcd2fe5,ANDROID,Y,2024-04-09,2026-08-25,6
CUST002636,DVC-48be9dbf72,IOS,N,2024-03-24,2026-04-08,145
CUST002637,DVC-0b00660c10,ANDROID,Y,2025-11-19,2026-08-28,3
CUST002637,DVC-e10c31f8ea,ANDROID,N,2025-07-19,2026-07-24,38
CUST002638,DVC-f3e3b6ae92,ANDROID,Y,2025-07-07,2026-08-30,1
CUST002639,DVC-7283e6cb75,ANDROID,Y,2026-04-28,2026-08-26,5
CUST002640,DVC-d6276a503d,ANDROID,Y,2026-03-08,2026-08-29,2
CUST002640,DVC-b8bee0089b,ANDROID,N,2024-10-14,2026-07-18,44
CUST002641,DVC-b2e78ab409,ANDROID,Y,2024-12-02,2026-08-29,2
CUST002641,DVC-defc2a0182,ANDROID,N,2024-04-11,2026-07-04,58
CUST002642,DVC-40cf58e1f3,ANDROID,Y,2026-04-09,2026-08-25,6
CUST002642,DVC-8b5db57b95,ANDROID,N,2025-04-29,2026-07-06,56
CUST002643,DVC-083cd92d21,IOS,Y,2025-03-12,2026-08-28,3
CUST002644,DVC-bb280718b8,ANDROID,Y,2025-09-08,2026-08-25,6
CUST002644,DVC-60e53e46b5,ANDROID,N,2025-07-01,2026-07-01,61
CUST002645,DVC-1421867644,ANDROID,Y,2025-02-20,2026-08-27,4
CUST002645,DVC-03f3e1770a,ANDROID,N,2025-04-06,2026-07-21,41
CUST002645,DVC-690dac659c,ANDROID,N,2025-01-18,2026-01-01,242
CUST002646,DVC-b5bbc07786,ANDROID,Y,2026-03-16,2026-08-31,0
CUST002647,DVC-b4abc5c028,ANDROID,Y,2026-03-30,2026-08-31,0
CUST002648,DVC-a44ac68974,ANDROID,Y,2026-01-06,2026-08-27,4
CUST002648,DVC-a954d9556f,ANDROID,N,2025-08-16,2026-07-30,32
CUST002649,DVC-21581d7fa6,WEB,Y,2024-03-24,2026-08-26,5
CUST002649,DVC-d4aab54a93,ANDROID,N,2025-07-26,2025-09-23,342
CUST002649,DVC-e7ba8f87c6,ANDROID,N,2024-05-18,2026-08-20,11
CUST002650,DVC-8b43225229,ANDROID,Y,2025-05-05,2026-08-25,6
CUST002650,DVC-26967569dd,ANDROID,N,2025-06-24,2026-06-30,62
CUST002650,DVC-df9a09f877,WEB,N,2024-08-26,2026-07-29,33
CUST002651,DVC-5ed5c49fa1,ANDROID,Y,2025-03-22,2026-08-30,1
CUST002651,DVC-f3b7f1f70f,ANDROID,N,2025-04-16,2026-08-13,18
CUST002652,DVC-55519a2d3c,IOS,Y,2024-06-02,2026-08-29,2
CUST002652,DVC-fe818a41c3,ANDROID,N,2025-02-05,2026-07-17,45
CUST002652,DVC-4909bc90e2,ANDROID,N,2024-06-08,2026-07-16,46
CUST002653,DVC-842665bb6b,ANDROID,Y,2024-11-29,2026-08-30,1
CUST002653,DVC-a4ee67ff10,IOS,N,2024-12-06,2026-08-13,18
CUST002654,DVC-45530c5143,ANDROID,Y,2025-07-14,2026-08-26,5
CUST002655,DVC-6652590930,IOS,Y,2024-03-29,2026-08-29,2
CUST002655,DVC-92c12f238a,ANDROID,N,2024-03-22,2026-07-07,55
CUST002655,DVC-e1b2785908,ANDROID,N,2025-11-12,2026-08-29,2
CUST002656,DVC-bb6be5d541,WEB,Y,2024-04-28,2026-08-28,3
CUST002657,DVC-a48e6e674e,ANDROID,Y,2025-02-18,2026-08-27,4
CUST002658,DVC-7884f52238,IOS,Y,2025-11-04,2026-08-27,4
CUST002658,DVC-06882d8893,WEB,N,2026-01-15,2026-06-28,64
CUST002659,DVC-af609e2cc4,ANDROID,Y,2026-06-02,2026-08-25,6
CUST002660,DVC-bce7195e98,IOS,Y,2026-07-24,2026-08-25,6
CUST002660,DVC-70fa61ecee,IOS,N,2024-09-21,2026-07-12,50
CUST002661,DVC-a926cd983e,ANDROID,Y,2026-01-04,2026-08-30,1
CUST002662,DVC-5e76a6de07,IOS,Y,2026-06-30,2026-08-25,6
CUST002663,DVC-98b9fc622d,IOS,Y,2025-01-10,2026-08-31,0
CUST002664,DVC-c840e11a43,ANDROID,Y,2024-03-13,2026-08-27,4
CUST002665,DVC-63ff4578a9,IOS,Y,2024-04-24,2026-08-31,0
CUST002666,DVC-8958aa0d33,ANDROID,Y,2025-05-22,2026-08-30,1
CUST002667,DVC-9fde46f416,IOS,Y,2025-06-10,2026-08-29,2
CUST002668,DVC-63449622f1,IOS,Y,2025-01-06,2026-08-27,4
CUST002668,DVC-d9d7951613,ANDROID,N,2025-08-17,2026-08-26,5
CUST002669,DVC-c9a28cca49,ANDROID,Y,2024-09-05,2026-08-30,1
CUST002670,DVC-c592571f70,IOS,Y,2025-02-11,2026-08-28,3
CUST002671,DVC-c8182ab130,ANDROID,Y,2024-08-25,2026-08-31,0
CUST002672,DVC-6881c707ce,IOS,Y,2024-05-29,2026-08-29,2
CUST002672,DVC-c72d74a970,ANDROID,N,2024-03-09,2026-07-22,40
CUST002673,DVC-549c1b452b,ANDROID,Y,2025-11-23,2026-08-27,4
CUST002673,DVC-7f7a45f6d6,IOS,N,2024-11-27,2025-09-20,345
CUST002674,DVC-bbe70f804a,ANDROID,Y,2024-06-26,2026-08-26,5
CUST002675,DVC-b853cfbfe4,ANDROID,Y,2026-06-26,2026-08-25,6
CUST002675,DVC-1e92886edf,ANDROID,N,2026-04-26,2026-06-26,66
CUST002676,DVC-6a3806e197,ANDROID,Y,2025-12-23,2026-08-28,3
CUST002677,DVC-66815d5816,IOS,Y,2025-12-15,2026-08-25,6
CUST002677,DVC-a10a8f2ac9,ANDROID,N,2025-06-25,2026-06-28,64
CUST002678,DVC-b1e015e907,ANDROID,Y,2026-03-29,2026-08-28,3
CUST002679,DVC-be80596e15,ANDROID,Y,2026-05-29,2026-08-30,1
CUST002680,DVC-4540735fcc,ANDROID,Y,2025-10-07,2026-08-29,2
CUST002680,DVC-5f2c284453,IOS,N,2026-05-06,2026-07-15,47
CUST002681,DVC-1354475d0b,IOS,Y,2026-02-04,2026-08-26,5
CUST002682,DVC-6468671e99,ANDROID,Y,2025-02-16,2026-08-29,2
CUST002683,DVC-d9d3c1b354,WEB,Y,2024-12-09,2026-08-28,3
CUST002684,DVC-cb8e360948,ANDROID,Y,2025-08-25,2026-08-31,0
CUST002685,DVC-8c6ae6f2c8,ANDROID,Y,2025-09-22,2026-08-30,1
CUST002686,DVC-aff8ca3d4d,ANDROID,Y,2025-01-05,2026-08-26,5
CUST002687,DVC-27b01f1d8d,ANDROID,Y,2024-10-19,2026-08-31,0
CUST002688,DVC-e290afdaab,IOS,Y,2024-04-03,2026-08-28,3
CUST002689,DVC-6c573dadcb,ANDROID,Y,2024-12-21,2026-08-30,1
CUST002689,DVC-267ca437c5,ANDROID,N,2025-05-07,2026-08-27,4
CUST002690,DVC-f3a89087ac,IOS,Y,2024-08-18,2026-08-25,6
CUST002690,DVC-83e476a71f,ANDROID,N,2024-11-01,2026-08-26,5
CUST002690,DVC-6680955053,ANDROID,N,2024-09-15,2026-08-11,20
CUST002691,DVC-345b4df6a7,ANDROID,Y,2026-07-28,2026-08-31,0
CUST002691,DVC-26da5b7022,ANDROID,N,2025-05-27,2026-06-23,69
CUST002691,DVC-e485479264,ANDROID,N,2025-05-31,2026-07-13,49
CUST002692,DVC-596863771f,IOS,Y,2024-09-11,2026-08-26,5
CUST002692,DVC-6ec3b323a0,ANDROID,N,2024-08-13,2026-08-07,24
CUST002692,DVC-29869867c7,ANDROID,N,2025-03-14,2026-01-13,230
CUST002693,DVC-c0d279b5b3,ANDROID,Y,2025-06-13,2026-08-30,1
CUST002694,DVC-3d9b4e83bb,ANDROID,Y,2025-07-05,2026-08-30,1
CUST002695,DVC-5bd599101f,ANDROID,Y,2024-04-09,2026-08-26,5
CUST002696,DVC-2dd4a38fe6,ANDROID,Y,2026-04-15,2026-08-29,2
CUST002696,DVC-2fb035efe8,IOS,N,2026-04-27,2026-08-29,2
CUST002697,DVC-001c277c83,ANDROID,Y,2025-04-29,2026-08-30,1
CUST002698,DVC-722da6dfab,ANDROID,Y,2025-05-29,2026-08-30,1
CUST002698,DVC-34833facd7,ANDROID,N,2026-05-08,2026-06-17,75
CUST002698,DVC-5b5f02b616,IOS,N,2026-05-01,2026-06-17,75
CUST002699,DVC-3b92033f36,ANDROID,Y,2024-07-15,2026-08-26,5
CUST002700,DVC-a6fd2c41f1,ANDROID,Y,2026-04-30,2026-08-26,5
CUST002700,DVC-9c0565301f,ANDROID,N,2026-04-21,2026-08-24,7
CUST002700,DVC-611c7f51e8,IOS,N,2025-09-24,2026-02-21,191
CUST002701,DVC-dd996c9b3a,ANDROID,Y,2024-07-30,2026-08-27,4
CUST002702,DVC-fd269a2883,ANDROID,Y,2025-01-07,2026-08-26,5
CUST002703,DVC-48a8fc318e,WEB,Y,2026-06-24,2026-08-30,1
CUST002704,DVC-c95b935231,IOS,Y,2026-04-23,2026-08-31,0
CUST002705,DVC-b1e9644b72,ANDROID,Y,2026-03-19,2026-08-27,4
CUST002705,DVC-21036ced4a,ANDROID,N,2024-05-23,2026-08-29,2
CUST002706,DVC-f30f6d63d4,IOS,Y,2026-01-31,2026-08-28,3
CUST002706,DVC-61efb69dfb,ANDROID,N,2024-09-12,2026-07-01,61
CUST002706,DVC-b595a2c2e1,ANDROID,N,2024-08-03,2026-03-03,181
CUST002707,DVC-e99442d34e,IOS,Y,2025-08-13,2026-08-28,3
CUST002708,DVC-424ae3601a,ANDROID,Y,2025-11-10,2026-08-25,6
CUST002708,DVC-21c4d209a4,ANDROID,N,2025-10-13,2026-08-07,24
CUST002709,DVC-307fdc7e66,ANDROID,Y,2026-02-11,2026-08-30,1
CUST002709,DVC-c27cc9eae5,ANDROID,N,2026-04-24,2026-08-08,23
CUST002710,DVC-7fb39e14ae,ANDROID,Y,2025-08-05,2026-08-31,0
CUST002711,DVC-8cf97eb229,ANDROID,Y,2025-07-20,2026-08-27,4
CUST002711,DVC-56564765e8,ANDROID,N,2024-03-11,2026-08-17,14
CUST002712,DVC-974bb5f967,IOS,Y,2024-05-16,2026-08-27,4
CUST002712,DVC-eac50417f2,ANDROID,N,2024-07-11,2026-07-11,51
CUST002713,DVC-fe3775607b,ANDROID,Y,2025-05-02,2026-08-30,1
CUST002713,DVC-041ea6fbb2,ANDROID,N,2025-03-09,2026-07-20,42
CUST002714,DVC-0dc8aa8bff,IOS,Y,2026-02-27,2026-08-25,6
CUST002714,DVC-d2bcc6b83d,IOS,N,2026-02-15,2026-06-17,75
CUST002715,DVC-be7e95df36,ANDROID,Y,2026-06-22,2026-08-26,5
CUST002716,DVC-6b2d67d839,ANDROID,Y,2026-07-22,2026-08-26,5
CUST002716,DVC-4a6fdbbc4c,ANDROID,N,2026-07-04,2026-08-23,8
CUST002716,DVC-4bb7a682bf,ANDROID,N,2026-04-07,2026-08-21,10
CUST002717,DVC-c6d4061171,ANDROID,Y,2025-04-26,2026-08-30,1
CUST002717,DVC-12b4c20d93,IOS,N,2026-04-17,2026-08-23,8
CUST002718,DVC-cdbfb202af,ANDROID,Y,2025-10-01,2026-08-25,6
CUST002718,DVC-97e086793b,ANDROID,N,2026-07-12,2026-08-13,18
CUST002718,DVC-8adbd5b570,IOS,N,2026-07-26,2026-08-25,6
CUST002719,DVC-7f6c4fb0f0,ANDROID,Y,2025-08-19,2026-08-25,6
CUST002720,DVC-5b74753bdb,IOS,Y,2024-09-05,2026-08-25,6
CUST002721,DVC-3280bfd787,ANDROID,Y,2024-07-23,2026-08-25,6
CUST002722,DVC-88a0db9574,ANDROID,Y,2025-09-13,2026-08-26,5
CUST002723,DVC-d8c4b02d30,ANDROID,Y,2025-03-10,2026-08-27,4
CUST002724,DVC-f22fb0b745,ANDROID,Y,2024-10-07,2026-08-30,1
CUST002725,DVC-5a3712b679,ANDROID,Y,2025-01-03,2026-08-29,2
CUST002726,DVC-269c1c77af,ANDROID,Y,2025-10-04,2026-08-28,3
CUST002726,DVC-e514f4ac04,ANDROID,N,2025-06-03,2026-07-01,61
CUST002727,DVC-69ded14d92,ANDROID,Y,2024-11-10,2026-08-31,0
CUST002728,DVC-fe318fdc46,ANDROID,Y,2026-06-18,2026-08-28,3
CUST002729,DVC-b1852df7e7,ANDROID,Y,2025-08-19,2026-08-28,3
CUST002729,DVC-2ef49cf80b,IOS,N,2024-08-12,2026-08-22,9
CUST002730,DVC-e68cebd393,ANDROID,Y,2024-12-28,2026-08-31,0
CUST002731,DVC-46dcd26e59,ANDROID,Y,2024-06-17,2026-08-26,5
CUST002731,DVC-6acc1c092b,ANDROID,N,2026-03-16,2026-08-06,25
CUST002731,DVC-c2b72d24d4,ANDROID,N,2024-04-11,2025-09-29,336
CUST002732,DVC-86fcf791d5,ANDROID,Y,2025-06-22,2026-08-26,5
CUST002732,DVC-f9682add55,IOS,N,2025-11-27,2026-07-01,61
CUST002733,DVC-a8ca4d2c8d,ANDROID,Y,2025-02-20,2026-08-26,5
CUST002733,DVC-d2dfcf7b69,IOS,N,2025-10-23,2026-07-30,32
CUST002734,DVC-7dd3ae38b6,IOS,Y,2026-01-24,2026-08-29,2
CUST002734,DVC-a78c3692d2,WEB,N,2025-05-20,2026-06-12,80
CUST002734,DVC-ac011b0e48,ANDROID,N,2025-11-24,2026-06-22,70
CUST002735,DVC-2d852d6127,ANDROID,Y,2024-08-02,2026-08-30,1
CUST002736,DVC-7b2219b2d7,IOS,Y,2025-11-10,2026-08-31,0
CUST002736,DVC-88d4e70c6c,ANDROID,N,2025-07-29,2026-06-30,62
CUST002737,DVC-8d9d5f3a2a,ANDROID,Y,2025-04-16,2026-08-31,0
CUST002737,DVC-93ad89400a,ANDROID,N,2026-02-07,2026-07-28,34
CUST002738,DVC-9abcfcbeee,ANDROID,Y,2025-08-17,2026-08-25,6
CUST002739,DVC-ef5b46e193,ANDROID,Y,2024-08-26,2026-08-26,5
CUST002740,DVC-ffd6755b51,IOS,Y,2026-04-23,2026-08-27,4
CUST002740,DVC-a420615b31,ANDROID,N,2026-03-16,2026-08-02,29
CUST002741,DVC-e5fdae25b9,IOS,Y,2026-07-01,2026-08-31,0
CUST002742,DVC-66e577a5ad,ANDROID,Y,2024-07-29,2026-08-28,3
CUST002743,DVC-23898a25ac,ANDROID,Y,2026-02-09,2026-08-28,3
CUST002743,DVC-88cea32227,IOS,N,2026-03-18,2026-07-28,34
CUST002744,DVC-339036bba7,ANDROID,Y,2025-03-03,2026-08-31,0
CUST002745,DVC-cebb2ddf70,ANDROID,Y,2026-05-05,2026-08-31,0
CUST002745,DVC-8b0980c7b0,ANDROID,N,2025-02-10,2026-05-17,106
CUST002745,DVC-d1daa40919,ANDROID,N,2026-04-25,2026-06-20,72
CUST002746,DVC-3ad049f509,ANDROID,Y,2026-05-19,2026-08-25,6
CUST002747,DVC-895159f494,ANDROID,Y,2024-03-17,2026-08-25,6
CUST002747,DVC-16510611f3,WEB,N,2024-02-15,2025-08-12,384
CUST002748,DVC-e50015749c,ANDROID,Y,2026-05-29,2026-08-28,3
CUST002749,DVC-24cd77aa93,WEB,Y,2025-07-15,2026-08-29,2
CUST002750,DVC-69968703a5,IOS,Y,2025-11-29,2026-08-29,2
CUST002751,DVC-5ffd84920f,WEB,Y,2025-02-04,2026-08-28,3
CUST002752,DVC-8c8d597a1a,ANDROID,Y,2026-07-27,2026-08-31,0
CUST002752,DVC-368b1ba45f,WEB,N,2026-03-03,2026-06-27,65
CUST002752,DVC-51997488ce,ANDROID,N,2025-12-03,2026-06-14,78
CUST002753,DVC-1b5236ad0d,ANDROID,Y,2024-10-08,2026-08-29,2
CUST002754,DVC-51e10eefdc,ANDROID,Y,2026-03-10,2026-08-29,2
CUST002754,DVC-63e48e1589,IOS,N,2026-02-26,2026-08-24,7
CUST002755,DVC-cbdbf13e5d,IOS,Y,2026-03-12,2026-08-30,1
CUST002756,DVC-266382a9bf,ANDROID,Y,2025-09-05,2026-08-27,4
CUST002757,DVC-fa9b9f6416,ANDROID,Y,2026-07-10,2026-08-30,1
CUST002758,DVC-5f9400d5e8,ANDROID,Y,2026-05-24,2026-08-29,2
CUST002758,DVC-c79cf2e573,ANDROID,N,2024-04-03,2025-10-15,320
CUST002758,DVC-8d7acebc46,ANDROID,N,2025-04-21,2026-08-23,8
CUST002759,DVC-6f6e9c8777,IOS,Y,2025-05-18,2026-08-31,0
CUST002759,DVC-02dd8e209d,ANDROID,N,2024-04-08,2026-08-21,10
CUST002760,DVC-330c563b4f,ANDROID,Y,2025-12-07,2026-08-25,6
CUST002760,DVC-824eae996d,ANDROID,N,2026-06-08,2026-08-20,11
CUST002760,DVC-e67feb0e48,ANDROID,N,2025-05-25,2026-07-21,41
CUST002761,DVC-4456b874e0,ANDROID,Y,2026-03-06,2026-08-27,4
CUST002762,DVC-8a31b6db04,ANDROID,Y,2024-06-19,2026-08-26,5
CUST002763,DVC-084be59dc8,ANDROID,Y,2026-03-10,2026-08-31,0
CUST002764,DVC-39e1897357,ANDROID,Y,2025-07-27,2026-08-30,1
CUST002765,DVC-f0bea9f2dc,ANDROID,Y,2024-05-07,2026-08-28,3
CUST002766,DVC-5a9e89b308,ANDROID,Y,2024-07-28,2026-08-25,6
CUST002767,DVC-8cc5a28e1d,ANDROID,Y,2026-05-07,2026-08-31,0
CUST002768,DVC-66e8537f90,ANDROID,Y,2025-05-26,2026-08-29,2
CUST002768,DVC-4e040f90b4,IOS,N,2025-05-26,2026-06-14,78
CUST002769,DVC-4f5c254d80,ANDROID,Y,2026-03-07,2026-08-28,3
CUST002769,DVC-fc3ffd9709,ANDROID,N,2025-05-16,2026-07-23,39
CUST002770,DVC-fbb5872123,ANDROID,Y,2026-05-29,2026-08-26,5
CUST002770,DVC-129e2d917f,IOS,N,2026-04-19,2025-10-27,308
CUST002770,DVC-2093654cb8,ANDROID,N,2026-04-19,2026-05-17,106
CUST002771,DVC-d3e529e35c,WEB,Y,2025-04-30,2026-08-29,2
CUST002772,DVC-584bd58d68,ANDROID,Y,2025-06-03,2026-08-31,0
CUST002773,DVC-efe488a79c,ANDROID,Y,2026-07-25,2026-08-30,1
CUST002774,DVC-8b5fa7b1de,ANDROID,Y,2024-12-09,2026-08-28,3
CUST002775,DVC-2dbfbd3866,ANDROID,Y,2024-09-18,2026-08-28,3
CUST002775,DVC-06b7dd01d7,ANDROID,N,2025-06-16,2026-06-23,69
CUST002776,DVC-7bfc40e6a1,ANDROID,Y,2026-03-30,2026-08-25,6
CUST002777,DVC-efad399a46,IOS,Y,2026-04-19,2026-08-30,1
CUST002778,DVC-364e1ca158,ANDROID,Y,2025-07-07,2026-08-25,6
CUST002779,DVC-4c27cdccd0,ANDROID,Y,2025-11-30,2026-08-29,2
CUST002779,DVC-292ec1ef10,IOS,N,2024-05-13,2026-08-16,15
CUST002780,DVC-99df63c5c2,ANDROID,Y,2024-03-27,2026-08-31,0
CUST002781,DVC-3c44c4e3a7,ANDROID,Y,2025-03-17,2026-08-31,0
CUST002782,DVC-adfa198888,IOS,Y,2025-02-16,2026-08-26,5
CUST002783,DVC-a1ec301f95,IOS,Y,2024-08-28,2026-08-26,5
CUST002783,DVC-2d8157d5e0,ANDROID,N,2026-05-15,2026-08-30,1
CUST002784,DVC-cb2a9f1ece,ANDROID,Y,2025-05-01,2026-08-26,5
CUST002784,DVC-858a4cb57f,ANDROID,N,2026-03-06,2026-07-07,55
CUST002785,DVC-44c95b895c,ANDROID,Y,2024-09-20,2026-08-26,5
CUST002785,DVC-8a97a172e7,ANDROID,N,2025-08-28,2026-08-30,1
CUST002786,DVC-09a8e3e16f,ANDROID,Y,2026-03-19,2026-08-25,6
CUST002787,DVC-47cee6e19e,IOS,Y,2024-10-05,2026-08-28,3
CUST002788,DVC-de6e08c2a2,ANDROID,Y,2026-02-06,2026-08-29,2
CUST002788,DVC-ffc294ef7f,ANDROID,N,2025-07-28,2026-07-01,61
CUST002789,DVC-60cb4c4a03,ANDROID,Y,2025-04-25,2026-08-27,4
CUST002789,DVC-df45503963,ANDROID,N,2024-07-20,2026-07-14,48
CUST002790,DVC-b51051362c,IOS,Y,2026-07-10,2026-08-28,3
CUST002790,DVC-58e8831bd4,ANDROID,N,2025-07-15,2026-07-18,44
CUST002791,DVC-32bd3db3a6,ANDROID,Y,2024-11-11,2026-08-29,2
CUST002792,DVC-cd16b12a7b,ANDROID,Y,2024-08-07,2026-08-25,6
CUST002792,DVC-876a6b75f2,ANDROID,N,2026-07-02,2026-08-19,12
CUST002793,DVC-36354c2214,ANDROID,Y,2025-04-02,2026-08-26,5
CUST002794,DVC-5a70121fd0,ANDROID,Y,2026-07-08,2026-08-31,0
CUST002794,DVC-59231f52ad,ANDROID,N,2026-07-08,2026-05-06,117
CUST002794,DVC-07d568e7fc,ANDROID,N,2026-07-08,2026-07-19,43
CUST002795,DVC-47c3c7b4eb,WEB,Y,2026-07-21,2026-08-31,0
CUST002796,DVC-6650c93e58,IOS,Y,2026-01-30,2026-08-25,6
CUST002796,DVC-814fbdbd20,IOS,N,2025-06-19,2026-08-27,4
CUST002797,DVC-4c7b9edc7c,IOS,Y,2026-02-24,2026-08-28,3
CUST002798,DVC-e969aa4a47,IOS,Y,2024-07-09,2026-08-28,3
CUST002799,DVC-8b7b80035b,ANDROID,Y,2024-06-13,2026-08-26,5
CUST002799,DVC-5de930e50b,IOS,N,2024-09-22,2026-07-23,39
CUST002799,DVC-4e061a9a57,ANDROID,N,2024-05-16,2026-06-13,79
CUST002800,DVC-938f387278,ANDROID,Y,2025-02-22,2026-08-28,3
CUST002800,DVC-37006a9219,ANDROID,N,2025-08-13,2026-08-22,9
CUST002801,DVC-0189013c19,IOS,Y,2026-05-23,2026-08-25,6
CUST002801,DVC-24c11108c9,ANDROID,N,2024-04-25,2026-06-22,70
CUST002802,DVC-cdff896ed1,ANDROID,Y,2025-11-12,2026-08-26,5
CUST002803,DVC-19594c4396,IOS,Y,2025-07-18,2026-08-30,1
CUST002803,DVC-a47bc07489,ANDROID,N,2026-02-25,2026-08-27,4
CUST002804,DVC-7f59683a49,ANDROID,Y,2026-07-11,2026-08-25,6
CUST002804,DVC-28a49cad37,ANDROID,N,2026-04-09,2026-08-01,30
CUST002805,DVC-1009632f48,ANDROID,Y,2024-11-02,2026-08-25,6
CUST002806,DVC-0a86fa6c28,ANDROID,Y,2025-08-03,2026-08-31,0
CUST002807,DVC-afa8dfef57,IOS,Y,2025-02-26,2026-08-29,2
CUST002808,DVC-ab65152952,ANDROID,Y,2025-12-09,2026-08-27,4
CUST002808,DVC-1036f31149,ANDROID,N,2024-08-27,2026-06-20,72
CUST002809,DVC-066c850520,ANDROID,Y,2026-07-24,2026-08-30,1
CUST002810,DVC-62334dea53,IOS,Y,2026-07-12,2026-08-25,6
CUST002811,DVC-f4ef0197ec,IOS,Y,2026-04-25,2026-08-29,2
CUST002811,DVC-139081fb78,ANDROID,N,2026-03-27,2026-06-12,80
CUST002812,DVC-e9fb2c16a0,WEB,Y,2025-05-09,2026-08-29,2
CUST002812,DVC-ae165e9935,ANDROID,N,2025-10-18,2026-07-07,55
CUST002813,DVC-ff62da106c,ANDROID,Y,2024-06-25,2026-08-26,5
CUST002814,DVC-13d3c87376,IOS,Y,2025-11-23,2026-08-28,3
CUST002815,DVC-d15c83d588,ANDROID,Y,2026-05-01,2026-08-28,3
CUST002816,DVC-aba3f2a892,ANDROID,Y,2025-03-23,2026-08-30,1
CUST002816,DVC-0b8fc93862,IOS,N,2024-04-23,2026-08-13,18
CUST002817,DVC-ab0db30750,ANDROID,Y,2025-10-15,2026-08-28,3
CUST002818,DVC-8a025e313a,IOS,Y,2026-07-14,2026-08-27,4
CUST002818,DVC-f34a9adaeb,ANDROID,N,2025-09-21,2026-08-23,8
CUST002819,DVC-1f102804d8,WEB,Y,2024-10-09,2026-08-31,0
CUST002819,DVC-c1b202bfd1,IOS,N,2025-05-07,2026-06-16,76
CUST002820,DVC-45e7b62617,ANDROID,Y,2025-03-08,2026-08-31,0
CUST002821,DVC-45ba5204fd,ANDROID,Y,2025-12-20,2026-08-28,3
CUST002822,DVC-2c7d0bd2f4,ANDROID,Y,2026-02-25,2026-08-26,5
CUST002823,DVC-040022ce83,ANDROID,Y,2024-06-14,2026-08-30,1
CUST002823,DVC-3fae8c5a08,IOS,N,2025-05-18,2026-08-04,27
CUST002824,DVC-b2abaae6a1,WEB,Y,2025-01-19,2026-08-25,6
CUST002824,DVC-46b38a0121,IOS,N,2025-05-15,2026-07-18,44
CUST002825,DVC-93f6ac0cac,IOS,Y,2025-01-28,2026-08-28,3
CUST002825,DVC-ae3860816e,ANDROID,N,2025-06-09,2026-05-05,118
CUST002826,DVC-09f4f3d1bc,ANDROID,Y,2025-11-05,2026-08-30,1
CUST002826,DVC-865720e2d5,ANDROID,N,2026-01-20,2026-07-04,58
CUST002827,DVC-b0d5029859,ANDROID,Y,2024-08-23,2026-08-25,6
CUST002827,DVC-ba47eb9a30,WEB,N,2025-01-30,2026-06-18,74
CUST002827,DVC-60579ca4f6,ANDROID,N,2025-10-09,2026-01-11,232
CUST002828,DVC-947c1c41bc,IOS,Y,2024-11-05,2026-08-26,5
CUST002829,DVC-a6eca4c931,ANDROID,Y,2024-05-30,2026-08-25,6
CUST002830,DVC-9b4e8d8f79,ANDROID,Y,2026-07-23,2026-08-31,0
CUST002831,DVC-c9da43d7a1,IOS,Y,2024-07-17,2026-08-28,3
CUST002832,DVC-1eea71dbf3,ANDROID,Y,2026-01-23,2026-08-29,2
CUST002832,DVC-a5cbdc8fc1,IOS,N,2026-03-14,2026-07-06,56
CUST002833,DVC-7db8702aca,ANDROID,Y,2025-04-08,2026-08-27,4
CUST002833,DVC-ca83f9bded,WEB,N,2023-10-25,2025-12-23,251
CUST002833,DVC-6e96f02071,ANDROID,N,2025-06-05,2026-07-22,40
CUST002834,DVC-0b7eaec151,IOS,Y,2025-07-30,2026-08-25,6
CUST002834,DVC-e38dc4e5ed,ANDROID,N,2025-04-07,2025-09-05,360
CUST002835,DVC-2171beef20,IOS,Y,2025-09-30,2026-08-27,4
CUST002835,DVC-522730c487,IOS,N,2024-08-03,2026-07-08,54
CUST002835,DVC-79532af1f6,WEB,N,2024-11-07,2026-07-27,35
CUST002836,DVC-6447018fa8,ANDROID,Y,2025-08-30,2026-08-27,4
CUST002836,DVC-3160611306,ANDROID,N,2024-02-11,2026-07-23,39
CUST002837,DVC-e2ca3bba7f,ANDROID,Y,2026-03-28,2026-08-27,4
CUST002838,DVC-31351870ec,ANDROID,Y,2026-05-28,2026-08-28,3
CUST002839,DVC-a4f2c067c3,ANDROID,Y,2025-04-13,2026-08-27,4
CUST002839,DVC-4130842e27,ANDROID,N,2026-07-09,2026-08-08,23
CUST002840,DVC-341696decd,IOS,Y,2024-12-13,2026-08-30,1
CUST002841,DVC-1ca3d159eb,ANDROID,Y,2025-07-16,2026-08-28,3
CUST002841,DVC-c3f54dc1f6,ANDROID,N,2025-09-17,2026-06-23,69
CUST002842,DVC-d4d465e367,ANDROID,Y,2025-02-01,2026-08-25,6
CUST002843,DVC-96a8761545,ANDROID,Y,2026-03-15,2026-08-31,0
CUST002843,DVC-a4541a4c62,ANDROID,N,2024-07-28,2026-06-21,71
CUST002844,DVC-b4fc9235c8,ANDROID,Y,2026-04-05,2026-08-28,3
CUST002844,DVC-417510736f,ANDROID,N,2026-03-25,2026-08-02,29
CUST002844,DVC-ad63ba3c52,ANDROID,N,2024-07-22,2026-08-25,6
CUST002845,DVC-e32e2e22dd,ANDROID,Y,2025-05-07,2026-08-27,4
CUST002846,DVC-d2a2c9b355,ANDROID,Y,2025-10-16,2026-08-31,0
CUST002846,DVC-198450f38c,IOS,N,2024-05-28,2026-02-10,202
CUST002846,DVC-6c23848303,ANDROID,N,2024-08-23,2026-05-27,96
CUST002847,DVC-7aa4574e62,WEB,Y,2025-03-03,2026-08-31,0
CUST002848,DVC-e08aa5d2ee,ANDROID,Y,2024-09-14,2026-08-26,5
CUST002848,DVC-ceebbe3039,ANDROID,N,2024-11-24,2026-05-19,104
CUST002848,DVC-0db432c165,ANDROID,N,2025-12-24,2026-07-22,40
CUST002849,DVC-a3201ff903,ANDROID,Y,2024-04-08,2026-08-27,4
CUST002849,DVC-d8204096d3,ANDROID,N,2024-11-05,2026-07-06,56
CUST002850,DVC-83ba2674b6,ANDROID,Y,2026-05-07,2026-08-31,0
CUST002850,DVC-0ad5dd6130,IOS,N,2025-03-15,2026-08-17,14
CUST002851,DVC-575a5b871d,ANDROID,Y,2025-04-05,2026-08-30,1
CUST002851,DVC-c10f18f280,ANDROID,N,2025-10-07,2026-07-27,35
CUST002852,DVC-e1f1903ce2,IOS,Y,2026-01-23,2026-08-29,2
CUST002852,DVC-0d30034034,ANDROID,N,2024-03-06,2026-08-23,8
CUST002853,DVC-9358a5a0d3,ANDROID,Y,2026-05-14,2026-08-25,6
CUST002854,DVC-d1de9106b7,IOS,Y,2026-02-17,2026-08-29,2
CUST002855,DVC-3ea7f19d73,ANDROID,Y,2025-07-28,2026-08-26,5
CUST002855,DVC-88a292351f,ANDROID,N,2025-05-01,2025-10-18,317
CUST002856,DVC-ea6168e6bf,ANDROID,Y,2024-10-31,2026-08-25,6
CUST002857,DVC-4fdf6c0aae,ANDROID,Y,2024-08-03,2026-08-26,5
CUST002858,DVC-3584130ea9,ANDROID,Y,2026-07-20,2026-08-29,2
CUST002859,DVC-44e25920a3,ANDROID,Y,2026-06-25,2026-08-25,6
CUST002859,DVC-66b518be40,IOS,N,2025-03-21,2026-08-14,17
CUST002860,DVC-150b7aaf0d,WEB,Y,2025-01-01,2026-08-25,6
CUST002860,DVC-400505e988,ANDROID,N,2025-10-26,2026-08-10,21
CUST002861,DVC-bb57978ef2,IOS,Y,2025-05-24,2026-08-29,2
CUST002862,DVC-77b80d6648,ANDROID,Y,2025-03-30,2026-08-29,2
CUST002862,DVC-d301b472be,IOS,N,2025-04-01,2026-06-15,77
CUST002862,DVC-f37a9c4fa6,ANDROID,N,2025-08-30,2026-07-09,53
CUST002863,DVC-9c1a6073d1,ANDROID,Y,2024-06-13,2026-08-25,6
CUST002864,DVC-81209fb265,ANDROID,Y,2026-06-05,2026-08-27,4
CUST002864,DVC-ec1873757d,ANDROID,N,2025-06-03,2026-06-28,64
CUST002865,DVC-ccccff11e2,ANDROID,Y,2024-05-05,2026-08-29,2
CUST002866,DVC-c3a2be2fcd,ANDROID,Y,2025-06-09,2026-08-28,3
CUST002866,DVC-b7fb74ee4a,ANDROID,N,2026-03-19,2026-07-30,32
CUST002867,DVC-515b53548b,WEB,Y,2025-08-22,2026-08-30,1
CUST002867,DVC-ed9c0553d9,ANDROID,N,2024-10-08,2026-07-03,59
CUST002868,DVC-d1a930a7c7,ANDROID,Y,2025-05-26,2026-08-27,4
CUST002869,DVC-198bd66e71,ANDROID,Y,2025-11-21,2026-08-29,2
CUST002869,DVC-10a02580a8,ANDROID,N,2023-08-09,2026-01-13,230
CUST002870,DVC-bc3cfc8816,ANDROID,Y,2026-03-11,2026-08-27,4
CUST002871,DVC-4d4fdb5610,ANDROID,Y,2026-02-09,2026-08-25,6
CUST002871,DVC-b6e8d86ce5,IOS,N,2026-07-09,2026-08-10,21
CUST002872,DVC-a23c449847,ANDROID,Y,2025-03-06,2026-08-27,4
CUST002873,DVC-7e475e0698,ANDROID,Y,2024-09-01,2026-08-29,2
CUST002873,DVC-6d11f208ca,IOS,N,2025-07-16,2026-06-19,73
CUST002874,DVC-1cb67ae842,IOS,Y,2025-07-02,2026-08-26,5
CUST002874,DVC-e78f7f021a,ANDROID,N,2026-06-01,2026-08-30,1
CUST002875,DVC-b2cdf5202a,IOS,Y,2025-12-02,2026-08-30,1
CUST002876,DVC-7dd7573fa5,ANDROID,Y,2025-12-27,2026-08-30,1
CUST002877,DVC-aaa289fc1b,ANDROID,Y,2025-12-14,2026-08-25,6
CUST002878,DVC-23535beeeb,ANDROID,Y,2025-12-08,2026-08-27,4
CUST002878,DVC-ba8ea7bd48,WEB,N,2024-09-23,2026-06-16,76
CUST002879,DVC-db59814086,WEB,Y,2025-05-15,2026-08-29,2
CUST002880,DVC-8a6358b67e,ANDROID,Y,2026-01-24,2026-08-31,0
CUST002881,DVC-ed32b7f6a6,IOS,Y,2025-12-08,2026-08-28,3
CUST002881,DVC-05f79b52d4,ANDROID,N,2026-05-03,2026-07-30,32
CUST002882,DVC-222c18986e,ANDROID,Y,2026-03-09,2026-08-28,3
CUST002883,DVC-50db6cf6ce,ANDROID,Y,2026-05-11,2026-08-30,1
CUST002883,DVC-4e427944da,IOS,N,2025-06-29,2026-07-14,48
CUST002884,DVC-ed0be6af28,IOS,Y,2026-07-14,2026-08-29,2
CUST002885,DVC-f7135ea9ac,WEB,Y,2025-02-19,2026-08-31,0
CUST002885,DVC-01c0412089,ANDROID,N,2023-12-18,2025-11-04,300
CUST002886,DVC-e9ad06d43c,ANDROID,Y,2025-10-10,2026-08-30,1
CUST002887,DVC-c8d73568a3,ANDROID,Y,2025-12-07,2026-08-29,2
CUST002888,DVC-b96c7fe67c,IOS,Y,2026-02-24,2026-08-27,4
CUST002889,DVC-5ae394198f,ANDROID,Y,2025-04-14,2026-08-27,4
CUST002889,DVC-1ee305398b,ANDROID,N,2025-11-01,2026-07-14,48
CUST002890,DVC-979d441b2f,IOS,Y,2026-05-18,2026-08-29,2
CUST002890,DVC-88d88ed107,IOS,N,2026-05-21,2026-08-15,16
CUST002890,DVC-cbea0331bc,ANDROID,N,2026-03-17,2026-08-06,25
CUST002891,DVC-4969b40dee,IOS,Y,2024-08-16,2026-08-25,6
CUST002891,DVC-76073f2217,ANDROID,N,2024-05-02,2025-08-01,395
CUST002891,DVC-239b5ceb28,ANDROID,N,2025-10-17,2026-06-24,68
CUST002892,DVC-943ecf1df2,ANDROID,Y,2026-01-22,2026-08-25,6
CUST002892,DVC-dcf0558c08,IOS,N,2025-12-29,2026-07-31,31
CUST002893,DVC-78ef1768a4,ANDROID,Y,2025-06-23,2026-08-25,6
CUST002894,DVC-c6d5b8d02c,ANDROID,Y,2026-04-19,2026-08-28,3
CUST002894,DVC-b5a30b1579,ANDROID,N,2025-06-29,2026-07-02,60
CUST002895,DVC-192adf9f31,ANDROID,Y,2024-05-23,2026-08-31,0
CUST002896,DVC-982619e07d,IOS,Y,2025-07-28,2026-08-29,2
CUST002896,DVC-b6ef60909d,ANDROID,N,2026-03-29,2026-07-07,55
CUST002897,DVC-a65170d239,ANDROID,Y,2024-08-14,2026-08-29,2
CUST002897,DVC-303d5a3b7a,ANDROID,N,2026-01-30,2026-07-03,59
CUST002897,DVC-7db7025542,ANDROID,N,2025-02-15,2026-08-17,14
CUST002898,DVC-6da26e8f9f,IOS,Y,2025-04-19,2026-08-28,3
CUST002899,DVC-a995f26327,ANDROID,Y,2025-01-12,2026-08-26,5
CUST002899,DVC-f153f290b4,WEB,N,2025-08-04,2026-08-15,16
CUST002900,DVC-e7463de4bf,ANDROID,Y,2024-04-03,2026-08-30,1
CUST002901,DVC-ab14b44484,ANDROID,Y,2025-07-23,2026-08-29,2
CUST002901,DVC-f12808750a,ANDROID,N,2025-04-14,2026-07-10,52
CUST002902,DVC-72ea9df9b3,WEB,Y,2026-05-04,2026-08-25,6
CUST002903,DVC-ddaa0d1e85,ANDROID,Y,2024-10-22,2026-08-26,5
CUST002903,DVC-8fe9421121,ANDROID,N,2024-12-08,2026-04-06,147
CUST002904,DVC-c5092d3d00,IOS,Y,2026-03-27,2026-08-25,6
CUST002905,DVC-43b7d1cf2c,IOS,Y,2025-02-12,2026-08-30,1
CUST002905,DVC-dda876b88b,ANDROID,N,2025-09-11,2026-08-07,24
CUST002905,DVC-690cd32edd,IOS,N,2024-08-27,2026-08-21,10
CUST002906,DVC-15bc8ebd67,WEB,Y,2024-06-16,2026-08-31,0
CUST002906,DVC-4aba4138d1,ANDROID,N,2024-09-18,2026-07-13,49
CUST002906,DVC-0140a435a6,ANDROID,N,2024-06-03,2026-08-19,12
CUST002907,DVC-e4dfbf7db2,IOS,Y,2025-07-15,2026-08-27,4
CUST002907,DVC-c410d7ee53,ANDROID,N,2025-06-18,2026-07-13,49
CUST002907,DVC-ba1e59bffd,ANDROID,N,2025-05-26,2026-02-26,186
CUST002908,DVC-92275c8b18,ANDROID,Y,2025-05-04,2026-08-30,1
CUST002909,DVC-a36d182bc7,IOS,Y,2026-02-15,2026-08-29,2
CUST002910,DVC-e25c2a8123,IOS,Y,2024-10-21,2026-08-28,3
CUST002911,DVC-d4d8e7bf5e,IOS,Y,2024-10-21,2026-08-31,0
CUST002911,DVC-5d2de17b86,WEB,N,2024-12-29,2026-07-21,41
CUST002912,DVC-7fc2c42127,ANDROID,Y,2024-10-16,2026-08-27,4
CUST002913,DVC-ef32bbb0d0,ANDROID,Y,2025-03-14,2026-08-30,1
CUST002913,DVC-6b431faba0,IOS,N,2024-10-24,2026-08-16,15
CUST002914,DVC-6125985f15,IOS,Y,2025-06-01,2026-08-30,1
CUST002915,DVC-a0bd22d070,ANDROID,Y,2025-07-20,2026-08-30,1
CUST002915,DVC-c04be4c338,ANDROID,N,2025-10-10,2026-07-06,56
CUST002916,DVC-c6be09b9b8,WEB,Y,2024-05-10,2026-08-31,0
CUST002916,DVC-b64fc5c75d,WEB,N,2026-05-21,2026-06-28,64
CUST002917,DVC-797e0373d8,ANDROID,Y,2025-02-20,2026-08-27,4
CUST002917,DVC-a712bd8b68,IOS,N,2023-07-22,2025-11-17,287
CUST002917,DVC-dd21fbea81,ANDROID,N,2026-07-03,2026-08-15,16
CUST002918,DVC-b86c4b1202,ANDROID,Y,2024-03-13,2026-08-28,3
CUST002918,DVC-4ad8157c55,IOS,N,2026-05-10,2026-07-01,61
CUST002919,DVC-7018546685,ANDROID,Y,2026-07-15,2026-08-26,5
CUST002920,DVC-1cba1a014f,IOS,Y,2026-05-29,2026-08-26,5
CUST002921,DVC-bfeff4342e,ANDROID,Y,2026-06-01,2026-08-26,5
CUST002922,DVC-5772b8342b,ANDROID,Y,2026-06-27,2026-08-31,0
CUST002923,DVC-3384c74729,ANDROID,Y,2024-12-10,2026-08-29,2
CUST002924,DVC-41ce07e493,ANDROID,Y,2026-07-22,2026-08-28,3
CUST002925,DVC-68155cc3ab,ANDROID,Y,2025-12-27,2026-08-25,6
CUST002925,DVC-c7a5a2aa68,ANDROID,N,2025-05-28,2026-07-13,49
CUST002926,DVC-b6e02a44b1,ANDROID,Y,2026-01-15,2026-08-26,5
CUST002927,DVC-81654586e5,ANDROID,Y,2026-04-30,2026-08-31,0
CUST002927,DVC-bd5c251ee1,IOS,N,2024-11-05,2026-08-01,30
CUST002928,DVC-2863a5c522,IOS,Y,2026-03-29,2026-08-31,0
CUST002928,DVC-f1ece9d693,ANDROID,N,2024-09-21,2026-08-01,30
CUST002928,DVC-609e1c25a2,ANDROID,N,2026-05-09,2026-08-02,29
CUST002929,DVC-e38e0f59b5,IOS,Y,2025-12-13,2026-08-27,4
CUST002929,DVC-2086077bce,ANDROID,N,2025-11-20,2026-07-10,52
CUST002929,DVC-216a8f43bf,IOS,N,2025-01-02,2026-07-08,54
CUST002930,DVC-b71ffc7122,IOS,Y,2024-07-08,2026-08-31,0
CUST002931,DVC-a3471979ec,WEB,Y,2024-12-22,2026-08-27,4
CUST002931,DVC-022a16f092,ANDROID,N,2025-04-15,2026-08-30,1
CUST002932,DVC-5c8537f111,ANDROID,Y,2025-06-30,2026-08-25,6
CUST002933,DVC-cdc99e2999,IOS,Y,2025-10-08,2026-08-31,0
CUST002933,DVC-24e17d32cb,ANDROID,N,2025-01-17,2026-08-04,27
CUST002933,DVC-6fe2d4a9ec,ANDROID,N,2025-07-05,2026-07-19,43
CUST002934,DVC-de4fe2ad7a,ANDROID,Y,2026-04-12,2026-08-28,3
CUST002935,DVC-81ed218038,ANDROID,Y,2024-05-03,2026-08-26,5
CUST002936,DVC-99957a1fda,ANDROID,Y,2024-07-24,2026-08-28,3
CUST002936,DVC-5e135b1197,ANDROID,N,2026-01-09,2026-08-06,25
CUST002937,DVC-bfedefd0a6,ANDROID,Y,2024-06-02,2026-08-25,6
CUST002937,DVC-e629c65a8d,ANDROID,N,2024-07-21,2026-06-20,72
CUST002938,DVC-068a56c832,ANDROID,Y,2024-12-07,2026-08-28,3
CUST002938,DVC-c1a582cf33,ANDROID,N,2025-05-01,2026-07-02,60
CUST002939,DVC-38693e4e7a,ANDROID,Y,2026-07-04,2026-08-29,2
CUST002940,DVC-2de34bf1a1,ANDROID,Y,2025-10-25,2026-08-26,5
CUST002941,DVC-caecd55226,IOS,Y,2025-06-18,2026-08-28,3
CUST002942,DVC-117479d41b,ANDROID,Y,2026-06-17,2026-08-28,3
CUST002943,DVC-fca74abfa3,ANDROID,Y,2024-08-08,2026-08-30,1
CUST002943,DVC-52893b8783,ANDROID,N,2024-03-25,2026-08-24,7
CUST002944,DVC-c547831a58,ANDROID,Y,2025-12-13,2026-08-27,4
CUST002944,DVC-90057a2975,ANDROID,N,2025-04-12,2026-06-13,79
CUST002945,DVC-8a42176462,ANDROID,Y,2024-06-26,2026-08-27,4
CUST002946,DVC-676d3cfd4c,IOS,Y,2026-03-08,2026-08-31,0
CUST002946,DVC-11baa8edbf,WEB,N,2026-01-29,2026-06-28,64
CUST002946,DVC-f1b04ec52a,ANDROID,N,2025-10-13,2026-08-11,20
CUST002947,DVC-26cb25c45a,ANDROID,Y,2025-02-10,2026-08-26,5
CUST002948,DVC-ac3d68813a,ANDROID,Y,2024-05-22,2026-08-25,6
CUST002949,DVC-a1ab2cac26,ANDROID,Y,2025-10-11,2026-08-28,3
CUST002949,DVC-1d62c7290d,ANDROID,N,2025-05-02,2026-07-03,59
CUST002950,DVC-d37e4c5603,ANDROID,Y,2025-09-14,2026-08-30,1
CUST002950,DVC-b81262ac8c,IOS,N,2025-10-23,2026-07-21,41
CUST002950,DVC-337855f8d9,ANDROID,N,2024-06-14,2026-07-30,32
CUST002951,DVC-d265a57d10,IOS,Y,2025-12-13,2026-08-26,5
CUST002952,DVC-0ecc990ad6,ANDROID,Y,2025-06-16,2026-08-28,3
CUST002953,DVC-6fb995798e,ANDROID,Y,2025-01-21,2026-08-31,0
CUST002953,DVC-7faa1287f9,ANDROID,N,2024-05-19,2026-07-06,56
CUST002954,DVC-0bf755d839,ANDROID,Y,2025-11-04,2026-08-27,4
CUST002955,DVC-380dc0096f,ANDROID,Y,2026-06-16,2026-08-28,3
CUST002955,DVC-079eda4d74,WEB,N,2024-02-05,2026-03-15,169
CUST002955,DVC-f1c3687009,ANDROID,N,2024-01-22,2026-06-20,72
CUST002956,DVC-9a358466c2,IOS,Y,2026-01-23,2026-08-27,4
CUST002957,DVC-be78cbb9a3,ANDROID,Y,2024-05-28,2026-08-28,3
CUST002957,DVC-0d74240651,ANDROID,N,2024-04-23,2026-06-18,74
CUST002958,DVC-8382e62fcf,IOS,Y,2026-07-20,2026-08-30,1
CUST002959,DVC-0945b6f9f2,ANDROID,Y,2025-05-05,2026-08-29,2
CUST002959,DVC-9f39e64acd,ANDROID,N,2024-10-19,2026-08-10,21
CUST002960,DVC-a3378e6890,IOS,Y,2026-01-16,2026-08-26,5
CUST002960,DVC-9ec869e091,ANDROID,N,2025-09-19,2026-07-19,43
CUST002961,DVC-7e6644a267,ANDROID,Y,2024-09-21,2026-08-31,0
CUST002962,DVC-b00ce7d5fe,ANDROID,Y,2024-11-10,2026-08-30,1
CUST002962,DVC-622cfbfdbb,IOS,N,2025-01-09,2026-03-30,154
CUST002962,DVC-93122b2ed2,ANDROID,N,2025-01-17,2026-08-10,21
CUST002963,DVC-77a49fa447,ANDROID,Y,2024-07-11,2026-08-25,6
CUST002963,DVC-c4b4ef6415,ANDROID,N,2024-09-05,2026-07-29,33
CUST002964,DVC-4470c15e4c,ANDROID,Y,2024-10-06,2026-08-30,1
CUST002964,DVC-8cf01e9512,IOS,N,2025-10-17,2026-07-17,45
CUST002965,DVC-8376add421,IOS,Y,2025-01-23,2026-08-27,4
CUST002965,DVC-be408505ba,ANDROID,N,2025-07-18,2026-07-21,41
CUST002965,DVC-1586b4f08f,ANDROID,N,2025-02-07,2026-06-20,72
CUST002966,DVC-5431ca9413,ANDROID,Y,2026-07-09,2026-08-27,4
CUST002967,DVC-9abd56cf0a,WEB,Y,2025-09-10,2026-08-31,0
CUST002967,DVC-3ceee2669e,ANDROID,N,2025-12-16,2026-06-17,75
CUST002968,DVC-e4516f1648,ANDROID,Y,2026-07-24,2026-08-31,0
CUST002969,DVC-f74ff39096,ANDROID,Y,2026-06-07,2026-08-31,0
CUST002970,DVC-bc46c16151,ANDROID,Y,2026-02-06,2026-08-28,3
CUST002970,DVC-840da13463,ANDROID,N,2026-01-19,2026-08-24,7
CUST002971,DVC-b67947a688,IOS,Y,2025-10-24,2026-08-29,2
CUST002972,DVC-ce0ed6fc65,WEB,Y,2025-04-06,2026-08-28,3
CUST002972,DVC-57c51c310a,IOS,N,2026-01-20,2026-07-10,52
CUST002973,DVC-30c3cbc16c,IOS,Y,2025-12-31,2026-08-26,5
CUST002974,DVC-79ba241d14,ANDROID,Y,2026-03-24,2026-08-30,1
CUST002974,DVC-a56656bc6b,IOS,N,2025-03-28,2025-12-09,265
CUST002974,DVC-1267623d92,ANDROID,N,2025-03-28,2025-08-17,379
CUST002975,DVC-094d082126,IOS,Y,2026-07-25,2026-08-25,6
CUST002976,DVC-6c9470a8a9,IOS,Y,2026-07-16,2026-08-29,2
CUST002977,DVC-83dc57882e,ANDROID,Y,2024-10-06,2026-08-31,0
CUST002977,DVC-53f66adf9d,ANDROID,N,2025-10-26,2026-06-18,74
CUST002978,DVC-d0b373c618,ANDROID,Y,2024-04-14,2026-08-31,0
CUST002978,DVC-a402283eb4,IOS,N,2025-05-22,2026-08-06,25
CUST002979,DVC-2d93fa4919,IOS,Y,2024-04-19,2026-08-27,4
CUST002979,DVC-87979f3502,ANDROID,N,2025-07-13,2026-08-21,10
CUST002980,DVC-c4cf534d26,IOS,Y,2026-04-27,2026-08-31,0
CUST002980,DVC-3ee31cde57,ANDROID,N,2024-05-13,2026-06-29,63
CUST002981,DVC-32a54aac72,ANDROID,Y,2025-07-16,2026-08-28,3
CUST002981,DVC-53ca8947f6,IOS,N,2024-12-24,2026-08-24,7
CUST002982,DVC-0a817c67f9,ANDROID,Y,2025-03-10,2026-08-31,0
CUST002982,DVC-f04bd8fd42,IOS,N,2024-04-04,2026-06-24,68
CUST002983,DVC-e5419c4688,ANDROID,Y,2024-06-07,2026-08-29,2
CUST002984,DVC-7d0764d10d,ANDROID,Y,2024-07-08,2026-08-31,0
CUST002984,DVC-d485791070,ANDROID,N,2026-01-22,2026-07-25,37
CUST002985,DVC-c8baabefb0,ANDROID,Y,2025-07-30,2026-08-27,4
CUST002985,DVC-d06f57b0a1,ANDROID,N,2025-12-19,2026-08-26,5
CUST002986,DVC-e3b96244bf,ANDROID,Y,2026-06-09,2026-08-27,4
CUST002987,DVC-01424b6f28,ANDROID,Y,2026-03-28,2026-08-26,5
CUST002988,DVC-37b7b82442,IOS,Y,2025-08-09,2026-08-28,3
CUST002988,DVC-f4a9ccea82,IOS,N,2025-07-26,2025-12-20,254
CUST002989,DVC-6e063b7fe6,ANDROID,Y,2026-04-26,2026-08-29,2
CUST002990,DVC-5b36129ae4,ANDROID,Y,2026-07-25,2026-08-28,3
CUST002991,DVC-18cda0a9c4,ANDROID,Y,2024-04-23,2026-08-30,1
CUST002992,DVC-b3d0c62012,IOS,Y,2026-06-23,2026-08-27,4
CUST002992,DVC-4a90c2813f,ANDROID,N,2026-06-18,2026-06-16,76
CUST002992,DVC-b5ec116b53,IOS,N,2026-06-28,2026-08-27,4
CUST002993,DVC-748814600d,IOS,Y,2025-12-31,2026-08-29,2
CUST002993,DVC-7eae4fe8a7,WEB,N,2025-10-20,2026-06-25,67
CUST002994,DVC-fdea5618e6,IOS,Y,2024-10-27,2026-08-28,3
CUST002995,DVC-bca2776a2f,WEB,Y,2024-11-02,2026-08-31,0
CUST002996,DVC-f080a434ec,ANDROID,Y,2024-03-16,2026-08-30,1
CUST002996,DVC-041235b8d5,ANDROID,N,2024-10-10,2026-06-29,63
CUST002996,DVC-cbcdbb959c,ANDROID,N,2026-03-18,2026-07-02,60
CUST002997,DVC-6114eef724,ANDROID,Y,2024-12-21,2026-08-28,3
CUST002997,DVC-1836fa3a7c,ANDROID,N,2024-07-28,2026-07-17,45
CUST002998,DVC-42cac7beb2,IOS,Y,2026-01-21,2026-08-25,6
CUST002999,DVC-1448b0161d,WEB,Y,2025-11-05,2026-08-30,1
CUST003000,DVC-d13aabe1fb,ANDROID,Y,2026-05-17,2026-08-28,3
CUST003000,DVC-ed93197150,ANDROID,N,2025-12-14,2026-07-10,52
CUST003000,DVC-7e2ad3e47d,ANDROID,N,2026-02-03,2026-07-21,41
CUST003001,DVC-5cf07e5be5,ANDROID,Y,2026-02-28,2026-08-31,0
CUST003002,DVC-1243f2dcd4,ANDROID,Y,2024-06-26,2026-08-28,3
CUST003002,DVC-d08ec446aa,ANDROID,N,2025-05-06,2026-07-18,44
CUST003002,DVC-ba68a84121,ANDROID,N,2026-05-25,2026-08-30,1
CUST003003,DVC-05ddb9bb0c,IOS,Y,2024-10-30,2026-08-31,0
CUST003003,DVC-f123dd353f,IOS,N,2024-09-10,2026-06-18,74
CUST003004,DVC-0aa8bf1302,WEB,Y,2026-02-02,2026-08-30,1
CUST003004,DVC-0333142581,ANDROID,N,2025-12-16,2026-06-16,76
CUST003004,DVC-0ce868cad3,WEB,N,2025-01-05,2026-08-12,19
CUST003005,DVC-3bb4049321,ANDROID,Y,2026-02-03,2026-08-29,2
CUST003006,DVC-f7954f337d,WEB,Y,2026-02-25,2026-08-31,0
CUST003006,DVC-3cd816e534,ANDROID,N,2025-04-23,2026-08-28,3
CUST003006,DVC-cb5f160032,ANDROID,N,2024-02-05,2026-06-25,67
CUST003007,DVC-a4b76b6550,ANDROID,Y,2024-12-25,2026-08-27,4
CUST003008,DVC-f785d01e77,ANDROID,Y,2026-04-21,2026-08-25,6
CUST003009,DVC-61a28e0818,IOS,Y,2025-09-11,2026-08-25,6
CUST003009,DVC-248374d75c,ANDROID,N,2024-09-08,2026-08-02,29
CUST003009,DVC-4742c1b7fa,ANDROID,N,2026-02-14,2026-08-30,1
CUST003010,DVC-8c873a8147,ANDROID,Y,2026-01-22,2026-08-27,4
CUST003010,DVC-71cf693fb7,WEB,N,2024-03-16,2026-07-26,36
CUST003011,DVC-e623d1fc99,ANDROID,Y,2025-07-01,2026-08-28,3
CUST003012,DVC-25364e7a2a,ANDROID,Y,2024-11-17,2026-08-25,6
CUST003013,DVC-c0b3b18f30,ANDROID,Y,2026-04-06,2026-08-27,4
CUST003014,DVC-0d88f136cc,ANDROID,Y,2025-02-16,2026-08-28,3
CUST003014,DVC-94ae9a02de,IOS,N,2025-08-03,2026-06-30,62
CUST003015,DVC-9a4edb16d6,ANDROID,Y,2024-08-18,2026-08-27,4
CUST003016,DVC-abfdf62e71,ANDROID,Y,2025-01-12,2026-08-25,6
CUST003017,DVC-83f1893498,ANDROID,Y,2024-06-22,2026-08-26,5
CUST003017,DVC-3e2833e3a2,ANDROID,N,2025-09-14,2026-08-05,26
CUST003017,DVC-3c718025be,ANDROID,N,2024-12-14,2025-10-22,313
CUST003018,DVC-6424bf4512,ANDROID,Y,2024-04-30,2026-08-30,1
CUST003018,DVC-8c1e6b44e3,ANDROID,N,2025-07-14,2026-06-23,69
CUST003019,DVC-bec89d1130,ANDROID,Y,2025-06-28,2026-08-29,2
CUST003019,DVC-e0ca7c3860,ANDROID,N,2026-01-28,2026-07-26,36
CUST003020,DVC-827639a7aa,ANDROID,Y,2026-03-14,2026-08-25,6
CUST003020,DVC-c8f54479ad,ANDROID,N,2025-04-28,2026-08-08,23
CUST003021,DVC-ad56ef6ee0,WEB,Y,2026-04-01,2026-08-27,4
CUST003021,DVC-4b7733f7b7,ANDROID,N,2025-11-20,2026-08-18,13
CUST003022,DVC-f0e78a8858,ANDROID,Y,2026-05-19,2026-08-31,0
CUST003022,DVC-6c469ec961,ANDROID,N,2024-05-08,2025-08-03,393
CUST003022,DVC-8abe81cee0,IOS,N,2024-03-27,2026-04-22,131
CUST003023,DVC-0c806a53a8,ANDROID,Y,2025-08-20,2026-08-31,0
CUST003023,DVC-fd60b010b1,ANDROID,N,2024-04-02,2026-06-13,79
CUST003024,DVC-bed1ca6638,WEB,Y,2026-03-19,2026-08-30,1
CUST003025,DVC-c46bc648c1,ANDROID,Y,2026-01-11,2026-08-25,6
CUST003026,DVC-5fee5549bc,IOS,Y,2025-03-01,2026-08-31,0
CUST003027,DVC-3b46361379,ANDROID,Y,2024-12-12,2026-08-31,0
CUST003028,DVC-f06bb12cd5,WEB,Y,2026-06-29,2026-08-29,2
CUST003028,DVC-a14bfd22d4,ANDROID,N,2025-08-31,2026-07-01,61
CUST003028,DVC-3880c47998,IOS,N,2025-01-12,2026-07-09,53
CUST003029,DVC-b0ede751b3,WEB,Y,2025-08-02,2026-08-27,4
CUST003029,DVC-20cbfa19b0,ANDROID,N,2026-01-16,2026-06-25,67
CUST003030,DVC-4c43bd4e1f,ANDROID,Y,2025-11-10,2026-08-29,2
CUST003031,DVC-20a8c3e189,WEB,Y,2024-12-20,2026-08-29,2
CUST003032,DVC-9f0e2c9ddf,ANDROID,Y,2026-03-10,2026-08-27,4
CUST003032,DVC-9e0c19fa45,ANDROID,N,2025-10-04,2026-07-22,40
CUST003033,DVC-ea24711dd3,IOS,Y,2024-11-19,2026-08-28,3
CUST003033,DVC-2003bac410,WEB,N,2024-04-02,2026-03-30,154
CUST003034,DVC-8dc8c665d7,ANDROID,Y,2024-04-18,2026-08-27,4
CUST003035,DVC-a454265d23,ANDROID,Y,2026-03-18,2026-08-26,5
CUST003035,DVC-768969aec5,IOS,N,2026-05-25,2026-07-09,53
CUST003036,DVC-7463be27b4,ANDROID,Y,2026-02-17,2026-08-29,2
CUST003036,DVC-b7170b9deb,WEB,N,2026-03-21,2026-08-09,22
CUST003037,DVC-44d1e0cfdb,IOS,Y,2024-07-16,2026-08-30,1
CUST003037,DVC-8f39ac281a,ANDROID,N,2024-09-19,2026-07-30,32
CUST003038,DVC-a4af10c0b0,WEB,Y,2026-07-26,2026-08-26,5
CUST003038,DVC-8813d9057b,ANDROID,N,2026-03-16,2026-07-22,40
CUST003039,DVC-f1708951d8,ANDROID,Y,2024-08-15,2026-08-30,1
CUST003039,DVC-e5217d418e,ANDROID,N,2024-02-09,2026-07-28,34
CUST003040,DVC-5caaff29e2,ANDROID,Y,2026-04-20,2026-08-27,4
CUST003041,DVC-d30fe96d90,ANDROID,Y,2025-03-18,2026-08-29,2
CUST003042,DVC-41ac70719b,ANDROID,Y,2025-03-27,2026-08-27,4
CUST003043,DVC-31d03e07ca,WEB,Y,2025-06-29,2026-08-25,6
CUST003044,DVC-bda9edc914,ANDROID,Y,2024-07-09,2026-08-27,4
CUST003045,DVC-0c8e9b1697,ANDROID,Y,2024-06-01,2026-08-25,6
CUST003045,DVC-d19a2dac0d,ANDROID,N,2024-07-29,2026-08-30,1
CUST003046,DVC-ed4ba07981,WEB,Y,2024-11-19,2026-08-31,0
CUST003047,DVC-baa1631408,ANDROID,Y,2026-02-11,2026-08-29,2
CUST003048,DVC-d42935114f,WEB,Y,2024-06-18,2026-08-26,5
CUST003049,DVC-9b2a7fa012,ANDROID,Y,2026-06-06,2026-08-26,5
CUST003049,DVC-198561cbaf,IOS,N,2024-10-07,2026-08-18,13
CUST003050,DVC-551be1850b,ANDROID,Y,2025-02-08,2026-08-27,4
CUST003051,DVC-cc835720f0,IOS,Y,2026-05-14,2026-08-31,0
CUST003051,DVC-4a3153e418,IOS,N,2026-02-26,2026-06-16,76
CUST003051,DVC-60a63f95b6,ANDROID,N,2024-10-23,2026-08-11,20
CUST003052,DVC-05a3b99962,ANDROID,Y,2025-12-02,2026-08-29,2
CUST003053,DVC-cc7d7bab74,ANDROID,Y,2026-07-25,2026-08-25,6
CUST003053,DVC-08d383c6b4,IOS,N,2026-07-13,2026-07-07,55
CUST003054,DVC-325631436d,ANDROID,Y,2025-02-20,2026-08-26,5
CUST003055,DVC-fa38a2d441,WEB,Y,2026-03-18,2026-08-27,4
CUST003056,DVC-f30589326e,ANDROID,Y,2026-03-13,2026-08-26,5
CUST003057,DVC-aaaba7a3d4,IOS,Y,2024-04-28,2026-08-30,1
CUST003058,DVC-828fdb4df4,WEB,Y,2026-07-09,2026-08-31,0
CUST003058,DVC-fb69adeec9,ANDROID,N,2026-03-07,2026-07-14,48
CUST003058,DVC-d8ed1751de,ANDROID,N,2026-05-06,2026-06-22,70
CUST003059,DVC-c276f73ab2,ANDROID,Y,2026-07-05,2026-08-29,2
CUST003059,DVC-a0d26664f4,IOS,N,2024-07-17,2026-08-12,19
CUST003060,DVC-83ef6d37c8,ANDROID,Y,2024-10-12,2026-08-25,6
CUST003061,DVC-c0fa03bc37,ANDROID,Y,2026-06-05,2026-08-30,1
CUST003062,DVC-4b6498928b,ANDROID,Y,2025-07-31,2026-08-30,1
CUST003062,DVC-a8bdf95862,ANDROID,N,2024-09-25,2026-06-28,64
CUST003062,DVC-cc280c958c,ANDROID,N,2025-07-10,2026-08-12,19
CUST003063,DVC-a0489f2007,ANDROID,Y,2025-09-24,2026-08-27,4
CUST003064,DVC-367add8cf6,IOS,Y,2025-01-10,2026-08-31,0
CUST003065,DVC-0fdfa08d18,ANDROID,Y,2025-02-05,2026-08-29,2
CUST003065,DVC-2430f5247c,ANDROID,N,2024-03-18,2025-12-22,252
CUST003066,DVC-18c112a2cf,ANDROID,Y,2024-07-08,2026-08-29,2
CUST003066,DVC-9eef5f9913,ANDROID,N,2025-03-31,2026-08-01,30
CUST003066,DVC-59d421d690,WEB,N,2025-11-21,2026-07-08,54
CUST003067,DVC-750b488996,ANDROID,Y,2024-08-08,2026-08-29,2
CUST003067,DVC-afb2af7b9c,ANDROID,N,2025-04-29,2026-07-06,56
CUST003068,DVC-911f1dc362,ANDROID,Y,2024-09-04,2026-08-30,1
CUST003068,DVC-6b7a851ec9,ANDROID,N,2025-04-24,2026-07-26,36
CUST003069,DVC-2be324c846,IOS,Y,2025-01-07,2026-08-27,4
CUST003069,DVC-da9185e188,ANDROID,N,2025-11-10,2026-07-20,42
CUST003070,DVC-3caa4edb72,ANDROID,Y,2025-02-26,2026-08-25,6
CUST003071,DVC-1abca64b17,IOS,Y,2025-03-07,2026-08-30,1
CUST003072,DVC-0f5ade7cff,ANDROID,Y,2026-04-13,2026-08-27,4
CUST003073,DVC-5ea4e3a68e,IOS,Y,2026-03-20,2026-08-26,5
CUST003074,DVC-b7d95b64d1,ANDROID,Y,2025-12-30,2026-08-30,1
CUST003074,DVC-10854774d3,IOS,N,2026-03-01,2026-07-13,49
CUST003075,DVC-0043560dd0,ANDROID,Y,2026-03-13,2026-08-25,6
CUST003075,DVC-f84201beeb,ANDROID,N,2025-04-18,2026-08-17,14
CUST003076,DVC-98b9548f4f,ANDROID,Y,2024-05-10,2026-08-27,4
CUST003077,DVC-35a64d0b08,ANDROID,Y,2025-08-13,2026-08-25,6
CUST003078,DVC-bb613fca8e,IOS,Y,2024-08-25,2026-08-26,5
CUST003078,DVC-0f8b1d3c76,IOS,N,2024-06-25,2026-07-26,36
CUST003079,DVC-239cbeff63,IOS,Y,2026-06-27,2026-08-30,1
CUST003080,DVC-f142070811,ANDROID,Y,2025-12-23,2026-08-31,0
CUST003080,DVC-32ab51931d,ANDROID,N,2025-07-06,2026-06-24,68
CUST003080,DVC-c114515e39,ANDROID,N,2024-04-20,2025-08-26,370
CUST003081,DVC-495fb8258d,ANDROID,Y,2026-05-09,2026-08-30,1
CUST003081,DVC-cd832e908e,IOS,N,2024-03-29,2026-08-20,11
CUST003082,DVC-22bec44724,ANDROID,Y,2025-09-19,2026-08-27,4
CUST003082,DVC-3cc786dce3,ANDROID,N,2025-08-22,2026-08-30,1
CUST003083,DVC-f1292456c1,IOS,Y,2025-07-18,2026-08-30,1
CUST003084,DVC-fa1f24d5c8,ANDROID,Y,2026-06-21,2026-08-26,5
CUST003085,DVC-cb0aad8569,ANDROID,Y,2024-04-07,2026-08-25,6
CUST003085,DVC-68dd380b55,ANDROID,N,2026-03-23,2026-08-16,15
CUST003086,DVC-eabe21268a,IOS,Y,2025-11-05,2026-08-30,1
CUST003087,DVC-4c5974d9d2,ANDROID,Y,2025-04-10,2026-08-30,1
CUST003088,DVC-a9a499f293,IOS,Y,2024-09-20,2026-08-26,5
CUST003088,DVC-8281a94227,WEB,N,2024-03-14,2026-06-30,62
CUST003089,DVC-05ae91777e,ANDROID,Y,2025-12-07,2026-08-28,3
CUST003090,DVC-fb77e70fb8,ANDROID,Y,2025-01-19,2026-08-27,4
CUST003091,DVC-502858dd12,ANDROID,Y,2024-12-28,2026-08-29,2
CUST003091,DVC-def987521f,ANDROID,N,2025-11-03,2026-08-28,3
CUST003092,DVC-13f4ec633b,ANDROID,Y,2024-05-16,2026-08-30,1
CUST003092,DVC-415fe1541d,ANDROID,N,2024-11-20,2026-08-21,10
CUST003092,DVC-11d3b14130,ANDROID,N,2024-05-10,2025-10-09,326
CUST003093,DVC-e77b56ab0b,ANDROID,Y,2024-11-08,2026-08-28,3
CUST003093,DVC-08737a2d6f,ANDROID,N,2025-01-23,2026-08-05,26
CUST003094,DVC-af5e2f4f9d,ANDROID,Y,2025-07-08,2026-08-25,6
CUST003095,DVC-068cf40aa0,ANDROID,Y,2025-05-18,2026-08-31,0
CUST003095,DVC-ce14eac172,ANDROID,N,2026-02-02,2026-08-11,20
CUST003096,DVC-d9cd0117db,ANDROID,Y,2026-03-09,2026-08-27,4
CUST003097,DVC-8e85c7020f,ANDROID,Y,2026-04-26,2026-08-26,5
CUST003098,DVC-abcb164524,WEB,Y,2026-04-15,2026-08-28,3
CUST003098,DVC-077704fc34,IOS,N,2024-03-11,2026-07-06,56
CUST003098,DVC-ac3948092e,IOS,N,2024-09-11,2026-01-30,213
CUST003099,DVC-4440bb42c3,IOS,Y,2026-04-27,2026-08-26,5
CUST003100,DVC-8cfaa4c2e5,ANDROID,Y,2026-07-12,2026-08-27,4
CUST003100,DVC-11d0a74f9c,ANDROID,N,2026-02-26,2026-06-16,76
CUST003101,DVC-0bee86d1bb,ANDROID,Y,2024-10-10,2026-08-30,1
CUST003102,DVC-b85f7df9fa,ANDROID,Y,2025-09-12,2026-08-28,3
CUST003102,DVC-edd5537378,ANDROID,N,2025-09-16,2026-07-15,47
CUST003102,DVC-2d26ce0cc9,IOS,N,2025-09-17,2026-04-14,139
CUST003103,DVC-e419be874a,IOS,Y,2026-07-15,2026-08-31,0
CUST003103,DVC-fa4cc19362,IOS,N,2026-04-25,2026-07-14,48
CUST003104,DVC-a233603a28,ANDROID,Y,2026-03-14,2026-08-30,1
CUST003104,DVC-dac50c2774,IOS,N,2025-10-17,2026-07-05,57
CUST003105,DVC-867be95f95,ANDROID,Y,2024-08-17,2026-08-30,1
CUST003106,DVC-a45f08f0a0,ANDROID,Y,2025-09-25,2026-08-27,4
CUST003107,DVC-9523d75b5c,WEB,Y,2024-06-21,2026-08-31,0
CUST003107,DVC-a1b52d81a0,IOS,N,2026-06-19,2026-08-28,3
CUST003108,DVC-adfd8f504b,ANDROID,Y,2024-06-08,2026-08-27,4
CUST003109,DVC-e9fc4118bb,ANDROID,Y,2024-08-17,2026-08-28,3
CUST003109,DVC-c98f9d474e,ANDROID,N,2025-09-17,2026-07-11,51
CUST003110,DVC-bf823ccc63,ANDROID,Y,2025-08-12,2026-08-29,2
CUST003110,DVC-efa82a06df,ANDROID,N,2025-03-29,2026-07-17,45
CUST003111,DVC-7da4bfbfbb,ANDROID,Y,2026-07-21,2026-08-29,2
CUST003112,DVC-cf836de9d6,IOS,Y,2026-02-11,2026-08-30,1
CUST003113,DVC-8ff3d12886,ANDROID,Y,2025-01-22,2026-08-31,0
CUST003114,DVC-7c236c5a6e,ANDROID,Y,2025-05-01,2026-08-31,0
CUST003115,DVC-0f13f9bee6,ANDROID,Y,2025-09-07,2026-08-25,6
CUST003115,DVC-00eeb6406d,IOS,N,2024-04-30,2026-07-19,43
CUST003116,DVC-ddcafcfc86,ANDROID,Y,2026-04-03,2026-08-25,6
CUST003116,DVC-64a73c0c02,ANDROID,N,2024-12-07,2026-08-11,20
CUST003117,DVC-9c3473097b,WEB,Y,2025-10-27,2026-08-29,2
CUST003118,DVC-b4305ceae6,ANDROID,Y,2025-08-31,2026-08-28,3
CUST003118,DVC-1db319764a,ANDROID,N,2024-06-11,2025-07-31,396
CUST003119,DVC-7e885e2a25,ANDROID,Y,2026-03-05,2026-08-31,0
CUST003120,DVC-5e5c299f2f,WEB,Y,2025-08-09,2026-08-28,3
CUST003121,DVC-5acdedb09a,ANDROID,Y,2024-09-26,2026-08-27,4
CUST003121,DVC-5b105d2fa0,ANDROID,N,2024-08-23,2026-07-06,56
CUST003122,DVC-799c0c70b2,ANDROID,Y,2024-05-03,2026-08-31,0
CUST003122,DVC-e4bd7d74ac,ANDROID,N,2026-01-11,2026-08-15,16
CUST003123,DVC-d0769bef40,ANDROID,Y,2024-11-21,2026-08-26,5
CUST003124,DVC-e9b2b48ed0,IOS,Y,2024-06-27,2026-08-25,6
CUST003124,DVC-13cb34a7b3,IOS,N,2024-08-09,2026-08-16,15
CUST003125,DVC-09025cbec4,ANDROID,Y,2024-12-27,2026-08-28,3
CUST003125,DVC-8b8146315b,IOS,N,2025-06-14,2026-07-13,49
CUST003126,DVC-acce8166d5,IOS,Y,2025-04-11,2026-08-25,6
CUST003126,DVC-e86dee4d71,ANDROID,N,2024-11-07,2026-02-11,201
CUST003127,DVC-2a8ebccc6f,IOS,Y,2024-08-17,2026-08-29,2
CUST003128,DVC-8ccf8d891a,WEB,Y,2024-09-10,2026-08-29,2
CUST003129,DVC-9ad13aa749,ANDROID,Y,2026-07-08,2026-08-27,4
CUST003129,DVC-04b1e6b7ad,IOS,N,2026-02-08,2026-08-18,13
CUST003130,DVC-add12c1e50,IOS,Y,2025-11-16,2026-08-31,0
CUST003130,DVC-c9ee2589fd,ANDROID,N,2026-01-30,2026-08-28,3
CUST003131,DVC-223a34fda5,IOS,Y,2026-06-06,2026-08-25,6
CUST003131,DVC-cacca7b96f,ANDROID,N,2026-06-06,2026-07-10,52
CUST003132,DVC-f76517fac7,IOS,Y,2026-04-18,2026-08-25,6
CUST003132,DVC-3f333ec9c2,WEB,N,2024-03-15,2026-07-06,56
CUST003133,DVC-9ed2f5f189,ANDROID,Y,2024-10-02,2026-08-25,6
CUST003134,DVC-6d3fbb9a34,ANDROID,Y,2026-03-20,2026-08-26,5
CUST003134,DVC-f24ffe77dc,IOS,N,2024-03-13,2026-08-26,5
CUST003134,DVC-c7c71fd1b3,ANDROID,N,2026-02-10,2026-07-01,61
CUST003135,DVC-4c967c81cd,IOS,Y,2024-10-05,2026-08-31,0
CUST003136,DVC-cb712894a3,IOS,Y,2024-10-14,2026-08-29,2
CUST003136,DVC-168ed765ab,IOS,N,2025-07-25,2026-06-23,69
CUST003137,DVC-c57ab37637,ANDROID,Y,2024-07-24,2026-08-28,3
CUST003138,DVC-38f665e5f9,IOS,Y,2025-04-15,2026-08-30,1
CUST003139,DVC-3429ec203f,ANDROID,Y,2026-02-10,2026-08-27,4
CUST003140,DVC-59f2155ae5,ANDROID,Y,2026-05-12,2026-08-25,6
CUST003140,DVC-1d93ac591a,IOS,N,2026-05-08,2026-06-29,63
CUST003141,DVC-310b97af99,ANDROID,Y,2024-07-01,2026-08-29,2
CUST003141,DVC-f8781c848f,ANDROID,N,2025-06-07,2026-08-24,7
CUST003141,DVC-468704f2af,IOS,N,2025-10-06,2026-07-01,61
CUST003142,DVC-b3e841b6b3,ANDROID,Y,2026-04-15,2026-08-25,6
CUST003143,DVC-a881243c41,ANDROID,Y,2025-09-23,2026-08-26,5
CUST003144,DVC-590809cd76,ANDROID,Y,2026-04-22,2026-08-31,0
CUST003145,DVC-36e0bd23e6,ANDROID,Y,2024-10-21,2026-08-29,2
CUST003145,DVC-45f4eeadc2,ANDROID,N,2024-12-18,2026-07-27,35
CUST003146,DVC-8bd3c3cdba,ANDROID,Y,2024-09-21,2026-08-28,3
CUST003147,DVC-52c03057b2,ANDROID,Y,2026-04-09,2026-08-30,1
CUST003147,DVC-6f210221e9,ANDROID,N,2025-08-10,2026-08-04,27
CUST003148,DVC-84eebffaf9,ANDROID,Y,2025-11-28,2026-08-25,6
CUST003148,DVC-6fd2a94bcd,IOS,N,2025-09-15,2026-07-10,52
CUST003149,DVC-852850c8ad,ANDROID,Y,2026-07-24,2026-08-25,6
CUST003150,DVC-d69629c6d1,ANDROID,Y,2025-10-03,2026-08-27,4
CUST003151,DVC-a25bff349a,ANDROID,Y,2025-12-06,2026-08-30,1
CUST003152,DVC-dcc0550797,ANDROID,Y,2026-07-07,2026-08-26,5
CUST003152,DVC-e82ed4384d,ANDROID,N,2026-06-17,2026-08-14,17
CUST003153,DVC-8b851fc6ab,ANDROID,Y,2026-05-11,2026-08-28,3
CUST003154,DVC-5e6203ba5c,ANDROID,Y,2026-03-23,2026-08-31,0
CUST003154,DVC-11749ed9bd,IOS,N,2026-03-23,2026-06-17,75
CUST003155,DVC-4d74156949,IOS,Y,2024-10-03,2026-08-27,4
CUST003155,DVC-f8ed54dfb9,ANDROID,N,2025-12-09,2026-08-08,23
CUST003156,DVC-85ad6eaae4,ANDROID,Y,2026-03-22,2026-08-28,3
CUST003156,DVC-9d51184d17,IOS,N,2026-05-18,2026-06-24,68
CUST003157,DVC-cef8f91121,IOS,Y,2026-01-04,2026-08-29,2
CUST003158,DVC-7fc1cb17af,ANDROID,Y,2026-06-10,2026-08-25,6
CUST003159,DVC-467a37c388,ANDROID,Y,2025-09-09,2026-08-26,5
CUST003159,DVC-a57971c2f3,ANDROID,N,2026-04-25,2026-06-30,62
CUST003159,DVC-e5dc20a613,WEB,N,2026-04-08,2026-07-02,60
CUST003160,DVC-306f34f02b,IOS,Y,2024-11-24,2026-08-28,3
CUST003161,DVC-705165b6b3,IOS,Y,2025-03-17,2026-08-26,5
CUST003162,DVC-312b60cc20,ANDROID,Y,2026-06-19,2026-08-25,6
CUST003163,DVC-6ff951444f,ANDROID,Y,2024-06-02,2026-08-29,2
CUST003163,DVC-4754dd5938,IOS,N,2025-08-23,2026-02-02,210
CUST003164,DVC-f58dcd7d48,ANDROID,Y,2024-08-01,2026-08-30,1
CUST003165,DVC-2b74f91b7e,ANDROID,Y,2024-10-12,2026-08-30,1
CUST003165,DVC-e94810f3dd,ANDROID,N,2026-03-12,2026-07-11,51
CUST003166,DVC-0306560687,ANDROID,Y,2025-04-29,2026-08-27,4
CUST003167,DVC-d85c683a13,IOS,Y,2025-05-31,2026-08-25,6
CUST003168,DVC-ad8868b86e,ANDROID,Y,2025-01-25,2026-08-26,5
CUST003169,DVC-f783d57b1f,IOS,Y,2026-01-08,2026-08-27,4
CUST003170,DVC-3dae0e5241,ANDROID,Y,2026-07-16,2026-08-25,6
CUST003171,DVC-79addb7c24,IOS,Y,2024-05-21,2026-08-28,3
CUST003172,DVC-c1a0dbfdc4,ANDROID,Y,2026-02-23,2026-08-27,4
CUST003173,DVC-592e378d8f,ANDROID,Y,2026-03-14,2026-08-29,2
CUST003174,DVC-2d4d0eed48,IOS,Y,2024-12-19,2026-08-30,1
CUST003175,DVC-220aad5897,IOS,Y,2025-11-01,2026-08-28,3
CUST003176,DVC-cf51b1d300,ANDROID,Y,2024-09-20,2026-08-29,2
CUST003177,DVC-77efa0625f,ANDROID,Y,2026-01-27,2026-08-30,1
CUST003178,DVC-4d195f828d,IOS,Y,2025-08-22,2026-08-29,2
CUST003179,DVC-8d9302d332,ANDROID,Y,2025-01-11,2026-08-26,5
CUST003180,DVC-5361f80927,ANDROID,Y,2025-08-30,2026-08-30,1
CUST003180,DVC-744a168534,ANDROID,N,2024-03-25,2026-08-03,28
CUST003181,DVC-c5f8d9a670,ANDROID,Y,2026-04-30,2026-08-31,0
CUST003181,DVC-088557de0b,ANDROID,N,2026-05-26,2026-08-01,30
CUST003182,DVC-0e7d53bd1f,IOS,Y,2025-02-26,2026-08-30,1
CUST003183,DVC-4ec2ac7168,ANDROID,Y,2025-12-29,2026-08-30,1
CUST003184,DVC-49f7945844,WEB,Y,2025-08-24,2026-08-31,0
CUST003184,DVC-659ede1930,ANDROID,N,2025-10-22,2026-06-22,70
CUST003184,DVC-9790fcc1e4,ANDROID,N,2024-04-11,2026-01-01,242
CUST003185,DVC-a7f52d437b,ANDROID,Y,2025-11-11,2026-08-31,0
CUST003185,DVC-3b8e71dd81,ANDROID,N,2026-05-02,2026-07-02,60
CUST003185,DVC-7ef9c336aa,IOS,N,2025-08-11,2025-11-21,283
CUST003186,DVC-bef561df0e,IOS,Y,2025-04-25,2026-08-30,1
CUST003186,DVC-451df0d07d,ANDROID,N,2024-02-08,2026-07-02,60
CUST003187,DVC-545929d50e,ANDROID,Y,2026-05-13,2026-08-29,2
CUST003188,DVC-cf5220ec07,ANDROID,Y,2026-06-23,2026-08-30,1
CUST003189,DVC-7415a11579,ANDROID,Y,2025-11-08,2026-08-30,1
CUST003190,DVC-930ed4a141,ANDROID,Y,2025-05-13,2026-08-30,1
CUST003190,DVC-0e54252312,ANDROID,N,2025-01-01,2026-06-24,68
CUST003191,DVC-1d503fcf47,IOS,Y,2024-06-23,2026-08-31,0
CUST003192,DVC-7e1d674e5f,ANDROID,Y,2025-10-08,2026-08-28,3
CUST003193,DVC-038ffb4121,ANDROID,Y,2025-02-28,2026-08-27,4
CUST003194,DVC-620d97fd31,IOS,Y,2026-02-12,2026-08-30,1
CUST003194,DVC-296413158e,ANDROID,N,2025-04-21,2026-06-15,77
CUST003195,DVC-cfa873c254,IOS,Y,2024-12-08,2026-08-27,4
CUST003195,DVC-032ad56d06,WEB,N,2025-05-07,2025-08-07,389
CUST003196,DVC-9756e44117,ANDROID,Y,2025-11-15,2026-08-27,4
CUST003197,DVC-b586fe33e7,IOS,Y,2026-07-15,2026-08-29,2
CUST003198,DVC-90b0e8a022,ANDROID,Y,2025-06-16,2026-08-28,3
CUST003199,DVC-63d81a2c24,ANDROID,Y,2024-06-23,2026-08-25,6
CUST003200,DVC-87fd0a5279,ANDROID,Y,2024-05-30,2026-08-27,4
CUST003201,DVC-e830d62d5f,ANDROID,Y,2024-11-16,2026-08-28,3
CUST003201,DVC-4362f89eb8,ANDROID,N,2024-06-18,2026-07-29,33
CUST003201,DVC-4b9bdb6f0e,ANDROID,N,2024-03-08,2026-08-06,25
CUST003202,DVC-29bfce57a7,IOS,Y,2024-10-25,2026-08-30,1
CUST003202,DVC-de51d1a79d,ANDROID,N,2024-01-01,2026-06-17,75
CUST003203,DVC-4f96a63cdb,ANDROID,Y,2026-07-20,2026-08-26,5
CUST003203,DVC-995087ccbe,ANDROID,N,2026-06-12,2026-07-15,47
CUST003203,DVC-f9c525bd38,IOS,N,2026-04-08,2026-05-19,104
CUST003204,DVC-2181c04b17,ANDROID,Y,2025-08-27,2026-08-27,4
CUST003205,DVC-5d8881128f,ANDROID,Y,2026-07-05,2026-08-29,2
CUST003206,DVC-6f6bc6c369,ANDROID,Y,2024-08-25,2026-08-27,4
CUST003207,DVC-458df35373,ANDROID,Y,2025-12-15,2026-08-30,1
CUST003207,DVC-ee65949e29,ANDROID,N,2025-08-22,2026-08-17,14
CUST003208,DVC-b3ffb8b970,ANDROID,Y,2026-04-21,2026-08-27,4
CUST003208,DVC-da9e60104e,ANDROID,N,2025-06-01,2026-08-02,29
CUST003209,DVC-548c9e0e47,ANDROID,Y,2025-03-28,2026-08-27,4
CUST003210,DVC-54c67bb68f,IOS,Y,2024-08-18,2026-08-26,5
CUST003210,DVC-d47cdc578a,IOS,N,2025-06-20,2026-07-26,36
CUST003211,DVC-da162753bc,ANDROID,Y,2026-07-20,2026-08-29,2
CUST003212,DVC-c3477e1d9d,IOS,Y,2024-10-21,2026-08-26,5
CUST003212,DVC-43b506dd67,ANDROID,N,2024-05-06,2026-08-28,3
CUST003212,DVC-f3c55d164b,ANDROID,N,2024-02-27,2026-06-14,78
CUST003213,DVC-70aabad69f,ANDROID,Y,2025-06-14,2026-08-26,5
CUST003214,DVC-0e805f4f67,IOS,Y,2025-11-22,2026-08-26,5
CUST003214,DVC-6a855c1e49,ANDROID,N,2026-05-15,2026-07-14,48
CUST003215,DVC-1e69a40fe9,ANDROID,Y,2024-08-10,2026-08-29,2
CUST003215,DVC-5a4af59b08,ANDROID,N,2026-07-05,2026-08-12,19
CUST003216,DVC-946d44d4eb,WEB,Y,2026-07-11,2026-08-28,3
CUST003217,DVC-3620673aca,IOS,Y,2024-12-15,2026-08-25,6
CUST003218,DVC-74c3191759,IOS,Y,2025-06-17,2026-08-29,2
CUST003219,DVC-0a272da589,WEB,Y,2025-03-03,2026-08-27,4
CUST003219,DVC-772c9466f0,ANDROID,N,2025-10-18,2026-08-25,6
CUST003219,DVC-400f617d8d,ANDROID,N,2024-10-05,2026-06-15,77
CUST003220,DVC-f37d766a21,ANDROID,Y,2026-07-17,2026-08-25,6
CUST003221,DVC-21b367cb6b,IOS,Y,2025-10-20,2026-08-26,5
CUST003222,DVC-4c433fceb4,ANDROID,Y,2025-05-20,2026-08-26,5
CUST003222,DVC-ac6b52f431,IOS,N,2026-05-15,2026-06-17,75
CUST003223,DVC-7f8bd65568,WEB,Y,2025-12-28,2026-08-26,5
CUST003223,DVC-9fb964a581,ANDROID,N,2025-10-30,2026-07-02,60
CUST003224,DVC-c56899e47d,ANDROID,Y,2025-10-17,2026-08-27,4
CUST003224,DVC-b562c3a0ca,ANDROID,N,2026-01-03,2026-07-05,57
CUST003225,DVC-5ff4165e50,ANDROID,Y,2025-03-10,2026-08-26,5
CUST003226,DVC-06bae70485,IOS,Y,2024-11-17,2026-08-29,2
CUST003227,DVC-3caac55090,ANDROID,Y,2026-03-19,2026-08-27,4
CUST003228,DVC-2a92cb44d6,ANDROID,Y,2024-11-03,2026-08-25,6
CUST003229,DVC-956bdc42de,IOS,Y,2025-08-21,2026-08-31,0
CUST003229,DVC-87bc076345,ANDROID,N,2026-05-10,2026-08-24,7
CUST003230,DVC-d2b08e7776,ANDROID,Y,2024-12-22,2026-08-31,0
CUST003231,DVC-5b40e38a8d,ANDROID,Y,2024-09-30,2026-08-25,6
CUST003232,DVC-5dff116d1e,ANDROID,Y,2025-05-29,2026-08-27,4
CUST003233,DVC-de0b4912ae,IOS,Y,2024-03-11,2026-08-28,3
CUST003234,DVC-d23d710a7e,ANDROID,Y,2024-10-22,2026-08-26,5
CUST003235,DVC-658cd84cb1,ANDROID,Y,2025-11-29,2026-08-28,3
CUST003235,DVC-61168cfef2,ANDROID,N,2025-07-07,2026-08-13,18
CUST003236,DVC-466a3df9ed,ANDROID,Y,2025-08-24,2026-08-29,2
CUST003236,DVC-667c870dcc,ANDROID,N,2026-03-19,2026-07-05,57
CUST003237,DVC-5c9350e290,ANDROID,Y,2025-07-08,2026-08-25,6
CUST003237,DVC-2d6a1006df,ANDROID,N,2025-04-16,2026-08-28,3
CUST003238,DVC-4aeb834d98,ANDROID,Y,2026-02-10,2026-08-30,1
CUST003238,DVC-1f9131977d,ANDROID,N,2025-12-19,2026-07-25,37
CUST003239,DVC-81a8718e6c,ANDROID,Y,2026-02-07,2026-08-27,4
CUST003240,DVC-8d85212bad,WEB,Y,2026-07-01,2026-08-29,2
CUST003240,DVC-193cff292e,ANDROID,N,2026-02-05,2026-06-15,77
CUST003240,DVC-ca195e4374,ANDROID,N,2025-10-18,2026-07-13,49
CUST003241,DVC-5e4d4e914c,ANDROID,Y,2025-05-03,2026-08-29,2
CUST003242,DVC-09f8c1d1b2,ANDROID,Y,2025-02-24,2026-08-26,5
CUST003242,DVC-db249711a7,ANDROID,N,2026-03-09,2026-08-16,15
CUST003243,DVC-707115eb3f,IOS,Y,2025-12-03,2026-08-27,4
CUST003244,DVC-3f2282866b,IOS,Y,2025-05-16,2026-08-25,6
CUST003245,DVC-3f0d93c7cd,ANDROID,Y,2025-01-30,2026-08-27,4
CUST003246,DVC-976c9c4c43,ANDROID,Y,2024-07-09,2026-08-29,2
CUST003247,DVC-6bb7ae60f5,WEB,Y,2025-09-01,2026-08-29,2
CUST003247,DVC-6e4631b0fc,ANDROID,N,2025-08-20,2026-08-14,17
CUST003248,DVC-4ececa55e7,ANDROID,Y,2026-05-16,2026-08-31,0
CUST003248,DVC-b9b20d7baa,WEB,N,2026-06-20,2026-08-05,26
CUST003249,DVC-11149a370f,ANDROID,Y,2025-08-07,2026-08-25,6
CUST003249,DVC-905d618b46,ANDROID,N,2025-11-08,2026-08-15,16
CUST003250,DVC-f1b95909fc,ANDROID,Y,2026-06-13,2026-08-29,2
CUST003250,DVC-68896e55fe,IOS,N,2026-06-18,2026-07-25,37
CUST003251,DVC-649f8f4c24,ANDROID,Y,2025-11-28,2026-08-30,1
CUST003251,DVC-38c6cab0c9,ANDROID,N,2026-01-18,2026-08-15,16
CUST003252,DVC-b16ff20c61,ANDROID,Y,2024-11-01,2026-08-27,4
CUST003253,DVC-7abaccece0,ANDROID,Y,2026-07-14,2026-08-27,4
CUST003254,DVC-875faa0cf5,ANDROID,Y,2026-03-08,2026-08-28,3
CUST003254,DVC-f833d01911,ANDROID,N,2025-10-19,2026-06-20,72
CUST003255,DVC-e9da31b11a,IOS,Y,2025-07-28,2026-08-28,3
CUST003255,DVC-cad2c8f891,ANDROID,N,2025-06-04,2026-06-19,73
CUST003256,DVC-8b9079f1ab,ANDROID,Y,2025-12-08,2026-08-27,4
CUST003256,DVC-3bad02e786,IOS,N,2026-06-09,2026-08-02,29
CUST003257,DVC-8108644082,WEB,Y,2026-04-08,2026-08-25,6
CUST003257,DVC-7d163f13bf,IOS,N,2026-07-16,2026-08-15,16
CUST003258,DVC-7bb348fc3c,ANDROID,Y,2025-03-26,2026-08-25,6
CUST003258,DVC-11ceb9abe5,ANDROID,N,2026-01-26,2026-07-17,45
CUST003259,DVC-62bd424ff9,WEB,Y,2024-06-09,2026-08-31,0
CUST003259,DVC-121f50df3c,WEB,N,2025-06-09,2026-08-24,7
CUST003260,DVC-2e6a2346e0,WEB,Y,2025-01-15,2026-08-25,6
CUST003260,DVC-a65e78ea9d,WEB,N,2025-05-31,2026-05-05,118
CUST003260,DVC-9d853ebda3,IOS,N,2026-06-25,2026-08-25,6
CUST003261,DVC-c6769c5f23,IOS,Y,2025-06-16,2026-08-25,6
CUST003261,DVC-19af455d1c,WEB,N,2026-02-23,2026-06-20,72
CUST003262,DVC-87711acb07,WEB,Y,2025-08-02,2026-08-25,6
CUST003262,DVC-a98b758c99,WEB,N,2025-07-02,2026-05-12,111
CUST003262,DVC-ad7bfb9a47,ANDROID,N,2026-03-26,2026-06-16,76
CUST003263,DVC-b6659df2b7,IOS,Y,2026-07-17,2026-08-30,1
CUST003264,DVC-96db68d6b5,IOS,Y,2024-07-09,2026-08-25,6
CUST003264,DVC-839c15ca86,ANDROID,N,2025-05-26,2026-08-22,9
CUST003265,DVC-3711f46200,IOS,Y,2024-08-07,2026-08-29,2
CUST003266,DVC-c8a1315f63,ANDROID,Y,2025-08-17,2026-08-31,0
CUST003267,DVC-73486990d7,ANDROID,Y,2026-03-19,2026-08-26,5
CUST003267,DVC-85e292da1b,ANDROID,N,2025-09-12,2026-08-07,24
CUST003268,DVC-c3591d4bc8,IOS,Y,2025-09-10,2026-08-29,2
CUST003269,DVC-24ed3c4177,ANDROID,Y,2026-04-26,2026-08-27,4
CUST003270,DVC-4226d19264,IOS,Y,2026-01-14,2026-08-27,4
CUST003270,DVC-a719d94e6e,ANDROID,N,2024-08-23,2026-08-06,25
CUST003270,DVC-78e7ae62ad,ANDROID,N,2023-12-19,2026-05-08,115
CUST003271,DVC-5224af09f7,ANDROID,Y,2026-01-23,2026-08-27,4
CUST003271,DVC-59f40ea696,IOS,N,2024-03-17,2026-07-13,49
CUST003272,DVC-578c46b267,ANDROID,Y,2026-07-13,2026-08-27,4
CUST003272,DVC-f1bfe5fa0b,ANDROID,N,2025-08-11,2026-06-25,67
CUST003273,DVC-a2950687c1,ANDROID,Y,2026-02-25,2026-08-31,0
CUST003273,DVC-f749e9f260,IOS,N,2024-05-19,2026-07-12,50
CUST003274,DVC-545da50eaa,ANDROID,Y,2025-08-05,2026-08-26,5
CUST003274,DVC-c18b709019,ANDROID,N,2025-11-26,2026-08-20,11
CUST003275,DVC-49ad7caf30,ANDROID,Y,2026-05-16,2026-08-28,3
CUST003275,DVC-42a708b3a9,ANDROID,N,2026-04-17,2026-07-02,60
CUST003275,DVC-ce4dd9890c,ANDROID,N,2026-05-26,2026-07-11,51
CUST003276,DVC-6047400097,IOS,Y,2024-12-13,2026-08-30,1
CUST003276,DVC-1c57f36498,ANDROID,N,2024-08-02,2026-08-29,2
CUST003277,DVC-83a9c3abde,ANDROID,Y,2025-07-10,2026-08-30,1
CUST003278,DVC-c14707b3cd,ANDROID,Y,2025-12-31,2026-08-26,5
CUST003279,DVC-e8e83e5cc4,ANDROID,Y,2025-12-16,2026-08-29,2
CUST003279,DVC-7c15e8451a,IOS,N,2026-04-16,2026-07-09,53
CUST003280,DVC-ae0177175f,WEB,Y,2026-06-25,2026-08-25,6
CUST003280,DVC-740d8f9e54,ANDROID,N,2026-06-25,2026-07-26,36
CUST003281,DVC-99e1923d60,ANDROID,Y,2024-04-05,2026-08-28,3
CUST003282,DVC-90ae455cf2,ANDROID,Y,2025-08-20,2026-08-28,3
CUST003282,DVC-fa9b036746,IOS,N,2024-06-12,2026-06-15,77
CUST003283,DVC-e4ae87e29e,ANDROID,Y,2025-08-23,2026-08-27,4
CUST003284,DVC-d75a21f7a1,ANDROID,Y,2025-07-14,2026-08-29,2
CUST003285,DVC-1e616c96e2,WEB,Y,2025-08-10,2026-08-30,1
CUST003286,DVC-5eae102561,ANDROID,Y,2025-06-23,2026-08-25,6
CUST003287,DVC-232d5ac03d,ANDROID,Y,2024-07-21,2026-08-30,1
CUST003288,DVC-d066977fe1,IOS,Y,2024-05-31,2026-08-31,0
CUST003288,DVC-4e882af8bc,ANDROID,N,2024-11-26,2026-08-01,30
CUST003289,DVC-be69ac65e7,ANDROID,Y,2025-02-01,2026-08-31,0
CUST003289,DVC-69029123b4,IOS,N,2024-04-11,2026-07-06,56
CUST003290,DVC-5f69a322c0,ANDROID,Y,2026-06-02,2026-08-26,5
CUST003291,DVC-1617324590,ANDROID,Y,2025-04-27,2026-08-30,1
CUST003291,DVC-19e27cedca,WEB,N,2025-05-22,2026-06-30,62
CUST003291,DVC-2990d676eb,ANDROID,N,2026-01-31,2026-07-04,58
CUST003292,DVC-aca71d027e,ANDROID,Y,2025-03-19,2026-08-31,0
CUST003292,DVC-de2dff0d96,IOS,N,2025-04-12,2026-06-30,62
CUST003293,DVC-d158b5f62f,IOS,Y,2025-03-12,2026-08-25,6
CUST003293,DVC-4a7d085134,IOS,N,2025-03-15,2026-06-28,64
CUST003293,DVC-ac3a78ea95,IOS,N,2025-04-13,2026-08-19,12
CUST003294,DVC-604376b3e3,ANDROID,Y,2024-07-15,2026-08-29,2
CUST003295,DVC-5fc1b6bec6,IOS,Y,2025-05-22,2026-08-26,5
CUST003295,DVC-5c912a6760,IOS,N,2026-02-23,2026-07-05,57
CUST003295,DVC-d18fa4766d,IOS,N,2025-04-09,2025-09-24,341
CUST003296,DVC-b144c31715,ANDROID,Y,2025-12-03,2026-08-29,2
CUST003297,DVC-f9c31816db,IOS,Y,2024-07-06,2026-08-28,3
CUST003297,DVC-522383ade8,IOS,N,2024-07-26,2026-06-13,79
CUST003298,DVC-3a65b778c3,ANDROID,Y,2025-10-13,2026-08-29,2
CUST003299,DVC-9d75a5e161,ANDROID,Y,2025-07-23,2026-08-26,5
CUST003300,DVC-610bf6c75c,IOS,Y,2025-04-22,2026-08-25,6
CUST003301,DVC-c16082e698,ANDROID,Y,2026-06-30,2026-08-28,3
CUST003302,DVC-1cbb0487d3,ANDROID,Y,2024-04-25,2026-08-30,1
CUST003303,DVC-71badd0014,ANDROID,Y,2024-05-21,2026-08-30,1
CUST003304,DVC-7eeba6a5ce,ANDROID,Y,2025-11-07,2026-08-30,1
CUST003305,DVC-6ed6bb6daf,ANDROID,Y,2026-04-13,2026-08-30,1
CUST003306,DVC-2499e8563a,ANDROID,Y,2026-05-30,2026-08-28,3
CUST003307,DVC-43e1729ae8,ANDROID,Y,2026-05-30,2026-08-25,6
CUST003308,DVC-edbc691c77,ANDROID,Y,2025-04-24,2026-08-27,4
CUST003308,DVC-9e857002ba,IOS,N,2026-04-20,2026-07-23,39
CUST003309,DVC-296a3d9df3,WEB,Y,2024-11-22,2026-08-27,4
CUST003309,DVC-abb3482313,ANDROID,N,2025-11-18,2026-08-09,22
CUST003310,DVC-bf4bf194f8,ANDROID,Y,2024-09-19,2026-08-27,4
CUST003311,DVC-5004ad0eaa,ANDROID,Y,2025-12-22,2026-08-31,0
CUST003312,DVC-32c1e537cc,ANDROID,Y,2026-07-09,2026-08-30,1
CUST003312,DVC-c614c54220,ANDROID,N,2025-05-28,2026-08-03,28
CUST003313,DVC-dd5dc63784,ANDROID,Y,2024-08-21,2026-08-29,2
CUST003314,DVC-b7b8774628,ANDROID,Y,2025-08-08,2026-08-31,0
CUST003314,DVC-bf52f5f87b,ANDROID,N,2024-08-02,2026-08-23,8
CUST003315,DVC-24be4b4416,ANDROID,Y,2025-08-09,2026-08-31,0
CUST003316,DVC-1c3d08df7f,ANDROID,Y,2024-03-28,2026-08-29,2
CUST003316,DVC-fcd812b4fc,IOS,N,2025-02-20,2026-07-26,36
CUST003317,DVC-dea6177e3f,IOS,Y,2024-06-25,2026-08-27,4
CUST003318,DVC-03b0788d9e,IOS,Y,2025-01-30,2026-08-26,5
CUST003319,DVC-08fe08c137,ANDROID,Y,2025-09-20,2026-08-27,4
CUST003320,DVC-ced7f9f2b5,ANDROID,Y,2024-10-03,2026-08-25,6
CUST003321,DVC-d9f458d6ad,IOS,Y,2025-01-03,2026-08-27,4
CUST003322,DVC-8a932ef2b0,ANDROID,Y,2025-05-26,2026-08-28,3
CUST003323,DVC-4856d53d7b,ANDROID,Y,2026-06-12,2026-08-28,3
CUST003323,DVC-88510d7c65,ANDROID,N,2026-03-15,2026-06-12,80
CUST003324,DVC-f93f3dfd00,ANDROID,Y,2026-06-27,2026-08-31,0
CUST003325,DVC-71129b5355,IOS,Y,2026-05-31,2026-08-29,2
CUST003325,DVC-e9ce6f7de1,ANDROID,N,2026-01-09,2026-07-25,37
CUST003326,DVC-f696c5719d,IOS,Y,2025-11-29,2026-08-29,2
CUST003327,DVC-e8c66cd5c8,IOS,Y,2025-10-11,2026-08-26,5
CUST003328,DVC-6bdd5abaa8,ANDROID,Y,2025-04-11,2026-08-25,6
CUST003328,DVC-e02a98eab0,ANDROID,N,2024-08-12,2026-07-07,55
CUST003329,DVC-f1d68464c8,ANDROID,Y,2026-07-27,2026-08-31,0
CUST003330,DVC-a741348c18,ANDROID,Y,2025-05-24,2026-08-30,1
CUST003330,DVC-862ec33bfd,ANDROID,N,2024-01-12,2026-06-24,68
CUST003331,DVC-549058df21,ANDROID,Y,2026-06-19,2026-08-27,4
CUST003332,DVC-7e1869eaac,WEB,Y,2024-07-23,2026-08-29,2
CUST003332,DVC-04c125f9d8,ANDROID,N,2026-04-13,2026-06-24,68
CUST003333,DVC-0eab18e3c2,IOS,Y,2026-02-11,2026-08-30,1
CUST003334,DVC-ec08f8053d,IOS,Y,2025-06-14,2026-08-29,2
CUST003334,DVC-292d6054e3,ANDROID,N,2024-08-23,2026-06-15,77
CUST003335,DVC-655bf4317a,ANDROID,Y,2026-01-30,2026-08-29,2
CUST003335,DVC-3150ab2206,IOS,N,2024-12-06,2026-08-13,18
CUST003335,DVC-766721396d,ANDROID,N,2024-03-29,2026-07-06,56
CUST003336,DVC-3a9a899151,ANDROID,Y,2026-07-04,2026-08-31,0
CUST003337,DVC-9301e2f793,ANDROID,Y,2026-02-20,2026-08-28,3
CUST003338,DVC-0c2c969e03,IOS,Y,2024-03-17,2026-08-27,4
CUST003338,DVC-c0c44de14c,ANDROID,N,2026-01-26,2026-07-22,40
CUST003339,DVC-2a8949981d,ANDROID,Y,2025-07-03,2026-08-27,4
CUST003340,DVC-9ae727dabf,IOS,Y,2026-03-11,2026-08-28,3
CUST003340,DVC-4f7776de1f,ANDROID,N,2026-03-03,2026-08-30,1
CUST003340,DVC-9088eee78f,ANDROID,N,2026-06-11,2026-07-21,41
CUST003341,DVC-de59192a8b,ANDROID,Y,2024-06-28,2026-08-29,2
CUST003341,DVC-8e0f365714,ANDROID,N,2024-11-28,2025-12-09,265
CUST003342,DVC-48510459f9,ANDROID,Y,2024-04-20,2026-08-25,6
CUST003343,DVC-deba93973a,ANDROID,Y,2025-12-21,2026-08-28,3
CUST003344,DVC-63421c305d,ANDROID,Y,2025-02-27,2026-08-25,6
CUST003345,DVC-c3355d3b8a,ANDROID,Y,2024-04-30,2026-08-28,3
CUST003345,DVC-2de5c28d63,ANDROID,N,2024-08-24,2026-07-22,40
CUST003346,DVC-b8725fd4a0,IOS,Y,2024-05-11,2026-08-27,4
CUST003347,DVC-7a3c613781,ANDROID,Y,2024-09-30,2026-08-25,6
CUST003347,DVC-c599445ee6,ANDROID,N,2026-04-26,2026-08-09,22
CUST003348,DVC-df54b56b29,ANDROID,Y,2025-05-27,2026-08-27,4
CUST003349,DVC-b175391271,IOS,Y,2024-08-21,2026-08-31,0
CUST003349,DVC-37f8025bdd,ANDROID,N,2025-07-01,2026-06-20,72
CUST003349,DVC-fdb32d4b1a,ANDROID,N,2023-12-03,2025-08-10,386
CUST003350,DVC-be559f959d,WEB,Y,2025-08-26,2026-08-30,1
CUST003351,DVC-8d3e8772ee,ANDROID,Y,2026-03-25,2026-08-31,0
CUST003351,DVC-3f22ddc7e2,IOS,N,2026-02-01,2026-07-28,34
CUST003352,DVC-da07601527,ANDROID,Y,2025-10-19,2026-08-31,0
CUST003353,DVC-4f6e3ff05a,ANDROID,Y,2025-02-21,2026-08-28,3
CUST003353,DVC-3260c167b2,ANDROID,N,2024-05-17,2025-12-19,255
CUST003354,DVC-14a66f58b9,ANDROID,Y,2025-07-01,2026-08-25,6
CUST003354,DVC-f281352937,ANDROID,N,2026-05-21,2026-08-27,4
CUST003355,DVC-eaab8c6532,ANDROID,Y,2026-01-08,2026-08-31,0
CUST003355,DVC-55a23f5f16,ANDROID,N,2026-05-15,2026-08-21,10
CUST003356,DVC-c75f5832b6,ANDROID,Y,2026-02-23,2026-08-30,1
CUST003356,DVC-fa39d45b82,ANDROID,N,2026-04-20,2026-07-16,46
CUST003356,DVC-c1c5c8489f,IOS,N,2025-11-09,2026-07-21,41
CUST003357,DVC-3c4f82bf91,ANDROID,Y,2025-07-27,2026-08-29,2
CUST003358,DVC-6de4971bf3,IOS,Y,2024-08-02,2026-08-28,3
CUST003359,DVC-ec9a1ade34,ANDROID,Y,2024-12-17,2026-08-29,2
CUST003360,DVC-20ea074925,ANDROID,Y,2025-04-03,2026-08-29,2
CUST003361,DVC-5e68e6d7ec,ANDROID,Y,2025-03-30,2026-08-25,6
CUST003361,DVC-1bcffad91e,ANDROID,N,2024-03-15,2026-07-13,49
CUST003362,DVC-d32840551e,ANDROID,Y,2024-08-11,2026-08-30,1
CUST003362,DVC-4f52355d54,ANDROID,N,2025-05-11,2026-08-23,8
CUST003363,DVC-5e8b62a12e,IOS,Y,2024-12-21,2026-08-31,0
CUST003363,DVC-dea5303859,ANDROID,N,2024-12-23,2026-08-13,18
CUST003364,DVC-325b096dca,ANDROID,Y,2025-02-20,2026-08-30,1
CUST003365,DVC-68b4082de4,WEB,Y,2025-01-13,2026-08-28,3
CUST003365,DVC-b752b2f663,WEB,N,2024-07-05,2026-07-26,36
CUST003366,DVC-0a9dce707f,ANDROID,Y,2025-09-08,2026-08-25,6
CUST003367,DVC-0d7a994609,ANDROID,Y,2026-06-13,2026-08-31,0
CUST003367,DVC-f9a8f64bfa,ANDROID,N,2026-03-20,2026-08-24,7
CUST003368,DVC-22ed99de17,ANDROID,Y,2025-03-11,2026-08-30,1
CUST003369,DVC-0e88c518ba,ANDROID,Y,2024-07-08,2026-08-25,6
CUST003369,DVC-3bff9604e9,ANDROID,N,2025-08-15,2026-07-01,61
CUST003370,DVC-8da3a6bf9a,IOS,Y,2026-03-14,2026-08-27,4
CUST003371,DVC-2905f4d57a,ANDROID,Y,2025-07-26,2026-08-28,3
CUST003371,DVC-154ec57392,IOS,N,2024-10-19,2026-06-13,79
CUST003371,DVC-5a8ba3f8f0,IOS,N,2024-06-28,2026-06-20,72
CUST003372,DVC-bf18af5bff,ANDROID,Y,2025-07-10,2026-08-31,0
CUST003373,DVC-f705e1519d,IOS,Y,2025-05-21,2026-08-28,3
CUST003373,DVC-6ac6699720,IOS,N,2025-03-10,2026-01-31,212
CUST003373,DVC-ace0da5518,ANDROID,N,2024-07-21,2026-07-16,46
CUST003374,DVC-76795ae564,ANDROID,Y,2025-04-03,2026-08-26,5
CUST003375,DVC-9de00f1366,IOS,Y,2024-08-05,2026-08-31,0
CUST003376,DVC-c229bb49bd,IOS,Y,2025-09-01,2026-08-29,2
CUST003377,DVC-4d20a0a42a,IOS,Y,2025-05-06,2026-08-28,3
CUST003378,DVC-386e501678,WEB,Y,2025-11-20,2026-08-26,5
CUST003378,DVC-e2eb1bfd74,WEB,N,2025-07-28,2026-07-16,46
CUST003378,DVC-9194bb5b86,ANDROID,N,2025-03-01,2026-06-16,76
CUST003379,DVC-0e08762294,ANDROID,Y,2025-04-27,2026-08-29,2
CUST003380,DVC-1054cb3f36,IOS,Y,2026-07-24,2026-08-27,4
CUST003380,DVC-dfd7a27d5b,ANDROID,N,2026-03-24,2026-07-30,32
CUST003381,DVC-0015b1a5db,ANDROID,Y,2024-04-02,2026-08-26,5
CUST003381,DVC-6297c99076,ANDROID,N,2024-03-13,2026-07-03,59
CUST003381,DVC-240059cdfe,ANDROID,N,2025-09-10,2026-03-13,171
CUST003382,DVC-a8b58c9cf7,ANDROID,Y,2025-06-26,2026-08-30,1
CUST003383,DVC-1602fbf8fe,ANDROID,Y,2026-04-11,2026-08-28,3
CUST003383,DVC-7a2550f1f9,ANDROID,N,2024-02-13,2026-06-21,71
CUST003384,DVC-1aec966c28,ANDROID,Y,2025-04-27,2026-08-29,2
CUST003384,DVC-79de4f4e83,ANDROID,N,2025-09-20,2026-08-03,28
CUST003384,DVC-d29222a53b,IOS,N,2026-02-16,2026-08-02,29
CUST003385,DVC-b910b473fe,IOS,Y,2026-03-18,2026-08-26,5
CUST003386,DVC-321e389c2e,ANDROID,Y,2026-06-14,2026-08-27,4
CUST003387,DVC-c7ab77dbdb,ANDROID,Y,2026-06-19,2026-08-30,1
CUST003388,DVC-56b647a7d7,ANDROID,Y,2025-12-24,2026-08-30,1
CUST003389,DVC-24d86ddd77,ANDROID,Y,2026-05-11,2026-08-25,6
CUST003389,DVC-e711ff0da8,ANDROID,N,2026-06-29,2026-08-08,23
CUST003390,DVC-fcb1d66a0d,ANDROID,Y,2025-01-09,2026-08-31,0
CUST003390,DVC-da687b9201,ANDROID,N,2026-07-10,2026-08-23,8
CUST003391,DVC-538540b5dc,ANDROID,Y,2026-02-22,2026-08-27,4
CUST003392,DVC-2345115aca,WEB,Y,2025-02-08,2026-08-25,6
CUST003392,DVC-e48fc33a86,ANDROID,N,2025-12-08,2026-08-05,26
CUST003393,DVC-60e0fdb8d0,IOS,Y,2025-01-21,2026-08-29,2
CUST003394,DVC-4950847421,IOS,Y,2025-12-08,2026-08-25,6
CUST003395,DVC-63e56a241d,ANDROID,Y,2025-09-03,2026-08-25,6
CUST003395,DVC-649eace398,ANDROID,N,2025-09-23,2026-01-30,213
CUST003396,DVC-226e666409,ANDROID,Y,2024-09-22,2026-08-30,1
CUST003397,DVC-0407fcae92,ANDROID,Y,2026-05-10,2026-08-31,0
CUST003398,DVC-920b33ef8c,ANDROID,Y,2024-06-03,2026-08-26,5
CUST003398,DVC-69be35424d,IOS,N,2026-04-27,2026-07-07,55
CUST003398,DVC-ea34a7578f,ANDROID,N,2024-08-09,2026-06-13,79
CUST003399,DVC-f080143c1e,IOS,Y,2025-06-08,2026-08-31,0
CUST003399,DVC-03a4afb94d,IOS,N,2025-07-07,2026-08-24,7
CUST003399,DVC-56b18ac21f,ANDROID,N,2026-02-01,2026-07-18,44
CUST003400,DVC-140a15cd17,ANDROID,Y,2026-03-12,2026-08-26,5
CUST003400,DVC-ba65f90766,IOS,N,2024-06-06,2026-07-27,35
CUST003401,DVC-fe58b8c7bb,ANDROID,Y,2025-09-14,2026-08-28,3
CUST003402,DVC-fd44eab9c5,ANDROID,Y,2026-03-31,2026-08-30,1
CUST003403,DVC-3e3103b2aa,ANDROID,Y,2025-06-21,2026-08-25,6
CUST003403,DVC-73dd400834,ANDROID,N,2024-10-14,2026-08-05,26
CUST003404,DVC-e9f619bb1f,ANDROID,Y,2024-05-14,2026-08-25,6
CUST003405,DVC-fe707e37ae,ANDROID,Y,2024-07-09,2026-08-28,3
CUST003406,DVC-927d403235,ANDROID,Y,2024-09-18,2026-08-27,4
CUST003407,DVC-317899322b,ANDROID,Y,2024-11-16,2026-08-25,6
CUST003408,DVC-d0440f56a7,ANDROID,Y,2025-06-16,2026-08-31,0
CUST003409,DVC-6cb78b8661,IOS,Y,2026-01-28,2026-08-25,6
CUST003410,DVC-b718cc2333,IOS,Y,2025-09-16,2026-08-28,3
CUST003411,DVC-99bd41ec0f,ANDROID,Y,2026-01-04,2026-08-31,0
CUST003412,DVC-a56c6a58ff,ANDROID,Y,2026-04-24,2026-08-30,1
CUST003413,DVC-55b16c14e0,ANDROID,Y,2025-10-06,2026-08-29,2
CUST003414,DVC-15997c72fe,ANDROID,Y,2025-07-11,2026-08-28,3
CUST003414,DVC-1944b9694e,WEB,N,2026-03-14,2026-07-10,52
CUST003415,DVC-d93184ad0a,ANDROID,Y,2024-06-17,2026-08-28,3
CUST003416,DVC-72b216e882,ANDROID,Y,2026-07-12,2026-08-26,5
CUST003416,DVC-9f85458757,ANDROID,N,2026-07-12,2026-06-30,62
CUST003417,DVC-1c565c9576,ANDROID,Y,2026-04-10,2026-08-30,1
CUST003418,DVC-d964d591db,ANDROID,Y,2026-02-01,2026-08-26,5
CUST003419,DVC-a26df34a1b,ANDROID,Y,2026-02-15,2026-08-29,2
CUST003420,DVC-941ca4d718,ANDROID,Y,2025-06-26,2026-08-29,2
CUST003420,DVC-a88aef935c,ANDROID,N,2025-03-22,2026-07-09,53
CUST003421,DVC-0b2c54d633,WEB,Y,2025-10-27,2026-08-25,6
CUST003422,DVC-33a8dd5339,ANDROID,Y,2024-11-08,2026-08-25,6
CUST003422,DVC-205e78c845,ANDROID,N,2025-09-21,2026-07-30,32
CUST003423,DVC-ae2ae329bc,ANDROID,Y,2026-05-30,2026-08-29,2
CUST003423,DVC-3fa131daba,ANDROID,N,2024-09-02,2026-08-03,28
CUST003424,DVC-7cd3972b78,IOS,Y,2025-10-19,2026-08-31,0
CUST003424,DVC-818a305c33,ANDROID,N,2025-12-30,2026-06-12,80
CUST003425,DVC-d649d2f5de,IOS,Y,2026-03-27,2026-08-30,1
CUST003425,DVC-c22e6e25b9,ANDROID,N,2026-04-16,2026-06-16,76
CUST003426,DVC-4141c4bb03,ANDROID,Y,2026-07-01,2026-08-30,1
CUST003426,DVC-d602df391a,ANDROID,N,2026-06-20,2026-07-10,52
CUST003427,DVC-8ef88048e0,ANDROID,Y,2026-02-03,2026-08-25,6
CUST003428,DVC-459f3d2c62,WEB,Y,2025-08-31,2026-08-25,6
CUST003429,DVC-0f114fa059,ANDROID,Y,2025-08-16,2026-08-30,1
CUST003429,DVC-86d3bb47fc,IOS,N,2026-04-25,2026-08-09,22
CUST003430,DVC-8d93c72015,IOS,Y,2024-03-09,2026-08-25,6
CUST003430,DVC-b75a583dc9,IOS,N,2024-11-05,2026-08-21,10
CUST003431,DVC-59aa7b4427,IOS,Y,2025-08-26,2026-08-31,0
CUST003432,DVC-2b17ca023d,ANDROID,Y,2025-11-05,2026-08-28,3
CUST003432,DVC-aab799ce2a,ANDROID,N,2024-05-31,2026-07-02,60
CUST003433,DVC-624c33e7b1,ANDROID,Y,2025-09-21,2026-08-27,4
CUST003434,DVC-0ab294ce29,ANDROID,Y,2025-12-08,2026-08-28,3
CUST003434,DVC-62c48ecdfb,ANDROID,N,2024-08-20,2026-08-03,28
CUST003435,DVC-dc20808fce,IOS,Y,2026-05-27,2026-08-29,2
CUST003436,DVC-e37057fca2,WEB,Y,2026-06-13,2026-08-26,5
CUST003437,DVC-d46b44c8d9,ANDROID,Y,2026-05-14,2026-08-28,3
CUST003438,DVC-a44cf54bc3,ANDROID,Y,2024-12-17,2026-08-25,6
CUST003439,DVC-4ee62f8056,ANDROID,Y,2024-08-07,2026-08-28,3
CUST003440,DVC-2d1c72373d,ANDROID,Y,2025-04-08,2026-08-27,4
CUST003440,DVC-1b24a1acb4,ANDROID,N,2025-06-13,2026-06-20,72
CUST003441,DVC-5af3cfe489,ANDROID,Y,2024-10-14,2026-08-28,3
CUST003442,DVC-9347577067,ANDROID,Y,2025-08-05,2026-08-29,2
CUST003442,DVC-cae6aa3be2,IOS,N,2024-07-25,2026-08-24,7
CUST003443,DVC-9ba91cc58e,ANDROID,Y,2025-07-31,2026-08-28,3
CUST003444,DVC-e445a7effa,WEB,Y,2024-08-25,2026-08-29,2
CUST003445,DVC-42c33f6835,WEB,Y,2026-06-17,2026-08-27,4
CUST003446,DVC-c47316bf2c,IOS,Y,2026-03-04,2026-08-25,6
CUST003447,DVC-a6c9095846,ANDROID,Y,2026-05-04,2026-08-25,6
CUST003447,DVC-6c61dbad6d,ANDROID,N,2026-03-03,2026-07-20,42
CUST003447,DVC-daab734cef,ANDROID,N,2026-04-09,2026-07-29,33
CUST003448,DVC-7ec64822fb,ANDROID,Y,2026-05-30,2026-08-30,1
CUST003448,DVC-b44d9807df,ANDROID,N,2026-05-18,2026-08-27,4
CUST003449,DVC-dba9922a96,IOS,Y,2024-04-26,2026-08-26,5
CUST003450,DVC-64145a2a23,IOS,Y,2026-01-28,2026-08-25,6
CUST003451,DVC-b1430e4682,IOS,Y,2026-06-08,2026-08-29,2
CUST003452,DVC-f603a4733c,ANDROID,Y,2026-05-29,2026-08-31,0
CUST003453,DVC-5fabea6bd0,IOS,Y,2024-07-17,2026-08-29,2
CUST003454,DVC-12d7b478af,ANDROID,Y,2025-06-06,2026-08-29,2
CUST003455,DVC-5427d9b694,ANDROID,Y,2025-07-18,2026-08-27,4
CUST003456,DVC-700da9a3bf,IOS,Y,2025-09-02,2026-08-29,2
CUST003456,DVC-4bf0c5be59,ANDROID,N,2024-06-22,2026-08-06,25
CUST003457,DVC-5808a7e847,ANDROID,Y,2026-05-14,2026-08-27,4
CUST003457,DVC-01989f5d41,IOS,N,2024-05-18,2026-08-04,27
CUST003457,DVC-819ed93fa5,ANDROID,N,2024-12-20,2026-07-20,42
CUST003458,DVC-8b32c917af,IOS,Y,2024-05-06,2026-08-27,4
CUST003459,DVC-f9bc7fd4ab,ANDROID,Y,2024-12-14,2026-08-26,5
CUST003459,DVC-ab2d9406ed,ANDROID,N,2025-07-19,2026-06-26,66
CUST003459,DVC-2e43cacde4,IOS,N,2024-11-21,2026-07-26,36
CUST003460,DVC-87da13d382,IOS,Y,2026-06-09,2026-08-27,4
CUST003460,DVC-0bcdd0bb14,ANDROID,N,2025-05-16,2026-07-23,39
CUST003461,DVC-37f8eb04b9,ANDROID,Y,2025-12-23,2026-08-28,3
CUST003461,DVC-b9143a7c42,WEB,N,2026-04-15,2026-08-14,17
CUST003462,DVC-7aaa0c2727,ANDROID,Y,2024-12-15,2026-08-26,5
CUST003463,DVC-0970fc59b4,IOS,Y,2024-06-23,2026-08-28,3
CUST003464,DVC-fc326b8552,WEB,Y,2025-01-28,2026-08-29,2
CUST003464,DVC-eb12a8a913,IOS,N,2025-05-20,2026-06-21,71
CUST003465,DVC-5625ccc22c,ANDROID,Y,2026-03-12,2026-08-31,0
CUST003466,DVC-16aecbeb77,ANDROID,Y,2025-12-23,2026-08-29,2
CUST003466,DVC-1b67d30cd8,IOS,N,2026-01-31,2026-07-11,51
CUST003466,DVC-ee2cff0792,ANDROID,N,2026-06-13,2026-08-23,8
CUST003467,DVC-fa817b8ec7,WEB,Y,2024-09-09,2026-08-30,1
CUST003467,DVC-251c591c98,IOS,N,2025-01-04,2026-07-15,47
CUST003467,DVC-4e7233bfba,IOS,N,2026-01-15,2026-07-11,51
CUST003468,DVC-8d96e258a2,ANDROID,Y,2026-04-03,2026-08-28,3
CUST003468,DVC-ba40e50d5c,ANDROID,N,2026-01-19,2026-07-22,40
CUST003469,DVC-b1eb5adffc,ANDROID,Y,2026-06-09,2026-08-26,5
CUST003470,DVC-c9fd6f82aa,ANDROID,Y,2026-06-01,2026-08-25,6
CUST003471,DVC-36d7dba39a,IOS,Y,2026-04-15,2026-08-29,2
CUST003472,DVC-68c4f5e571,ANDROID,Y,2024-04-13,2026-08-29,2
CUST003473,DVC-eb84cda46a,ANDROID,Y,2025-09-09,2026-08-29,2
CUST003473,DVC-7ade438783,IOS,N,2024-06-14,2026-07-03,59
CUST003474,DVC-1dcda5bb5f,IOS,Y,2026-01-29,2026-08-28,3
CUST003474,DVC-8efe15f633,WEB,N,2024-06-04,2026-07-19,43
CUST003475,DVC-23b6775c5e,IOS,Y,2025-01-18,2026-08-25,6
CUST003476,DVC-c8aaed1d05,ANDROID,Y,2025-10-31,2026-08-27,4
CUST003477,DVC-24cc781d75,IOS,Y,2025-07-06,2026-08-31,0
CUST003478,DVC-dce1a5a296,ANDROID,Y,2025-12-06,2026-08-26,5
CUST003478,DVC-0a3411799f,WEB,N,2025-10-27,2026-06-21,71
CUST003479,DVC-1496825cf5,IOS,Y,2025-04-09,2026-08-25,6
CUST003480,DVC-01e091f61f,WEB,Y,2025-06-24,2026-08-29,2
CUST003481,DVC-ad186c2e25,ANDROID,Y,2026-07-08,2026-08-28,3
CUST003482,DVC-e17e3857a8,ANDROID,Y,2025-02-13,2026-08-25,6
CUST003482,DVC-7a46db4cd7,ANDROID,N,2024-10-01,2026-08-24,7
CUST003483,DVC-491477cf59,ANDROID,Y,2024-11-25,2026-08-30,1
CUST003484,DVC-168baf419f,ANDROID,Y,2024-03-31,2026-08-31,0
CUST003484,DVC-9dba396841,ANDROID,N,2025-05-31,2026-08-06,25
CUST003485,DVC-48225b84b6,WEB,Y,2025-02-24,2026-08-26,5
CUST003486,DVC-99b035d74a,ANDROID,Y,2026-03-01,2026-08-29,2
CUST003487,DVC-0996225a9e,ANDROID,Y,2025-01-07,2026-08-26,5
CUST003487,DVC-c785414ff0,ANDROID,N,2024-08-08,2026-07-27,35
CUST003487,DVC-4e7f77a0c8,ANDROID,N,2025-09-09,2026-08-03,28
CUST003488,DVC-52fccbcf2e,ANDROID,Y,2025-06-29,2026-08-25,6
CUST003489,DVC-2be1065cae,WEB,Y,2025-06-21,2026-08-26,5
CUST003489,DVC-096efa38de,IOS,N,2024-04-09,2026-07-27,35
CUST003490,DVC-38fa633d38,ANDROID,Y,2026-07-15,2026-08-27,4
CUST003490,DVC-70a6e46f4c,ANDROID,N,2026-02-21,2026-06-16,76
CUST003491,DVC-09daceaade,IOS,Y,2024-05-31,2026-08-31,0
CUST003492,DVC-e1c8fb809b,ANDROID,Y,2024-05-09,2026-08-31,0
CUST003492,DVC-f9a911ee91,WEB,N,2024-03-18,2026-06-22,70
CUST003492,DVC-63507e5c6b,IOS,N,2025-01-06,2026-06-25,67
CUST003493,DVC-4fdb7d2a1d,ANDROID,Y,2024-07-15,2026-08-31,0
CUST003493,DVC-873d6e69bb,ANDROID,N,2023-05-30,2025-07-31,396
CUST003493,DVC-06f2e724b1,WEB,N,2026-01-23,2026-07-24,38
CUST003494,DVC-5139f4cb91,ANDROID,Y,2024-06-04,2026-08-27,4
CUST003495,DVC-7f358cbadb,IOS,Y,2025-10-09,2026-08-26,5
CUST003495,DVC-eed11e368f,ANDROID,N,2025-01-23,2026-08-06,25
CUST003495,DVC-33a658b4bb,ANDROID,N,2025-03-05,2026-07-09,53
CUST003496,DVC-99a85e9e78,ANDROID,Y,2025-01-26,2026-08-30,1
CUST003496,DVC-f2df085bce,ANDROID,N,2024-10-09,2026-07-28,34
CUST003497,DVC-95200d9592,ANDROID,Y,2025-09-26,2026-08-25,6
CUST003497,DVC-2518994e2e,IOS,N,2024-12-24,2026-08-06,25
CUST003497,DVC-8f1d53bb31,ANDROID,N,2026-03-01,2026-08-24,7
CUST003498,DVC-e3846d0737,ANDROID,Y,2024-09-03,2026-08-25,6
CUST003499,DVC-55934e78ac,ANDROID,Y,2025-11-26,2026-08-27,4
CUST003499,DVC-35e04be3a4,IOS,N,2025-04-18,2026-06-26,66
CUST003499,DVC-ce9c2ec6a6,ANDROID,N,2026-01-10,2026-08-21,10
CUST003500,DVC-d55558370c,ANDROID,Y,2025-01-11,2026-08-30,1
CUST003500,DVC-028de65eeb,ANDROID,N,2026-02-25,2026-07-25,37
CUST003501,DVC-912e103f2f,IOS,Y,2024-06-22,2026-08-29,2
CUST003502,DVC-58c46c943e,ANDROID,Y,2024-07-06,2026-08-27,4
CUST003503,DVC-e299417ece,ANDROID,Y,2025-12-29,2026-08-27,4
CUST003504,DVC-61dfbbb5f4,IOS,Y,2026-02-12,2026-08-31,0
CUST003505,DVC-e1bca08734,WEB,Y,2025-06-24,2026-08-27,4
CUST003506,DVC-2d512deec4,IOS,Y,2025-02-14,2026-08-27,4
CUST003507,DVC-8af5f67e0c,ANDROID,Y,2026-07-30,2026-08-31,0
CUST003507,DVC-9880278f11,IOS,N,2026-02-28,2026-07-25,37
CUST003508,DVC-640ffc35e1,ANDROID,Y,2024-04-27,2026-08-25,6
CUST003508,DVC-fe1eb10824,ANDROID,N,2025-12-10,2026-07-25,37
CUST003508,DVC-aa967108a7,ANDROID,N,2026-03-15,2026-06-25,67
CUST003509,DVC-c4b740df06,ANDROID,Y,2026-06-05,2026-08-30,1
CUST003509,DVC-26574dc3b8,ANDROID,N,2026-06-08,2026-07-17,45
CUST003510,DVC-4f829d72a4,ANDROID,Y,2025-07-21,2026-08-29,2
CUST003510,DVC-a6eee9a86e,ANDROID,N,2026-04-23,2026-07-27,35
CUST003511,DVC-8e15e20b53,IOS,Y,2025-10-08,2026-08-30,1
CUST003512,DVC-f52aae1100,ANDROID,Y,2025-01-24,2026-08-29,2
CUST003513,DVC-1b823787d5,ANDROID,Y,2025-12-07,2026-08-25,6
CUST003514,DVC-e6c297b869,IOS,Y,2025-04-04,2026-08-27,4
CUST003514,DVC-13cba5d76d,ANDROID,N,2025-03-17,2026-06-18,74
CUST003515,DVC-a5cfc18509,ANDROID,Y,2025-04-04,2026-08-26,5
CUST003516,DVC-539d790c6c,IOS,Y,2025-11-21,2026-08-27,4
CUST003516,DVC-ada7619b1a,ANDROID,N,2025-03-15,2026-08-24,7
CUST003517,DVC-90ac29e5ae,ANDROID,Y,2026-04-03,2026-08-31,0
CUST003517,DVC-225758ce92,ANDROID,N,2025-11-16,2026-07-10,52
CUST003517,DVC-5975efe0ad,WEB,N,2025-11-16,2026-06-22,70
CUST003518,DVC-fcbe353eea,IOS,Y,2025-04-06,2026-08-26,5
CUST003519,DVC-68ab34fdd9,IOS,Y,2025-10-15,2026-08-25,6
CUST003519,DVC-76c6077bb7,ANDROID,N,2024-08-27,2026-06-23,69
CUST003520,DVC-8cdb492e8d,ANDROID,Y,2026-02-09,2026-08-25,6
CUST003521,DVC-99abb770fe,IOS,Y,2025-07-08,2026-08-26,5
CUST003521,DVC-16fd642340,ANDROID,N,2024-11-23,2026-08-26,5
CUST003522,DVC-b95344299b,ANDROID,Y,2025-08-07,2026-08-26,5
CUST003522,DVC-6ba5ca8407,ANDROID,N,2024-06-29,2026-07-01,61
CUST003523,DVC-ed809bc196,IOS,Y,2025-09-09,2026-08-25,6
CUST003524,DVC-4e68d8ef3e,ANDROID,Y,2025-05-09,2026-08-31,0
CUST003524,DVC-721a6acb42,ANDROID,N,2026-04-17,2026-06-13,79
CUST003525,DVC-1715ea2cca,IOS,Y,2024-09-10,2026-08-27,4
CUST003525,DVC-2a07c0bacb,ANDROID,N,2023-09-11,2025-09-01,364
CUST003526,DVC-cfe8329e20,WEB,Y,2026-03-25,2026-08-30,1
CUST003527,DVC-f33b0a38ba,ANDROID,Y,2026-06-01,2026-08-26,5
CUST003528,DVC-0b03bdc476,WEB,Y,2025-09-12,2026-08-26,5
CUST003529,DVC-970c149653,ANDROID,Y,2026-04-30,2026-08-28,3
CUST003530,DVC-02649d993d,ANDROID,Y,2025-11-03,2026-08-30,1
CUST003531,DVC-2ac14cb140,ANDROID,Y,2026-07-25,2026-08-29,2
CUST003531,DVC-ed84c3ad8d,ANDROID,N,2026-05-09,2026-08-24,7
CUST003532,DVC-b34cffe067,ANDROID,Y,2026-01-31,2026-08-27,4
CUST003532,DVC-40733cba26,ANDROID,N,2024-05-09,2026-08-16,15
CUST003533,DVC-34ac6c2aca,ANDROID,Y,2026-07-24,2026-08-30,1
CUST003534,DVC-d7e9dd1cd6,WEB,Y,2025-06-13,2026-08-26,5
CUST003534,DVC-200ca8390f,ANDROID,N,2024-12-22,2026-07-24,38
CUST003535,DVC-00579f0d8d,ANDROID,Y,2026-05-13,2026-08-28,3
CUST003536,DVC-0b38e76fa5,WEB,Y,2026-06-09,2026-08-29,2
CUST003536,DVC-45ab11ff46,ANDROID,N,2026-07-04,2026-08-30,1
CUST003537,DVC-42347d99b7,ANDROID,Y,2024-06-27,2026-08-29,2
CUST003537,DVC-8ee4a6f7de,ANDROID,N,2024-02-29,2025-08-11,385
CUST003537,DVC-f0620551f2,IOS,N,2024-11-06,2026-06-29,63
CUST003538,DVC-9094825772,ANDROID,Y,2026-05-15,2026-08-30,1
CUST003539,DVC-c911b5ef27,IOS,Y,2026-02-05,2026-08-29,2
CUST003539,DVC-da4c6de347,ANDROID,N,2025-03-22,2026-06-12,80
CUST003539,DVC-198eafad47,ANDROID,N,2025-11-27,2026-06-24,68
CUST003540,DVC-69dee1bb88,ANDROID,Y,2026-05-17,2026-08-28,3
CUST003541,DVC-2ef166eb20,ANDROID,Y,2026-05-16,2026-08-28,3
CUST003542,DVC-e8f1fa07f8,IOS,Y,2026-02-08,2026-08-26,5
CUST003542,DVC-1d5cbb8532,IOS,N,2026-06-16,2026-08-22,9
CUST003542,DVC-394276fe5e,ANDROID,N,2026-05-07,2026-07-21,41
CUST003543,DVC-08470c23eb,IOS,Y,2026-06-12,2026-08-30,1
CUST003543,DVC-5f011422f1,ANDROID,N,2024-08-07,2025-11-22,282
CUST003544,DVC-38b8d3afbc,ANDROID,Y,2025-02-24,2026-08-26,5
CUST003545,DVC-aadd99bbb0,ANDROID,Y,2025-08-05,2026-08-25,6
CUST003546,DVC-5af42f6b7f,ANDROID,Y,2025-08-07,2026-08-28,3
CUST003546,DVC-321788ac7c,IOS,N,2025-06-19,2026-08-12,19
CUST003547,DVC-574655f0d1,IOS,Y,2024-05-12,2026-08-27,4
CUST003547,DVC-44304c4a49,ANDROID,N,2025-09-26,2026-08-07,24
CUST003547,DVC-48f5abd163,ANDROID,N,2025-05-24,2026-08-18,13
CUST003548,DVC-dd4b3e88e2,ANDROID,Y,2024-07-17,2026-08-29,2
CUST003549,DVC-36c1aef8c9,IOS,Y,2024-07-02,2026-08-26,5
CUST003550,DVC-55c899a5ee,ANDROID,Y,2026-07-11,2026-08-31,0
CUST003551,DVC-db2448a8d6,ANDROID,Y,2025-06-02,2026-08-28,3
CUST003552,DVC-294e46f91e,ANDROID,Y,2026-02-14,2026-08-31,0
CUST003552,DVC-9b6c1a0f66,ANDROID,N,2025-12-31,2026-07-12,50
CUST003553,DVC-58c0812f9c,WEB,Y,2025-12-08,2026-08-25,6
CUST003554,DVC-8dd361e113,ANDROID,Y,2024-03-11,2026-08-25,6
CUST003555,DVC-d702cda5b9,IOS,Y,2025-07-11,2026-08-25,6
CUST003555,DVC-9ed6c4bba1,IOS,N,2025-10-20,2026-08-25,6
CUST003556,DVC-ce17d532be,IOS,Y,2026-03-29,2026-08-28,3
CUST003557,DVC-219b52b6e9,ANDROID,Y,2024-11-06,2026-08-26,5
CUST003558,DVC-b6320771cf,ANDROID,Y,2024-06-23,2026-08-29,2
CUST003559,DVC-141a8e106a,IOS,Y,2025-05-28,2026-08-25,6
CUST003559,DVC-5875ddb3a1,ANDROID,N,2025-06-30,2026-07-20,42
CUST003560,DVC-9e24fd01b4,IOS,Y,2025-11-21,2026-08-27,4
CUST003560,DVC-23d498fa7a,ANDROID,N,2026-04-17,2026-07-28,34
CUST003561,DVC-57ba865c7b,WEB,Y,2024-10-13,2026-08-29,2
CUST003561,DVC-18ef646a16,IOS,N,2026-01-02,2026-07-28,34
CUST003562,DVC-b8dc3e8121,ANDROID,Y,2024-03-21,2026-08-30,1
CUST003562,DVC-3eff0b335f,IOS,N,2025-01-04,2026-07-10,52
CUST003563,DVC-a9145da2cb,ANDROID,Y,2024-06-13,2026-08-29,2
CUST003563,DVC-83b3dc94b6,ANDROID,N,2024-09-30,2026-06-12,80
CUST003564,DVC-69befcc26e,ANDROID,Y,2024-08-31,2026-08-28,3
CUST003564,DVC-5e2774ae9e,ANDROID,N,2025-10-26,2026-07-30,32
CUST003565,DVC-edf2bf5380,ANDROID,Y,2026-06-18,2026-08-25,6
CUST003565,DVC-d6b8acef19,ANDROID,N,2026-05-09,2026-06-24,68
CUST003566,DVC-242926c789,ANDROID,Y,2024-07-08,2026-08-26,5
CUST003567,DVC-b41691d8df,ANDROID,Y,2026-03-11,2026-08-31,0
CUST003567,DVC-3d723d11b5,IOS,N,2026-04-19,2026-07-06,56
CUST003568,DVC-d6caae3824,ANDROID,Y,2025-02-16,2026-08-25,6
CUST003569,DVC-f8574bb4da,ANDROID,Y,2026-02-19,2026-08-27,4
CUST003570,DVC-66fc949bb7,IOS,Y,2024-10-15,2026-08-25,6
CUST003570,DVC-62399b9666,ANDROID,N,2024-12-26,2025-08-21,375
CUST003571,DVC-2eba912a21,ANDROID,Y,2024-12-01,2026-08-28,3
CUST003572,DVC-1e8a874f70,ANDROID,Y,2025-12-12,2026-08-30,1
CUST003572,DVC-d80abaa51b,IOS,N,2025-12-20,2026-07-11,51
CUST003572,DVC-6d05f5290b,IOS,N,2026-06-09,2026-08-10,21
CUST003573,DVC-ad2315371c,ANDROID,Y,2026-02-28,2026-08-25,6
CUST003574,DVC-1226027b68,WEB,Y,2024-09-28,2026-08-25,6
CUST003575,DVC-748f6042d2,ANDROID,Y,2024-04-17,2026-08-31,0
CUST003576,DVC-18ddd7b335,ANDROID,Y,2025-07-23,2026-08-25,6
CUST003577,DVC-5e16fc87f6,ANDROID,Y,2025-06-23,2026-08-29,2
CUST003578,DVC-2c8f3b0590,ANDROID,Y,2026-03-13,2026-08-25,6
CUST003578,DVC-8b14f5c07d,ANDROID,N,2026-05-01,2026-08-07,24
CUST003579,DVC-8840ecb3af,ANDROID,Y,2026-01-24,2026-08-30,1
CUST003580,DVC-10e70e118a,WEB,Y,2024-06-29,2026-08-30,1
CUST003581,DVC-0340e86151,IOS,Y,2026-05-25,2026-08-27,4
CUST003581,DVC-7b7f1f377e,ANDROID,N,2025-04-22,2026-06-16,76
CUST003582,DVC-ac989d82d6,ANDROID,Y,2026-01-04,2026-08-25,6
CUST003582,DVC-2f2fed7311,ANDROID,N,2024-02-12,2025-08-27,369
CUST003583,DVC-b911210e72,IOS,Y,2025-12-05,2026-08-26,5
CUST003583,DVC-c41d565d72,ANDROID,N,2026-05-24,2026-08-20,11
CUST003584,DVC-8b9827a3af,ANDROID,Y,2024-12-31,2026-08-25,6
CUST003585,DVC-0091919fab,IOS,Y,2025-10-14,2026-08-25,6
CUST003586,DVC-e960ff7486,ANDROID,Y,2025-03-19,2026-08-30,1
CUST003587,DVC-09c6689321,ANDROID,Y,2026-06-17,2026-08-27,4
CUST003588,DVC-7456b277cf,IOS,Y,2025-10-06,2026-08-31,0
CUST003588,DVC-cc30719669,ANDROID,N,2025-09-12,2026-07-05,57
CUST003589,DVC-32a0216572,IOS,Y,2025-10-25,2026-08-28,3
CUST003589,DVC-712f277b7a,ANDROID,N,2024-06-27,2026-07-16,46
CUST003589,DVC-88cf03b2b0,WEB,N,2025-09-21,2026-06-30,62
CUST003590,DVC-fb4de3d159,ANDROID,Y,2026-02-03,2026-08-29,2
CUST003590,DVC-d24189c5f6,IOS,N,2025-11-01,2026-07-15,47
CUST003591,DVC-0ac89d93a9,ANDROID,Y,2026-03-21,2026-08-26,5
CUST003592,DVC-23e70db3f4,IOS,Y,2026-02-01,2026-08-31,0
CUST003593,DVC-4e3414353f,IOS,Y,2025-10-18,2026-08-30,1
CUST003593,DVC-dfd66caadf,ANDROID,N,2025-01-18,2026-07-27,35
CUST003594,DVC-9878c65158,ANDROID,Y,2026-03-27,2026-08-25,6
CUST003594,DVC-af8d25efe6,IOS,N,2024-04-19,2026-07-30,32
CUST003595,DVC-c00126d7f1,ANDROID,Y,2026-05-02,2026-08-28,3
CUST003596,DVC-af6cd9ed3e,ANDROID,Y,2026-06-08,2026-08-25,6
CUST003597,DVC-b6b9f4dc3d,ANDROID,Y,2025-11-13,2026-08-29,2
CUST003598,DVC-a2cc54fcc4,IOS,Y,2025-01-16,2026-08-28,3
CUST003598,DVC-791b8935b2,IOS,N,2023-09-08,2025-12-22,252
CUST003599,DVC-579f224cc2,IOS,Y,2026-03-15,2026-08-30,1
CUST003600,DVC-e38d55956f,ANDROID,Y,2025-03-11,2026-08-26,5
CUST003600,DVC-001096dfe7,ANDROID,N,2025-11-18,2026-08-26,5
CUST003601,DVC-ca0e91bb4a,IOS,Y,2026-05-18,2026-08-30,1
CUST003602,DVC-b8b1afdd27,IOS,Y,2025-09-30,2026-08-27,4
CUST003603,DVC-ada6fe2923,IOS,Y,2024-06-06,2026-08-26,5
CUST003603,DVC-1590f3aae1,ANDROID,N,2026-05-22,2026-08-27,4
CUST003604,DVC-847c613063,ANDROID,Y,2026-04-01,2026-08-25,6
CUST003604,DVC-cca1eb3e59,ANDROID,N,2026-03-18,2026-08-06,25
CUST003604,DVC-fc081ebeda,IOS,N,2024-04-04,2026-07-30,32
CUST003605,DVC-708fe0bdeb,IOS,Y,2024-09-11,2026-08-30,1
CUST003606,DVC-98c796d369,ANDROID,Y,2026-07-03,2026-08-26,5
CUST003607,DVC-76629ff03f,ANDROID,Y,2024-05-16,2026-08-27,4
CUST003607,DVC-aa6e1c7250,ANDROID,N,2024-05-18,2026-06-26,66
CUST003608,DVC-8b3cbb7d9b,ANDROID,Y,2026-03-25,2026-08-28,3
CUST003609,DVC-fd92f3b21d,ANDROID,Y,2024-12-07,2026-08-30,1
CUST003610,DVC-7c7d6242c2,ANDROID,Y,2026-01-05,2026-08-30,1
CUST003610,DVC-7c46d1c6e6,ANDROID,N,2025-02-11,2025-12-27,247
CUST003611,DVC-c2e860e98f,ANDROID,Y,2026-01-16,2026-08-26,5
CUST003611,DVC-70dd687458,IOS,N,2026-04-21,2026-07-01,61
CUST003612,DVC-460b9873fd,ANDROID,Y,2026-02-16,2026-08-31,0
CUST003612,DVC-f961793d7f,IOS,N,2024-08-14,2026-08-07,24
CUST003612,DVC-503a61ea4f,ANDROID,N,2024-03-19,2026-07-04,58
CUST003613,DVC-3f225c490c,ANDROID,Y,2025-03-27,2026-08-31,0
CUST003613,DVC-c401d1449d,WEB,N,2024-04-17,2026-07-23,39
CUST003614,DVC-e959d910c0,WEB,Y,2025-12-09,2026-08-27,4
CUST003614,DVC-36297dc853,IOS,N,2025-10-26,2026-07-02,60
CUST003614,DVC-7f76eb884c,WEB,N,2026-05-03,2026-07-03,59
CUST003615,DVC-5441e0f652,WEB,Y,2024-09-18,2026-08-29,2
CUST003615,DVC-57067d624c,IOS,N,2024-05-14,2026-08-14,17
CUST003616,DVC-8d234a6213,ANDROID,Y,2025-11-03,2026-08-28,3
CUST003616,DVC-ab39ff4a44,ANDROID,N,2024-05-03,2026-08-23,8
CUST003617,DVC-c32e680115,IOS,Y,2025-10-14,2026-08-29,2
CUST003618,DVC-cb5e457ba7,ANDROID,Y,2025-11-21,2026-08-30,1
CUST003618,DVC-09992bfdf8,ANDROID,N,2024-05-31,2026-07-12,50
CUST003619,DVC-f6e967684f,WEB,Y,2026-04-30,2026-08-27,4
CUST003619,DVC-a535f7dd45,IOS,N,2024-11-05,2026-08-13,18
CUST003620,DVC-5510cdf1fc,ANDROID,Y,2026-05-12,2026-08-28,3
CUST003620,DVC-3c13e4a0b5,ANDROID,N,2026-04-09,2026-06-22,70
CUST003621,DVC-59eb205e1a,ANDROID,Y,2026-02-02,2026-08-29,2
CUST003621,DVC-e556fa2ad3,IOS,N,2024-11-17,2026-07-05,57
CUST003622,DVC-908d2c1cfe,IOS,Y,2026-06-22,2026-08-30,1
CUST003622,DVC-2181cf58f3,ANDROID,N,2025-06-16,2026-07-24,38
CUST003622,DVC-de2be08599,ANDROID,N,2025-02-12,2026-07-02,60
CUST003623,DVC-e53d02c6f9,ANDROID,Y,2025-11-08,2026-08-29,2
CUST003623,DVC-e0af98ebff,ANDROID,N,2026-02-04,2026-08-22,9
CUST003624,DVC-cfa60f1818,ANDROID,Y,2024-07-12,2026-08-27,4
CUST003625,DVC-03f43249b6,IOS,Y,2025-06-19,2026-08-27,4
CUST003625,DVC-505e6ab79f,ANDROID,N,2025-09-17,2026-08-23,8
CUST003626,DVC-62a77c4693,ANDROID,Y,2026-07-11,2026-08-29,2
CUST003626,DVC-904178b30b,ANDROID,N,2026-07-04,2026-07-10,52
CUST003627,DVC-5278ae20f0,ANDROID,Y,2026-01-19,2026-08-25,6
CUST003628,DVC-eea7c54bf3,ANDROID,Y,2024-12-27,2026-08-31,0
CUST003629,DVC-18bf01e0e8,IOS,Y,2025-07-03,2026-08-30,1
CUST003630,DVC-6cf9333d58,IOS,Y,2026-02-28,2026-08-28,3
CUST003630,DVC-7ac7dc5a9e,ANDROID,N,2026-03-26,2026-08-02,29
CUST003631,DVC-7afb8da85d,ANDROID,Y,2025-02-06,2026-08-30,1
CUST003632,DVC-df6f96eb77,IOS,Y,2026-03-19,2026-08-27,4
CUST003633,DVC-33c1f89672,IOS,Y,2024-08-17,2026-08-31,0
CUST003634,DVC-be577c3bda,IOS,Y,2025-11-16,2026-08-27,4
CUST003634,DVC-31bebe8f79,IOS,N,2026-01-21,2026-06-13,79
CUST003635,DVC-f1cc258948,ANDROID,Y,2026-07-22,2026-08-25,6
CUST003635,DVC-5decd1989b,ANDROID,N,2025-08-03,2026-08-09,22
CUST003636,DVC-21852eecc1,IOS,Y,2024-12-18,2026-08-27,4
CUST003636,DVC-a1e12700bb,ANDROID,N,2024-11-13,2026-06-28,64
CUST003636,DVC-2623308b26,ANDROID,N,2025-08-31,2026-07-23,39
CUST003637,DVC-30ec4f4eff,ANDROID,Y,2026-04-08,2026-08-27,4
CUST003638,DVC-43dcfdcaac,ANDROID,Y,2026-07-01,2026-08-26,5
CUST003639,DVC-30a90847e8,ANDROID,Y,2026-01-25,2026-08-25,6
CUST003639,DVC-bae233e514,ANDROID,N,2024-07-19,2026-08-15,16
CUST003639,DVC-a873dd8e95,ANDROID,N,2023-09-12,2025-08-19,377
CUST003640,DVC-620b5c93c9,ANDROID,Y,2025-01-11,2026-08-31,0
CUST003640,DVC-c2c50c30dd,ANDROID,N,2025-05-14,2026-07-06,56
CUST003641,DVC-ab790f1a58,ANDROID,Y,2024-05-30,2026-08-31,0
CUST003641,DVC-37cbe0eed4,ANDROID,N,2026-04-02,2026-08-04,27
CUST003642,DVC-6893dde587,ANDROID,Y,2026-07-27,2026-08-29,2
CUST003643,DVC-79c917e214,ANDROID,Y,2026-04-13,2026-08-27,4
CUST003643,DVC-29e1a2e811,ANDROID,N,2025-07-07,2026-07-24,38
CUST003644,DVC-afbc0b81d3,ANDROID,Y,2024-10-22,2026-08-28,3
CUST003644,DVC-eaa93c8dbc,ANDROID,N,2024-08-02,2026-01-15,228
CUST003645,DVC-1a681e50bd,ANDROID,Y,2026-06-12,2026-08-27,4
CUST003645,DVC-fce96f5589,IOS,N,2026-03-30,2026-06-30,62
CUST003645,DVC-b21f64b380,IOS,N,2026-06-19,2026-08-19,12
CUST003646,DVC-2aac101746,ANDROID,Y,2024-09-18,2026-08-30,1
CUST003646,DVC-f8a74c39f3,ANDROID,N,2025-07-04,2026-01-20,223
CUST003646,DVC-fc9837ecf0,ANDROID,N,2026-05-09,2026-06-18,74
CUST003647,DVC-9b71098fa6,ANDROID,Y,2024-06-17,2026-08-28,3
CUST003648,DVC-9761219929,ANDROID,Y,2025-05-31,2026-08-29,2
CUST003649,DVC-0960f3c3b0,ANDROID,Y,2025-08-26,2026-08-26,5
CUST003649,DVC-1025d456e9,ANDROID,N,2026-03-19,2026-08-01,30
CUST003650,DVC-adb3ec8049,ANDROID,Y,2026-01-28,2026-08-26,5
CUST003650,DVC-b66ffbe4b3,ANDROID,N,2025-11-25,2026-06-26,66
CUST003651,DVC-d90cf16841,ANDROID,Y,2026-03-22,2026-08-31,0
CUST003651,DVC-561e911444,WEB,N,2025-09-01,2026-08-17,14
CUST003652,DVC-4ebc2adad3,ANDROID,Y,2025-07-09,2026-08-27,4
CUST003652,DVC-b284d9c0fd,ANDROID,N,2024-06-23,2026-06-20,72
CUST003652,DVC-9b8c10a7e2,IOS,N,2024-09-15,2026-06-21,71
CUST003653,DVC-6876f683bd,IOS,Y,2025-03-26,2026-08-29,2
CUST003654,DVC-5a0aefa42d,ANDROID,Y,2026-04-25,2026-08-25,6
CUST003654,DVC-d5285ed1ae,IOS,N,2026-04-04,2026-07-30,32
CUST003655,DVC-9d9cd9b0b6,ANDROID,Y,2026-05-20,2026-08-30,1
CUST003655,DVC-a7b515e72a,ANDROID,N,2026-03-11,2026-08-09,22
CUST003655,DVC-ae9a70862d,ANDROID,N,2026-04-27,2026-07-04,58
CUST003656,DVC-e12e376233,ANDROID,Y,2026-07-19,2026-08-27,4
CUST003657,DVC-ac53ccc2f5,IOS,Y,2025-06-17,2026-08-26,5
CUST003658,DVC-f06fce0fc6,IOS,Y,2025-10-03,2026-08-26,5
CUST003659,DVC-375d1a195f,ANDROID,Y,2024-04-06,2026-08-29,2
CUST003659,DVC-4e0c5180f6,ANDROID,N,2025-02-04,2026-07-05,57
CUST003660,DVC-0080b15992,ANDROID,Y,2026-05-11,2026-08-28,3
CUST003660,DVC-923dd0feae,ANDROID,N,2025-12-14,2026-06-17,75
CUST003661,DVC-866bce8d52,ANDROID,Y,2025-12-19,2026-08-26,5
CUST003661,DVC-c51d3c9009,IOS,N,2024-07-28,2026-08-18,13
CUST003662,DVC-f34cb64b12,WEB,Y,2024-05-20,2026-08-28,3
CUST003662,DVC-501228b33e,ANDROID,N,2024-11-30,2026-08-10,21
CUST003663,DVC-094d34fe6c,ANDROID,Y,2026-01-04,2026-08-30,1
CUST003663,DVC-726d623236,ANDROID,N,2025-11-06,2026-07-25,37
CUST003663,DVC-444477b3e2,ANDROID,N,2025-11-29,2026-07-18,44
CUST003664,DVC-bb0d0d96c7,ANDROID,Y,2025-05-19,2026-08-25,6
CUST003664,DVC-14b75d6da4,WEB,N,2026-04-25,2026-06-24,68
CUST003665,DVC-9c7a795638,ANDROID,Y,2025-06-30,2026-08-27,4
CUST003665,DVC-c2d73640ad,ANDROID,N,2025-11-28,2026-08-25,6
CUST003666,DVC-d9e71edda8,ANDROID,Y,2025-11-21,2026-08-25,6
CUST003666,DVC-40fc9c770d,WEB,N,2025-07-22,2026-08-15,16
CUST003666,DVC-8311e644c4,ANDROID,N,2025-07-25,2026-08-18,13
CUST003667,DVC-41f23e534f,ANDROID,Y,2026-07-27,2026-08-27,4
CUST003667,DVC-ee54dd4f1f,ANDROID,N,2026-06-17,2025-09-11,354
CUST003668,DVC-7924aa6756,WEB,Y,2024-12-10,2026-08-26,5
CUST003669,DVC-1e382e64ca,ANDROID,Y,2025-08-31,2026-08-26,5
CUST003669,DVC-c7dee743c5,WEB,N,2025-03-31,2026-07-05,57
CUST003670,DVC-3be6b42f3e,ANDROID,Y,2024-08-03,2026-08-25,6
CUST003671,DVC-c928b5d10d,ANDROID,Y,2026-07-07,2026-08-31,0
CUST003672,DVC-8f8ace3e1d,ANDROID,Y,2025-07-23,2026-08-25,6
CUST003673,DVC-a560832c75,IOS,Y,2025-10-28,2026-08-29,2
CUST003674,DVC-7dc01da311,WEB,Y,2026-04-02,2026-08-26,5
CUST003675,DVC-e3dbd89f1d,ANDROID,Y,2024-07-25,2026-08-29,2
CUST003676,DVC-862e605de7,IOS,Y,2024-05-10,2026-08-27,4
CUST003677,DVC-b1c87e8123,WEB,Y,2026-03-30,2026-08-26,5
CUST003677,DVC-c2b0752341,ANDROID,N,2026-05-06,2026-06-23,69
CUST003678,DVC-39dfbb9da9,IOS,Y,2024-09-09,2026-08-29,2
CUST003678,DVC-f1a094c73b,WEB,N,2025-09-03,2026-07-04,58
CUST003679,DVC-57f054bfcf,ANDROID,Y,2026-02-01,2026-08-26,5
CUST003679,DVC-0225ec55bb,IOS,N,2025-11-13,2026-06-25,67
CUST003680,DVC-945f091f8b,ANDROID,Y,2026-05-30,2026-08-26,5
CUST003681,DVC-c2c3ab72f9,ANDROID,Y,2024-05-02,2026-08-29,2
CUST003681,DVC-ff88da99bb,WEB,N,2025-10-28,2026-08-30,1
CUST003681,DVC-71674bf5f0,ANDROID,N,2025-01-04,2026-07-08,54
CUST003682,DVC-5b5672ecaa,ANDROID,Y,2025-04-24,2026-08-30,1
CUST003682,DVC-f3c4e5e40c,ANDROID,N,2024-02-13,2026-07-01,61
CUST003683,DVC-70cfcba569,ANDROID,Y,2025-11-26,2026-08-28,3
CUST003684,DVC-c495502a77,ANDROID,Y,2024-09-19,2026-08-26,5
CUST003684,DVC-a37c8d8acb,IOS,N,2026-05-23,2026-07-11,51
CUST003685,DVC-3313eb7de0,ANDROID,Y,2026-03-26,2026-08-28,3
CUST003686,DVC-14ca12a497,IOS,Y,2024-10-10,2026-08-28,3
CUST003686,DVC-2b4375b812,ANDROID,N,2025-08-26,2025-09-27,338
CUST003687,DVC-6133f544e1,ANDROID,Y,2025-08-05,2026-08-30,1
CUST003688,DVC-b1a34d885e,ANDROID,Y,2025-03-06,2026-08-28,3
CUST003688,DVC-2bb9dec7bc,IOS,N,2024-10-09,2026-06-25,67
CUST003689,DVC-09c93388cf,IOS,Y,2024-11-11,2026-08-30,1
CUST003690,DVC-fde6068731,ANDROID,Y,2026-03-24,2026-08-26,5
CUST003691,DVC-24ceacd3e9,ANDROID,Y,2025-01-17,2026-08-27,4
CUST003691,DVC-182062c4a3,WEB,N,2024-11-11,2026-08-11,20
CUST003691,DVC-080e9f29b2,ANDROID,N,2025-05-11,2026-08-20,11
CUST003692,DVC-ee14484daf,ANDROID,Y,2026-07-14,2026-08-26,5
CUST003693,DVC-f7c9f3cc47,IOS,Y,2026-02-10,2026-08-27,4
CUST003694,DVC-c77b5352ec,ANDROID,Y,2024-03-21,2026-08-29,2
CUST003695,DVC-27273b83dd,ANDROID,Y,2026-07-24,2026-08-27,4
CUST003695,DVC-ff7d706e22,ANDROID,N,2025-07-31,2025-09-01,364
CUST003696,DVC-ecbc4732a9,IOS,Y,2024-06-04,2026-08-26,5
CUST003696,DVC-5fcb339573,IOS,N,2023-11-02,2025-09-13,352
CUST003697,DVC-2fa6dce995,IOS,Y,2024-12-17,2026-08-29,2
CUST003698,DVC-800ca63a23,ANDROID,Y,2024-04-02,2026-08-30,1
CUST003699,DVC-e7d981d612,ANDROID,Y,2025-03-01,2026-08-31,0
CUST003700,DVC-b98c1aefac,ANDROID,Y,2024-11-12,2026-08-25,6
CUST003701,DVC-f22aa9aa3f,ANDROID,Y,2026-05-14,2026-08-27,4
CUST003702,DVC-e0d31a2f2b,IOS,Y,2026-06-23,2026-08-25,6
CUST003703,DVC-e428cb02f2,ANDROID,Y,2025-09-22,2026-08-29,2
CUST003703,DVC-30c90bc2f6,ANDROID,N,2026-05-12,2026-08-07,24
CUST003704,DVC-ce50e59c50,IOS,Y,2025-09-15,2026-08-31,0
CUST003704,DVC-2ef4fb6204,ANDROID,N,2025-04-13,2026-06-14,78
CUST003705,DVC-54cc323d5f,ANDROID,Y,2025-04-23,2026-08-27,4
CUST003705,DVC-af0f39734f,IOS,N,2024-07-30,2026-06-24,68
CUST003705,DVC-b648c154de,ANDROID,N,2024-10-02,2026-08-08,23
CUST003706,DVC-729035d5e1,IOS,Y,2024-05-12,2026-08-25,6
CUST003706,DVC-d9b051c348,ANDROID,N,2025-07-30,2026-06-24,68
CUST003707,DVC-51cc676725,ANDROID,Y,2024-06-15,2026-08-27,4
CUST003707,DVC-49c1c16ecf,ANDROID,N,2025-01-03,2025-12-17,257
CUST003708,DVC-b3320695fd,ANDROID,Y,2025-05-26,2026-08-31,0
CUST003708,DVC-91804a3c4c,IOS,N,2024-11-11,2026-07-14,48
CUST003709,DVC-92f5047d4f,ANDROID,Y,2026-07-05,2026-08-27,4
CUST003709,DVC-db9b4177ad,ANDROID,N,2025-10-18,2026-06-30,62
CUST003710,DVC-4dc7c77990,WEB,Y,2026-02-07,2026-08-26,5
CUST003710,DVC-2ab34fef4b,ANDROID,N,2024-05-02,2026-07-25,37
CUST003711,DVC-ea5aa44fad,ANDROID,Y,2025-11-02,2026-08-30,1
CUST003711,DVC-77dd725283,ANDROID,N,2025-11-01,2026-08-28,3
CUST003712,DVC-b00962924b,ANDROID,Y,2026-03-03,2026-08-29,2
CUST003713,DVC-3a7f8c09b4,IOS,Y,2024-12-12,2026-08-29,2
CUST003713,DVC-0f23285250,IOS,N,2024-10-15,2026-07-05,57
CUST003714,DVC-f04e299e32,IOS,Y,2025-05-07,2026-08-28,3
CUST003715,DVC-273d8fabad,ANDROID,Y,2024-05-15,2026-08-25,6
CUST003716,DVC-a380cec929,ANDROID,Y,2026-06-26,2026-08-26,5
CUST003716,DVC-ba9a60441e,IOS,N,2024-09-29,2026-05-21,102
CUST003716,DVC-0deee215bc,WEB,N,2026-05-23,2026-08-25,6
CUST003717,DVC-620090feba,ANDROID,Y,2025-12-13,2026-08-30,1
CUST003717,DVC-85f5c0281f,ANDROID,N,2026-01-15,2026-06-24,68
CUST003718,DVC-e7c08a7626,ANDROID,Y,2026-02-21,2026-08-27,4
CUST003719,DVC-e5816aa0a8,ANDROID,Y,2026-03-24,2026-08-29,2
CUST003720,DVC-d742759197,WEB,Y,2025-09-18,2026-08-27,4
CUST003720,DVC-e77e460edc,WEB,N,2025-10-08,2026-08-24,7
CUST003721,DVC-39dd6880f6,ANDROID,Y,2026-07-05,2026-08-25,6
CUST003721,DVC-42b9ae9f63,ANDROID,N,2025-08-14,2026-08-14,17
CUST003722,DVC-c7526515dd,ANDROID,Y,2026-05-02,2026-08-29,2
CUST003722,DVC-dcef67441b,ANDROID,N,2024-10-17,2026-04-14,139
CUST003723,DVC-f9f1398d19,ANDROID,Y,2025-11-27,2026-08-30,1
CUST003724,DVC-ec4a437972,ANDROID,Y,2026-03-28,2026-08-31,0
CUST003725,DVC-2db162fda2,IOS,Y,2026-07-05,2026-08-29,2
CUST003726,DVC-7d3edfccca,IOS,Y,2024-04-02,2026-08-25,6
CUST003727,DVC-1020d6633b,ANDROID,Y,2026-03-13,2026-08-26,5
CUST003728,DVC-20b69da054,ANDROID,Y,2024-09-07,2026-08-26,5
CUST003729,DVC-e3f07bd4a6,ANDROID,Y,2024-04-09,2026-08-25,6
CUST003729,DVC-396951abe5,ANDROID,N,2025-10-12,2026-06-24,68
CUST003730,DVC-9fd0aa391b,ANDROID,Y,2026-03-20,2026-08-28,3
CUST003730,DVC-14673fafeb,WEB,N,2024-12-28,2026-06-23,69
CUST003731,DVC-90979fff27,WEB,Y,2024-07-14,2026-08-28,3
CUST003732,DVC-4b9c3959c4,IOS,Y,2025-09-17,2026-08-25,6
CUST003733,DVC-90340bff50,IOS,Y,2026-01-27,2026-08-25,6
CUST003733,DVC-ed1252a233,ANDROID,N,2024-02-23,2026-07-03,59
CUST003733,DVC-048204f9ef,ANDROID,N,2025-04-12,2026-07-15,47
CUST003734,DVC-da4a8b3209,ANDROID,Y,2025-03-07,2026-08-31,0
CUST003734,DVC-059d743719,ANDROID,N,2024-12-29,2026-07-10,52
CUST003735,DVC-4d9f0817cf,ANDROID,Y,2026-04-05,2026-08-31,0
CUST003736,DVC-4490415dea,ANDROID,Y,2025-03-10,2026-08-30,1
CUST003736,DVC-8c257372e0,ANDROID,N,2026-03-14,2026-08-28,3
CUST003737,DVC-ddf40e8c2a,ANDROID,Y,2024-04-05,2026-08-27,4
CUST003738,DVC-04d939129b,ANDROID,Y,2025-11-20,2026-08-30,1
CUST003739,DVC-cfcae04e83,ANDROID,Y,2025-10-28,2026-08-28,3
CUST003740,DVC-6cc2ecc4a0,ANDROID,Y,2025-04-15,2026-08-29,2
CUST003741,DVC-b8bb9fd85a,ANDROID,Y,2025-03-22,2026-08-26,5
CUST003741,DVC-6500f24302,ANDROID,N,2025-10-30,2026-08-01,30
CUST003741,DVC-017668e3d9,ANDROID,N,2025-04-25,2026-03-21,163
CUST003742,DVC-0c0871e56f,ANDROID,Y,2026-06-24,2026-08-28,3
CUST003743,DVC-e28b2f4691,ANDROID,Y,2025-12-20,2026-08-26,5
CUST003743,DVC-479681c93c,ANDROID,N,2024-11-29,2026-07-07,55
CUST003744,DVC-ba1579ea07,ANDROID,Y,2026-05-12,2026-08-28,3
CUST003745,DVC-8b3267af60,ANDROID,Y,2026-07-17,2026-08-31,0
CUST003746,DVC-0a8225eec6,IOS,Y,2024-08-01,2026-08-31,0
CUST003747,DVC-b26664495c,ANDROID,Y,2025-01-08,2026-08-26,5
CUST003748,DVC-5d8b84d7ae,WEB,Y,2024-08-10,2026-08-29,2
CUST003749,DVC-b80647270a,IOS,Y,2024-12-21,2026-08-25,6
CUST003750,DVC-75b39f303c,IOS,Y,2025-01-02,2026-08-26,5
CUST003751,DVC-f3914ab812,ANDROID,Y,2026-07-13,2026-08-27,4
CUST003752,DVC-69ea236225,WEB,Y,2025-09-22,2026-08-30,1
CUST003753,DVC-42e4317358,IOS,Y,2026-06-07,2026-08-27,4
CUST003753,DVC-4aea4a5c5e,ANDROID,N,2026-05-01,2026-07-05,57
CUST003753,DVC-e70199bf49,ANDROID,N,2026-04-14,2026-08-05,26
CUST003754,DVC-099a942fcd,ANDROID,Y,2025-12-16,2026-08-25,6
CUST003754,DVC-051b84261b,ANDROID,N,2025-10-08,2026-07-18,44
CUST003754,DVC-af15597fde,ANDROID,N,2026-01-09,2026-07-14,48
CUST003755,DVC-bd629f38bf,ANDROID,Y,2025-09-15,2026-08-29,2
CUST003755,DVC-123afcf09d,ANDROID,N,2026-03-21,2026-08-28,3
CUST003755,DVC-1bc318ea62,ANDROID,N,2025-07-14,2026-07-08,54
CUST003756,DVC-7523e5ffee,ANDROID,Y,2025-04-20,2026-08-28,3
CUST003756,DVC-8da8a3ee12,ANDROID,N,2026-04-29,2026-07-07,55
CUST003757,DVC-78127021c4,ANDROID,Y,2024-10-07,2026-08-26,5
CUST003758,DVC-ea93147923,IOS,Y,2025-05-18,2026-08-29,2
CUST003758,DVC-f1853e7f4b,ANDROID,N,2024-12-07,2026-08-26,5
CUST003759,DVC-ce25e7d7f3,ANDROID,Y,2026-01-09,2026-08-25,6
CUST003760,DVC-6746c4729c,IOS,Y,2025-07-01,2026-08-28,3
CUST003761,DVC-341c3d9855,ANDROID,Y,2024-06-30,2026-08-30,1
CUST003762,DVC-ef1fbaa35b,ANDROID,Y,2025-01-15,2026-08-25,6
CUST003762,DVC-a875092813,ANDROID,N,2026-01-29,2026-04-15,138
CUST003763,DVC-47448f2cf5,ANDROID,Y,2026-06-03,2026-08-25,6
CUST003763,DVC-8477f95aa5,ANDROID,N,2026-03-16,2026-07-23,39
CUST003764,DVC-4d5c2769eb,ANDROID,Y,2026-07-08,2026-08-29,2
CUST003764,DVC-08e0bbf9df,ANDROID,N,2026-07-28,2026-08-29,2
CUST003765,DVC-2d1cc809e4,IOS,Y,2025-09-05,2026-08-31,0
CUST003765,DVC-e50a7d56c8,ANDROID,N,2026-03-07,2026-06-30,62
CUST003766,DVC-1b4b466ca1,ANDROID,Y,2026-04-26,2026-08-28,3
CUST003767,DVC-dc6f069e82,IOS,Y,2024-05-25,2026-08-25,6
CUST003768,DVC-6823ec2c5d,ANDROID,Y,2026-06-17,2026-08-27,4
CUST003769,DVC-16e6a699cf,ANDROID,Y,2025-10-03,2026-08-27,4
CUST003770,DVC-e992db1d70,ANDROID,Y,2025-11-29,2026-08-27,4
CUST003771,DVC-25cb3ca39e,IOS,Y,2024-08-03,2026-08-25,6
CUST003771,DVC-50048ccf0e,WEB,N,2025-06-22,2026-07-01,61
CUST003772,DVC-400c217986,IOS,Y,2026-04-29,2026-08-27,4
CUST003773,DVC-ec93d4860a,IOS,Y,2024-10-02,2026-08-30,1
CUST003774,DVC-a553bd90a7,IOS,Y,2026-05-10,2026-08-26,5
CUST003774,DVC-9413beaa06,ANDROID,N,2025-06-19,2026-01-06,237
CUST003775,DVC-96e83b86a2,IOS,Y,2024-03-30,2026-08-26,5
CUST003776,DVC-dc5e79bd97,ANDROID,Y,2025-03-30,2026-08-31,0
CUST003777,DVC-bb151021be,ANDROID,Y,2024-04-29,2026-08-31,0
CUST003778,DVC-aa30e9bb3e,ANDROID,Y,2024-10-13,2026-08-28,3
CUST003778,DVC-ecb171f403,IOS,N,2024-12-19,2026-07-14,48
CUST003779,DVC-8c3eb32390,IOS,Y,2025-09-06,2026-08-30,1
CUST003780,DVC-5ea01c2e27,ANDROID,Y,2025-06-21,2026-08-29,2
CUST003781,DVC-02dc37f290,ANDROID,Y,2026-06-05,2026-08-30,1
CUST003782,DVC-b04b9dd557,ANDROID,Y,2024-12-26,2026-08-28,3
CUST003782,DVC-4757874ec0,IOS,N,2025-10-21,2026-08-12,19
CUST003783,DVC-13e55c03f3,ANDROID,Y,2025-05-16,2026-08-28,3
CUST003783,DVC-3508e68d14,ANDROID,N,2025-10-21,2026-07-07,55
CUST003783,DVC-47aa031233,ANDROID,N,2025-12-20,2026-08-29,2
CUST003784,DVC-e129256d16,IOS,Y,2025-09-17,2026-08-31,0
CUST003784,DVC-fa74a883ea,IOS,N,2024-06-19,2026-07-25,37
CUST003784,DVC-193331cfd1,IOS,N,2025-06-15,2026-08-23,8
CUST003785,DVC-a98d293ff6,ANDROID,Y,2024-04-26,2026-08-28,3
CUST003785,DVC-8b4fea311e,WEB,N,2025-07-24,2026-07-24,38
CUST003786,DVC-e58c2c720b,IOS,Y,2025-09-19,2026-08-27,4
CUST003786,DVC-91c7590e06,ANDROID,N,2025-07-22,2026-07-04,58
CUST003787,DVC-1a4ecb9fd4,ANDROID,Y,2026-04-22,2026-08-25,6
CUST003788,DVC-331d547781,ANDROID,Y,2026-02-02,2026-08-25,6
CUST003788,DVC-bfa54eb89a,WEB,N,2026-02-15,2026-07-27,35
CUST003789,DVC-b043fa8f2d,ANDROID,Y,2025-05-02,2026-08-30,1
CUST003789,DVC-9264b8d46e,ANDROID,N,2025-03-26,2026-07-30,32
CUST003789,DVC-2dfd29458d,ANDROID,N,2026-05-31,2026-07-11,51
CUST003790,DVC-41df5600fc,ANDROID,Y,2024-05-31,2026-08-29,2
CUST003791,DVC-be11eb3c3a,WEB,Y,2026-05-08,2026-08-31,0
CUST003792,DVC-df6f4d2b22,ANDROID,Y,2026-04-20,2026-08-31,0
CUST003792,DVC-4f99dd7a29,ANDROID,N,2025-11-21,2026-02-28,184
CUST003792,DVC-62e43d86b0,ANDROID,N,2026-01-19,2026-07-03,59
CUST003793,DVC-3fb52416d9,ANDROID,Y,2026-04-29,2026-08-28,3
CUST003793,DVC-f01fcedc39,ANDROID,N,2026-04-14,2026-07-19,43
CUST003794,DVC-0049d73d35,ANDROID,Y,2025-02-22,2026-08-27,4
CUST003794,DVC-d554670f15,IOS,N,2025-01-31,2026-06-19,73
CUST003795,DVC-74aa13a819,ANDROID,Y,2024-09-27,2026-08-28,3
CUST003795,DVC-edbe6401ca,ANDROID,N,2026-04-22,2026-07-25,37
CUST003795,DVC-af85a9a1ed,IOS,N,2024-09-20,2026-07-24,38
CUST003796,DVC-db041be72b,IOS,Y,2025-02-20,2026-08-28,3
CUST003797,DVC-872639f6d5,ANDROID,Y,2024-12-14,2026-08-30,1
CUST003798,DVC-81b1072c40,ANDROID,Y,2025-08-20,2026-08-25,6
CUST003799,DVC-13889c70af,IOS,Y,2024-10-15,2026-08-28,3
CUST003799,DVC-671c56bf6c,ANDROID,N,2025-12-24,2026-06-29,63
CUST003800,DVC-398131851e,ANDROID,Y,2026-06-22,2026-08-31,0
CUST003801,DVC-0adb7025c0,ANDROID,Y,2025-10-31,2026-08-26,5
CUST003801,DVC-a344266780,ANDROID,N,2025-10-11,2026-08-18,13
CUST003802,DVC-550aff9919,WEB,Y,2026-05-15,2026-08-30,1
CUST003802,DVC-cd5947727c,IOS,N,2024-06-19,2026-08-19,12
CUST003803,DVC-f6728da348,ANDROID,Y,2024-07-02,2026-08-29,2
CUST003804,DVC-0eeb9fcb44,ANDROID,Y,2026-04-15,2026-08-25,6
CUST003805,DVC-8a11c7e322,IOS,Y,2026-07-19,2026-08-26,5
CUST003805,DVC-bbf11b7d5c,ANDROID,N,2026-04-28,2026-07-30,32
CUST003806,DVC-6949d27b9b,ANDROID,Y,2024-07-26,2026-08-28,3
CUST003807,DVC-7ea05ad35a,WEB,Y,2025-03-03,2026-08-29,2
CUST003808,DVC-7bb67d8b13,ANDROID,Y,2024-12-04,2026-08-27,4
CUST003809,DVC-7b2bd231a1,ANDROID,Y,2025-06-01,2026-08-30,1
CUST003809,DVC-e8fbf25998,ANDROID,N,2025-06-06,2026-06-27,65
CUST003810,DVC-d7713cd80c,ANDROID,Y,2024-12-29,2026-08-26,5
CUST003811,DVC-dc295869e7,ANDROID,Y,2025-10-11,2026-08-28,3
CUST003812,DVC-87833a8963,ANDROID,Y,2026-01-27,2026-08-29,2
CUST003812,DVC-5ee7ba907b,ANDROID,N,2025-03-04,2026-07-17,45
CUST003813,DVC-61b86413dc,IOS,Y,2026-02-19,2026-08-26,5
CUST003813,DVC-963d8eb236,ANDROID,N,2024-11-09,2026-08-27,4
CUST003814,DVC-26df6251ec,ANDROID,Y,2025-03-05,2026-08-28,3
CUST003814,DVC-d8194e036d,ANDROID,N,2025-02-25,2026-07-06,56
CUST003815,DVC-314061475d,ANDROID,Y,2025-04-23,2026-08-29,2
CUST003816,DVC-65b22932f4,ANDROID,Y,2026-03-31,2026-08-25,6
CUST003817,DVC-43db945e11,IOS,Y,2024-11-23,2026-08-28,3
CUST003818,DVC-1e5690bb15,IOS,Y,2025-12-23,2026-08-31,0
CUST003818,DVC-f8ddff30eb,IOS,N,2025-06-21,2026-08-27,4
CUST003819,DVC-819eeede16,ANDROID,Y,2026-02-28,2026-08-31,0
CUST003819,DVC-f142ba0359,ANDROID,N,2026-05-05,2026-07-14,48
CUST003819,DVC-f55922d7a7,IOS,N,2025-04-02,2026-06-19,73
CUST003820,DVC-841d867d75,ANDROID,Y,2026-01-09,2026-08-28,3
CUST003821,DVC-9dbee8ae4e,ANDROID,Y,2025-09-25,2026-08-27,4
CUST003821,DVC-836448b744,IOS,N,2024-10-15,2026-06-21,71
CUST003822,DVC-ece47d149e,ANDROID,Y,2024-11-07,2026-08-28,3
CUST003822,DVC-6447a4c7f7,WEB,N,2025-12-04,2026-08-25,6
CUST003823,DVC-c01f1f6381,IOS,Y,2024-08-05,2026-08-27,4
CUST003824,DVC-9470fe59a0,ANDROID,Y,2025-07-15,2026-08-26,5
CUST003825,DVC-f1bcf3528e,ANDROID,Y,2025-10-30,2026-08-30,1
CUST003825,DVC-792a587d50,ANDROID,N,2025-01-22,2025-11-20,284
CUST003826,DVC-ef302b3ace,IOS,Y,2025-12-01,2026-08-27,4
CUST003827,DVC-ce09e48f58,ANDROID,Y,2024-08-01,2026-08-25,6
CUST003828,DVC-9138889e20,IOS,Y,2025-11-23,2026-08-25,6
CUST003828,DVC-9213bc72a2,ANDROID,N,2025-12-29,2026-07-19,43
CUST003829,DVC-b8fdbe2881,ANDROID,Y,2025-01-03,2026-08-31,0
CUST003829,DVC-71ef0860cf,ANDROID,N,2025-06-18,2026-07-25,37
CUST003830,DVC-572c06978a,IOS,Y,2025-10-30,2026-08-31,0
CUST003831,DVC-865a2ec07e,ANDROID,Y,2024-04-18,2026-08-26,5
CUST003832,DVC-23c540139f,IOS,Y,2026-07-20,2026-08-29,2
CUST003832,DVC-e55adff885,IOS,N,2026-05-04,2026-06-14,78
CUST003832,DVC-99ad93ef8d,IOS,N,2026-05-04,2026-06-15,77
CUST003833,DVC-e93be6d2eb,ANDROID,Y,2025-12-23,2026-08-31,0
CUST003834,DVC-d40c51e7d8,IOS,Y,2026-01-10,2026-08-29,2
CUST003834,DVC-ba2a9e96a3,ANDROID,N,2025-05-05,2026-08-20,11
CUST003834,DVC-0afcb8ade6,ANDROID,N,2025-09-25,2026-08-14,17
CUST003835,DVC-0a39528323,ANDROID,Y,2026-04-14,2026-08-31,0
CUST003836,DVC-5c05f3741f,ANDROID,Y,2025-03-09,2026-08-27,4
CUST003836,DVC-2594a156d8,ANDROID,N,2025-05-10,2026-07-19,43
CUST003837,DVC-fa991f3a16,ANDROID,Y,2026-06-07,2026-08-29,2
CUST003838,DVC-4d3b965f93,ANDROID,Y,2024-08-14,2026-08-30,1
CUST003839,DVC-bc72ba705e,IOS,Y,2025-03-23,2026-08-30,1
CUST003839,DVC-b4881cd66b,ANDROID,N,2025-08-04,2026-06-23,69
CUST003840,DVC-b39cbfaa9b,ANDROID,Y,2026-06-09,2026-08-25,6
CUST003841,DVC-d0fb54b5b6,IOS,Y,2026-05-12,2026-08-26,5
CUST003842,DVC-17168da6b4,ANDROID,Y,2025-06-09,2026-08-31,0
CUST003842,DVC-1eb47abd2d,WEB,N,2025-03-26,2026-08-03,28
CUST003843,DVC-e8e720ac47,ANDROID,Y,2024-08-10,2026-08-27,4
CUST003843,DVC-b5e289ca4d,IOS,N,2025-09-12,2026-01-18,225
CUST003844,DVC-766b3266da,ANDROID,Y,2025-05-07,2026-08-26,5
CUST003844,DVC-29453b764e,ANDROID,N,2024-11-26,2026-08-04,27
CUST003845,DVC-8006aea852,ANDROID,Y,2025-07-21,2026-08-30,1
CUST003846,DVC-a9e9d722c9,ANDROID,Y,2025-11-23,2026-08-25,6
CUST003847,DVC-e5f887da3d,ANDROID,Y,2024-10-29,2026-08-25,6
CUST003847,DVC-8d673c0683,ANDROID,N,2023-08-20,2026-01-12,231
CUST003848,DVC-c2c01499fa,ANDROID,Y,2025-01-20,2026-08-28,3
CUST003848,DVC-1d8c2afcf8,ANDROID,N,2024-05-09,2026-07-16,46
CUST003848,DVC-b60c3ffcfc,ANDROID,N,2025-09-05,2025-11-09,295
CUST003849,DVC-e8b911c5a1,ANDROID,Y,2024-05-01,2026-08-28,3
CUST003849,DVC-444f8f9210,WEB,N,2024-08-24,2026-07-10,52
CUST003850,DVC-6edfce9c2b,ANDROID,Y,2026-07-11,2026-08-31,0
CUST003851,DVC-9459e49b52,ANDROID,Y,2025-02-27,2026-08-30,1
CUST003852,DVC-5bad1633a8,ANDROID,Y,2026-07-12,2026-08-30,1
CUST003853,DVC-9ea160d127,ANDROID,Y,2025-05-05,2026-08-31,0
CUST003853,DVC-1a6d02628a,ANDROID,N,2025-01-25,2026-08-13,18
CUST003853,DVC-7cc2ab3cd4,IOS,N,2026-04-15,2026-08-24,7
CUST003854,DVC-89cb06bd72,ANDROID,Y,2026-05-01,2026-08-29,2
CUST003855,DVC-a146892c97,ANDROID,Y,2026-06-09,2026-08-27,4
CUST003856,DVC-eac25b53e3,IOS,Y,2024-06-05,2026-08-29,2
CUST003856,DVC-7b6ff134e0,ANDROID,N,2026-01-08,2026-07-14,48
CUST003857,DVC-7e579042c4,ANDROID,Y,2024-08-01,2026-08-25,6
CUST003858,DVC-f83982b191,ANDROID,Y,2024-08-05,2026-08-26,5
CUST003859,DVC-a346cf2845,IOS,Y,2026-07-17,2026-08-31,0
CUST003860,DVC-64e35a6f38,ANDROID,Y,2025-07-15,2026-08-27,4
CUST003861,DVC-8f74aa869f,WEB,Y,2025-08-10,2026-08-26,5
CUST003862,DVC-5a2f2929e8,ANDROID,Y,2024-12-03,2026-08-27,4
CUST003862,DVC-4705e01b7b,ANDROID,N,2026-03-04,2026-07-11,51
CUST003862,DVC-7b0b510b5c,ANDROID,N,2025-11-09,2026-06-22,70
CUST003863,DVC-db088529f9,ANDROID,Y,2026-03-09,2026-08-30,1
CUST003863,DVC-85ef6a18a5,ANDROID,N,2025-03-17,2025-12-08,266
CUST003864,DVC-fddd474ae0,ANDROID,Y,2025-10-30,2026-08-28,3
CUST003865,DVC-fcad0e4289,ANDROID,Y,2026-07-19,2026-08-30,1
CUST003865,DVC-316dd99001,WEB,N,2024-11-29,2026-07-19,43
CUST003866,DVC-04853e2d62,ANDROID,Y,2026-05-08,2026-08-26,5
CUST003867,DVC-33e98e1f39,ANDROID,Y,2024-12-05,2026-08-31,0
CUST003868,DVC-61a237ac1f,IOS,Y,2024-07-04,2026-08-27,4
CUST003869,DVC-986d9690b6,ANDROID,Y,2025-06-21,2026-08-31,0
CUST003869,DVC-a00671cc7d,IOS,N,2025-10-26,2026-08-20,11
CUST003869,DVC-dbfa9fec72,ANDROID,N,2024-09-26,2026-08-11,20
CUST003870,DVC-ea34dfbd15,ANDROID,Y,2024-06-20,2026-08-26,5
CUST003871,DVC-c2d5e3796e,ANDROID,Y,2024-11-21,2026-08-25,6
CUST003872,DVC-7d07af3a4c,ANDROID,Y,2024-09-07,2026-08-30,1
CUST003872,DVC-e908f1dc41,ANDROID,N,2025-11-11,2026-08-10,21
CUST003873,DVC-fb774ce1f6,ANDROID,Y,2024-09-05,2026-08-29,2
CUST003874,DVC-047d260ded,WEB,Y,2024-05-07,2026-08-28,3
CUST003875,DVC-2c02a54fe9,ANDROID,Y,2025-06-03,2026-08-25,6
CUST003875,DVC-ba2a0a1a99,ANDROID,N,2026-03-21,2026-08-09,22
CUST003876,DVC-ef0f4d7f6f,WEB,Y,2026-04-06,2026-08-30,1
CUST003876,DVC-209a4341e6,ANDROID,N,2024-05-25,2026-06-16,76
CUST003877,DVC-36d163762f,ANDROID,Y,2025-12-29,2026-08-30,1
CUST003878,DVC-be66134a0d,IOS,Y,2025-10-08,2026-08-27,4
CUST003878,DVC-c4401a0f5a,ANDROID,N,2025-11-22,2026-08-04,27
CUST003879,DVC-bccb92c5b4,ANDROID,Y,2025-09-24,2026-08-26,5
CUST003880,DVC-bce8b4482e,IOS,Y,2026-01-19,2026-08-26,5
CUST003880,DVC-ad2b5665a3,IOS,N,2025-06-19,2026-07-14,48
CUST003881,DVC-eb793c801d,ANDROID,Y,2025-08-08,2026-08-30,1
CUST003881,DVC-99b6cd44e9,IOS,N,2025-06-16,2026-08-27,4
CUST003882,DVC-70b671e55f,IOS,Y,2025-08-15,2026-08-28,3
CUST003883,DVC-28dcf96172,ANDROID,Y,2026-07-20,2026-08-28,3
CUST003884,DVC-186ad7ccdb,ANDROID,Y,2025-06-29,2026-08-31,0
CUST003884,DVC-df1095e41f,ANDROID,N,2025-02-08,2026-06-19,73
CUST003885,DVC-6bc4bb5d78,IOS,Y,2025-05-04,2026-08-26,5
CUST003886,DVC-b65251d8fb,IOS,Y,2025-01-28,2026-08-26,5
CUST003887,DVC-3d7b1cf092,WEB,Y,2026-05-15,2026-08-31,0
CUST003888,DVC-1135cad2ab,ANDROID,Y,2026-07-14,2026-08-31,0
CUST003888,DVC-e17baf51d3,ANDROID,N,2024-07-24,2026-08-05,26
CUST003889,DVC-8f73155707,IOS,Y,2025-08-25,2026-08-30,1
CUST003890,DVC-b0e393e14a,ANDROID,Y,2026-04-15,2026-08-26,5
CUST003891,DVC-28a404eef5,IOS,Y,2024-03-28,2026-08-31,0
CUST003891,DVC-ae6ab1185b,IOS,N,2024-08-15,2026-08-15,16
CUST003892,DVC-2bbea53312,ANDROID,Y,2025-03-02,2026-08-26,5
CUST003893,DVC-50fcfd9a65,ANDROID,Y,2026-06-05,2026-08-29,2
CUST003894,DVC-ebe86a17d1,ANDROID,Y,2025-11-11,2026-08-29,2
CUST003895,DVC-de3d764b3c,ANDROID,Y,2024-05-16,2026-08-29,2
CUST003895,DVC-304942f5b5,ANDROID,N,2025-04-03,2026-07-13,49
CUST003896,DVC-259e8b3546,ANDROID,Y,2025-08-09,2026-08-30,1
CUST003896,DVC-ef884a910e,IOS,N,2024-08-08,2026-07-02,60
CUST003896,DVC-6358ca9643,ANDROID,N,2024-11-06,2026-05-21,102
CUST003897,DVC-f3d13e7ced,ANDROID,Y,2024-12-06,2026-08-27,4
CUST003898,DVC-95d84d5455,IOS,Y,2025-08-27,2026-08-25,6
CUST003898,DVC-9a2d11fd2d,ANDROID,N,2025-03-25,2025-08-19,377
CUST003898,DVC-6ee9a7ec60,IOS,N,2025-01-01,2026-02-24,188
CUST003899,DVC-49296d4b91,ANDROID,Y,2025-02-07,2026-08-27,4
CUST003900,DVC-58c29360d2,IOS,Y,2026-06-14,2026-08-28,3
CUST003901,DVC-43c2e2a1f3,IOS,Y,2024-06-16,2026-08-28,3
CUST003902,DVC-45f1470706,WEB,Y,2024-10-29,2026-08-25,6
CUST003903,DVC-f4b794fe97,IOS,Y,2025-11-29,2026-08-29,2
CUST003904,DVC-ed133b9af8,IOS,Y,2024-08-26,2026-08-25,6
CUST003905,DVC-490831f3a9,WEB,Y,2026-05-26,2026-08-31,0
CUST003906,DVC-4150e49692,ANDROID,Y,2026-04-29,2026-08-31,0
CUST003906,DVC-23d48994d8,ANDROID,N,2025-11-26,2025-09-18,347
CUST003907,DVC-44bf323372,WEB,Y,2025-05-09,2026-08-31,0
CUST003907,DVC-f1b32560a0,IOS,N,2025-02-11,2025-10-29,306
CUST003907,DVC-afa1faaa1a,ANDROID,N,2025-06-14,2026-08-07,24
CUST003908,DVC-a3c3bf8c2b,ANDROID,Y,2024-11-13,2026-08-30,1
CUST003909,DVC-459851a8be,ANDROID,Y,2025-04-20,2026-08-26,5
CUST003910,DVC-a843d9125d,IOS,Y,2026-03-09,2026-08-31,0
CUST003911,DVC-700c6b360c,IOS,Y,2026-06-25,2026-08-25,6
CUST003912,DVC-f6e9e23085,WEB,Y,2024-10-11,2026-08-26,5
CUST003912,DVC-0cb082affe,WEB,N,2025-02-18,2026-08-03,28
CUST003913,DVC-dd393fec5c,WEB,Y,2024-03-12,2026-08-26,5
CUST003914,DVC-7d8c0130c2,ANDROID,Y,2026-02-09,2026-08-29,2
CUST003915,DVC-06ee8e2d73,ANDROID,Y,2024-03-28,2026-08-25,6
CUST003915,DVC-457ccf7d8f,ANDROID,N,2024-08-12,2026-07-12,50
CUST003916,DVC-2ec6671992,ANDROID,Y,2025-12-19,2026-08-27,4
CUST003916,DVC-f2f0fd7f79,ANDROID,N,2024-06-14,2026-07-29,33
CUST003917,DVC-00646d37cb,ANDROID,Y,2026-07-20,2026-08-29,2
CUST003917,DVC-39d6d4f2a2,ANDROID,N,2025-07-09,2026-07-14,48
CUST003918,DVC-0c9c44b8ad,IOS,Y,2026-04-29,2026-08-30,1
CUST003919,DVC-9fb68f0bef,ANDROID,Y,2026-05-30,2026-08-31,0
CUST003920,DVC-1bc53ad028,ANDROID,Y,2024-10-04,2026-08-28,3
CUST003921,DVC-e52e3d93bc,ANDROID,Y,2024-09-12,2026-08-25,6
CUST003922,DVC-e100001d94,ANDROID,Y,2024-12-09,2026-08-31,0
CUST003923,DVC-1bfbda0068,ANDROID,Y,2026-05-05,2026-08-26,5
CUST003924,DVC-00687c44a1,IOS,Y,2025-06-29,2026-08-27,4
CUST003925,DVC-0116c490e2,WEB,Y,2025-10-01,2026-08-27,4
CUST003926,DVC-b403d5559c,ANDROID,Y,2026-07-03,2026-08-26,5
CUST003926,DVC-6aea349d44,IOS,N,2024-06-29,2026-04-28,125
CUST003927,DVC-7453ae9b71,ANDROID,Y,2026-04-17,2026-08-30,1
CUST003927,DVC-10d563339c,ANDROID,N,2026-03-10,2026-07-11,51
CUST003928,DVC-16f434134a,IOS,Y,2025-11-20,2026-08-31,0
CUST003929,DVC-bf6d2bdae7,IOS,Y,2024-09-12,2026-08-28,3
CUST003930,DVC-7622ada4f7,IOS,Y,2026-05-28,2026-08-25,6
CUST003931,DVC-c37e6cb63e,WEB,Y,2025-08-01,2026-08-27,4
CUST003932,DVC-a50bef7056,IOS,Y,2026-04-21,2026-08-30,1
CUST003932,DVC-b05ed6d543,IOS,N,2024-12-22,2026-08-15,16
CUST003933,DVC-01966414c5,IOS,Y,2025-12-06,2026-08-31,0
CUST003934,DVC-d6c58144e1,IOS,Y,2024-12-12,2026-08-30,1
CUST003935,DVC-a73e771e0c,ANDROID,Y,2025-09-09,2026-08-25,6
CUST003935,DVC-a561360514,ANDROID,N,2026-04-30,2026-07-10,52
CUST003936,DVC-27e0f720bc,ANDROID,Y,2026-05-24,2026-08-25,6
CUST003936,DVC-6fcebe23a3,ANDROID,N,2026-05-28,2026-07-22,40
CUST003937,DVC-d123f7edfe,ANDROID,Y,2026-02-02,2026-08-30,1
CUST003938,DVC-0162728228,ANDROID,Y,2024-05-06,2026-08-25,6
CUST003938,DVC-0591f49a6b,ANDROID,N,2024-03-19,2026-07-28,34
CUST003938,DVC-0cbfca9e26,ANDROID,N,2026-01-31,2026-08-15,16
CUST003939,DVC-d80ef5ea1e,ANDROID,Y,2024-10-13,2026-08-30,1
CUST003940,DVC-93edf8206d,ANDROID,Y,2025-12-13,2026-08-30,1
CUST003940,DVC-d3c287e323,ANDROID,N,2025-09-28,2026-08-12,19
CUST003941,DVC-c9449d1800,ANDROID,Y,2026-03-13,2026-08-28,3
CUST003942,DVC-6a4c32b917,ANDROID,Y,2026-03-12,2026-08-31,0
CUST003943,DVC-0cb72439ec,ANDROID,Y,2024-03-23,2026-08-31,0
CUST003943,DVC-58c983df93,IOS,N,2026-03-18,2026-08-02,29
CUST003944,DVC-8e58e583cc,WEB,Y,2025-09-14,2026-08-27,4
CUST003944,DVC-b2a4a0dff7,ANDROID,N,2024-08-07,2026-04-17,136
CUST003945,DVC-a196b44c3e,IOS,Y,2024-04-06,2026-08-25,6
CUST003946,DVC-1746c86104,WEB,Y,2025-01-19,2026-08-30,1
CUST003946,DVC-7f1b14b232,ANDROID,N,2024-09-09,2026-08-01,30
CUST003947,DVC-d92165bb50,ANDROID,Y,2026-05-17,2026-08-30,1
CUST003947,DVC-2818e50635,WEB,N,2024-10-22,2026-07-20,42
CUST003948,DVC-7b46ec3a9a,ANDROID,Y,2024-05-24,2026-08-26,5
CUST003948,DVC-c0292caaed,IOS,N,2024-07-26,2026-06-15,77
CUST003948,DVC-a0f6461ceb,IOS,N,2025-12-15,2026-08-20,11
CUST003949,DVC-68ac92053f,ANDROID,Y,2025-11-09,2026-08-31,0
CUST003950,DVC-d08e528284,IOS,Y,2024-10-21,2026-08-31,0
CUST003951,DVC-95cf662820,IOS,Y,2024-06-23,2026-08-25,6
CUST003951,DVC-2765c5e3ab,ANDROID,N,2025-03-10,2026-08-21,10
CUST003951,DVC-1a3fec97ae,ANDROID,N,2025-01-15,2026-06-16,76
CUST003952,DVC-6433a1f017,ANDROID,Y,2026-06-11,2026-08-26,5
CUST003952,DVC-28242ac354,IOS,N,2026-05-23,2026-07-22,40
CUST003952,DVC-46da620ad2,ANDROID,N,2026-06-03,2026-07-06,56
CUST003953,DVC-2f743a9084,ANDROID,Y,2025-08-06,2026-08-31,0
CUST003953,DVC-7e279b0d0c,ANDROID,N,2025-04-02,2026-08-19,12
CUST003954,DVC-edfd0991c5,ANDROID,Y,2025-03-08,2026-08-26,5
CUST003955,DVC-5ab4b91e24,IOS,Y,2026-05-13,2026-08-30,1
CUST003955,DVC-9706eb17eb,ANDROID,N,2025-08-02,2026-07-08,54
CUST003955,DVC-8ca3650c41,ANDROID,N,2025-06-22,2026-05-06,117
CUST003956,DVC-099e8ad917,ANDROID,Y,2025-08-13,2026-08-27,4
CUST003956,DVC-f5108ce492,ANDROID,N,2025-07-21,2026-06-25,67
CUST003957,DVC-d4f7fbd2ad,ANDROID,Y,2025-06-08,2026-08-27,4
CUST003958,DVC-e7f2179875,ANDROID,Y,2024-11-11,2026-08-26,5
CUST003958,DVC-d982b246e6,ANDROID,N,2025-12-17,2026-08-24,7
CUST003959,DVC-0fc3b286c5,ANDROID,Y,2025-04-26,2026-08-29,2
CUST003959,DVC-2c54c69b51,ANDROID,N,2025-06-18,2026-06-28,64
CUST003960,DVC-e1d3bee108,ANDROID,Y,2026-06-11,2026-08-25,6
CUST003960,DVC-02fb5ba99a,ANDROID,N,2026-05-12,2026-08-09,22
CUST003961,DVC-cedadaf35a,IOS,Y,2025-03-14,2026-08-28,3
CUST003962,DVC-921643fe43,ANDROID,Y,2026-01-22,2026-08-30,1
CUST003962,DVC-ad1be431ad,WEB,N,2025-11-01,2026-08-04,27
CUST003962,DVC-cb816c1243,ANDROID,N,2026-05-22,2026-08-24,7
CUST003963,DVC-4db75fa181,ANDROID,Y,2026-05-25,2026-08-28,3
CUST003963,DVC-63a71f5279,ANDROID,N,2024-12-29,2026-06-13,79
CUST003964,DVC-791e2cf9a6,IOS,Y,2025-10-30,2026-08-28,3
CUST003965,DVC-eaa9d51cda,IOS,Y,2024-09-17,2026-08-31,0
CUST003966,DVC-8ce20170b0,IOS,Y,2024-06-07,2026-08-31,0
CUST003966,DVC-92cd8db411,ANDROID,N,2024-04-01,2026-06-16,76
CUST003966,DVC-065a0927b4,ANDROID,N,2025-07-25,2026-07-27,35
CUST003967,DVC-b4f867a8c1,ANDROID,Y,2024-03-29,2026-08-31,0
CUST003967,DVC-a702c9f7a0,WEB,N,2024-05-12,2026-08-27,4
CUST003967,DVC-388f96e531,IOS,N,2024-04-16,2026-08-25,6
CUST003968,DVC-2778fad677,IOS,Y,2024-06-26,2026-08-31,0
CUST003969,DVC-6b37494e75,ANDROID,Y,2024-12-15,2026-08-27,4
CUST003970,DVC-054980f717,ANDROID,Y,2024-10-31,2026-08-25,6
CUST003970,DVC-1145d762b6,WEB,N,2025-12-08,2026-01-15,228
CUST003971,DVC-c6e891e200,WEB,Y,2026-07-27,2026-08-26,5
CUST003972,DVC-6dfbd335bd,ANDROID,Y,2026-01-07,2026-08-26,5
CUST003973,DVC-e1f969eeea,ANDROID,Y,2024-12-25,2026-08-28,3
CUST003974,DVC-acebf5f38f,ANDROID,Y,2025-01-01,2026-08-30,1
CUST003975,DVC-0477df95a5,ANDROID,Y,2026-01-28,2026-08-25,6
CUST003976,DVC-0c9cf7c6a7,WEB,Y,2025-02-23,2026-08-28,3
CUST003977,DVC-95d6dd1bbe,IOS,Y,2024-06-30,2026-08-25,6
CUST003978,DVC-d39be15f73,IOS,Y,2024-04-20,2026-08-30,1
CUST003979,DVC-af5bcca606,ANDROID,Y,2025-11-05,2026-08-31,0
CUST003980,DVC-31e7f93f66,ANDROID,Y,2026-02-01,2026-08-26,5
CUST003980,DVC-74a2953228,IOS,N,2025-04-27,2026-08-09,22
CUST003981,DVC-47122867af,ANDROID,Y,2026-03-05,2026-08-25,6
CUST003982,DVC-cfc69960e4,ANDROID,Y,2024-08-01,2026-08-29,2
CUST003983,DVC-77c35bd1ca,WEB,Y,2026-03-31,2026-08-25,6
CUST003983,DVC-b593430659,ANDROID,N,2024-03-22,2026-06-14,78
CUST003984,DVC-26ce0d6885,ANDROID,Y,2025-12-05,2026-08-31,0
CUST003984,DVC-a041d19064,ANDROID,N,2024-08-22,2026-08-30,1
CUST003984,DVC-7607f3f077,WEB,N,2025-03-16,2026-08-25,6
CUST003985,DVC-5543fa6fdc,IOS,Y,2026-04-03,2026-08-26,5
CUST003986,DVC-25b47bd448,WEB,Y,2026-07-27,2026-08-31,0
CUST003986,DVC-98dfbdd1bf,ANDROID,N,2026-07-02,2026-08-07,24
CUST003987,DVC-b2bf55ae5f,ANDROID,Y,2024-04-25,2026-08-30,1
CUST003988,DVC-2256418a2b,ANDROID,Y,2026-04-22,2026-08-31,0
CUST003988,DVC-11c64598e2,IOS,N,2026-02-26,2026-08-06,25
CUST003989,DVC-15c00930e9,ANDROID,Y,2025-06-19,2026-08-31,0
CUST003990,DVC-198afc840b,ANDROID,Y,2026-01-08,2026-08-30,1
CUST003991,DVC-1a389378c3,ANDROID,Y,2025-10-06,2026-08-31,0
CUST003992,DVC-e3fa766e08,ANDROID,Y,2025-10-19,2026-08-30,1
CUST003992,DVC-5124520295,ANDROID,N,2024-03-11,2026-07-16,46
CUST003993,DVC-5711dc79eb,IOS,Y,2024-08-10,2026-08-31,0
CUST003994,DVC-c4ef2fea2f,ANDROID,Y,2024-05-29,2026-08-29,2
CUST003995,DVC-d3b451f160,ANDROID,Y,2026-04-01,2026-08-31,0
CUST003996,DVC-255e44c485,WEB,Y,2026-01-22,2026-08-30,1
CUST003996,DVC-0c831ae633,ANDROID,N,2025-02-16,2026-07-01,61
CUST003997,DVC-fa1f322213,ANDROID,Y,2026-05-27,2026-08-29,2
CUST003997,DVC-2beb37d0d1,ANDROID,N,2026-06-13,2026-08-26,5
CUST003998,DVC-35a1b88b3f,ANDROID,Y,2024-05-19,2026-08-27,4
CUST003998,DVC-6c5fd29b18,ANDROID,N,2026-02-09,2026-08-04,27
CUST003998,DVC-6b9a5334b6,ANDROID,N,2024-12-16,2026-07-29,33
CUST003999,DVC-5bbba75c10,ANDROID,Y,2024-04-11,2026-08-25,6
CUST004000,DVC-236c65b848,ANDROID,Y,2024-04-04,2026-08-26,5
CUST004001,DVC-25a0e7440a,IOS,Y,2026-05-15,2026-08-26,5
CUST004002,DVC-7e3974662a,ANDROID,Y,2025-02-28,2026-08-27,4
CUST004003,DVC-dc4edec67c,WEB,Y,2026-06-24,2026-08-28,3
CUST004003,DVC-fff44ce2f7,IOS,N,2026-06-12,2026-08-19,12
CUST004004,DVC-f59a07a0ae,ANDROID,Y,2024-08-05,2026-08-28,3
CUST004004,DVC-4e4093868a,ANDROID,N,2025-08-14,2026-07-19,43
CUST004005,DVC-96c6ef537f,IOS,Y,2026-05-22,2026-08-26,5
CUST004005,DVC-f125d0fdad,ANDROID,N,2024-09-02,2026-08-21,10
CUST004006,DVC-0fffe6b2ba,WEB,Y,2025-11-20,2026-08-27,4
CUST004007,DVC-ef6db511f3,ANDROID,Y,2025-09-30,2026-08-31,0
CUST004007,DVC-2d49d29bbf,ANDROID,N,2024-09-05,2026-08-23,8
CUST004007,DVC-f61972231e,ANDROID,N,2024-07-21,2026-07-06,56
CUST004008,DVC-eac777b3f0,WEB,Y,2026-06-04,2026-08-31,0
CUST004008,DVC-64548b5911,ANDROID,N,2026-05-10,2026-06-16,76
CUST004008,DVC-5c5b2ee10f,ANDROID,N,2026-06-21,2026-07-30,32
CUST004009,DVC-da5bc66fbb,ANDROID,Y,2025-06-13,2026-08-28,3
CUST004010,DVC-d3a72173b1,ANDROID,Y,2025-06-27,2026-08-26,5
CUST004011,DVC-78805d57b7,ANDROID,Y,2025-07-17,2026-08-27,4
CUST004011,DVC-03e1137190,WEB,N,2025-09-14,2026-08-22,9
CUST004011,DVC-c6545a1ad9,IOS,N,2024-08-30,2026-07-30,32
CUST004012,DVC-4dccbe15d6,ANDROID,Y,2025-12-29,2026-08-26,5
CUST004013,DVC-f16542fd2b,IOS,Y,2025-10-14,2026-08-27,4
CUST004014,DVC-84066bed82,ANDROID,Y,2025-11-06,2026-08-29,2
CUST004015,DVC-839202640b,ANDROID,Y,2026-02-28,2026-08-31,0
CUST004015,DVC-1e9c060758,ANDROID,N,2024-10-03,2025-12-11,263
CUST004016,DVC-76bcdc37a6,IOS,Y,2024-09-15,2026-08-26,5
CUST004016,DVC-9af8343cdb,ANDROID,N,2026-05-02,2026-06-24,68
CUST004016,DVC-4922a7500f,ANDROID,N,2026-03-16,2026-07-01,61
CUST004017,DVC-1e59cc8458,IOS,Y,2025-09-06,2026-08-30,1
CUST004018,DVC-2f0ad3a89e,ANDROID,Y,2024-05-20,2026-08-27,4
CUST004018,DVC-370ba3fa8c,ANDROID,N,2024-04-18,2026-08-14,17
CUST004018,DVC-45f91e5c65,ANDROID,N,2024-11-02,2026-08-28,3
CUST004019,DVC-02b8483899,ANDROID,Y,2025-11-20,2026-08-31,0
CUST004020,DVC-4df0e6e2a4,ANDROID,Y,2026-01-30,2026-08-27,4
CUST004021,DVC-d3afa053aa,ANDROID,Y,2025-03-18,2026-08-27,4
CUST004022,DVC-52ae5ade3a,IOS,Y,2026-05-04,2026-08-27,4
CUST004023,DVC-3db6cd4a16,IOS,Y,2025-04-25,2026-08-27,4
CUST004024,DVC-2e421fb704,WEB,Y,2025-07-12,2026-08-25,6
CUST004024,DVC-8170c5fe57,IOS,N,2024-10-04,2026-07-08,54
CUST004024,DVC-c18e4db2af,ANDROID,N,2025-11-14,2026-08-05,26
CUST004025,DVC-aa7a9700fd,ANDROID,Y,2025-01-12,2026-08-31,0
CUST004026,DVC-daa4ef25bc,IOS,Y,2026-05-27,2026-08-29,2
CUST004026,DVC-25bbb06bab,ANDROID,N,2024-08-06,2026-08-13,18
CUST004027,DVC-4eb0e7171d,ANDROID,Y,2026-02-03,2026-08-30,1
CUST004028,DVC-2b0fd9e28d,WEB,Y,2025-10-24,2026-08-30,1
CUST004029,DVC-54213a84c5,ANDROID,Y,2024-06-21,2026-08-25,6
CUST004030,DVC-396a1b98f0,ANDROID,Y,2025-05-23,2026-08-31,0
CUST004031,DVC-b15eb924ae,ANDROID,Y,2025-05-31,2026-08-27,4
CUST004032,DVC-e65b4761b8,IOS,Y,2024-07-17,2026-08-29,2
CUST004033,DVC-96bb4dd64d,ANDROID,Y,2025-08-20,2026-08-29,2
CUST004033,DVC-9dcd33310b,ANDROID,N,2026-03-07,2026-07-24,38
CUST004034,DVC-65cf737952,ANDROID,Y,2025-04-15,2026-08-29,2
CUST004035,DVC-f106f5da9e,IOS,Y,2026-07-12,2026-08-26,5
CUST004036,DVC-556855e3ce,ANDROID,Y,2026-04-24,2026-08-31,0
CUST004037,DVC-1d51e6eed6,ANDROID,Y,2025-03-25,2026-08-26,5
CUST004037,DVC-898da88dbc,ANDROID,N,2024-11-12,2026-07-11,51
CUST004038,DVC-bacfae10db,ANDROID,Y,2025-05-17,2026-08-27,4
CUST004039,DVC-84b1e18e96,IOS,Y,2024-04-15,2026-08-25,6
CUST004039,DVC-6274deb177,ANDROID,N,2024-10-11,2026-07-22,40
CUST004039,DVC-404e78a234,ANDROID,N,2024-08-13,2025-08-16,380
CUST004040,DVC-f757d5a217,ANDROID,Y,2024-10-25,2026-08-26,5
CUST004041,DVC-97780cf8a9,ANDROID,Y,2026-05-18,2026-08-25,6
CUST004042,DVC-0b13655370,ANDROID,Y,2025-04-06,2026-08-31,0
CUST004043,DVC-d189b4f923,IOS,Y,2026-07-13,2026-08-28,3
CUST004044,DVC-3ffb93f9a0,ANDROID,Y,2025-11-23,2026-08-25,6
CUST004044,DVC-f36f2e1f26,ANDROID,N,2026-05-29,2026-07-04,58
CUST004045,DVC-d557b58959,ANDROID,Y,2024-06-04,2026-08-31,0
CUST004046,DVC-0b961cc849,ANDROID,Y,2025-01-29,2026-08-26,5
CUST004046,DVC-e90922543f,ANDROID,N,2025-04-28,2026-08-20,11
CUST004047,DVC-72c35bdcb3,IOS,Y,2025-07-24,2026-08-28,3
CUST004047,DVC-fe1184d569,ANDROID,N,2025-06-07,2026-06-29,63
CUST004048,DVC-5c50c3588c,ANDROID,Y,2024-05-18,2026-08-28,3
CUST004048,DVC-dbde954457,ANDROID,N,2026-04-18,2026-08-26,5
CUST004049,DVC-a488d9f93f,WEB,Y,2025-08-21,2026-08-25,6
CUST004050,DVC-c524b78a7f,ANDROID,Y,2026-03-21,2026-08-25,6
CUST004050,DVC-e83e210da6,ANDROID,N,2025-07-28,2026-08-03,28
CUST004051,DVC-205b0a1a64,IOS,Y,2024-05-25,2026-08-30,1
CUST004051,DVC-91738f526e,IOS,N,2025-12-07,2026-08-27,4
CUST004052,DVC-a89e19563a,ANDROID,Y,2025-06-25,2026-08-26,5
CUST004053,DVC-a0b6f68cf3,ANDROID,Y,2025-03-08,2026-08-27,4
CUST004054,DVC-875e297452,ANDROID,Y,2026-01-05,2026-08-30,1
CUST004055,DVC-e5acf251da,IOS,Y,2025-10-28,2026-08-31,0
CUST004055,DVC-e6f458db61,ANDROID,N,2026-03-27,2026-08-23,8
CUST004055,DVC-8f009cc358,ANDROID,N,2025-11-03,2026-07-26,36
CUST004056,DVC-018f12d718,WEB,Y,2024-07-14,2026-08-30,1
CUST004056,DVC-98b2bf98a7,ANDROID,N,2024-03-01,2026-07-03,59
CUST004057,DVC-dab60c96d2,ANDROID,Y,2024-12-11,2026-08-26,5
CUST004058,DVC-b3ecf11214,ANDROID,Y,2025-05-14,2026-08-31,0
CUST004059,DVC-0bed25ccbb,ANDROID,Y,2025-11-19,2026-08-31,0
CUST004060,DVC-5644c95255,ANDROID,Y,2025-02-01,2026-08-30,1
CUST004060,DVC-df77ba66ba,ANDROID,N,2025-05-01,2026-06-21,71
CUST004061,DVC-56bbd80faa,ANDROID,Y,2024-09-26,2026-08-27,4
CUST004062,DVC-72f51227e3,IOS,Y,2024-09-29,2026-08-26,5
CUST004063,DVC-5d43996c28,ANDROID,Y,2025-05-04,2026-08-28,3
CUST004064,DVC-1f4f3d44da,ANDROID,Y,2024-10-16,2026-08-27,4
CUST004065,DVC-558b3a00b3,IOS,Y,2025-01-13,2026-08-29,2
CUST004066,DVC-00b6639a03,IOS,Y,2025-02-05,2026-08-27,4
CUST004067,DVC-344912e7b0,ANDROID,Y,2025-02-05,2026-08-28,3
CUST004068,DVC-6b5488a283,IOS,Y,2025-03-01,2026-08-28,3
CUST004068,DVC-14cf0bfc6a,IOS,N,2024-08-12,2026-08-14,17
CUST004069,DVC-bc2af064b7,ANDROID,Y,2026-04-03,2026-08-29,2
CUST004070,DVC-49fcb8a403,ANDROID,Y,2025-06-01,2026-08-30,1
CUST004071,DVC-9060b3c823,ANDROID,Y,2024-06-03,2026-08-25,6
CUST004071,DVC-abcba40013,ANDROID,N,2024-10-29,2026-06-22,70
CUST004072,DVC-7d87598698,WEB,Y,2025-09-18,2026-08-25,6
CUST004072,DVC-d7cfb20432,WEB,N,2025-07-10,2026-08-05,26
CUST004073,DVC-1ac06a0f2c,ANDROID,Y,2024-04-30,2026-08-25,6
CUST004073,DVC-b986f9106e,ANDROID,N,2025-08-15,2026-07-05,57
CUST004074,DVC-c8b87f4f6e,IOS,Y,2026-07-13,2026-08-28,3
CUST004074,DVC-cea0a1756a,ANDROID,N,2026-07-14,2026-08-21,10
CUST004075,DVC-bef2af1f5b,IOS,Y,2026-07-02,2026-08-30,1
CUST004076,DVC-f7327d22bd,IOS,Y,2025-05-30,2026-08-26,5
CUST004077,DVC-87c3dc4ed6,ANDROID,Y,2024-04-20,2026-08-29,2
CUST004078,DVC-aed4352a7d,ANDROID,Y,2025-05-17,2026-08-31,0
CUST004078,DVC-f0f65b1eb8,ANDROID,N,2026-05-17,2026-08-01,30
CUST004079,DVC-0dfe54c24a,ANDROID,Y,2026-07-14,2026-08-29,2
CUST004079,DVC-68be2d6db6,ANDROID,N,2026-04-28,2026-07-08,54
CUST004080,DVC-38891ee7e3,IOS,Y,2026-03-15,2026-08-29,2
CUST004080,DVC-10d6ff50f0,ANDROID,N,2025-08-25,2026-07-05,57
CUST004080,DVC-d20b5f9b57,ANDROID,N,2026-06-22,2026-08-01,30
CUST004081,DVC-2d65b8cbdf,WEB,Y,2025-10-26,2026-08-30,1
CUST004082,DVC-0645855751,ANDROID,Y,2026-05-18,2026-08-25,6
CUST004082,DVC-b7f4cf2811,ANDROID,N,2026-05-18,2026-06-19,73
CUST004083,DVC-2123a4816f,WEB,Y,2024-12-01,2026-08-25,6
CUST004084,DVC-d0221c87fa,ANDROID,Y,2024-09-25,2026-08-30,1
CUST004085,DVC-a3a4653944,IOS,Y,2024-11-09,2026-08-28,3
CUST004085,DVC-faa8d80b59,IOS,N,2024-10-19,2026-07-07,55
CUST004086,DVC-77e94659c1,ANDROID,Y,2024-10-14,2026-08-30,1
CUST004087,DVC-4efaaa191d,ANDROID,Y,2025-12-17,2026-08-25,6
CUST004088,DVC-9e5da3e095,ANDROID,Y,2026-06-08,2026-08-28,3
CUST004088,DVC-953f270b2a,ANDROID,N,2024-06-15,2026-06-23,69
CUST004088,DVC-61d25a5855,ANDROID,N,2024-08-19,2025-12-26,248
CUST004089,DVC-080f938602,ANDROID,Y,2024-09-27,2026-08-29,2
CUST004090,DVC-5382e52f4a,IOS,Y,2026-03-02,2026-08-31,0
CUST004091,DVC-b3e67847e8,IOS,Y,2024-08-14,2026-08-28,3
CUST004092,DVC-353df673a2,ANDROID,Y,2026-05-19,2026-08-31,0
CUST004093,DVC-dc2939bef0,IOS,Y,2024-09-07,2026-08-28,3
CUST004093,DVC-b7c2a785a1,ANDROID,N,2026-03-23,2026-08-12,19
CUST004094,DVC-e1d21e0931,ANDROID,Y,2025-06-29,2026-08-27,4
CUST004094,DVC-d568369eaf,IOS,N,2025-05-10,2026-07-03,59
CUST004095,DVC-3f6c1f1e96,ANDROID,Y,2024-05-05,2026-08-26,5
CUST004096,DVC-edf961f57f,IOS,Y,2025-11-17,2026-08-25,6
CUST004097,DVC-a895e261ac,ANDROID,Y,2025-01-29,2026-08-31,0
CUST004097,DVC-efa6d572ba,ANDROID,N,2025-07-06,2026-07-09,53
CUST004098,DVC-9adfc6eb2a,WEB,Y,2024-07-26,2026-08-27,4
CUST004098,DVC-6412f7fbe4,WEB,N,2024-06-12,2026-08-25,6
CUST004099,DVC-65f223ef74,WEB,Y,2025-12-09,2026-08-27,4
CUST004099,DVC-082e4bb3e3,ANDROID,N,2025-04-30,2026-08-08,23
CUST004100,DVC-2239cd0cf6,ANDROID,Y,2025-06-20,2026-08-30,1
CUST004101,DVC-adc9e6f68f,ANDROID,Y,2024-07-25,2026-08-27,4
CUST004102,DVC-8f327060b2,IOS,Y,2025-04-13,2026-08-29,2
CUST004103,DVC-bee2495ca9,WEB,Y,2025-12-25,2026-08-28,3
CUST004103,DVC-3c7a2931d0,ANDROID,N,2026-06-16,2026-07-28,34
CUST004103,DVC-104c0c0eb4,ANDROID,N,2025-11-02,2026-08-15,16
CUST004104,DVC-29c273ae38,IOS,Y,2026-06-16,2026-08-31,0
CUST004105,DVC-b2e58c8fd6,ANDROID,Y,2024-12-13,2026-08-29,2
CUST004106,DVC-ddd59c61f9,IOS,Y,2025-12-21,2026-08-26,5
CUST004106,DVC-24a29820c4,ANDROID,N,2025-08-17,2026-08-12,19
CUST004107,DVC-2b8082cf57,ANDROID,Y,2026-05-08,2026-08-31,0
CUST004107,DVC-692bc609cb,ANDROID,N,2025-06-24,2026-08-07,24
CUST004107,DVC-fefdf703b8,IOS,N,2025-06-05,2026-07-12,50
CUST004108,DVC-7479a379ab,ANDROID,Y,2024-11-08,2026-08-26,5
CUST004108,DVC-24a794478d,ANDROID,N,2025-10-17,2026-07-17,45
CUST004109,DVC-528cf8eb23,ANDROID,Y,2026-01-01,2026-08-29,2
CUST004109,DVC-e001d87738,IOS,N,2025-04-29,2026-07-15,47
CUST004110,DVC-5233567ff5,ANDROID,Y,2025-08-09,2026-08-29,2
CUST004110,DVC-16ded6aceb,ANDROID,N,2025-11-06,2026-06-22,70
CUST004111,DVC-1538759df9,ANDROID,Y,2025-02-28,2026-08-29,2
CUST004111,DVC-7807c2beb7,ANDROID,N,2026-07-20,2026-08-19,12
CUST004112,DVC-f65c89867e,ANDROID,Y,2025-01-31,2026-08-25,6
CUST004112,DVC-8328183670,ANDROID,N,2026-05-04,2026-08-26,5
CUST004113,DVC-e2178e1a95,ANDROID,Y,2025-04-07,2026-08-28,3
CUST004114,DVC-fda0c11500,ANDROID,Y,2026-04-24,2026-08-29,2
CUST004114,DVC-8e72187994,ANDROID,N,2026-03-18,2026-08-23,8
CUST004115,DVC-4e7edfd169,IOS,Y,2026-04-30,2026-08-29,2
CUST004116,DVC-0463145f5d,ANDROID,Y,2026-06-16,2026-08-26,5
CUST004116,DVC-2041c15b9c,IOS,N,2026-01-15,2025-08-20,376
CUST004117,DVC-12aa76f306,ANDROID,Y,2026-01-16,2026-08-29,2
CUST004118,DVC-6318cc2abf,IOS,Y,2025-01-15,2026-08-26,5
CUST004119,DVC-90a3dfe4a2,ANDROID,Y,2026-04-10,2026-08-25,6
CUST004119,DVC-949786ab15,ANDROID,N,2024-05-13,2026-07-05,57
CUST004120,DVC-54844d5071,ANDROID,Y,2025-12-21,2026-08-27,4
CUST004120,DVC-f24d59b1ca,WEB,N,2026-05-08,2026-06-30,62
CUST004121,DVC-4c587ab672,ANDROID,Y,2024-04-08,2026-08-28,3
CUST004122,DVC-309192609e,IOS,Y,2025-01-03,2026-08-26,5
CUST004122,DVC-f362f77f32,ANDROID,N,2024-05-21,2026-08-24,7
CUST004123,DVC-d96880e62b,ANDROID,Y,2026-02-20,2026-08-30,1
CUST004123,DVC-70eb07c1ea,ANDROID,N,2025-10-28,2026-07-22,40
CUST004124,DVC-153438f967,IOS,Y,2025-02-06,2026-08-26,5
CUST004125,DVC-9bb63bbe89,ANDROID,Y,2026-01-05,2026-08-26,5
CUST004126,DVC-5fd0da7694,ANDROID,Y,2026-07-17,2026-08-27,4
CUST004127,DVC-407dfb1911,ANDROID,Y,2025-03-06,2026-08-29,2
CUST004127,DVC-86d1e51b9f,ANDROID,N,2024-02-20,2026-07-01,61
CUST004128,DVC-9dbc122e3c,IOS,Y,2025-05-26,2026-08-29,2
CUST004129,DVC-0478121520,IOS,Y,2026-05-14,2026-08-30,1
CUST004130,DVC-02c7611e92,ANDROID,Y,2026-03-15,2026-08-29,2
CUST004131,DVC-e75ca9b850,IOS,Y,2024-10-08,2026-08-27,4
CUST004132,DVC-a693e2ee7f,ANDROID,Y,2026-07-03,2026-08-26,5
CUST004133,DVC-4a2160dc1f,ANDROID,Y,2024-08-15,2026-08-28,3
CUST004133,DVC-11a91189b7,ANDROID,N,2024-06-26,2025-09-14,351
CUST004134,DVC-07e6ccf5ed,ANDROID,Y,2026-07-05,2026-08-29,2
CUST004134,DVC-6357119145,IOS,N,2026-01-27,2026-06-24,68
CUST004135,DVC-cb9b50eb9e,ANDROID,Y,2026-05-23,2026-08-31,0
CUST004136,DVC-da87d795ef,IOS,Y,2025-01-09,2026-08-31,0
CUST004136,DVC-a11e5aa8c5,IOS,N,2025-04-03,2026-06-26,66
CUST004137,DVC-1d2a16ee92,ANDROID,Y,2025-11-14,2026-08-27,4
CUST004138,DVC-42096faf0d,ANDROID,Y,2024-10-11,2026-08-26,5
CUST004139,DVC-1fbeae6269,IOS,Y,2025-01-24,2026-08-28,3
CUST004139,DVC-50c9efb312,ANDROID,N,2026-06-10,2026-07-19,43
CUST004140,DVC-e7164ab428,WEB,Y,2024-06-27,2026-08-26,5
CUST004141,DVC-61fc38d5ba,ANDROID,Y,2024-03-21,2026-08-26,5
CUST004141,DVC-cac4ebeb33,ANDROID,N,2026-03-21,2026-07-03,59
CUST004142,DVC-a6766b6f08,IOS,Y,2024-07-23,2026-08-31,0
CUST004143,DVC-71adefb3d8,ANDROID,Y,2026-05-04,2026-08-31,0
CUST004143,DVC-d518f44445,IOS,N,2026-04-27,2026-07-25,37
CUST004144,DVC-e6b097f1cd,ANDROID,Y,2024-04-17,2026-08-28,3
CUST004145,DVC-8d612f65f2,ANDROID,Y,2026-07-09,2026-08-25,6
CUST004146,DVC-e93643660b,ANDROID,Y,2026-02-09,2026-08-25,6
CUST004147,DVC-b881401e0e,ANDROID,Y,2025-03-25,2026-08-29,2
CUST004148,DVC-3862ea4453,ANDROID,Y,2026-02-16,2026-08-27,4
CUST004149,DVC-60a3de11eb,IOS,Y,2024-06-24,2026-08-29,2
CUST004150,DVC-7fb882ebb2,IOS,Y,2025-05-17,2026-08-30,1
CUST004150,DVC-660529c71a,ANDROID,N,2025-05-31,2026-07-29,33
CUST004150,DVC-0ada8f68d6,ANDROID,N,2025-03-01,2026-08-22,9
CUST004151,DVC-d93c9c0583,IOS,Y,2025-08-06,2026-08-28,3
CUST004151,DVC-7e34b6ccfb,ANDROID,N,2025-05-26,2026-07-18,44
CUST004152,DVC-74ac2072d6,ANDROID,Y,2025-10-04,2026-08-31,0
CUST004153,DVC-cddfa4a7ff,ANDROID,Y,2024-08-02,2026-08-28,3
CUST004154,DVC-f456b942dd,ANDROID,Y,2026-07-31,2026-08-31,0
CUST004154,DVC-402c7905da,ANDROID,N,2024-03-09,2026-08-20,11
CUST004155,DVC-e479e88c97,ANDROID,Y,2024-06-28,2026-08-28,3
CUST004155,DVC-9a4f54ee72,ANDROID,N,2023-12-28,2026-01-23,220
CUST004156,DVC-07d2939155,IOS,Y,2025-01-31,2026-08-28,3
CUST004156,DVC-d6e8958574,ANDROID,N,2024-12-26,2026-06-13,79
CUST004157,DVC-34a1e54ff4,ANDROID,Y,2026-06-22,2026-08-29,2
CUST004158,DVC-ff5603491c,ANDROID,Y,2025-02-07,2026-08-26,5
CUST004159,DVC-2db937b3ff,IOS,Y,2024-08-08,2026-08-25,6
CUST004159,DVC-677771c1d1,ANDROID,N,2024-10-06,2026-07-26,36
CUST004159,DVC-8721334e00,IOS,N,2025-09-29,2026-08-24,7
CUST004160,DVC-5b226455bd,ANDROID,Y,2026-05-12,2026-08-29,2
CUST004161,DVC-f3b99a0aa4,ANDROID,Y,2025-07-23,2026-08-27,4
CUST004162,DVC-f9aeb823f9,ANDROID,Y,2025-10-27,2026-08-27,4
CUST004163,DVC-913a0a0391,ANDROID,Y,2024-05-27,2026-08-30,1
CUST004163,DVC-8943136bb0,ANDROID,N,2025-01-05,2025-10-07,328
CUST004164,DVC-7d1ae4700c,WEB,Y,2024-05-01,2026-08-28,3
CUST004164,DVC-fcc9b89a9c,ANDROID,N,2024-12-25,2026-08-03,28
CUST004164,DVC-e1e3dee0c8,ANDROID,N,2025-08-05,2026-08-20,11
CUST004165,DVC-bb8aeb33d1,ANDROID,Y,2025-08-11,2026-08-25,6
CUST004166,DVC-03dbcbd6f8,ANDROID,Y,2025-04-03,2026-08-31,0
CUST004167,DVC-f825dddc20,ANDROID,Y,2024-10-11,2026-08-29,2
CUST004168,DVC-20386a7087,ANDROID,Y,2025-10-21,2026-08-27,4
CUST004169,DVC-44eac7491d,ANDROID,Y,2026-04-19,2026-08-25,6
CUST004170,DVC-091da7697e,IOS,Y,2026-07-17,2026-08-25,6
CUST004171,DVC-6eaaf86281,ANDROID,Y,2025-09-12,2026-08-25,6
CUST004172,DVC-4de7fa4d3e,ANDROID,Y,2024-08-23,2026-08-28,3
CUST004172,DVC-78816c320d,ANDROID,N,2024-08-24,2026-08-24,7
CUST004172,DVC-fe6fc789cc,ANDROID,N,2024-06-26,2026-07-21,41
CUST004173,DVC-4b1a07bb1c,ANDROID,Y,2026-05-29,2026-08-29,2
CUST004173,DVC-7b977378ed,ANDROID,N,2025-09-15,2026-08-28,3
CUST004174,DVC-65e38aa475,ANDROID,Y,2025-06-18,2026-08-30,1
CUST004175,DVC-549d0c96e8,ANDROID,Y,2024-05-06,2026-08-31,0
CUST004175,DVC-ff558be64e,IOS,N,2024-06-06,2026-07-01,61
CUST004176,DVC-5212536647,IOS,Y,2025-10-06,2026-08-31,0
CUST004176,DVC-d5c1304d11,ANDROID,N,2026-05-31,2026-06-30,62
CUST004177,DVC-b52b11c9cd,ANDROID,Y,2024-12-03,2026-08-27,4
CUST004177,DVC-1ad1d1bed6,ANDROID,N,2025-03-06,2026-07-01,61
CUST004177,DVC-d28972bb97,IOS,N,2026-04-09,2026-08-01,30
CUST004178,DVC-85da57d521,ANDROID,Y,2025-12-29,2026-08-31,0
CUST004178,DVC-f219d19f0a,IOS,N,2024-09-05,2026-06-30,62
CUST004179,DVC-456e8ee63b,IOS,Y,2024-10-24,2026-08-28,3
CUST004179,DVC-7356130349,IOS,N,2024-11-04,2026-07-19,43
CUST004180,DVC-78160904e4,ANDROID,Y,2026-06-09,2026-08-26,5
CUST004180,DVC-d0bcfefb85,ANDROID,N,2025-01-24,2026-07-26,36
CUST004181,DVC-7086e98d77,ANDROID,Y,2025-12-31,2026-08-31,0
CUST004181,DVC-bfa303b54f,ANDROID,N,2024-03-05,2026-07-10,52
CUST004182,DVC-5bbcb5db09,ANDROID,Y,2025-03-31,2026-08-31,0
CUST004182,DVC-65842e26ec,IOS,N,2025-07-21,2026-06-23,69
CUST004183,DVC-291801fb0a,IOS,Y,2024-09-19,2026-08-31,0
CUST004184,DVC-4d443c1feb,IOS,Y,2024-07-19,2026-08-29,2
CUST004184,DVC-68ffdfd051,IOS,N,2026-01-12,2026-07-17,45
CUST004185,DVC-438c891a4b,ANDROID,Y,2024-11-04,2026-08-31,0
CUST004185,DVC-8d714eb566,ANDROID,N,2025-04-30,2026-07-02,60
CUST004186,DVC-8aef8ab462,ANDROID,Y,2025-01-13,2026-08-30,1
CUST004187,DVC-5dbed1c437,IOS,Y,2024-05-06,2026-08-27,4
CUST004188,DVC-9e30532125,IOS,Y,2025-07-31,2026-08-28,3
CUST004189,DVC-ff0e52947c,IOS,Y,2026-02-03,2026-08-30,1
CUST004190,DVC-7c5a1cf0a7,ANDROID,Y,2025-12-03,2026-08-25,6
CUST004191,DVC-99f5a3a953,IOS,Y,2025-09-15,2026-08-26,5
CUST004192,DVC-39a927c31d,IOS,Y,2024-06-11,2026-08-29,2
CUST004193,DVC-b4bbe40712,ANDROID,Y,2025-12-16,2026-08-26,5
CUST004193,DVC-13299d887e,ANDROID,N,2025-10-06,2026-08-15,16
CUST004194,DVC-b3a29148a5,ANDROID,Y,2026-01-02,2026-08-30,1
CUST004195,DVC-cf893e78db,WEB,Y,2025-12-15,2026-08-26,5
CUST004195,DVC-dbab1f9ae1,ANDROID,N,2025-11-26,2026-06-22,70
CUST004196,DVC-ada8760265,ANDROID,Y,2025-09-10,2026-08-26,5
CUST004197,DVC-bf8053c134,ANDROID,Y,2024-07-30,2026-08-30,1
CUST004198,DVC-2806df2546,IOS,Y,2025-11-07,2026-08-28,3
CUST004199,DVC-a8e37bf3bf,IOS,Y,2025-06-30,2026-08-30,1
CUST004199,DVC-1ec697be35,ANDROID,N,2025-04-09,2026-07-27,35
CUST004200,DVC-aaf0dec0d5,WEB,Y,2025-05-05,2026-08-31,0
CUST004201,DVC-b3b3ea37f7,ANDROID,Y,2025-05-02,2026-08-25,6
CUST004201,DVC-4049d9e912,ANDROID,N,2025-06-07,2026-06-12,80
CUST004202,DVC-0c2c2ce36a,IOS,Y,2025-04-10,2026-08-27,4
CUST004203,DVC-d12e5d0526,ANDROID,Y,2026-03-24,2026-08-30,1
CUST004204,DVC-6969a1723c,ANDROID,Y,2025-11-07,2026-08-25,6
CUST004205,DVC-365963a8e9,ANDROID,Y,2025-06-28,2026-08-30,1
CUST004206,DVC-d5a3ba8ec1,ANDROID,Y,2026-03-24,2026-08-29,2
CUST004207,DVC-3896a15f9b,IOS,Y,2025-06-23,2026-08-25,6
CUST004208,DVC-1bc31fa4bd,ANDROID,Y,2025-09-13,2026-08-31,0
CUST004208,DVC-8eb7e31f33,ANDROID,N,2025-12-20,2026-06-24,68
CUST004209,DVC-2d88246af3,ANDROID,Y,2024-07-11,2026-08-29,2
CUST004209,DVC-b4eb17237a,ANDROID,N,2025-10-17,2026-07-15,47
CUST004209,DVC-0617cfef1b,WEB,N,2025-03-09,2026-08-09,22
CUST004210,DVC-1b794e2619,ANDROID,Y,2025-02-19,2026-08-31,0
CUST004210,DVC-b4c3c7eecc,ANDROID,N,2024-06-04,2026-08-27,4
CUST004211,DVC-60e5676194,ANDROID,Y,2025-09-21,2026-08-30,1
CUST004212,DVC-d56765d20e,ANDROID,Y,2025-10-30,2026-08-30,1
CUST004213,DVC-d82d0d0d8a,ANDROID,Y,2025-05-21,2026-08-30,1
CUST004214,DVC-48905ad0f1,ANDROID,Y,2024-10-05,2026-08-27,4
CUST004215,DVC-b970170fed,IOS,Y,2024-08-29,2026-08-26,5
CUST004216,DVC-ba97b498f3,ANDROID,Y,2025-09-21,2026-08-31,0
CUST004217,DVC-d01d7a27c8,ANDROID,Y,2025-01-11,2026-08-26,5
CUST004218,DVC-acc6c8b28a,ANDROID,Y,2026-04-30,2026-08-29,2
CUST004219,DVC-43706d0189,WEB,Y,2026-03-02,2026-08-29,2
CUST004219,DVC-5c1600e2ce,IOS,N,2024-08-04,2026-08-10,21
CUST004220,DVC-f7326fe23f,ANDROID,Y,2025-02-04,2026-08-28,3
CUST004220,DVC-98cb8f649d,IOS,N,2025-01-03,2026-06-21,71
CUST004221,DVC-056806d6b1,ANDROID,Y,2026-03-19,2026-08-30,1
CUST004221,DVC-90a6d16e57,ANDROID,N,2024-09-22,2026-08-18,13
CUST004222,DVC-ddae5aaa80,ANDROID,Y,2024-07-20,2026-08-26,5
CUST004223,DVC-5d8bee1343,IOS,Y,2026-07-21,2026-08-25,6
CUST004223,DVC-098cad1107,ANDROID,N,2026-06-24,2026-08-06,25
CUST004224,DVC-9737df8bd6,IOS,Y,2026-05-02,2026-08-30,1
CUST004225,DVC-65be4bb62a,ANDROID,Y,2024-09-12,2026-08-27,4
CUST004226,DVC-7cd43ba979,ANDROID,Y,2024-08-09,2026-08-29,2
CUST004227,DVC-9947009674,ANDROID,Y,2026-04-21,2026-08-30,1
CUST004227,DVC-971499faf3,WEB,N,2024-04-04,2026-08-06,25
CUST004228,DVC-992f2f1184,ANDROID,Y,2024-06-26,2026-08-31,0
CUST004229,DVC-343b28c14b,ANDROID,Y,2024-07-23,2026-08-27,4
CUST004229,DVC-97abb7fddf,ANDROID,N,2025-03-17,2025-12-21,253
CUST004229,DVC-93e236ab0a,ANDROID,N,2025-08-08,2026-07-05,57
CUST004230,DVC-09d5bfd2ad,ANDROID,Y,2025-03-23,2026-08-30,1
CUST004231,DVC-9736ed5f39,ANDROID,Y,2025-12-09,2026-08-29,2
CUST004232,DVC-98eb35502a,ANDROID,Y,2026-05-31,2026-08-28,3
CUST004232,DVC-72298b6ef8,WEB,N,2026-02-02,2026-07-05,57
CUST004233,DVC-cdcf19c630,IOS,Y,2024-10-18,2026-08-25,6
CUST004234,DVC-e5f4d2f3b7,ANDROID,Y,2026-02-02,2026-08-28,3
CUST004235,DVC-290c6aa101,ANDROID,Y,2024-03-28,2026-08-26,5
CUST004236,DVC-3bb4e128b0,ANDROID,Y,2024-11-04,2026-08-30,1
CUST004236,DVC-b7a026eb19,ANDROID,N,2025-09-02,2026-08-13,18
CUST004237,DVC-48a682e17a,ANDROID,Y,2026-02-27,2026-08-31,0
CUST004238,DVC-1a99701c00,ANDROID,Y,2026-07-28,2026-08-30,1
CUST004239,DVC-4dc2b62be1,ANDROID,Y,2024-03-27,2026-08-29,2
CUST004240,DVC-77dfca41d7,ANDROID,Y,2025-11-13,2026-08-31,0
CUST004241,DVC-8d4519b230,IOS,Y,2026-02-14,2026-08-25,6
CUST004241,DVC-5394db38f4,ANDROID,N,2025-05-17,2025-09-25,340
CUST004242,DVC-ebb71f6a48,ANDROID,Y,2026-01-16,2026-08-26,5
CUST004242,DVC-7f28e7a3ac,ANDROID,N,2025-07-15,2026-07-27,35
CUST004242,DVC-a1575363a7,IOS,N,2024-10-15,2026-08-19,12
CUST004243,DVC-61aa0f8de8,ANDROID,Y,2026-04-27,2026-08-31,0
CUST004244,DVC-c6ba942d2c,ANDROID,Y,2025-12-28,2026-08-27,4
CUST004244,DVC-2920266b30,ANDROID,N,2025-05-01,2026-08-17,14
CUST004245,DVC-239262fad7,ANDROID,Y,2026-05-20,2026-08-25,6
CUST004246,DVC-1f656d30ff,IOS,Y,2024-11-08,2026-08-26,5
CUST004246,DVC-e9d8d04bd7,ANDROID,N,2026-01-13,2026-08-29,2
CUST004246,DVC-34516ef3a7,ANDROID,N,2025-02-06,2025-11-06,298
CUST004247,DVC-ffb8698e84,ANDROID,Y,2025-11-20,2026-08-28,3
CUST004247,DVC-cd4e32cea1,ANDROID,N,2024-01-12,2025-09-02,363
CUST004248,DVC-2809993aaa,ANDROID,Y,2024-11-22,2026-08-25,6
CUST004249,DVC-0b195c2af9,ANDROID,Y,2025-01-24,2026-08-31,0
CUST004250,DVC-4defdb0a6c,IOS,Y,2024-07-18,2026-08-30,1
CUST004251,DVC-448cebe78b,ANDROID,Y,2026-05-31,2026-08-26,5
CUST004251,DVC-caf04343ff,IOS,N,2025-09-30,2026-06-26,66
CUST004251,DVC-e415d8cd54,ANDROID,N,2024-12-07,2026-06-26,66
CUST004252,DVC-588b13d77c,ANDROID,Y,2025-12-30,2026-08-30,1
CUST004253,DVC-1ad40ac4a7,ANDROID,Y,2026-03-19,2026-08-31,0
CUST004253,DVC-173d606ae4,IOS,N,2025-11-07,2026-07-22,40
CUST004254,DVC-86fc30eb9b,ANDROID,Y,2025-02-21,2026-08-27,4
CUST004255,DVC-42233df109,ANDROID,Y,2025-12-31,2026-08-30,1
CUST004256,DVC-50af309058,IOS,Y,2025-02-07,2026-08-28,3
CUST004257,DVC-baa621abe7,ANDROID,Y,2025-04-28,2026-08-30,1
CUST004258,DVC-c2c0a28e75,IOS,Y,2025-01-11,2026-08-31,0
CUST004259,DVC-5032953d77,ANDROID,Y,2025-06-29,2026-08-31,0
CUST004260,DVC-17ee8691ae,ANDROID,Y,2024-06-26,2026-08-30,1
CUST004261,DVC-cb537e57a9,ANDROID,Y,2024-10-25,2026-08-29,2
CUST004261,DVC-7b71789f10,ANDROID,N,2025-03-27,2026-07-27,35
CUST004261,DVC-e2dc72ec44,ANDROID,N,2024-06-05,2026-07-26,36
CUST004262,DVC-eaf09b2acc,ANDROID,Y,2024-10-25,2026-08-29,2
CUST004263,DVC-a735c33021,ANDROID,Y,2026-06-29,2026-08-29,2
CUST004263,DVC-f3ecc558bb,ANDROID,N,2026-07-13,2026-08-25,6
CUST004264,DVC-01e0907b9b,IOS,Y,2024-12-09,2026-08-30,1
CUST004265,DVC-eac74e7924,ANDROID,Y,2025-08-04,2026-08-30,1
CUST004266,DVC-25dabfc700,ANDROID,Y,2025-05-30,2026-08-28,3
CUST004267,DVC-a5e0936baf,ANDROID,Y,2024-12-14,2026-08-29,2
CUST004268,DVC-9b3d4ae2e6,ANDROID,Y,2026-04-27,2026-08-30,1
CUST004269,DVC-06cb4f2468,ANDROID,Y,2024-05-20,2026-08-28,3
CUST004270,DVC-dcb63cd631,ANDROID,Y,2025-05-10,2026-08-30,1
CUST004270,DVC-b1c37ce5b8,ANDROID,N,2025-01-17,2026-06-18,74
CUST004270,DVC-2b4412727f,ANDROID,N,2025-09-06,2026-08-14,17
CUST004271,DVC-2d872d4226,IOS,Y,2026-07-05,2026-08-26,5
CUST004271,DVC-1b9129a3f0,ANDROID,N,2026-06-09,2026-08-09,22
CUST004272,DVC-e4fcfdf439,ANDROID,Y,2024-03-11,2026-08-26,5
CUST004272,DVC-75e7e72549,ANDROID,N,2026-01-29,2026-07-22,40
CUST004273,DVC-f098432d4a,IOS,Y,2026-05-08,2026-08-29,2
CUST004274,DVC-8e70f379d3,IOS,Y,2026-06-20,2026-08-27,4
CUST004275,DVC-645dfb2545,IOS,Y,2025-11-29,2026-08-26,5
CUST004275,DVC-a97a1d90ee,ANDROID,N,2025-12-28,2026-08-17,14
CUST004275,DVC-397383d5fe,WEB,N,2026-06-30,2026-08-20,11
CUST004276,DVC-399b8b2212,ANDROID,Y,2024-10-28,2026-08-25,6
CUST004277,DVC-ff48d53f8a,ANDROID,Y,2024-05-13,2026-08-27,4
CUST004278,DVC-c3b7d523e9,ANDROID,Y,2024-09-17,2026-08-31,0
CUST004279,DVC-1fbed104b0,ANDROID,Y,2024-08-17,2026-08-31,0
CUST004279,DVC-b5b2ccee6f,ANDROID,N,2024-10-30,2026-08-24,7
CUST004280,DVC-1efc437b54,ANDROID,Y,2024-10-19,2026-08-30,1
CUST004280,DVC-788daa6d33,ANDROID,N,2025-11-19,2026-07-18,44
CUST004281,DVC-2d53e3a7b0,ANDROID,Y,2026-07-29,2026-08-28,3
CUST004281,DVC-4abc6c1b04,ANDROID,N,2025-03-29,2026-08-06,25
CUST004282,DVC-526834e490,WEB,Y,2025-06-08,2026-08-31,0
CUST004282,DVC-aa236fee7e,ANDROID,N,2024-05-19,2026-06-27,65
CUST004282,DVC-d6c6c6559e,ANDROID,N,2024-09-11,2026-08-11,20
CUST004283,DVC-3ccdc0c0b6,WEB,Y,2025-09-03,2026-08-28,3
CUST004283,DVC-a999ddc69a,IOS,N,2025-12-20,2026-06-22,70
CUST004284,DVC-35e878d151,ANDROID,Y,2026-05-16,2026-08-25,6
CUST004284,DVC-a54740641b,IOS,N,2024-07-04,2026-06-19,73
CUST004285,DVC-40fc715eaa,ANDROID,Y,2025-07-24,2026-08-28,3
CUST004285,DVC-58a5077081,WEB,N,2024-12-13,2026-07-25,37
CUST004286,DVC-f438f3c843,ANDROID,Y,2026-05-16,2026-08-25,6
CUST004286,DVC-ed6a6a6c93,ANDROID,N,2026-01-25,2026-06-18,74
CUST004287,DVC-8b6abc6238,WEB,Y,2026-06-01,2026-08-27,4
CUST004288,DVC-109bee2054,IOS,Y,2026-06-25,2026-08-27,4
CUST004288,DVC-472930bdff,ANDROID,N,2026-06-16,2026-07-26,36
CUST004289,DVC-8380aa39a4,ANDROID,Y,2026-02-11,2026-08-31,0
CUST004290,DVC-d99a3ce96b,ANDROID,Y,2024-07-01,2026-08-28,3
CUST004291,DVC-494ac09041,IOS,Y,2025-06-15,2026-08-26,5
CUST004292,DVC-b065888e70,ANDROID,Y,2024-11-01,2026-08-29,2
CUST004293,DVC-3a7cdfe616,ANDROID,Y,2025-07-26,2026-08-27,4
CUST004293,DVC-960d3e122c,ANDROID,N,2025-08-08,2026-08-05,26
CUST004294,DVC-6a41826d6e,ANDROID,Y,2026-03-20,2026-08-30,1
CUST004295,DVC-5e9c82b403,ANDROID,Y,2026-03-03,2026-08-30,1
CUST004296,DVC-dddfd7f987,WEB,Y,2024-07-07,2026-08-27,4
CUST004296,DVC-7e738dd0fa,ANDROID,N,2025-03-07,2026-08-22,9
CUST004297,DVC-bf67d17d92,ANDROID,Y,2024-03-16,2026-08-28,3
CUST004298,DVC-e9aa56c9f0,IOS,Y,2026-04-12,2026-08-25,6
CUST004299,DVC-a8c5737544,WEB,Y,2026-04-19,2026-08-29,2
CUST004299,DVC-6b47ad2f73,ANDROID,N,2024-03-07,2026-07-24,38
CUST004299,DVC-4e1485d2e0,ANDROID,N,2025-06-09,2026-08-10,21
CUST004300,DVC-e410efab38,IOS,Y,2024-06-09,2026-08-29,2
CUST004300,DVC-276723f011,ANDROID,N,2025-11-10,2026-08-21,10
CUST004301,DVC-99f22719a0,ANDROID,Y,2025-12-19,2026-08-26,5
CUST004302,DVC-8a6a1dca38,ANDROID,Y,2026-05-13,2026-08-31,0
CUST004302,DVC-559acf91e4,ANDROID,N,2026-06-02,2026-08-28,3
CUST004303,DVC-badafbc8b7,ANDROID,Y,2026-04-05,2026-08-25,6
CUST004304,DVC-56d0317b40,IOS,Y,2024-09-23,2026-08-25,6
CUST004304,DVC-f73d1e0592,ANDROID,N,2024-12-01,2026-08-21,10
CUST004305,DVC-4b44df2549,IOS,Y,2025-06-09,2026-08-26,5
CUST004305,DVC-55655e6d5c,IOS,N,2024-09-30,2026-08-15,16
CUST004306,DVC-a2d2d4930f,ANDROID,Y,2024-06-07,2026-08-28,3
CUST004307,DVC-1c4ba1476c,ANDROID,Y,2025-05-09,2026-08-31,0
CUST004307,DVC-cd3d036fa8,IOS,N,2024-11-10,2026-06-28,64
CUST004308,DVC-7f217b8df3,IOS,Y,2025-07-24,2026-08-26,5
CUST004308,DVC-7c1af5e8d6,ANDROID,N,2024-03-17,2026-06-22,70
CUST004309,DVC-798621bef9,ANDROID,Y,2025-01-22,2026-08-30,1
CUST004309,DVC-fa8670cfab,IOS,N,2025-02-06,2026-08-15,16
CUST004310,DVC-2dd876e13e,ANDROID,Y,2026-05-25,2026-08-25,6
CUST004310,DVC-771653527a,ANDROID,N,2026-05-10,2025-10-15,320
CUST004311,DVC-557db51220,IOS,Y,2025-06-27,2026-08-27,4
CUST004311,DVC-a7f6f440e7,IOS,N,2024-06-29,2026-08-20,11
CUST004311,DVC-57eb5c831d,IOS,N,2025-03-09,2026-07-20,42
CUST004312,DVC-cb737ae014,ANDROID,Y,2026-04-28,2026-08-25,6
CUST004313,DVC-fd097ba9f8,ANDROID,Y,2024-04-05,2026-08-25,6
CUST004313,DVC-9db500ee05,ANDROID,N,2026-02-08,2026-06-22,70
CUST004313,DVC-742d596024,ANDROID,N,2025-03-16,2026-08-13,18
CUST004314,DVC-0d1745e8e0,IOS,Y,2025-07-05,2026-08-31,0
CUST004315,DVC-c46c2c7a61,IOS,Y,2024-10-31,2026-08-30,1
CUST004316,DVC-4c52cdc18d,IOS,Y,2024-05-28,2026-08-29,2
CUST004316,DVC-65e96a0690,ANDROID,N,2025-03-09,2026-07-20,42
CUST004316,DVC-a57d322fb5,ANDROID,N,2024-07-11,2026-07-15,47
CUST004317,DVC-b8e9b00d3c,ANDROID,Y,2025-07-01,2026-08-30,1
CUST004317,DVC-e4018a370d,WEB,N,2024-11-17,2026-08-13,18
CUST004318,DVC-edfa88c57a,ANDROID,Y,2024-11-27,2026-08-25,6
CUST004318,DVC-ca99fd5df7,ANDROID,N,2024-12-12,2026-07-19,43
CUST004318,DVC-ff023ed8e3,ANDROID,N,2025-06-10,2026-07-06,56
CUST004319,DVC-0cb8b2aadf,IOS,Y,2024-04-22,2026-08-30,1
CUST004319,DVC-c358105655,IOS,N,2025-04-26,2026-07-07,55
CUST004320,DVC-d1ab32988b,ANDROID,Y,2025-11-11,2026-08-26,5
CUST004321,DVC-fc33ed0969,ANDROID,Y,2025-07-03,2026-08-28,3
CUST004322,DVC-23534b8e3f,ANDROID,Y,2025-07-24,2026-08-31,0
CUST004323,DVC-7c53d159f1,IOS,Y,2025-03-13,2026-08-28,3
CUST004323,DVC-f892e57293,WEB,N,2025-07-16,2026-07-18,44
CUST004324,DVC-8e61173bba,ANDROID,Y,2026-01-07,2026-08-30,1
CUST004325,DVC-4c5bfa3b4d,ANDROID,Y,2025-09-11,2026-08-31,0
CUST004325,DVC-3db36ab6f7,ANDROID,N,2026-02-13,2026-07-19,43
CUST004325,DVC-d935d8e820,ANDROID,N,2025-06-23,2026-06-26,66
CUST004326,DVC-a0a44613df,ANDROID,Y,2026-05-19,2026-08-30,1
CUST004326,DVC-0369765f3d,ANDROID,N,2025-03-19,2026-07-17,45
CUST004326,DVC-a2a929bf15,ANDROID,N,2026-04-07,2026-07-25,37
CUST004327,DVC-a586765652,IOS,Y,2024-07-15,2026-08-27,4
CUST004327,DVC-5a36a2a51d,ANDROID,N,2026-04-11,2026-06-28,64
CUST004328,DVC-bbf5499048,ANDROID,Y,2026-06-21,2026-08-30,1
CUST004329,DVC-380f28daa9,ANDROID,Y,2026-01-07,2026-08-30,1
CUST004330,DVC-b842898c02,ANDROID,Y,2025-10-01,2026-08-30,1
CUST004331,DVC-8ef700eece,ANDROID,Y,2024-05-25,2026-08-30,1
CUST004332,DVC-cd01e155e3,ANDROID,Y,2025-09-25,2026-08-28,3
CUST004333,DVC-1d02aaa21f,ANDROID,Y,2024-10-11,2026-08-31,0
CUST004333,DVC-ca8a9e0fa6,ANDROID,N,2025-06-06,2025-07-29,398
CUST004333,DVC-537b53988a,ANDROID,N,2025-07-07,2026-07-28,34
CUST004334,DVC-788c9c07f2,IOS,Y,2025-02-02,2026-08-28,3
CUST004335,DVC-d415a1b7e7,ANDROID,Y,2025-11-23,2026-08-31,0
CUST004336,DVC-fddd92f456,IOS,Y,2025-04-28,2026-08-25,6
CUST004337,DVC-4667b7ff39,IOS,Y,2025-05-25,2026-08-25,6
CUST004338,DVC-08ae3da4cf,IOS,Y,2025-10-12,2026-08-26,5
CUST004339,DVC-ee11008dca,ANDROID,Y,2025-05-06,2026-08-25,6
CUST004339,DVC-2d16dbaa21,WEB,N,2026-04-02,2026-06-23,69
CUST004339,DVC-9e05253734,IOS,N,2025-04-06,2026-08-24,7
CUST004340,DVC-16684e934b,ANDROID,Y,2025-11-16,2026-08-27,4
CUST004340,DVC-07dc98eae3,ANDROID,N,2025-05-23,2026-07-27,35
CUST004341,DVC-9410dcf783,ANDROID,Y,2026-04-06,2026-08-31,0
CUST004342,DVC-2c31bad15c,IOS,Y,2024-07-28,2026-08-25,6
CUST004343,DVC-7af52561ef,ANDROID,Y,2024-11-11,2026-08-26,5
CUST004344,DVC-efb625177c,ANDROID,Y,2025-01-25,2026-08-26,5
CUST004345,DVC-02acd53df7,ANDROID,Y,2025-06-24,2026-08-26,5
CUST004346,DVC-a80ba86b27,ANDROID,Y,2025-04-12,2026-08-26,5
CUST004346,DVC-89b2497e13,IOS,N,2025-01-27,2026-07-08,54
CUST004346,DVC-df5cc5a921,ANDROID,N,2024-08-21,2026-06-21,71
CUST004347,DVC-9cc680907b,IOS,Y,2024-09-03,2026-08-31,0
CUST004348,DVC-e82b6d0712,ANDROID,Y,2024-08-04,2026-08-25,6
CUST004349,DVC-f4f3ba4382,ANDROID,Y,2024-11-02,2026-08-31,0
CUST004350,DVC-3053ab7fdb,IOS,Y,2026-07-04,2026-08-26,5
CUST004350,DVC-7985642762,ANDROID,N,2025-06-02,2026-07-28,34
CUST004351,DVC-5fa27b5c3e,IOS,Y,2026-07-01,2026-08-29,2
CUST004352,DVC-38ef30de86,ANDROID,Y,2024-09-18,2026-08-28,3
CUST004353,DVC-fd0f405d26,ANDROID,Y,2025-07-31,2026-08-29,2
CUST004353,DVC-55a8214c8c,ANDROID,N,2024-12-26,2026-07-08,54
CUST004354,DVC-da972a369b,IOS,Y,2025-03-13,2026-08-28,3
CUST004355,DVC-4cf59bb24e,IOS,Y,2025-05-17,2026-08-26,5
CUST004355,DVC-106e96c9cd,ANDROID,N,2026-04-13,2026-06-19,73
CUST004356,DVC-0cf77eea3a,ANDROID,Y,2025-10-28,2026-08-28,3
CUST004357,DVC-bc962f9632,ANDROID,Y,2026-06-14,2026-08-28,3
CUST004358,DVC-404061fa1b,IOS,Y,2025-02-15,2026-08-26,5
CUST004358,DVC-05252652e5,IOS,N,2024-06-09,2026-08-11,20
CUST004359,DVC-711185a2cf,ANDROID,Y,2025-12-09,2026-08-28,3
CUST004360,DVC-905c26c8bb,IOS,Y,2024-08-21,2026-08-31,0
CUST004361,DVC-19222a4b2a,ANDROID,Y,2025-10-17,2026-08-25,6
CUST004362,DVC-14c9b49b30,WEB,Y,2025-07-09,2026-08-30,1
CUST004363,DVC-dc066371b2,ANDROID,Y,2025-11-17,2026-08-26,5
CUST004364,DVC-0f8eff875b,ANDROID,Y,2025-07-03,2026-08-25,6
CUST004364,DVC-ddd45076bd,ANDROID,N,2025-02-09,2026-08-14,17
CUST004365,DVC-1d36536f5a,ANDROID,Y,2024-08-04,2026-08-29,2
CUST004365,DVC-4780edbffa,ANDROID,N,2024-01-19,2025-10-26,309
CUST004366,DVC-ff9812b055,ANDROID,Y,2025-07-24,2026-08-27,4
CUST004367,DVC-b045b9b05d,ANDROID,Y,2025-06-04,2026-08-26,5
CUST004368,DVC-859f8bf379,ANDROID,Y,2025-02-04,2026-08-31,0
CUST004369,DVC-a8a9f51bc1,ANDROID,Y,2024-09-30,2026-08-28,3
CUST004370,DVC-fe0c42b09f,WEB,Y,2026-05-21,2026-08-28,3
CUST004370,DVC-a41997ae6f,ANDROID,N,2025-12-20,2026-07-08,54
CUST004370,DVC-fd3a4a044b,ANDROID,N,2026-02-18,2026-07-21,41
CUST004371,DVC-47b7483403,WEB,Y,2026-03-06,2026-08-26,5
CUST004371,DVC-655e61e569,ANDROID,N,2025-11-16,2026-08-24,7
CUST004371,DVC-c487bc2874,ANDROID,N,2025-07-07,2026-07-17,45
CUST004372,DVC-0f48615598,IOS,Y,2024-12-21,2026-08-27,4
CUST004372,DVC-2751eb0c0e,ANDROID,N,2025-12-04,2026-08-06,25
CUST004373,DVC-e8ac225f33,ANDROID,Y,2026-03-03,2026-08-29,2
CUST004373,DVC-4829ec9fb9,ANDROID,N,2026-02-14,2026-06-22,70
CUST004374,DVC-763410fa76,ANDROID,Y,2024-07-08,2026-08-25,6
CUST004375,DVC-886e2ee312,ANDROID,Y,2024-07-28,2026-08-28,3
CUST004376,DVC-47c693835e,ANDROID,Y,2025-06-24,2026-08-30,1
CUST004376,DVC-5f9ff787af,ANDROID,N,2025-11-26,2026-07-26,36
CUST004377,DVC-4b912a13a1,ANDROID,Y,2026-06-20,2026-08-28,3
CUST004378,DVC-b610bb47cb,ANDROID,Y,2025-08-16,2026-08-27,4
CUST004379,DVC-5716a754ab,ANDROID,Y,2025-12-04,2026-08-25,6
CUST004380,DVC-a96d48996a,ANDROID,Y,2025-01-18,2026-08-30,1
CUST004381,DVC-ee8a8eea24,WEB,Y,2026-05-11,2026-08-26,5
CUST004381,DVC-2528b6a109,ANDROID,N,2026-05-19,2026-06-27,65
CUST004382,DVC-4ae3ec27f8,ANDROID,Y,2025-05-07,2026-08-27,4
CUST004382,DVC-215de77687,ANDROID,N,2023-12-08,2025-10-01,334
CUST004382,DVC-0203454913,ANDROID,N,2025-12-06,2026-07-15,47
CUST004383,DVC-48db58fed8,ANDROID,Y,2024-12-23,2026-08-26,5
CUST004383,DVC-b27c1d32fb,ANDROID,N,2024-10-31,2026-07-26,36
CUST004384,DVC-80ede64435,ANDROID,Y,2026-03-02,2026-08-31,0
CUST004385,DVC-d3e40a5e17,ANDROID,Y,2026-06-09,2026-08-30,1
CUST004386,DVC-f51e5545cf,ANDROID,Y,2026-04-19,2026-08-27,4
CUST004386,DVC-e439030038,ANDROID,N,2025-07-11,2026-08-13,18
CUST004387,DVC-7bd4c0e24a,ANDROID,Y,2024-05-22,2026-08-27,4
CUST004387,DVC-5444315d7c,IOS,N,2024-05-02,2026-07-06,56
CUST004388,DVC-58bd5d6114,ANDROID,Y,2024-12-30,2026-08-28,3
CUST004389,DVC-d736a7253e,ANDROID,Y,2026-04-18,2026-08-26,5
CUST004390,DVC-3ebb2c716d,ANDROID,Y,2026-02-23,2026-08-26,5
CUST004391,DVC-05e6f4946c,ANDROID,Y,2025-03-06,2026-08-27,4
CUST004392,DVC-800f944973,ANDROID,Y,2026-05-06,2026-08-26,5
CUST004392,DVC-71e2a26471,IOS,N,2024-03-18,2026-06-19,73
CUST004393,DVC-cf50d7a55b,ANDROID,Y,2024-07-26,2026-08-26,5
CUST004393,DVC-0cb2c07961,ANDROID,N,2025-07-30,2026-06-16,76
CUST004394,DVC-bbbb386d1c,IOS,Y,2024-09-24,2026-08-29,2
CUST004394,DVC-57e8c48e9a,ANDROID,N,2024-12-16,2026-06-21,71
CUST004395,DVC-f164e28cee,ANDROID,Y,2024-05-29,2026-08-31,0
CUST004396,DVC-9d160ce416,ANDROID,Y,2025-10-08,2026-08-28,3
CUST004396,DVC-93d2a1a1bd,IOS,N,2025-09-07,2026-08-04,27
CUST004396,DVC-cde5fccfdd,ANDROID,N,2025-09-03,2026-07-25,37
CUST004397,DVC-9c703847c6,ANDROID,Y,2026-02-20,2026-08-28,3
CUST004398,DVC-9d1af5cb20,ANDROID,Y,2024-11-22,2026-08-26,5
CUST004399,DVC-5149da3156,IOS,Y,2024-06-04,2026-08-25,6
CUST004400,DVC-b4d53fb417,ANDROID,Y,2026-07-15,2026-08-31,0
CUST004401,DVC-955d1b109a,ANDROID,Y,2024-10-01,2026-08-29,2
CUST004402,DVC-842845a9c0,ANDROID,Y,2025-07-02,2026-08-28,3
CUST004402,DVC-d2aabc65c1,ANDROID,N,2025-08-29,2026-07-31,31
CUST004403,DVC-7cc2a55f8a,IOS,Y,2024-08-18,2026-08-28,3
CUST004403,DVC-1b94ef63e7,IOS,N,2024-07-11,2026-07-19,43
CUST004404,DVC-6f040db045,ANDROID,Y,2025-02-18,2026-08-28,3
CUST004405,DVC-e8a3e7ce49,IOS,Y,2025-04-28,2026-08-28,3
CUST004406,DVC-228a567bb6,ANDROID,Y,2025-12-02,2026-08-29,2
CUST004406,DVC-f57cdc25ff,ANDROID,N,2024-04-18,2026-08-03,28
CUST004407,DVC-3f81e46955,IOS,Y,2026-05-15,2026-08-25,6
CUST004408,DVC-0dbc654d93,ANDROID,Y,2024-12-18,2026-08-29,2
CUST004409,DVC-1801f42f76,ANDROID,Y,2025-08-24,2026-08-27,4
CUST004409,DVC-a338d35b45,ANDROID,N,2026-03-18,2026-08-20,11
CUST004410,DVC-1ba668c6fa,ANDROID,Y,2024-08-31,2026-08-29,2
CUST004410,DVC-db8ec6f772,ANDROID,N,2024-07-26,2026-06-23,69
CUST004410,DVC-edb3457b14,ANDROID,N,2024-03-13,2026-08-27,4
CUST004411,DVC-ad2256258b,ANDROID,Y,2024-06-30,2026-08-26,5
CUST004412,DVC-e9539fe41d,IOS,Y,2024-12-22,2026-08-29,2
CUST004413,DVC-b6a3862491,ANDROID,Y,2024-12-15,2026-08-26,5
CUST004413,DVC-6494aa1aa2,ANDROID,N,2026-04-29,2026-06-14,78
CUST004413,DVC-67c0349335,WEB,N,2026-06-04,2026-07-18,44
CUST004414,DVC-7e983b202f,IOS,Y,2025-03-15,2026-08-28,3
CUST004414,DVC-bfbed5cbc4,ANDROID,N,2025-03-29,2026-07-26,36
CUST004414,DVC-6ded2e6cfc,ANDROID,N,2024-02-17,2026-07-13,49
CUST004415,DVC-68ed067e73,WEB,Y,2025-08-16,2026-08-25,6
CUST004416,DVC-6d7164395c,IOS,Y,2025-02-01,2026-08-25,6
CUST004417,DVC-97130bda89,IOS,Y,2025-01-05,2026-08-27,4
CUST004418,DVC-380259d289,ANDROID,Y,2025-12-23,2026-08-30,1
CUST004418,DVC-f4b109f8bf,ANDROID,N,2026-04-24,2026-07-12,50
CUST004419,DVC-76d1d924d4,ANDROID,Y,2026-02-18,2026-08-25,6
CUST004420,DVC-1bc4b51b39,ANDROID,Y,2025-06-21,2026-08-31,0
CUST004421,DVC-04d5e1eac1,ANDROID,Y,2025-06-26,2026-08-25,6
CUST004422,DVC-721b918636,IOS,Y,2026-05-23,2026-08-26,5
CUST004423,DVC-eebcdd92a3,ANDROID,Y,2024-07-03,2026-08-27,4
CUST004424,DVC-32887018a9,IOS,Y,2026-07-07,2026-08-25,6
CUST004424,DVC-138243c952,ANDROID,N,2025-01-02,2026-07-30,32
CUST004425,DVC-1b8e086ebf,ANDROID,Y,2024-05-05,2026-08-29,2
CUST004426,DVC-7b11dce80b,ANDROID,Y,2025-11-28,2026-08-27,4
CUST004426,DVC-d9090cde86,IOS,N,2024-08-02,2026-07-19,43
CUST004427,DVC-defc41a54a,ANDROID,Y,2024-11-05,2026-08-26,5
CUST004428,DVC-476cc7b968,ANDROID,Y,2025-11-08,2026-08-26,5
CUST004429,DVC-56f8e812bd,IOS,Y,2025-06-12,2026-08-28,3
CUST004429,DVC-463fc53ed6,ANDROID,N,2024-08-31,2026-07-11,51
CUST004430,DVC-614c901e1e,WEB,Y,2026-03-09,2026-08-28,3
CUST004431,DVC-f2d2596d28,ANDROID,Y,2025-01-21,2026-08-29,2
CUST004431,DVC-d5c81af60c,ANDROID,N,2024-10-03,2026-08-01,30
CUST004432,DVC-23534c1362,IOS,Y,2024-09-07,2026-08-26,5
CUST004433,DVC-c0f09c70d8,ANDROID,Y,2024-06-17,2026-08-29,2
CUST004433,DVC-2b5c68cc2d,ANDROID,N,2025-07-24,2026-08-14,17
CUST004433,DVC-d4c84639f4,WEB,N,2024-07-11,2026-07-05,57
CUST004434,DVC-d98fd58de1,ANDROID,Y,2025-02-16,2026-08-31,0
CUST004435,DVC-397cfb6b29,ANDROID,Y,2026-01-09,2026-08-27,4
CUST004436,DVC-647321663b,ANDROID,Y,2025-10-14,2026-08-26,5
CUST004436,DVC-895160e13c,IOS,N,2024-09-22,2026-06-28,64
CUST004437,DVC-d5961e6b9f,ANDROID,Y,2025-06-09,2026-08-25,6
CUST004437,DVC-80eaa04dab,IOS,N,2024-10-23,2026-06-29,63
CUST004438,DVC-9ed7f0096a,ANDROID,Y,2024-03-12,2026-08-29,2
CUST004438,DVC-614eaf77c0,IOS,N,2024-04-22,2026-06-21,71
CUST004439,DVC-37da65aece,ANDROID,Y,2024-07-02,2026-08-25,6
CUST004439,DVC-236dfa04b8,ANDROID,N,2025-07-15,2026-07-12,50
CUST004440,DVC-097367fd31,WEB,Y,2025-01-22,2026-08-27,4
CUST004440,DVC-bfd8e773db,ANDROID,N,2025-01-21,2025-11-28,276
CUST004441,DVC-e22b7259ec,ANDROID,Y,2025-04-30,2026-08-26,5
CUST004441,DVC-504b0813b6,IOS,N,2024-10-13,2026-06-12,80
CUST004442,DVC-9189bb7fd7,ANDROID,Y,2025-11-23,2026-08-28,3
CUST004443,DVC-86d653b63a,IOS,Y,2024-11-26,2026-08-27,4
CUST004443,DVC-2ec822b4fb,WEB,N,2024-11-19,2026-08-03,28
CUST004443,DVC-df1402a292,ANDROID,N,2025-05-01,2026-06-18,74
CUST004444,DVC-660a9286e3,IOS,Y,2026-07-14,2026-08-29,2
CUST004444,DVC-2805ecdfa4,ANDROID,N,2025-11-17,2026-06-24,68
CUST004444,DVC-b80164b3e8,IOS,N,2025-03-17,2026-07-16,46
CUST004445,DVC-be388f87cd,IOS,Y,2024-05-15,2026-08-27,4
CUST004445,DVC-002255f64c,IOS,N,2024-10-14,2026-07-10,52
CUST004446,DVC-c03cfc4900,IOS,Y,2026-02-20,2026-08-27,4
CUST004446,DVC-664f43cbf1,ANDROID,N,2026-06-29,2026-08-19,12
CUST004446,DVC-195b31376c,WEB,N,2026-01-19,2026-07-13,49
CUST004447,DVC-21123ea530,ANDROID,Y,2024-11-18,2026-08-28,3
CUST004448,DVC-ca1dbafe8b,IOS,Y,2024-07-24,2026-08-26,5
CUST004448,DVC-e900449c05,IOS,N,2024-11-02,2026-07-30,32
CUST004449,DVC-d33ddccbed,ANDROID,Y,2025-07-14,2026-08-31,0
CUST004449,DVC-d75c56115e,IOS,N,2024-05-16,2025-10-25,310
CUST004449,DVC-a7a7519e64,ANDROID,N,2024-09-18,2026-06-19,73
CUST004450,DVC-54e7548c53,ANDROID,Y,2025-01-12,2026-08-30,1
CUST004451,DVC-8a2dbe6b72,ANDROID,Y,2025-04-11,2026-08-28,3
CUST004451,DVC-adf5e49a91,ANDROID,N,2025-06-03,2026-07-03,59
CUST004452,DVC-a0cec75c35,IOS,Y,2026-06-13,2026-08-25,6
CUST004453,DVC-100ecefba6,ANDROID,Y,2026-01-28,2026-08-27,4
CUST004454,DVC-4c957a954f,ANDROID,Y,2024-12-26,2026-08-31,0
CUST004454,DVC-ecf763cec4,ANDROID,N,2026-03-15,2026-06-29,63
CUST004455,DVC-3ba0552cfc,ANDROID,Y,2026-01-31,2026-08-27,4
CUST004455,DVC-118e2b3608,ANDROID,N,2025-03-20,2026-06-18,74
CUST004456,DVC-7b2ba93487,WEB,Y,2025-01-19,2026-08-30,1
CUST004456,DVC-144bd70995,ANDROID,N,2025-09-20,2026-08-27,4
CUST004457,DVC-7e946d0e6a,ANDROID,Y,2026-02-24,2026-08-27,4
CUST004458,DVC-3db2984773,WEB,Y,2025-06-22,2026-08-26,5
CUST004458,DVC-2868fc81ad,ANDROID,N,2025-12-05,2026-08-09,22
CUST004458,DVC-fed181300e,IOS,N,2024-11-30,2026-08-17,14
CUST004459,DVC-96089aadc1,ANDROID,Y,2025-09-16,2026-08-31,0
CUST004460,DVC-292cc60407,ANDROID,Y,2024-10-19,2026-08-27,4
CUST004460,DVC-10fc31cfa8,ANDROID,N,2025-06-27,2026-08-18,13
CUST004461,DVC-c48e452c5c,IOS,Y,2026-04-18,2026-08-29,2
CUST004462,DVC-0912346c59,ANDROID,Y,2025-08-22,2026-08-30,1
CUST004463,DVC-60bb167682,IOS,Y,2024-06-19,2026-08-26,5
CUST004463,DVC-d4f8bcb3ba,WEB,N,2024-05-10,2026-05-27,96
CUST004464,DVC-05c8b90748,ANDROID,Y,2026-06-27,2026-08-29,2
CUST004465,DVC-209aef2e11,ANDROID,Y,2025-11-13,2026-08-25,6
CUST004466,DVC-f6b8b2bf49,ANDROID,Y,2025-12-26,2026-08-26,5
CUST004467,DVC-0969338c15,ANDROID,Y,2024-09-02,2026-08-31,0
CUST004468,DVC-50659d7282,ANDROID,Y,2026-02-15,2026-08-25,6
CUST004468,DVC-c6de92451e,ANDROID,N,2025-09-12,2025-10-04,331
CUST004469,DVC-46444c0ba1,IOS,Y,2026-01-21,2026-08-26,5
CUST004469,DVC-a6e4af7abb,IOS,N,2026-04-04,2026-06-24,68
CUST004469,DVC-6a4bd27262,IOS,N,2024-06-29,2026-08-11,20
CUST004470,DVC-f222b4b066,ANDROID,Y,2025-01-28,2026-08-30,1
CUST004470,DVC-43bc959538,ANDROID,N,2025-11-18,2026-07-20,42
CUST004471,DVC-49dfa2440c,IOS,Y,2026-03-31,2026-08-30,1
CUST004471,DVC-b70a64e7cc,IOS,N,2026-05-11,2026-08-02,29
CUST004471,DVC-3001ff7822,IOS,N,2026-06-12,2026-07-30,32
CUST004472,DVC-c7a221b7a9,IOS,Y,2024-09-14,2026-08-27,4
CUST004473,DVC-9ea79f98bc,ANDROID,Y,2026-06-17,2026-08-27,4
CUST004474,DVC-4f8cf22bc5,ANDROID,Y,2025-08-13,2026-08-26,5
CUST004475,DVC-e7cba6c7bc,IOS,Y,2024-11-25,2026-08-29,2
CUST004476,DVC-eebbd5c444,WEB,Y,2026-01-23,2026-08-26,5
CUST004476,DVC-677581ac80,ANDROID,N,2024-03-05,2025-09-24,341
CUST004477,DVC-8623a093f9,IOS,Y,2024-11-09,2026-08-27,4
CUST004477,DVC-33f1d7dea8,WEB,N,2024-07-25,2026-08-15,16
CUST004478,DVC-b2e1a75475,ANDROID,Y,2024-04-06,2026-08-27,4
CUST004479,DVC-031b311df4,ANDROID,Y,2026-03-22,2026-08-27,4
CUST004480,DVC-d0b1fb7d9c,ANDROID,Y,2025-03-06,2026-08-31,0
CUST004481,DVC-cb8e10c5fa,ANDROID,Y,2026-04-20,2026-08-31,0
CUST004482,DVC-49b509f11a,ANDROID,Y,2026-01-21,2026-08-25,6
CUST004483,DVC-fd50f8e3c0,IOS,Y,2026-03-16,2026-08-31,0
CUST004483,DVC-801651ad5e,ANDROID,N,2025-04-01,2026-01-11,232
CUST004484,DVC-50c3957e45,ANDROID,Y,2026-02-14,2026-08-26,5
CUST004485,DVC-4134fa98f2,ANDROID,Y,2025-07-25,2026-08-30,1
CUST004486,DVC-5ef681f363,ANDROID,Y,2026-06-19,2026-08-30,1
CUST004486,DVC-261b584ae5,WEB,N,2026-04-13,2026-07-12,50
CUST004487,DVC-da3b7326ab,ANDROID,Y,2025-01-03,2026-08-30,1
CUST004487,DVC-df02491a91,ANDROID,N,2024-09-15,2026-07-22,40
CUST004488,DVC-a4869f3d70,ANDROID,Y,2026-02-07,2026-08-25,6
CUST004489,DVC-dbfdc48980,ANDROID,Y,2024-08-23,2026-08-26,5
CUST004490,DVC-3986a1b443,ANDROID,Y,2026-03-29,2026-08-27,4
CUST004490,DVC-00041fa2dc,ANDROID,N,2025-02-06,2026-02-15,197
CUST004491,DVC-3f42beb646,IOS,Y,2025-02-19,2026-08-31,0
CUST004491,DVC-ebe81d5397,ANDROID,N,2025-06-14,2026-07-10,52
CUST004491,DVC-0c690c956d,ANDROID,N,2024-07-08,2026-04-23,130
CUST004492,DVC-25162c0fdc,ANDROID,Y,2024-06-15,2026-08-29,2
CUST004492,DVC-92d0952bfd,IOS,N,2026-06-20,2026-07-22,40
CUST004492,DVC-80fecb962e,ANDROID,N,2024-07-27,2026-06-18,74
CUST004493,DVC-c0e827fea6,ANDROID,Y,2025-11-10,2026-08-30,1
CUST004494,DVC-35340d8a30,WEB,Y,2026-03-08,2026-08-27,4
CUST004495,DVC-6b2e53e653,ANDROID,Y,2025-12-26,2026-08-27,4
CUST004496,DVC-7c64c905fa,ANDROID,Y,2025-04-17,2026-08-27,4
CUST004497,DVC-53995d3a7c,ANDROID,Y,2025-12-08,2026-08-27,4
CUST004497,DVC-44c9eca8f1,IOS,N,2026-03-16,2026-08-28,3
CUST004497,DVC-9ae0d18b04,ANDROID,N,2024-08-13,2026-01-30,213
CUST004498,DVC-c608dcbf82,IOS,Y,2024-08-15,2026-08-31,0
CUST004498,DVC-d1d2df5f8c,IOS,N,2026-04-19,2026-08-08,23
CUST004499,DVC-425b71b725,ANDROID,Y,2024-12-16,2026-08-26,5
CUST004499,DVC-31b84484b8,ANDROID,N,2026-01-14,2026-06-18,74
CUST004500,DVC-8135bf7c14,ANDROID,Y,2025-01-02,2026-08-29,2
CUST004501,DVC-3c6fe2c467,ANDROID,Y,2024-05-28,2026-08-30,1
CUST004502,DVC-d153dcbe21,ANDROID,Y,2025-05-29,2026-08-28,3
CUST004502,DVC-2b49e1169b,WEB,N,2025-05-09,2026-07-26,36
CUST004502,DVC-e561069b39,IOS,N,2025-11-11,2026-07-14,48
CUST004503,DVC-92e95eaa55,ANDROID,Y,2025-01-25,2026-08-31,0
CUST004503,DVC-ea6fda6b43,ANDROID,N,2025-10-19,2026-07-06,56
CUST004504,DVC-34460891d5,ANDROID,Y,2024-07-11,2026-08-30,1
CUST004505,DVC-e00d34836f,ANDROID,Y,2024-08-28,2026-08-27,4
CUST004506,DVC-c51d8e9620,IOS,Y,2025-05-19,2026-08-27,4
CUST004506,DVC-4fd647a29b,IOS,N,2025-07-19,2026-08-07,24
CUST004507,DVC-6b357e90b7,ANDROID,Y,2025-05-02,2026-08-29,2
CUST004507,DVC-307dc1db18,ANDROID,N,2025-08-06,2026-08-01,30
CUST004508,DVC-fd84f76036,ANDROID,Y,2025-10-29,2026-08-26,5
CUST004509,DVC-d613149df1,ANDROID,Y,2025-06-07,2026-08-28,3
CUST004509,DVC-87e7e4c0f5,ANDROID,N,2025-04-22,2026-02-09,203
CUST004509,DVC-92f5f076b9,ANDROID,N,2026-04-16,2026-08-29,2
CUST004510,DVC-19ff2891dc,ANDROID,Y,2026-03-11,2026-08-30,1
CUST004510,DVC-86723a8a74,ANDROID,N,2026-03-25,2026-08-30,1
CUST004511,DVC-b8eb75dbcd,ANDROID,Y,2026-01-30,2026-08-28,3
CUST004511,DVC-9aef963e0a,IOS,N,2025-03-15,2026-07-19,43
CUST004512,DVC-96e00b65e8,WEB,Y,2025-08-12,2026-08-26,5
CUST004513,DVC-07e18cbb4e,ANDROID,Y,2025-12-29,2026-08-28,3
CUST004514,DVC-c7c1a975ea,ANDROID,Y,2025-10-10,2026-08-25,6
CUST004515,DVC-2b4faf070f,ANDROID,Y,2025-11-17,2026-08-27,4
CUST004515,DVC-64f4507fce,ANDROID,N,2025-12-05,2026-08-28,3
CUST004516,DVC-758cb46cc5,IOS,Y,2026-06-03,2026-08-30,1
CUST004516,DVC-9ab49bd0ef,ANDROID,N,2025-08-30,2026-07-09,53
CUST004516,DVC-7aaa3bca08,ANDROID,N,2025-07-13,2026-07-16,46
CUST004517,DVC-a6b301b1eb,ANDROID,Y,2026-01-31,2026-08-25,6
CUST004518,DVC-ed3ddc1b73,ANDROID,Y,2025-12-23,2026-08-31,0
CUST004519,DVC-337b21b349,ANDROID,Y,2026-05-16,2026-08-29,2
CUST004519,DVC-0190d4b26d,ANDROID,N,2026-02-16,2026-04-06,147
CUST004519,DVC-0f781f2ca9,ANDROID,N,2026-02-16,2026-03-14,170
CUST004520,DVC-b7e8d12bc6,ANDROID,Y,2025-12-30,2026-08-31,0
CUST004521,DVC-ada9548544,ANDROID,Y,2024-03-24,2026-08-27,4
CUST004522,DVC-24cce3cb99,ANDROID,Y,2025-02-19,2026-08-26,5
CUST004523,DVC-eb6c84999a,IOS,Y,2025-06-07,2026-08-28,3
CUST004524,DVC-bf8bb06398,ANDROID,Y,2024-07-09,2026-08-27,4
CUST004524,DVC-cfa04d5bcf,ANDROID,N,2024-03-07,2026-07-31,31
CUST004525,DVC-acbf8b385a,ANDROID,Y,2024-06-11,2026-08-28,3
CUST004525,DVC-fa63d90676,IOS,N,2026-03-21,2026-06-30,62
CUST004526,DVC-dea8e40b99,ANDROID,Y,2024-03-12,2026-08-28,3
CUST004527,DVC-a250f148ea,ANDROID,Y,2026-02-06,2026-08-26,5
CUST004527,DVC-17b47ab9cc,IOS,N,2025-05-18,2026-08-15,16
CUST004528,DVC-04551044da,WEB,Y,2024-12-28,2026-08-27,4
CUST004529,DVC-f290e3d031,ANDROID,Y,2025-05-09,2026-08-28,3
CUST004530,DVC-8721a326ef,ANDROID,Y,2026-06-01,2026-08-30,1
CUST004531,DVC-8957cf83cd,ANDROID,Y,2026-07-14,2026-08-25,6
CUST004532,DVC-430f6ef3a9,ANDROID,Y,2024-05-20,2026-08-28,3
CUST004532,DVC-df22f8c005,WEB,N,2025-10-21,2026-07-30,32
CUST004532,DVC-2c4d135e97,ANDROID,N,2025-08-09,2026-08-23,8
CUST004533,DVC-45c74d3c22,ANDROID,Y,2025-01-29,2026-08-29,2
CUST004534,DVC-dc22e3c020,ANDROID,Y,2024-12-18,2026-08-29,2
CUST004534,DVC-25fbfbeeb3,WEB,N,2024-04-23,2026-08-26,5
CUST004534,DVC-dd6ad90fec,IOS,N,2026-03-25,2026-06-22,70
CUST004535,DVC-b20caf4661,IOS,Y,2025-06-13,2026-08-31,0
CUST004535,DVC-9f90bfccc0,ANDROID,N,2025-07-03,2026-07-22,40
CUST004536,DVC-1823739390,ANDROID,Y,2024-10-09,2026-08-30,1
CUST004536,DVC-0deaabe4bb,ANDROID,N,2025-01-12,2026-07-25,37
CUST004537,DVC-af3247bd81,ANDROID,Y,2026-06-10,2026-08-29,2
CUST004538,DVC-eed42fe244,ANDROID,Y,2026-06-08,2026-08-27,4
CUST004539,DVC-e27192480c,ANDROID,Y,2024-10-22,2026-08-31,0
CUST004539,DVC-cee1936f8f,ANDROID,N,2026-02-14,2026-06-20,72
CUST004539,DVC-5a7a04ada0,ANDROID,N,2026-03-20,2026-08-11,20
CUST004540,DVC-9edb8afad9,ANDROID,Y,2026-07-06,2026-08-26,5
CUST004541,DVC-e15c958e67,ANDROID,Y,2024-03-31,2026-08-25,6
CUST004542,DVC-fba5813884,IOS,Y,2025-10-03,2026-08-29,2
CUST004543,DVC-d277e3a72d,WEB,Y,2025-04-16,2026-08-28,3
CUST004543,DVC-8bb77d5731,WEB,N,2025-07-06,2026-08-27,4
CUST004544,DVC-89bbf61b70,ANDROID,Y,2025-11-29,2026-08-25,6
CUST004545,DVC-4b8a053749,IOS,Y,2026-07-15,2026-08-27,4
CUST004546,DVC-6f036003ad,ANDROID,Y,2026-01-29,2026-08-31,0
CUST004546,DVC-8334b8f7c0,WEB,N,2024-02-14,2026-07-19,43
CUST004546,DVC-8d0127b707,ANDROID,N,2024-06-11,2026-08-15,16
CUST004547,DVC-57c39b7bf4,IOS,Y,2026-05-22,2026-08-26,5
CUST004547,DVC-e2ed16ea81,IOS,N,2026-07-03,2026-08-19,12
CUST004547,DVC-b5969991a7,IOS,N,2026-05-20,2026-07-28,34
CUST004548,DVC-33a1bc219b,ANDROID,Y,2025-07-21,2026-08-25,6
CUST004549,DVC-56870fae88,ANDROID,Y,2026-05-22,2026-08-27,4
CUST004549,DVC-39ddb08b2f,ANDROID,N,2026-01-14,2026-08-06,25
CUST004550,DVC-949448deb9,WEB,Y,2024-06-21,2026-08-30,1
CUST004551,DVC-2ec880edc9,ANDROID,Y,2026-05-25,2026-08-31,0
CUST004552,DVC-ab70cec4ea,IOS,Y,2025-10-23,2026-08-30,1
CUST004553,DVC-f546249f28,IOS,Y,2026-04-09,2026-08-27,4
CUST004553,DVC-ca36adbf93,IOS,N,2025-10-09,2026-07-27,35
CUST004554,DVC-fe8a7a9894,ANDROID,Y,2025-08-22,2026-08-31,0
CUST004554,DVC-e4170858d0,IOS,N,2024-03-28,2026-05-26,97
CUST004555,DVC-428d8e2161,ANDROID,Y,2025-08-20,2026-08-29,2
CUST004555,DVC-c647c944d4,ANDROID,N,2025-10-13,2026-08-24,7
CUST004556,DVC-7da8e669f4,ANDROID,Y,2024-06-24,2026-08-29,2
CUST004556,DVC-e4ca8c3463,WEB,N,2024-04-13,2026-08-22,9
CUST004556,DVC-63f6a74a1c,IOS,N,2024-05-06,2026-08-11,20
CUST004557,DVC-d69f12a878,ANDROID,Y,2025-09-04,2026-08-29,2
CUST004558,DVC-f1745ad816,ANDROID,Y,2025-11-12,2026-08-27,4
CUST004558,DVC-b4a5f7d5de,WEB,N,2024-01-23,2026-07-02,60
CUST004558,DVC-d32753dfbe,ANDROID,N,2025-08-12,2026-07-21,41
CUST004559,DVC-80358b1456,ANDROID,Y,2025-01-20,2026-08-31,0
CUST004560,DVC-38e1347756,ANDROID,Y,2025-05-29,2026-08-28,3
CUST004561,DVC-9022463fb0,ANDROID,Y,2025-04-14,2026-08-28,3
CUST004562,DVC-da37a4e45f,ANDROID,Y,2024-06-20,2026-08-30,1
CUST004563,DVC-b5e3c3a276,ANDROID,Y,2026-06-10,2026-08-27,4
CUST004564,DVC-12775d31bf,ANDROID,Y,2025-04-09,2026-08-30,1
CUST004564,DVC-eae833ca06,ANDROID,N,2024-10-23,2026-07-06,56
CUST004564,DVC-234b5bd15f,ANDROID,N,2025-03-10,2026-07-23,39
CUST004565,DVC-770d393d5f,ANDROID,Y,2026-04-13,2026-08-28,3
CUST004565,DVC-a523770909,ANDROID,N,2025-09-17,2026-08-17,14
CUST004566,DVC-6084ba0b61,ANDROID,Y,2024-10-08,2026-08-30,1
CUST004567,DVC-91df040ab5,IOS,Y,2025-05-23,2026-08-26,5
CUST004567,DVC-722980f037,IOS,N,2024-08-20,2026-02-13,199
CUST004567,DVC-2ead3a9816,ANDROID,N,2023-11-16,2025-11-18,286
CUST004568,DVC-69f20ba999,IOS,Y,2026-06-14,2026-08-26,5
CUST004568,DVC-fb15d0f8b3,ANDROID,N,2026-04-13,2026-07-17,45
CUST004569,DVC-8b0a95661e,ANDROID,Y,2025-11-06,2026-08-25,6
CUST004569,DVC-efbc10172f,ANDROID,N,2025-11-20,2026-03-27,157
CUST004570,DVC-3f56294d64,ANDROID,Y,2025-06-08,2026-08-27,4
CUST004570,DVC-f34c244204,IOS,N,2024-10-02,2025-08-26,370
CUST004571,DVC-40cf0226df,IOS,Y,2025-03-13,2026-08-30,1
CUST004571,DVC-28a34b4266,ANDROID,N,2025-09-11,2026-08-08,23
CUST004572,DVC-8b26b5685b,ANDROID,Y,2025-03-20,2026-08-29,2
CUST004573,DVC-c49ba0b529,IOS,Y,2026-02-10,2026-08-31,0
CUST004573,DVC-d1722ba925,ANDROID,N,2025-03-17,2026-07-10,52
CUST004574,DVC-33f1ec51b2,IOS,Y,2026-03-21,2026-08-25,6
CUST004575,DVC-c159803036,ANDROID,Y,2026-06-24,2026-08-26,5
CUST004576,DVC-b6380186cc,WEB,Y,2025-02-28,2026-08-29,2
CUST004576,DVC-fe873e60da,IOS,N,2025-08-20,2026-07-17,45
CUST004576,DVC-d8fd331f67,ANDROID,N,2025-07-19,2025-10-11,324
CUST004577,DVC-21b9be9ee0,ANDROID,Y,2024-09-03,2026-08-27,4
CUST004577,DVC-52176b6cdb,WEB,N,2025-02-24,2026-08-19,12
CUST004577,DVC-cf9b4369d6,ANDROID,N,2025-08-18,2026-06-28,64
CUST004578,DVC-8b5e3963ea,IOS,Y,2026-03-21,2026-08-29,2
CUST004579,DVC-bd39e7e950,ANDROID,Y,2026-02-03,2026-08-25,6
CUST004580,DVC-42c2f69868,ANDROID,Y,2024-10-21,2026-08-27,4
CUST004581,DVC-d0f76c68de,ANDROID,Y,2025-03-06,2026-08-31,0
CUST004581,DVC-1a6ab3de50,ANDROID,N,2026-03-07,2026-06-17,75
CUST004581,DVC-3a11b094dd,ANDROID,N,2024-03-15,2026-08-11,20
CUST004582,DVC-01a7ac1c85,IOS,Y,2025-07-04,2026-08-30,1
CUST004583,DVC-f242a35600,ANDROID,Y,2025-08-11,2026-08-28,3
CUST004583,DVC-39608c51df,ANDROID,N,2025-05-10,2026-04-04,149
CUST004584,DVC-57952d84d9,ANDROID,Y,2026-04-06,2026-08-30,1
CUST004584,DVC-450a591523,WEB,N,2026-03-21,2026-08-11,20
CUST004584,DVC-d25b9dd1fc,ANDROID,N,2026-04-19,2026-08-05,26
CUST004585,DVC-7079fc24cb,IOS,Y,2025-07-21,2026-08-25,6
CUST004586,DVC-29fda9297e,ANDROID,Y,2026-06-04,2026-08-25,6
CUST004586,DVC-3f60811231,ANDROID,N,2024-06-27,2026-08-07,24
CUST004586,DVC-f539c41d4b,IOS,N,2026-04-25,2026-07-22,40
CUST004587,DVC-237416472b,IOS,Y,2024-10-15,2026-08-27,4
CUST004587,DVC-9913074618,IOS,N,2024-05-20,2026-07-09,53
CUST004588,DVC-7908bfaf06,ANDROID,Y,2025-11-06,2026-08-28,3
CUST004588,DVC-97833af7e6,IOS,N,2025-10-08,2026-07-26,36
CUST004589,DVC-8742df88e4,ANDROID,Y,2024-04-17,2026-08-26,5
CUST004590,DVC-624c173ce0,ANDROID,Y,2026-05-09,2026-08-28,3
CUST004590,DVC-377403306d,WEB,N,2025-06-13,2026-08-14,17
CUST004591,DVC-73503ca15c,ANDROID,Y,2025-10-10,2026-08-27,4
CUST004592,DVC-8557f661e8,WEB,Y,2025-12-23,2026-08-27,4
CUST004593,DVC-15aeab4a52,ANDROID,Y,2024-04-12,2026-08-26,5
CUST004593,DVC-b0c383bc6f,ANDROID,N,2026-01-09,2026-08-17,14
CUST004594,DVC-b3e8896385,IOS,Y,2024-03-20,2026-08-31,0
CUST004594,DVC-08d022e21f,ANDROID,N,2024-05-26,2026-07-06,56
CUST004594,DVC-ea4775e2ea,ANDROID,N,2024-09-26,2025-09-23,342
CUST004595,DVC-f14104d0a1,ANDROID,Y,2025-06-14,2026-08-31,0
CUST004595,DVC-cc3ce43098,ANDROID,N,2025-06-10,2026-07-27,35
CUST004596,DVC-c7eaf6a8f8,ANDROID,Y,2024-11-28,2026-08-27,4
CUST004596,DVC-232e8eca7d,WEB,N,2026-03-07,2026-08-25,6
CUST004597,DVC-9a011d076c,ANDROID,Y,2025-07-16,2026-08-27,4
CUST004598,DVC-7a1b21248e,IOS,Y,2025-10-30,2026-08-25,6
CUST004598,DVC-d120a7d099,ANDROID,N,2025-04-30,2026-07-06,56
CUST004598,DVC-9d35615047,ANDROID,N,2024-07-24,2026-06-12,80
CUST004599,DVC-79403eba0f,ANDROID,Y,2024-08-06,2026-08-27,4
CUST004599,DVC-c0d5313a83,WEB,N,2025-07-28,2026-07-07,55
CUST004600,DVC-b9654cd647,ANDROID,Y,2024-03-29,2026-08-30,1
CUST004600,DVC-ecaeea0f31,ANDROID,N,2024-12-17,2026-06-23,69
CUST004600,DVC-62debb5bea,ANDROID,N,2024-11-20,2026-07-30,32
CUST004601,DVC-eb98f9d777,ANDROID,Y,2025-11-20,2026-08-26,5
CUST004602,DVC-8f825eb2aa,ANDROID,Y,2025-02-19,2026-08-29,2
CUST004602,DVC-b3e623753b,ANDROID,N,2026-04-15,2026-06-26,66
CUST004603,DVC-d430d17c71,ANDROID,Y,2025-05-04,2026-08-31,0
CUST004604,DVC-f13d2acb50,ANDROID,Y,2025-07-28,2026-08-27,4
CUST004605,DVC-e2c5f8e2f7,ANDROID,Y,2025-05-06,2026-08-27,4
CUST004605,DVC-8592cb6a17,ANDROID,N,2026-06-26,2026-08-07,24
CUST004606,DVC-9028eb0eeb,ANDROID,Y,2026-01-08,2026-08-25,6
CUST004607,DVC-c09347a4bd,IOS,Y,2025-10-08,2026-08-25,6
CUST004607,DVC-570deb88a0,IOS,N,2025-07-17,2026-07-29,33
CUST004607,DVC-651c87cc5a,IOS,N,2025-07-17,2026-07-17,45
CUST004608,DVC-23b0ae1bf5,ANDROID,Y,2026-05-26,2026-08-25,6
CUST004608,DVC-9d7055e293,IOS,N,2026-06-16,2026-07-26,36
CUST004609,DVC-8744f2cbcf,ANDROID,Y,2026-04-12,2026-08-27,4
CUST004610,DVC-d8a43fdbe3,ANDROID,Y,2026-04-08,2026-08-30,1
CUST004610,DVC-fb5c47213f,IOS,N,2025-05-28,2026-07-16,46
CUST004611,DVC-3826d41c47,ANDROID,Y,2025-04-14,2026-08-31,0
CUST004611,DVC-abfc2fba85,IOS,N,2025-06-22,2026-08-13,18
CUST004611,DVC-4f294946a1,ANDROID,N,2024-09-07,2026-07-13,49
CUST004612,DVC-ce2c5ab088,ANDROID,Y,2024-07-08,2026-08-29,2
CUST004613,DVC-02ec90b9e5,ANDROID,Y,2025-11-02,2026-08-26,5
CUST004614,DVC-58a4f3a4c4,ANDROID,Y,2026-03-14,2026-08-29,2
CUST004614,DVC-d1991e9b9b,WEB,N,2024-07-07,2025-08-29,367
CUST004615,DVC-8b5f8e21e5,ANDROID,Y,2026-01-03,2026-08-26,5
CUST004616,DVC-16e1ace2f5,ANDROID,Y,2025-11-30,2026-08-27,4
CUST004616,DVC-ae6073ba90,IOS,N,2025-08-05,2026-08-21,10
CUST004617,DVC-254335bec5,ANDROID,Y,2026-05-31,2026-08-25,6
CUST004617,DVC-b7debf997d,WEB,N,2024-06-29,2026-08-28,3
CUST004618,DVC-5c22a38781,ANDROID,Y,2024-03-08,2026-08-25,6
CUST004619,DVC-7983437581,WEB,Y,2025-04-10,2026-08-27,4
CUST004620,DVC-4ad0a72df5,IOS,Y,2026-03-30,2026-08-29,2
CUST004620,DVC-3f4c5c3a10,ANDROID,N,2024-02-24,2025-08-08,388
CUST004621,DVC-8a59cf2470,WEB,Y,2026-05-10,2026-08-31,0
CUST004622,DVC-b1052bed64,ANDROID,Y,2025-12-01,2026-08-27,4
CUST004622,DVC-8d2c8a23bf,ANDROID,N,2025-11-18,2026-07-20,42
CUST004623,DVC-18103a481d,WEB,Y,2026-07-26,2026-08-26,5
CUST004623,DVC-0883bfd7e7,IOS,N,2025-03-04,2026-08-18,13
CUST004623,DVC-3a4969db2d,ANDROID,N,2026-01-30,2026-08-26,5
CUST004624,DVC-f88334cd13,ANDROID,Y,2026-04-19,2026-08-26,5
CUST004625,DVC-f664e7dcf5,ANDROID,Y,2026-06-25,2026-08-27,4
CUST004625,DVC-27e570d2ef,ANDROID,N,2026-04-14,2026-08-27,4
CUST004625,DVC-98e18d0123,ANDROID,N,2025-12-04,2026-07-26,36
CUST004626,DVC-566081e0fa,ANDROID,Y,2024-06-03,2026-08-28,3
CUST004626,DVC-fa8091700c,ANDROID,N,2026-06-03,2026-07-14,48
CUST004627,DVC-3e788ff8de,ANDROID,Y,2024-04-25,2026-08-29,2
CUST004628,DVC-d41c818eba,IOS,Y,2025-09-09,2026-08-28,3
CUST004629,DVC-76055a2f30,WEB,Y,2025-09-11,2026-08-27,4
CUST004629,DVC-c19db14ecd,IOS,N,2026-03-18,2026-08-05,26
CUST004630,DVC-cd80b50ef7,ANDROID,Y,2024-11-02,2026-08-29,2
CUST004631,DVC-bc0f0460ba,ANDROID,Y,2025-06-08,2026-08-25,6
CUST004632,DVC-aa36d8ea5c,WEB,Y,2025-08-25,2026-08-28,3
CUST004632,DVC-d8d3c0ce20,ANDROID,N,2026-05-04,2026-06-20,72
CUST004632,DVC-1a64685668,ANDROID,N,2025-10-20,2026-06-15,77
CUST004633,DVC-c719004ef4,IOS,Y,2026-07-04,2026-08-30,1
CUST004633,DVC-b84ab22ed1,IOS,N,2026-04-30,2026-08-29,2
CUST004633,DVC-2857f359d1,WEB,N,2026-05-16,2026-08-30,1
CUST004634,DVC-926d0c8ef8,ANDROID,Y,2024-07-08,2026-08-31,0
CUST004635,DVC-27636fb636,IOS,Y,2024-07-15,2026-08-28,3
CUST004635,DVC-d1efc02cdc,ANDROID,N,2024-08-01,2026-07-02,60
CUST004636,DVC-09bce67497,IOS,Y,2026-01-13,2026-08-28,3
CUST004637,DVC-76c379627e,WEB,Y,2025-08-14,2026-08-27,4
CUST004638,DVC-07d5f6cba7,ANDROID,Y,2026-02-25,2026-08-28,3
CUST004639,DVC-dcf789c1a1,IOS,Y,2026-07-11,2026-08-25,6
CUST004640,DVC-c542acd5f0,IOS,Y,2026-05-04,2026-08-28,3
CUST004640,DVC-e6b92a096d,ANDROID,N,2026-04-17,2026-06-24,68
CUST004641,DVC-b9318415b6,ANDROID,Y,2026-02-15,2026-08-31,0
CUST004641,DVC-6c83e27b58,ANDROID,N,2024-02-28,2025-08-24,372
CUST004642,DVC-c386de5337,ANDROID,Y,2025-05-20,2026-08-28,3
CUST004643,DVC-36aa8a921c,IOS,Y,2025-08-10,2026-08-28,3
CUST004644,DVC-537c3a0eb4,IOS,Y,2026-06-26,2026-08-31,0
CUST004644,DVC-4f7cddd07f,IOS,N,2025-09-11,2026-04-11,142
CUST004645,DVC-8e83d638be,ANDROID,Y,2026-03-21,2026-08-27,4
CUST004646,DVC-95fc785342,IOS,Y,2025-05-09,2026-08-31,0
CUST004647,DVC-ce6d20fe0d,ANDROID,Y,2026-07-31,2026-08-31,0
CUST004647,DVC-8af12e4aee,IOS,N,2026-06-28,2026-08-23,8
CUST004648,DVC-b515179216,ANDROID,Y,2026-04-26,2026-08-30,1
CUST004649,DVC-76d43bf469,ANDROID,Y,2024-09-14,2026-08-25,6
CUST004649,DVC-ce784b2944,WEB,N,2025-04-20,2026-08-02,29
CUST004650,DVC-ba1ebf59be,ANDROID,Y,2025-11-27,2026-08-30,1
CUST004650,DVC-43cc5b9c98,IOS,N,2025-10-12,2026-03-28,156
CUST004651,DVC-e341761f02,ANDROID,Y,2024-12-11,2026-08-27,4
CUST004651,DVC-c8504ed043,ANDROID,N,2024-03-04,2026-07-15,47
CUST004652,DVC-fb402fbea3,ANDROID,Y,2025-04-12,2026-08-25,6
CUST004652,DVC-f5eb448754,ANDROID,N,2025-11-03,2026-06-14,78
CUST004653,DVC-bae4d12fc5,IOS,Y,2026-01-10,2026-08-30,1
CUST004653,DVC-ccdf4302cc,ANDROID,N,2025-11-15,2026-07-18,44
CUST004654,DVC-bfefc37c6f,IOS,Y,2026-04-21,2026-08-31,0
CUST004654,DVC-0ad861d2ba,ANDROID,N,2026-04-12,2026-08-14,17
CUST004654,DVC-cdeb0cc34e,IOS,N,2026-02-11,2026-06-15,77
CUST004655,DVC-ecb6345318,ANDROID,Y,2024-10-27,2026-08-31,0
CUST004655,DVC-f66a0a6923,ANDROID,N,2026-02-04,2026-08-27,4
CUST004656,DVC-441ad0df13,ANDROID,Y,2024-11-03,2026-08-25,6
CUST004657,DVC-1dbb72788f,ANDROID,Y,2025-03-09,2026-08-28,3
CUST004658,DVC-3cfdfd2239,WEB,Y,2026-02-24,2026-08-28,3
CUST004659,DVC-1b0afa8015,WEB,Y,2024-05-06,2026-08-25,6
CUST004659,DVC-c9757ef9b8,ANDROID,N,2025-09-20,2026-08-18,13
CUST004660,DVC-9296402be8,ANDROID,Y,2025-12-12,2026-08-29,2
CUST004661,DVC-b6e2682f37,ANDROID,Y,2025-02-09,2026-08-30,1
CUST004661,DVC-51072f1663,ANDROID,N,2025-09-25,2026-08-23,8
CUST004661,DVC-a8c564ad46,ANDROID,N,2024-11-08,2026-06-27,65
CUST004662,DVC-09a88ec72d,ANDROID,Y,2026-06-01,2026-08-30,1
CUST004662,DVC-43cdbb7f1a,ANDROID,N,2024-10-20,2026-06-20,72
CUST004663,DVC-2159386b23,ANDROID,Y,2026-03-17,2026-08-29,2
CUST004664,DVC-fabc49c414,ANDROID,Y,2026-01-07,2026-08-27,4
CUST004664,DVC-280b5e6f53,ANDROID,N,2025-05-24,2026-07-12,50
CUST004665,DVC-ddb95c1110,ANDROID,Y,2026-02-14,2026-08-30,1
CUST004665,DVC-348c338fae,ANDROID,N,2025-03-13,2026-06-12,80
CUST004665,DVC-ceada640ac,ANDROID,N,2025-04-26,2026-08-13,18
CUST004666,DVC-fdb8558560,IOS,Y,2025-12-18,2026-08-28,3
CUST004666,DVC-fd9d939983,WEB,N,2025-08-01,2026-06-29,63
CUST004667,DVC-0cae670ec5,IOS,Y,2025-10-30,2026-08-26,5
CUST004668,DVC-1b35544bd2,ANDROID,Y,2025-01-24,2026-08-31,0
CUST004669,DVC-34b70fcbc5,IOS,Y,2025-05-13,2026-08-28,3
CUST004669,DVC-1b107e04de,ANDROID,N,2025-01-09,2026-07-25,37
CUST004670,DVC-43446feff0,IOS,Y,2025-01-07,2026-08-30,1
CUST004671,DVC-11932cab5c,ANDROID,Y,2025-09-11,2026-08-28,3
CUST004672,DVC-0b1b7799ce,IOS,Y,2024-11-24,2026-08-30,1
CUST004673,DVC-9f5c1121e8,ANDROID,Y,2025-03-29,2026-08-28,3
CUST004673,DVC-c8ef48d6d7,IOS,N,2025-10-17,2025-11-19,285
CUST004674,DVC-18645c9c8e,ANDROID,Y,2025-07-05,2026-08-29,2
CUST004675,DVC-f65c702178,ANDROID,Y,2026-02-18,2026-08-27,4
CUST004676,DVC-c245136649,ANDROID,Y,2024-08-23,2026-08-31,0
CUST004677,DVC-991fe7158a,ANDROID,Y,2024-04-21,2026-08-25,6
CUST004678,DVC-b9714bfa82,ANDROID,Y,2026-06-02,2026-08-30,1
CUST004678,DVC-1f2434b7ac,IOS,N,2026-04-25,2026-08-24,7
CUST004679,DVC-d38b2f2794,ANDROID,Y,2026-05-19,2026-08-25,6
CUST004679,DVC-6a9267dd34,ANDROID,N,2025-08-21,2026-07-17,45
CUST004680,DVC-8ae2bca7e6,IOS,Y,2025-05-11,2026-08-30,1
CUST004681,DVC-d7ec156dca,ANDROID,Y,2026-05-20,2026-08-26,5
CUST004681,DVC-4e25274515,ANDROID,N,2025-02-11,2026-07-11,51
CUST004682,DVC-0ceae77e66,ANDROID,Y,2024-09-04,2026-08-25,6
CUST004682,DVC-29c53c4b88,ANDROID,N,2024-11-02,2026-08-06,25
CUST004683,DVC-6c89f2fbbd,ANDROID,Y,2025-07-29,2026-08-28,3
CUST004684,DVC-06f8c6a777,ANDROID,Y,2025-07-12,2026-08-27,4
CUST004685,DVC-271ad90bf1,ANDROID,Y,2025-06-08,2026-08-29,2
CUST004686,DVC-bcedffd6a7,ANDROID,Y,2024-10-08,2026-08-27,4
CUST004686,DVC-3ddaba44e0,ANDROID,N,2025-12-31,2026-07-21,41
CUST004687,DVC-6999463430,ANDROID,Y,2026-06-06,2026-08-27,4
CUST004687,DVC-eca5d89e0a,WEB,N,2026-05-14,2026-07-11,51
CUST004688,DVC-8ee81e0ae5,IOS,Y,2025-07-08,2026-08-26,5
CUST004689,DVC-f1483e4a34,IOS,Y,2026-05-04,2026-08-25,6
CUST004690,DVC-3c42e9a8bf,ANDROID,Y,2026-06-17,2026-08-29,2
CUST004690,DVC-825a19f56f,ANDROID,N,2026-03-20,2026-08-04,27
CUST004691,DVC-d196060507,ANDROID,Y,2026-06-22,2026-08-27,4
CUST004692,DVC-6274ad4c40,ANDROID,Y,2026-03-21,2026-08-27,4
CUST004692,DVC-6f41990730,ANDROID,N,2026-02-20,2026-08-25,6
CUST004693,DVC-d0f092da67,ANDROID,Y,2026-03-27,2026-08-27,4
CUST004693,DVC-b7505f5bc6,ANDROID,N,2026-03-21,2026-08-18,13
CUST004694,DVC-374df70b23,ANDROID,Y,2026-04-15,2026-08-30,1
CUST004694,DVC-9ad7c81e2d,ANDROID,N,2026-05-05,2026-08-20,11
CUST004695,DVC-45aad87e9d,IOS,Y,2025-11-28,2026-08-25,6
CUST004696,DVC-3b926cfbd8,ANDROID,Y,2025-10-31,2026-08-29,2
CUST004697,DVC-ce6be6659a,ANDROID,Y,2024-10-30,2026-08-28,3
CUST004698,DVC-2d0a4dbdf6,IOS,Y,2025-01-07,2026-08-29,2
CUST004698,DVC-e5f1b06c48,WEB,N,2024-02-20,2026-06-25,67
CUST004699,DVC-046b8540a0,ANDROID,Y,2025-02-08,2026-08-30,1
CUST004700,DVC-50475ddd7d,ANDROID,Y,2025-01-09,2026-08-29,2
CUST004700,DVC-01cb149348,ANDROID,N,2025-03-25,2026-08-02,29
CUST004701,DVC-9c3aa2af2c,ANDROID,Y,2025-07-12,2026-08-28,3
CUST004702,DVC-9d0973c619,ANDROID,Y,2025-03-31,2026-08-30,1
CUST004703,DVC-f684abf853,ANDROID,Y,2025-02-22,2026-08-29,2
CUST004703,DVC-6899248929,ANDROID,N,2025-02-09,2026-01-30,213
CUST004704,DVC-3a0ad3275f,ANDROID,Y,2025-09-12,2026-08-27,4
CUST004705,DVC-db5e2b021a,ANDROID,Y,2025-08-08,2026-08-27,4
CUST004705,DVC-428e1581dd,ANDROID,N,2025-01-27,2026-06-16,76
CUST004706,DVC-5e5db86639,ANDROID,Y,2025-11-21,2026-08-28,3
CUST004707,DVC-2aed8a94dc,WEB,Y,2026-03-24,2026-08-28,3
CUST004708,DVC-dd51cfe9d5,IOS,Y,2026-01-16,2026-08-29,2
CUST004708,DVC-0fba7331f2,ANDROID,N,2024-12-20,2026-07-15,47
CUST004708,DVC-c27bc8d9d3,ANDROID,N,2026-01-22,2026-07-01,61
CUST004709,DVC-9424661447,ANDROID,Y,2024-09-06,2026-08-28,3
CUST004709,DVC-1803833561,IOS,N,2025-12-13,2026-07-06,56
CUST004710,DVC-f3ff2ec55b,IOS,Y,2025-07-09,2026-08-25,6
CUST004710,DVC-7c8acd351e,ANDROID,N,2025-12-22,2026-07-16,46
CUST004710,DVC-6866c02a1d,ANDROID,N,2025-04-15,2026-07-08,54
CUST004711,DVC-057c3c9d08,ANDROID,Y,2025-01-06,2026-08-31,0
CUST004712,DVC-c43edb00c6,ANDROID,Y,2026-03-15,2026-08-28,3
CUST004712,DVC-356924f283,WEB,N,2025-10-31,2026-06-19,73
CUST004713,DVC-2800cc0828,ANDROID,Y,2025-09-25,2026-08-29,2
CUST004713,DVC-5c5202108b,ANDROID,N,2025-06-20,2026-03-25,159
CUST004714,DVC-eb913e0b3d,ANDROID,Y,2025-09-11,2026-08-30,1
CUST004714,DVC-aa40e3f760,ANDROID,N,2025-05-24,2026-08-12,19
CUST004715,DVC-5bb6d42029,ANDROID,Y,2026-03-06,2026-08-27,4
CUST004715,DVC-5a5320194a,ANDROID,N,2025-09-23,2026-07-12,50
CUST004716,DVC-9524bfa71e,IOS,Y,2024-10-02,2026-08-25,6
CUST004717,DVC-d6e1d02516,ANDROID,Y,2026-06-10,2026-08-26,5
CUST004717,DVC-a4bf80b0eb,ANDROID,N,2026-05-11,2026-07-31,31
CUST004718,DVC-757cbe863b,ANDROID,Y,2024-07-11,2026-08-27,4
CUST004719,DVC-1977febed0,ANDROID,Y,2025-07-02,2026-08-29,2
CUST004719,DVC-48a4e0dcfa,ANDROID,N,2024-08-01,2026-07-31,31
CUST004719,DVC-f26e5cbc93,ANDROID,N,2025-02-04,2026-02-17,195
CUST004720,DVC-fbb1d8c245,ANDROID,Y,2024-09-28,2026-08-31,0
CUST004720,DVC-3b2670661b,ANDROID,N,2025-03-04,2026-07-22,40
CUST004721,DVC-500376074a,ANDROID,Y,2025-06-20,2026-08-28,3
CUST004721,DVC-20923f9528,ANDROID,N,2024-08-25,2026-07-14,48
CUST004721,DVC-52fe076513,ANDROID,N,2025-06-16,2026-07-22,40
CUST004722,DVC-e21f15808f,ANDROID,Y,2026-05-30,2026-08-26,5
CUST004723,DVC-e109fb27a9,IOS,Y,2024-10-03,2026-08-31,0
CUST004723,DVC-b8ae013f41,ANDROID,N,2025-06-05,2026-07-27,35
CUST004724,DVC-9494051280,ANDROID,Y,2025-01-29,2026-08-30,1
CUST004724,DVC-c580e12bf2,IOS,N,2024-09-30,2026-06-14,78
CUST004725,DVC-c0dcd89914,ANDROID,Y,2025-07-05,2026-08-31,0
CUST004725,DVC-ceecfca1a1,WEB,N,2026-05-04,2026-08-29,2
CUST004726,DVC-91ad049caa,ANDROID,Y,2026-02-01,2026-08-27,4
CUST004727,DVC-b364ef25b8,ANDROID,Y,2026-01-07,2026-08-27,4
CUST004728,DVC-16baadbbd5,ANDROID,Y,2025-05-21,2026-08-30,1
CUST004729,DVC-9e7b641b90,ANDROID,Y,2024-10-24,2026-08-30,1
CUST004730,DVC-065f6d9687,ANDROID,Y,2024-10-19,2026-08-27,4
CUST004730,DVC-14cf127576,ANDROID,N,2024-03-25,2026-08-09,22
CUST004731,DVC-eba26feaab,ANDROID,Y,2025-01-27,2026-08-30,1
CUST004731,DVC-d63b132c37,ANDROID,N,2026-03-21,2026-08-04,27
CUST004731,DVC-c0fcc9ff64,ANDROID,N,2026-05-27,2026-07-05,57
CUST004732,DVC-3c6ecdd96d,ANDROID,Y,2026-05-19,2026-08-31,0
CUST004732,DVC-70272aba19,ANDROID,N,2025-11-12,2026-03-24,160
CUST004733,DVC-e82d2e0aff,ANDROID,Y,2024-07-08,2026-08-27,4
CUST004733,DVC-9977918e28,WEB,N,2026-02-05,2026-08-09,22
CUST004733,DVC-4b82d44b17,ANDROID,N,2025-08-28,2026-08-10,21
CUST004734,DVC-31b9299778,WEB,Y,2024-08-13,2026-08-28,3
CUST004735,DVC-8bd1100247,WEB,Y,2025-07-01,2026-08-28,3
CUST004736,DVC-c2ca6ad058,ANDROID,Y,2025-12-09,2026-08-31,0
CUST004736,DVC-454d8db2e2,ANDROID,N,2025-07-30,2026-08-18,13
CUST004737,DVC-6ad3df5837,IOS,Y,2025-07-04,2026-08-25,6
CUST004737,DVC-3bf1c7e378,ANDROID,N,2024-09-15,2026-07-30,32
CUST004738,DVC-378cf0c796,IOS,Y,2026-06-15,2026-08-26,5
CUST004739,DVC-a3d911a510,ANDROID,Y,2025-12-08,2026-08-27,4
CUST004739,DVC-5338088bb2,ANDROID,N,2025-10-08,2026-07-03,59
CUST004740,DVC-eb9b1f56e8,ANDROID,Y,2025-12-16,2026-08-30,1
CUST004741,DVC-b148455c84,IOS,Y,2024-07-05,2026-08-31,0
CUST004742,DVC-6a993b94b7,ANDROID,Y,2026-04-24,2026-08-30,1
CUST004742,DVC-9d06130f27,IOS,N,2024-10-19,2026-07-28,34
CUST004743,DVC-3c3efc9266,ANDROID,Y,2026-02-21,2026-08-31,0
CUST004744,DVC-b4070bb81b,ANDROID,Y,2026-05-10,2026-08-26,5
CUST004745,DVC-efe2af1deb,ANDROID,Y,2026-06-06,2026-08-28,3
CUST004745,DVC-1089867b5a,ANDROID,N,2025-12-15,2026-07-03,59
CUST004745,DVC-2cf617c23d,ANDROID,N,2025-06-03,2026-04-21,132
CUST004746,DVC-28c4107d3b,IOS,Y,2024-05-26,2026-08-26,5
CUST004746,DVC-f0ed138919,ANDROID,N,2025-09-24,2026-08-20,11
CUST004747,DVC-89f7be1992,ANDROID,Y,2026-04-03,2026-08-30,1
CUST004748,DVC-aa50d302cd,ANDROID,Y,2025-09-11,2026-08-26,5
CUST004749,DVC-9d7330e9be,IOS,Y,2024-11-04,2026-08-28,3
CUST004749,DVC-65d6e42f66,WEB,N,2025-03-20,2025-10-30,305
CUST004750,DVC-5549c8d979,ANDROID,Y,2026-01-24,2026-08-27,4
CUST004751,DVC-7526677e05,ANDROID,Y,2026-03-08,2026-08-25,6
CUST004752,DVC-884feec336,IOS,Y,2025-10-18,2026-08-30,1
CUST004753,DVC-fde6e35cff,IOS,Y,2025-06-16,2026-08-25,6
CUST004754,DVC-0e9fcd2653,ANDROID,Y,2025-05-14,2026-08-29,2
CUST004755,DVC-ade21a5957,ANDROID,Y,2026-01-21,2026-08-28,3
CUST004756,DVC-bedc92f5e6,IOS,Y,2026-01-01,2026-08-27,4
CUST004756,DVC-d38b3565b9,ANDROID,N,2026-03-09,2026-08-12,19
CUST004756,DVC-98e15950df,ANDROID,N,2025-01-10,2026-07-05,57
CUST004757,DVC-34601e3068,IOS,Y,2025-07-19,2026-08-30,1
CUST004757,DVC-2fcf1be311,WEB,N,2025-02-17,2026-08-30,1
CUST004758,DVC-fdad9f6a4c,IOS,Y,2025-06-14,2026-08-25,6
CUST004758,DVC-ea198e03e1,ANDROID,N,2025-03-12,2025-11-07,297
CUST004759,DVC-a319057618,ANDROID,Y,2025-05-07,2026-08-29,2
CUST004760,DVC-51f113ee56,ANDROID,Y,2026-05-10,2026-08-25,6
CUST004761,DVC-35f499b054,ANDROID,Y,2026-07-08,2026-08-28,3
CUST004762,DVC-3dc58f516f,ANDROID,Y,2024-08-25,2026-08-29,2
CUST004762,DVC-c28ae47c36,ANDROID,N,2025-04-23,2026-07-03,59
CUST004763,DVC-95c128b205,IOS,Y,2026-03-20,2026-08-31,0
CUST004763,DVC-66ba0f3ad1,IOS,N,2024-02-18,2026-07-30,32
CUST004763,DVC-2b2276ec90,ANDROID,N,2024-07-16,2026-07-06,56
CUST004764,DVC-685ae603f2,IOS,Y,2026-04-04,2026-08-31,0
CUST004765,DVC-d4f659caff,ANDROID,Y,2026-01-07,2026-08-27,4
CUST004766,DVC-4377046f0c,IOS,Y,2024-05-18,2026-08-30,1
CUST004767,DVC-151ee2967f,ANDROID,Y,2024-10-13,2026-08-29,2
CUST004768,DVC-7ea5026f3f,IOS,Y,2025-10-26,2026-08-29,2
CUST004769,DVC-7fcb4941a1,ANDROID,Y,2024-06-13,2026-08-31,0
CUST004769,DVC-71548e9bb5,ANDROID,N,2025-06-23,2025-10-20,315
CUST004770,DVC-fe35915444,ANDROID,Y,2025-01-04,2026-08-30,1
CUST004770,DVC-b168073f24,IOS,N,2025-04-26,2026-06-13,79
CUST004771,DVC-81e1fef99d,IOS,Y,2025-10-12,2026-08-31,0
CUST004771,DVC-21465ca2e4,ANDROID,N,2026-01-16,2026-06-27,65
CUST004772,DVC-d191b322b2,ANDROID,Y,2026-03-25,2026-08-29,2
CUST004773,DVC-8532542b0c,ANDROID,Y,2025-05-14,2026-08-31,0
CUST004773,DVC-a053266d94,ANDROID,N,2025-07-10,2026-06-21,71
CUST004774,DVC-467f83c9dc,ANDROID,Y,2024-07-01,2026-08-31,0
CUST004775,DVC-6d5fdb169f,IOS,Y,2024-06-12,2026-08-29,2
CUST004775,DVC-838d638a24,ANDROID,N,2025-05-30,2026-08-07,24
CUST004775,DVC-ba624b211c,ANDROID,N,2025-04-13,2026-07-15,47
CUST004776,DVC-a8156be6a0,ANDROID,Y,2025-06-19,2026-08-30,1
CUST004776,DVC-63736c3906,ANDROID,N,2024-12-04,2026-07-05,57
CUST004777,DVC-7b4d7983f8,ANDROID,Y,2024-04-15,2026-08-27,4
CUST004777,DVC-08437cc1ff,ANDROID,N,2024-11-28,2026-01-25,218
CUST004778,DVC-c950ada30b,WEB,Y,2025-02-20,2026-08-31,0
CUST004779,DVC-d230adacb1,WEB,Y,2026-03-14,2026-08-28,3
CUST004779,DVC-93d70e9845,ANDROID,N,2024-03-03,2026-07-06,56
CUST004780,DVC-d3e75fadff,IOS,Y,2024-05-05,2026-08-28,3
CUST004781,DVC-25b25421fe,IOS,Y,2024-03-16,2026-08-27,4
CUST004782,DVC-4b26eb5fbd,IOS,Y,2026-07-28,2026-08-28,3
CUST004783,DVC-01e36d4a77,ANDROID,Y,2024-12-18,2026-08-28,3
CUST004784,DVC-f45b40fb49,ANDROID,Y,2025-02-13,2026-08-27,4
CUST004784,DVC-f7e93ce555,ANDROID,N,2025-11-02,2026-08-26,5
CUST004785,DVC-c9fc724057,WEB,Y,2024-10-14,2026-08-25,6
CUST004786,DVC-53bfb29539,ANDROID,Y,2025-01-17,2026-08-25,6
CUST004787,DVC-c5154ac1bf,ANDROID,Y,2024-04-20,2026-08-28,3
CUST004787,DVC-567f644bd1,ANDROID,N,2024-04-26,2026-07-23,39
CUST004787,DVC-7a74a4c391,ANDROID,N,2025-10-08,2026-08-22,9
CUST004788,DVC-bbf297a89f,IOS,Y,2024-12-18,2026-08-25,6
CUST004789,DVC-da91af0dea,IOS,Y,2026-05-10,2026-08-27,4
CUST004790,DVC-7b5bb422c7,WEB,Y,2025-06-22,2026-08-31,0
CUST004790,DVC-5db93abf31,ANDROID,N,2026-05-22,2026-08-08,23
CUST004791,DVC-54083482e2,ANDROID,Y,2025-03-30,2026-08-31,0
CUST004791,DVC-21e64add5c,ANDROID,N,2025-04-15,2026-06-16,76
CUST004791,DVC-77043790b5,ANDROID,N,2025-12-24,2026-06-18,74
CUST004792,DVC-56af250cd1,ANDROID,Y,2024-06-07,2026-08-28,3
CUST004792,DVC-c784c4fdfe,ANDROID,N,2026-06-15,2026-08-22,9
CUST004793,DVC-39dfee90a0,ANDROID,Y,2025-12-07,2026-08-28,3
CUST004793,DVC-f58f643a10,IOS,N,2025-11-10,2026-07-17,45
CUST004794,DVC-dfa768a58a,IOS,Y,2025-11-12,2026-08-28,3
CUST004794,DVC-2a29b93239,ANDROID,N,2024-07-22,2026-08-19,12
CUST004794,DVC-20c807e936,IOS,N,2024-11-23,2026-08-16,15
CUST004795,DVC-7b51151f3f,WEB,Y,2026-04-14,2026-08-30,1
CUST004796,DVC-fba5f03ea3,ANDROID,Y,2025-05-05,2026-08-31,0
CUST004796,DVC-ffdc590d6a,ANDROID,N,2024-02-26,2026-07-01,61
CUST004797,DVC-4c6386c64f,IOS,Y,2025-05-12,2026-08-28,3
CUST004798,DVC-fb6f6e9d5d,ANDROID,Y,2025-04-11,2026-08-29,2
CUST004799,DVC-6dec2c9ed5,ANDROID,Y,2026-07-03,2026-08-27,4
CUST004799,DVC-b142a15c48,ANDROID,N,2024-12-06,2025-09-27,338
CUST004799,DVC-ea2f8a65f5,ANDROID,N,2024-11-23,2026-06-23,69
CUST004800,DVC-ab6f50f4c8,ANDROID,Y,2024-04-24,2026-08-26,5
CUST004801,DVC-3cb5b96e7b,ANDROID,Y,2025-01-22,2026-08-30,1
CUST004802,DVC-fbf4bc1769,ANDROID,Y,2025-11-09,2026-08-31,0
CUST004802,DVC-548b83fbef,ANDROID,N,2024-09-18,2026-06-19,73
CUST004802,DVC-dead740576,ANDROID,N,2024-09-18,2025-10-18,317
CUST004803,DVC-ba71b280b2,IOS,Y,2026-01-06,2026-08-26,5
CUST004804,DVC-017512872a,ANDROID,Y,2025-10-30,2026-08-27,4
CUST004805,DVC-6ffc40731d,ANDROID,Y,2026-06-04,2026-08-27,4
CUST004805,DVC-d47454d958,WEB,N,2025-03-19,2026-08-28,3
CUST004806,DVC-4e1e008db5,ANDROID,Y,2025-08-25,2026-08-31,0
CUST004807,DVC-5acab42fcf,ANDROID,Y,2025-08-22,2026-08-29,2
CUST004808,DVC-8e69ac48c6,ANDROID,Y,2026-01-27,2026-08-25,6
CUST004808,DVC-c23c79971f,WEB,N,2026-06-26,2026-08-06,25
CUST004808,DVC-62eca9fbea,ANDROID,N,2026-05-24,2026-07-21,41
CUST004809,DVC-d593988a5f,IOS,Y,2025-02-23,2026-08-30,1
CUST004809,DVC-beed1f200c,WEB,N,2025-05-05,2026-08-04,27
CUST004809,DVC-349fa48d7e,ANDROID,N,2025-12-29,2026-07-13,49
CUST004810,DVC-68d55ef1bc,ANDROID,Y,2026-03-10,2026-08-31,0
CUST004811,DVC-f171e4d0c9,ANDROID,Y,2024-06-14,2026-08-30,1
CUST004812,DVC-41ca6f742d,ANDROID,Y,2026-04-06,2026-08-27,4
CUST004813,DVC-2d737b9697,ANDROID,Y,2026-03-21,2026-08-25,6
CUST004814,DVC-c14706f9c2,IOS,Y,2025-06-23,2026-08-25,6
CUST004815,DVC-f6ac125ce4,ANDROID,Y,2026-03-08,2026-08-28,3
CUST004816,DVC-441369d47d,ANDROID,Y,2024-10-19,2026-08-30,1
CUST004817,DVC-3da5132b2a,IOS,Y,2025-01-02,2026-08-30,1
CUST004818,DVC-d96e1f4a46,ANDROID,Y,2024-06-24,2026-08-30,1
CUST004819,DVC-7461f48162,IOS,Y,2024-06-24,2026-08-29,2
CUST004820,DVC-73ed78161f,IOS,Y,2024-07-19,2026-08-27,4
CUST004821,DVC-9764cd09ed,ANDROID,Y,2026-03-22,2026-08-30,1
CUST004822,DVC-c644ac0d17,IOS,Y,2026-07-04,2026-08-25,6
CUST004823,DVC-6820918039,ANDROID,Y,2025-05-31,2026-08-29,2
CUST004824,DVC-0ca4211862,ANDROID,Y,2025-04-12,2026-08-30,1
CUST004825,DVC-88d337f407,ANDROID,Y,2026-02-26,2026-08-27,4
CUST004825,DVC-19dd8281c3,ANDROID,N,2025-10-22,2026-08-07,24
CUST004826,DVC-5ef4568a6d,ANDROID,Y,2026-02-02,2026-08-25,6
CUST004827,DVC-87def67fae,ANDROID,Y,2025-11-17,2026-08-25,6
CUST004827,DVC-e3f1c8a18c,ANDROID,N,2025-07-06,2026-07-29,33
CUST004828,DVC-77cee746f4,ANDROID,Y,2024-07-13,2026-08-29,2
CUST004828,DVC-99b8af8120,ANDROID,N,2025-11-03,2026-06-28,64
CUST004829,DVC-420c952304,ANDROID,Y,2025-02-17,2026-08-26,5
CUST004829,DVC-1dd65d423d,ANDROID,N,2025-04-03,2026-07-29,33
CUST004830,DVC-d0611e858d,ANDROID,Y,2026-01-15,2026-08-27,4
CUST004830,DVC-7a2d7b6206,ANDROID,N,2025-07-27,2026-08-18,13
CUST004831,DVC-95dc47a8a8,ANDROID,Y,2026-06-08,2026-08-30,1
CUST004832,DVC-de00ab060b,ANDROID,Y,2024-10-13,2026-08-27,4
CUST004833,DVC-02a99d045f,ANDROID,Y,2025-11-05,2026-08-27,4
CUST004833,DVC-c130726b77,ANDROID,N,2025-09-09,2026-02-20,192
CUST004833,DVC-e8355a63f7,ANDROID,N,2025-03-01,2026-07-18,44
CUST004834,DVC-b6ff1de89d,IOS,Y,2025-08-01,2026-08-26,5
CUST004835,DVC-afe4b7a192,ANDROID,Y,2025-08-17,2026-08-27,4
CUST004836,DVC-9076d72f68,IOS,Y,2024-08-09,2026-08-31,0
CUST004836,DVC-250fbbf42d,IOS,N,2025-10-03,2026-06-30,62
CUST004836,DVC-3b61ae09fe,ANDROID,N,2026-05-01,2026-08-20,11
CUST004837,DVC-50b349cf6a,ANDROID,Y,2026-04-29,2026-08-25,6
CUST004838,DVC-f395676e71,IOS,Y,2025-05-02,2026-08-25,6
CUST004838,DVC-d75ac8e322,ANDROID,N,2024-08-06,2026-06-19,73
CUST004839,DVC-b5611cd17f,ANDROID,Y,2024-10-04,2026-08-29,2
CUST004839,DVC-015fff89bc,ANDROID,N,2024-02-03,2026-07-04,58
CUST004839,DVC-7957bac94f,ANDROID,N,2026-04-16,2026-08-10,21
CUST004840,DVC-04b7652c62,ANDROID,Y,2025-06-22,2026-08-27,4
CUST004840,DVC-cd6de8f7f1,ANDROID,N,2025-07-12,2026-06-20,72
CUST004841,DVC-76f3245e4a,WEB,Y,2026-05-06,2026-08-31,0
CUST004842,DVC-7427edb70a,ANDROID,Y,2026-07-21,2026-08-27,4
CUST004843,DVC-b1d4a47324,ANDROID,Y,2026-04-05,2026-08-26,5
CUST004843,DVC-8d359b826e,ANDROID,N,2025-09-02,2026-07-29,33
CUST004844,DVC-eb0e7a9cd9,IOS,Y,2025-02-20,2026-08-29,2
CUST004844,DVC-8b8c04eb13,ANDROID,N,2024-06-18,2026-07-04,58
CUST004845,DVC-7e6b5a0e86,ANDROID,Y,2026-05-27,2026-08-25,6
CUST004845,DVC-aed1ce90d5,ANDROID,N,2025-04-21,2026-08-26,5
CUST004846,DVC-d24a0e6682,ANDROID,Y,2026-06-10,2026-08-30,1
CUST004846,DVC-e7186830d6,ANDROID,N,2024-09-10,2026-08-20,11
CUST004847,DVC-43f80ff416,ANDROID,Y,2025-10-01,2026-08-31,0
CUST004848,DVC-04ebf3332b,ANDROID,Y,2025-11-02,2026-08-26,5
CUST004849,DVC-cb0333b173,IOS,Y,2024-08-12,2026-08-30,1
CUST004849,DVC-2e0f358c0f,ANDROID,N,2025-08-29,2026-07-11,51
CUST004850,DVC-07862bf32f,WEB,Y,2024-09-09,2026-08-31,0
CUST004850,DVC-0276c996ad,ANDROID,N,2025-07-31,2026-06-14,78
CUST004851,DVC-4fb56eec4c,ANDROID,Y,2025-08-15,2026-08-25,6
CUST004851,DVC-48523a6f47,ANDROID,N,2026-04-02,2026-07-10,52
CUST004852,DVC-c5afd610ae,ANDROID,Y,2025-06-29,2026-08-30,1
CUST004852,DVC-62bef8c8b9,IOS,N,2024-12-16,2026-06-20,72
CUST004853,DVC-393c87080d,ANDROID,Y,2025-06-26,2026-08-29,2
CUST004854,DVC-6372d6eae4,ANDROID,Y,2025-06-19,2026-08-26,5
CUST004855,DVC-be75094954,ANDROID,Y,2025-01-11,2026-08-28,3
CUST004855,DVC-ad64a69052,WEB,N,2025-09-08,2026-06-19,73
CUST004856,DVC-dd7104dd73,ANDROID,Y,2025-07-23,2026-08-26,5
CUST004856,DVC-3d12bd7c0f,ANDROID,N,2024-12-28,2026-07-08,54
CUST004857,DVC-2db73dc897,IOS,Y,2025-02-09,2026-08-30,1
CUST004858,DVC-2a7196bcbb,ANDROID,Y,2025-02-03,2026-08-30,1
CUST004858,DVC-f4b61ea1cd,ANDROID,N,2024-04-11,2026-08-12,19
CUST004859,DVC-64ac15a8a9,ANDROID,Y,2025-02-27,2026-08-25,6
CUST004859,DVC-e045d47b01,IOS,N,2026-02-06,2026-08-13,18
CUST004860,DVC-989fe23494,ANDROID,Y,2024-12-29,2026-08-27,4
CUST004860,DVC-f07a40ef5f,ANDROID,N,2024-10-27,2026-07-13,49
CUST004861,DVC-9fe3ee7b25,ANDROID,Y,2024-04-08,2026-08-26,5
CUST004861,DVC-44c972f06a,ANDROID,N,2024-08-02,2026-07-28,34
CUST004862,DVC-c187039d4c,ANDROID,Y,2024-08-29,2026-08-26,5
CUST004863,DVC-816d5369ce,ANDROID,Y,2026-06-10,2026-08-29,2
CUST004864,DVC-3c2d385d84,ANDROID,Y,2024-04-04,2026-08-28,3
CUST004864,DVC-bd11b87264,IOS,N,2024-08-25,2026-07-08,54
CUST004864,DVC-4b78b8d00c,ANDROID,N,2024-06-12,2026-08-02,29
CUST004865,DVC-d1c540d70f,ANDROID,Y,2026-05-11,2026-08-31,0
CUST004866,DVC-34dfcfe02f,ANDROID,Y,2026-03-15,2026-08-25,6
CUST004867,DVC-307764d29d,IOS,Y,2025-06-13,2026-08-25,6
CUST004868,DVC-0015469c15,ANDROID,Y,2024-11-13,2026-08-26,5
CUST004869,DVC-6760fac328,IOS,Y,2024-07-01,2026-08-28,3
CUST004869,DVC-c7191f0db4,ANDROID,N,2024-10-19,2026-07-10,52
CUST004869,DVC-cf10275ba0,IOS,N,2024-10-10,2025-08-13,383
CUST004870,DVC-107b619979,ANDROID,Y,2025-07-28,2026-08-26,5
CUST004871,DVC-5b9bcadd4c,ANDROID,Y,2024-09-27,2026-08-26,5
CUST004871,DVC-161808de67,ANDROID,N,2024-08-29,2026-06-19,73
CUST004872,DVC-984a2519e4,ANDROID,Y,2024-07-03,2026-08-26,5
CUST004873,DVC-4f2dde5509,IOS,Y,2026-06-06,2026-08-25,6
CUST004873,DVC-fe26728fea,IOS,N,2025-12-23,2026-07-26,36
CUST004873,DVC-98b89881c1,ANDROID,N,2026-05-02,2026-08-08,23
CUST004874,DVC-c2d01753c0,ANDROID,Y,2025-09-07,2026-08-26,5
CUST004875,DVC-112a6aa015,ANDROID,Y,2026-01-22,2026-08-26,5
CUST004875,DVC-c290827dab,ANDROID,N,2025-04-18,2026-04-14,139
CUST004875,DVC-48bd5c578d,ANDROID,N,2024-02-18,2025-10-20,315
CUST004876,DVC-91a4b5f075,ANDROID,Y,2025-11-05,2026-08-26,5
CUST004876,DVC-21901628aa,IOS,N,2026-03-07,2026-07-29,33
CUST004877,DVC-ef82fc9cca,ANDROID,Y,2025-05-03,2026-08-30,1
CUST004877,DVC-9cde424073,ANDROID,N,2025-04-13,2026-06-16,76
CUST004877,DVC-5a431f6c9e,ANDROID,N,2025-07-10,2026-07-14,48
CUST004878,DVC-b7d89feb02,ANDROID,Y,2024-06-20,2026-08-31,0
CUST004879,DVC-288bf7b692,ANDROID,Y,2025-12-14,2026-08-26,5
CUST004880,DVC-0b7f790baa,IOS,Y,2026-06-01,2026-08-26,5
CUST004880,DVC-e9bb5586f7,ANDROID,N,2024-11-03,2026-07-04,58
CUST004880,DVC-62b0c750da,ANDROID,N,2025-02-26,2026-08-27,4
CUST004881,DVC-7f9f6267d9,ANDROID,Y,2025-10-15,2026-08-29,2
CUST004882,DVC-53992a1766,IOS,Y,2026-07-03,2026-08-31,0
CUST004883,DVC-40f9b94a8c,IOS,Y,2025-07-12,2026-08-26,5
CUST004884,DVC-7f5a7b6e4a,ANDROID,Y,2026-07-04,2026-08-25,6
CUST004885,DVC-ad46dd288f,ANDROID,Y,2024-11-03,2026-08-26,5
CUST004885,DVC-bf8cec5b08,ANDROID,N,2026-04-17,2026-06-15,77
CUST004886,DVC-c6e1eeaaa2,ANDROID,Y,2025-01-22,2026-08-29,2
CUST004887,DVC-cf105aa84a,WEB,Y,2024-12-04,2026-08-29,2
CUST004888,DVC-f411db1c5d,WEB,Y,2025-11-10,2026-08-31,0
CUST004889,DVC-7025b5197c,ANDROID,Y,2026-05-06,2026-08-27,4
CUST004890,DVC-82602df015,ANDROID,Y,2026-06-29,2026-08-28,3
CUST004891,DVC-217f16ebbc,WEB,Y,2026-02-03,2026-08-27,4
CUST004892,DVC-04009842db,ANDROID,Y,2025-08-03,2026-08-26,5
CUST004892,DVC-a3d4aef6b8,ANDROID,N,2025-04-07,2026-04-16,137
CUST004893,DVC-72c507cd58,ANDROID,Y,2026-04-20,2026-08-31,0
CUST004893,DVC-232febab49,ANDROID,N,2026-03-30,2026-08-03,28
CUST004893,DVC-a5c3635459,ANDROID,N,2026-04-02,2026-07-06,56
CUST004894,DVC-c9b916382b,IOS,Y,2026-03-08,2026-08-25,6
CUST004895,DVC-30304c8707,ANDROID,Y,2024-08-19,2026-08-25,6
CUST004896,DVC-72837a30ca,WEB,Y,2026-01-01,2026-08-25,6
CUST004896,DVC-8759201e5f,ANDROID,N,2025-07-22,2026-06-18,74
CUST004896,DVC-abc92b321c,ANDROID,N,2025-12-13,2026-06-20,72
CUST004897,DVC-6f516c87ce,ANDROID,Y,2025-12-01,2026-08-29,2
CUST004897,DVC-51fc85f917,ANDROID,N,2026-03-25,2026-08-26,5
CUST004897,DVC-3a15d8e905,IOS,N,2025-11-08,2026-06-22,70
CUST004898,DVC-7933017c33,WEB,Y,2025-02-11,2026-08-29,2
CUST004899,DVC-ba5fcbb94d,IOS,Y,2024-07-02,2026-08-30,1
CUST004900,DVC-be3dced7cc,IOS,Y,2025-11-29,2026-08-25,6
CUST004900,DVC-5ba02b6b30,ANDROID,N,2024-02-04,2025-10-08,327
CUST004901,DVC-55c2f94931,IOS,Y,2026-03-23,2026-08-25,6
CUST004902,DVC-fb8641a5ed,IOS,Y,2026-04-11,2026-08-31,0
CUST004902,DVC-5efd913654,ANDROID,N,2025-04-02,2026-08-09,22
CUST004902,DVC-fdb845b8aa,ANDROID,N,2024-07-16,2026-07-07,55
CUST004903,DVC-3c42fdae69,ANDROID,Y,2024-04-30,2026-08-26,5
CUST004904,DVC-0921312133,WEB,Y,2025-11-14,2026-08-26,5
CUST004905,DVC-088c5cbb9f,IOS,Y,2024-06-24,2026-08-30,1
CUST004905,DVC-82081fb710,ANDROID,N,2024-03-31,2026-06-28,64
CUST004906,DVC-34c47c974d,ANDROID,Y,2025-11-12,2026-08-30,1
CUST004906,DVC-44001b5229,ANDROID,N,2025-12-15,2026-08-24,7
CUST004907,DVC-243c7d9b89,ANDROID,Y,2025-09-02,2026-08-25,6
CUST004907,DVC-4cdecdfafc,ANDROID,N,2025-10-21,2026-06-13,79
CUST004907,DVC-40ebe0cfca,ANDROID,N,2025-05-20,2026-07-18,44
CUST004908,DVC-e98498e71a,ANDROID,Y,2025-07-12,2026-08-25,6
CUST004908,DVC-e632a9ded7,ANDROID,N,2026-02-18,2026-06-28,64
CUST004909,DVC-84bab50a86,WEB,Y,2024-12-31,2026-08-31,0
CUST004909,DVC-1767232a26,ANDROID,N,2024-05-23,2026-02-05,207
CUST004910,DVC-be2a33fb1c,WEB,Y,2026-07-05,2026-08-31,0
CUST004910,DVC-fde221c981,ANDROID,N,2026-06-13,2026-07-26,36
CUST004911,DVC-55205773fb,ANDROID,Y,2026-04-07,2026-08-26,5
CUST004911,DVC-5d696160a1,IOS,N,2024-05-06,2026-06-16,76
CUST004912,DVC-4c3d320208,ANDROID,Y,2024-06-27,2026-08-29,2
CUST004913,DVC-4c0136c79b,ANDROID,Y,2025-12-19,2026-08-28,3
CUST004913,DVC-9a18c1ef8a,WEB,N,2026-03-22,2026-06-14,78
CUST004914,DVC-d11b2dbd25,ANDROID,Y,2024-10-25,2026-08-31,0
CUST004915,DVC-3e7dfdefe3,ANDROID,Y,2024-12-26,2026-08-29,2
CUST004916,DVC-bf2c6f194e,ANDROID,Y,2026-03-25,2026-08-29,2
CUST004917,DVC-87313dc8f2,ANDROID,Y,2025-10-15,2026-08-31,0
CUST004918,DVC-1c7701a626,WEB,Y,2025-04-03,2026-08-29,2
CUST004918,DVC-af3e5deafb,ANDROID,N,2025-07-12,2026-07-01,61
CUST004919,DVC-82f6bdbe4e,IOS,Y,2026-03-30,2026-08-26,5
CUST004920,DVC-3236225074,ANDROID,Y,2024-11-18,2026-08-27,4
CUST004920,DVC-32ee9e1abc,IOS,N,2024-06-06,2026-08-16,15
CUST004920,DVC-11c73b1b3b,WEB,N,2025-08-06,2026-08-06,25
CUST004921,DVC-5485013112,IOS,Y,2026-06-27,2026-08-28,3
CUST004922,DVC-3cc08bbba4,ANDROID,Y,2026-01-07,2026-08-26,5
CUST004922,DVC-4474a53cb5,ANDROID,N,2026-04-25,2026-08-11,20
CUST004923,DVC-582301deae,ANDROID,Y,2025-09-07,2026-08-27,4
CUST004924,DVC-980fef1496,ANDROID,Y,2026-07-21,2026-08-29,2
CUST004924,DVC-81de0fe2c3,ANDROID,N,2025-01-18,2026-07-21,41
CUST004925,DVC-e765602405,ANDROID,Y,2024-11-07,2026-08-27,4
CUST004926,DVC-74a1d2f274,ANDROID,Y,2024-12-23,2026-08-30,1
CUST004927,DVC-2a23d57c6b,IOS,Y,2024-04-19,2026-08-30,1
CUST004928,DVC-480ae4d573,ANDROID,Y,2025-11-18,2026-08-31,0
CUST004928,DVC-38126df884,ANDROID,N,2025-10-02,2026-06-13,79
CUST004929,DVC-3b8c977b64,ANDROID,Y,2025-10-18,2026-08-29,2
CUST004930,DVC-48000e4810,IOS,Y,2024-03-19,2026-08-30,1
CUST004931,DVC-7489f92398,IOS,Y,2025-08-29,2026-08-27,4
CUST004932,DVC-df54f759f1,ANDROID,Y,2026-05-26,2026-08-27,4
CUST004932,DVC-84150d29c2,IOS,N,2026-03-25,2026-07-05,57
CUST004932,DVC-0f3d99d7eb,ANDROID,N,2025-06-10,2026-08-06,25
CUST004933,DVC-d3d53a3e75,IOS,Y,2025-02-02,2026-08-25,6
CUST004934,DVC-236350c520,ANDROID,Y,2026-07-10,2026-08-27,4
CUST004934,DVC-179298421b,IOS,N,2026-05-15,2026-01-07,236
CUST004934,DVC-b4e2acff2c,WEB,N,2026-05-15,2026-08-22,9
CUST004935,DVC-bc03fb2e19,ANDROID,Y,2026-05-06,2026-08-31,0
CUST004935,DVC-da4b3072fd,IOS,N,2026-04-27,2025-10-21,314
CUST004935,DVC-57cdfe156d,ANDROID,N,2026-04-27,2025-12-20,254
CUST004936,DVC-b2e357b274,ANDROID,Y,2025-12-28,2026-08-29,2
CUST004937,DVC-96eb4a5a85,WEB,Y,2025-06-03,2026-08-27,4
CUST004938,DVC-8d79fa8fad,IOS,Y,2025-07-11,2026-08-28,3
CUST004939,DVC-6afed311f8,ANDROID,Y,2025-10-08,2026-08-29,2
CUST004940,DVC-ccc2df5487,IOS,Y,2024-12-21,2026-08-26,5
CUST004940,DVC-8144650a14,IOS,N,2025-08-07,2026-06-16,76
CUST004940,DVC-88972572e9,ANDROID,N,2025-04-26,2026-08-23,8
CUST004941,DVC-8eb90ef3e3,IOS,Y,2026-04-09,2026-08-30,1
CUST004941,DVC-aba8cc7f75,ANDROID,N,2024-10-09,2026-08-04,27
CUST004942,DVC-45783d8aa7,ANDROID,Y,2025-02-09,2026-08-25,6
CUST004943,DVC-f95c6a8a2c,ANDROID,Y,2025-10-05,2026-08-31,0
CUST004944,DVC-4e9b91e94c,ANDROID,Y,2024-08-23,2026-08-29,2
CUST004944,DVC-b1b6faae07,ANDROID,N,2025-12-15,2026-08-11,20
CUST004945,DVC-02af6538dc,IOS,Y,2024-11-22,2026-08-29,2
CUST004945,DVC-efd42a33df,ANDROID,N,2025-03-19,2026-06-25,67
CUST004946,DVC-c828c22616,ANDROID,Y,2024-06-29,2026-08-26,5
CUST004947,DVC-7b15bff863,ANDROID,Y,2024-05-01,2026-08-25,6
CUST004947,DVC-6e7c1b5a3d,ANDROID,N,2025-07-02,2026-08-11,20
CUST004948,DVC-296c5d4e22,WEB,Y,2024-06-15,2026-08-31,0
CUST004948,DVC-7c6423077e,ANDROID,N,2025-07-09,2026-08-24,7
CUST004949,DVC-57823546b6,ANDROID,Y,2026-02-27,2026-08-27,4
CUST004950,DVC-99eac1ba09,ANDROID,Y,2026-01-12,2026-08-27,4
CUST004951,DVC-c1e52c1249,ANDROID,Y,2024-09-07,2026-08-26,5
CUST004951,DVC-8aa908845d,ANDROID,N,2026-02-21,2026-07-14,48
CUST004952,DVC-a8c59310dd,WEB,Y,2026-02-03,2026-08-25,6
CUST004952,DVC-d42b528da9,ANDROID,N,2024-11-21,2026-06-24,68
CUST004953,DVC-1e3b7a7ff7,IOS,Y,2026-06-28,2026-08-30,1
CUST004954,DVC-948a38b765,ANDROID,Y,2026-03-02,2026-08-31,0
CUST004954,DVC-34499279ed,IOS,N,2026-03-01,2026-07-18,44
CUST004955,DVC-2ed0ae6b64,ANDROID,Y,2025-10-03,2026-08-25,6
CUST004956,DVC-00f48bbffa,IOS,Y,2026-06-12,2026-08-27,4
CUST004956,DVC-b61e16ac55,ANDROID,N,2026-06-12,2026-06-18,74
CUST004957,DVC-ba5530371a,ANDROID,Y,2026-01-12,2026-08-25,6
CUST004958,DVC-1565efdeb8,ANDROID,Y,2026-04-22,2026-08-31,0
CUST004958,DVC-aab05a5243,ANDROID,N,2025-09-15,2026-08-28,3
CUST004958,DVC-102cf0b9da,ANDROID,N,2025-07-21,2026-07-13,49
CUST004959,DVC-9b714bdb67,ANDROID,Y,2026-06-17,2026-08-25,6
CUST004960,DVC-20b5ee9940,ANDROID,Y,2025-07-20,2026-08-28,3
CUST004961,DVC-6f1c9d4b53,ANDROID,Y,2026-03-17,2026-08-30,1
CUST004961,DVC-5097c8e009,ANDROID,N,2024-09-07,2026-06-28,64
CUST004962,DVC-980e0f1bbb,ANDROID,Y,2026-03-28,2026-08-30,1
CUST004963,DVC-dff4bc6f0b,ANDROID,Y,2026-01-21,2026-08-27,4
CUST004963,DVC-0370cbed1a,IOS,N,2026-02-19,2026-07-08,54
CUST004964,DVC-21504dc8e7,ANDROID,Y,2025-03-19,2026-08-29,2
CUST004964,DVC-a1228e4894,ANDROID,N,2024-02-24,2026-06-20,72
CUST004964,DVC-a6cbde3fe2,ANDROID,N,2025-07-31,2026-06-15,77
CUST004965,DVC-fd2a0b22fc,ANDROID,Y,2026-05-27,2026-08-31,0
CUST004966,DVC-b7de78c9c5,ANDROID,Y,2026-04-10,2026-08-25,6
CUST004967,DVC-1d9d387299,ANDROID,Y,2024-04-12,2026-08-28,3
CUST004968,DVC-23c1b7ad43,ANDROID,Y,2026-01-18,2026-08-26,5
CUST004969,DVC-9a01a0ddb8,IOS,Y,2024-06-29,2026-08-27,4
CUST004970,DVC-9e41438c0e,ANDROID,Y,2026-05-20,2026-08-29,2
CUST004971,DVC-f9f218a18b,IOS,Y,2026-05-23,2026-08-28,3
CUST004972,DVC-796abf1a54,ANDROID,Y,2024-10-10,2026-08-30,1
CUST004973,DVC-df5116d485,ANDROID,Y,2024-04-27,2026-08-25,6
CUST004974,DVC-1956ae371b,ANDROID,Y,2025-08-28,2026-08-28,3
CUST004975,DVC-e7bd19afe7,ANDROID,Y,2025-05-24,2026-08-27,4
CUST004976,DVC-132c7b0d31,IOS,Y,2026-04-28,2026-08-28,3
CUST004977,DVC-93def86f81,IOS,Y,2024-09-16,2026-08-26,5
CUST004978,DVC-2274a59c96,ANDROID,Y,2025-02-08,2026-08-30,1
CUST004979,DVC-43fba476e0,WEB,Y,2026-05-09,2026-08-28,3
CUST004980,DVC-5af280ade1,IOS,Y,2026-01-28,2026-08-26,5
CUST004981,DVC-dfeec2b07e,ANDROID,Y,2024-05-01,2026-08-29,2
CUST004981,DVC-69ec34aa5f,IOS,N,2025-10-06,2026-08-18,13
CUST004982,DVC-1f7c231685,ANDROID,Y,2026-03-10,2026-08-25,6
CUST004983,DVC-38ebb19076,ANDROID,Y,2026-03-25,2026-08-27,4
CUST004983,DVC-36c073371e,ANDROID,N,2024-10-27,2026-07-16,46
CUST004984,DVC-fffe248ae7,IOS,Y,2024-12-30,2026-08-31,0
CUST004984,DVC-4c7c3a11dd,ANDROID,N,2026-04-29,2026-07-05,57
CUST004985,DVC-baf74d586a,ANDROID,Y,2024-05-11,2026-08-30,1
CUST004986,DVC-c805005f4e,WEB,Y,2024-05-06,2026-08-28,3
CUST004987,DVC-8dfe6a734d,ANDROID,Y,2026-03-14,2026-08-25,6
CUST004987,DVC-b4ee5701f8,ANDROID,N,2025-06-14,2026-06-13,79
CUST004988,DVC-96aed33441,ANDROID,Y,2024-10-30,2026-08-31,0
CUST004988,DVC-834c85d639,ANDROID,N,2024-08-20,2026-07-03,59
CUST004988,DVC-f9ba9b9a9b,ANDROID,N,2024-05-21,2026-04-29,124
CUST004989,DVC-a48b51cd63,ANDROID,Y,2026-04-10,2026-08-27,4
CUST004990,DVC-3c80bee652,IOS,Y,2025-10-05,2026-08-31,0
CUST004991,DVC-0585f4acab,ANDROID,Y,2024-06-05,2026-08-25,6
CUST004992,DVC-f3b9d6172a,ANDROID,Y,2026-07-27,2026-08-27,4
CUST004992,DVC-e87c407495,ANDROID,N,2026-05-07,2026-06-13,79
CUST004993,DVC-39a014bdec,IOS,Y,2024-04-24,2026-08-27,4
CUST004993,DVC-710ecc756d,ANDROID,N,2025-07-08,2026-08-19,12
CUST004994,DVC-d7da27c27a,ANDROID,Y,2024-07-02,2026-08-28,3
CUST004995,DVC-8305aa430c,ANDROID,Y,2026-01-25,2026-08-30,1
CUST004996,DVC-882bc229e5,ANDROID,Y,2024-04-23,2026-08-28,3
CUST004997,DVC-919e967ad6,ANDROID,Y,2026-03-28,2026-08-31,0
CUST004997,DVC-dfdb61880f,IOS,N,2025-08-30,2026-07-28,34
CUST004997,DVC-be0e28f250,ANDROID,N,2025-04-19,2025-08-25,371
CUST004998,DVC-97708a8bf6,WEB,Y,2025-06-21,2026-08-29,2
CUST004998,DVC-aa8449ec3e,ANDROID,N,2024-11-20,2026-04-17,136
CUST004998,DVC-de0c9e0c23,IOS,N,2026-03-07,2026-06-14,78
CUST004999,DVC-564bba125c,IOS,Y,2025-04-28,2026-08-29,2
CUST004999,DVC-2038898548,ANDROID,N,2026-05-20,2026-08-30,1
CUST004999,DVC-456601417d,WEB,N,2025-08-10,2026-07-07,55
CUST005000,DVC-3c3271ddd5,ANDROID,Y,2025-11-02,2026-08-30,1
CUST005000,DVC-6872f39c7d,WEB,N,2026-02-02,2026-07-15,47
