merchant_id,merchant_name,mcc,mcc_description,city,state,onboarding_date,merchant_age_days,risk_tier,avg_ticket_size,settlement_cycle,channel,is_active
MERCH000001,Bharat Retail,5732,Electronics Stores,Chandigarh,CH,2022-12-24,1346,MEDIUM,13465.84,T+2,POS_CARD,Y
MERCH000002,Nimbus Ventures,5912,Drug Stores / Pharmacies,Nagpur,MH,2024-09-03,727,LOW,735.28,T+1,ONLINE_CHECKOUT,Y
MERCH000003,Nova Services,7011,Hotels / Lodging,Kolkata,WB,2022-12-03,1367,MEDIUM,5329.83,T+1,QR_INSTORE,Y
MERCH000004,Bharat Ventures,5732,Electronics Stores,Guwahati,AS,2025-02-28,549,MEDIUM,12153.23,T+2,ONLINE_CHECKOUT,Y
MERCH000005,Nimbus Services,5814,Fast Food Restaurants,Chandigarh,CH,2022-09-29,1432,LOW,344.1,T+1,ONLINE_CHECKOUT,Y
MERCH000006,Lakshmi Hub,4121,Taxicabs / Ride Hailing,Chennai,TN,2021-05-25,1924,LOW,337.33,T+0,ONLINE_CHECKOUT,Y
MERCH000007,Metro Hub,5732,Electronics Stores,Chandigarh,CH,2026-02-02,210,MEDIUM,12191.63,T+1,QR_INSTORE,Y
MERCH000008,Krishna Supply,7011,Hotels / Lodging,Bengaluru,KA,2021-06-08,1910,MEDIUM,9656.15,T+1,QR_INSTORE,Y
MERCH000009,Metro Solutions,5999,Miscellaneous Retail,Indore,MP,2020-09-07,2184,MEDIUM,614.29,T+1,QR_INSTORE,N
MERCH000010,Urban Retail,5732,Electronics Stores,Pune,MH,2021-04-24,1955,MEDIUM,11318.78,T+1,QR_INSTORE,Y
MERCH000011,Anand & Co,5411,Grocery Stores / Supermarkets,Kochi,KL,2025-01-11,597,LOW,593.24,T+1,QR_INSTORE,Y
MERCH000012,Bharat & Co,5411,Grocery Stores / Supermarkets,Indore,MP,2022-11-18,1382,LOW,1012.11,T+1,POS_CARD,Y
MERCH000013,Lakshmi Supply,4900,Utilities - Electric/Gas/Water,Hyderabad,TG,2024-07-24,768,LOW,1672.68,T+2,QR_INSTORE,Y
MERCH000014,Nimbus Traders,5651,Family Clothing Stores,Mumbai,MH,2021-06-11,1907,MEDIUM,1097.52,T+1,POS_CARD,Y
MERCH000015,Rohan Supply,5411,Grocery Stores / Supermarkets,Panaji,GA,2023-12-02,1003,LOW,1123.63,T+1,QR_INSTORE,Y
MERCH000016,Urban & Co,5814,Fast Food Restaurants,Bengaluru,KA,2026-03-09,175,LOW,217.99,T+1,POS_CARD,Y
MERCH000017,Rohan & Co,5651,Family Clothing Stores,Lucknow,UP,2023-06-22,1166,MEDIUM,2173.64,T+1,ONLINE_CHECKOUT,Y
MERCH000018,Krishna & Co,5411,Grocery Stores / Supermarkets,Jaipur,RJ,2022-07-05,1518,LOW,1125.54,T+1,QR_INSTORE,Y
MERCH000019,Kalpana Traders,7011,Hotels / Lodging,Kochi,KL,2020-11-10,2120,MEDIUM,4151.83,T+1,POS_CARD,Y
MERCH000020,Metro Enterprises,4900,Utilities - Electric/Gas/Water,Delhi,DL,2023-10-22,1044,LOW,1678.97,T+1,QR_INSTORE,Y
MERCH000021,Kalpana Enterprises,4900,Utilities - Electric/Gas/Water,Bengaluru,KA,2021-11-04,1761,LOW,1356.9,T+1,QR_INSTORE,Y
MERCH000022,Aster Retail,5999,Miscellaneous Retail,Kolkata,WB,2022-02-28,1645,MEDIUM,1019.18,T+2,ONLINE_CHECKOUT,Y
MERCH000023,Urban Depot,4121,Taxicabs / Ride Hailing,Lucknow,UP,2025-08-03,393,LOW,351.22,T+1,POS_CARD,Y
MERCH000024,Lakshmi Enterprises,5732,Electronics Stores,Panaji,GA,2025-08-27,369,MEDIUM,17742.82,T+1,ONLINE_CHECKOUT,Y
MERCH000025,Nova Services,5541,Service Stations (Fuel),Delhi,DL,2024-10-28,672,LOW,2022.37,T+1,QR_INSTORE,Y
MERCH000026,Lakshmi Ventures,4121,Taxicabs / Ride Hailing,Delhi,DL,2023-06-09,1179,LOW,306.76,T+1,POS_CARD,Y
MERCH000027,Nimbus Traders,5732,Electronics Stores,Jaipur,RJ,2025-02-17,560,MEDIUM,7532.8,T+1,ONLINE_CHECKOUT,Y
MERCH000028,Sagar Supply,4900,Utilities - Electric/Gas/Water,Hyderabad,TG,2024-07-17,775,LOW,2737.52,T+1,ONLINE_CHECKOUT,Y
MERCH000029,Shree Depot,5999,Miscellaneous Retail,Mumbai,MH,2020-09-18,2173,MEDIUM,630.53,T+1,ONLINE_CHECKOUT,Y
MERCH000030,Rohan Ventures,7011,Hotels / Lodging,Chandigarh,CH,2022-11-16,1384,MEDIUM,6156.46,T+1,QR_INSTORE,Y
MERCH000031,Aster Traders,4722,Travel Agencies,Panaji,GA,2020-12-26,2074,HIGH,17612.23,T+1,QR_INSTORE,Y
MERCH000032,Krishna Mart,4900,Utilities - Electric/Gas/Water,Kochi,KL,2026-02-24,188,LOW,1971.47,T+1,QR_INSTORE,Y
MERCH000033,Nimbus Solutions,4121,Taxicabs / Ride Hailing,Mumbai,MH,2024-03-04,910,LOW,307.39,T+1,QR_INSTORE,Y
MERCH000034,Bharat & Co,5912,Drug Stores / Pharmacies,Jaipur,RJ,2026-04-09,144,LOW,534.82,T+1,QR_INSTORE,Y
MERCH000035,Anand Mart,5732,Electronics Stores,Ahmedabad,GJ,2022-03-26,1619,MEDIUM,9192.91,T+1,POS_CARD,Y
MERCH000036,Prime Retail,4121,Taxicabs / Ride Hailing,Lucknow,UP,2026-06-16,76,MEDIUM,344.31,T+1,ONLINE_CHECKOUT,Y
MERCH000037,Prime Enterprises,5651,Family Clothing Stores,Nagpur,MH,2023-06-15,1173,MEDIUM,1123.77,T+1,POS_CARD,Y
MERCH000038,Bharat Solutions,5411,Grocery Stores / Supermarkets,Chandigarh,CH,2025-08-26,370,LOW,743.64,T+1,ONLINE_CHECKOUT,Y
MERCH000039,Zenith Services,5541,Service Stations (Fuel),Delhi,DL,2026-04-25,128,LOW,1116.75,T+2,ONLINE_CHECKOUT,Y
MERCH000040,Anand Supply,4900,Utilities - Electric/Gas/Water,Pune,MH,2021-01-18,2051,LOW,2800.22,T+1,ONLINE_CHECKOUT,Y
MERCH000041,Metro Retail,5541,Service Stations (Fuel),Chandigarh,CH,2022-04-26,1588,LOW,857.67,T+1,QR_INSTORE,Y
MERCH000042,Nova Depot,5912,Drug Stores / Pharmacies,Ahmedabad,GJ,2023-10-30,1036,LOW,501.98,T+1,ONLINE_CHECKOUT,Y
MERCH000043,Bharat Depot,5732,Electronics Stores,Panaji,GA,2022-07-29,1494,MEDIUM,13905.67,T+1,QR_INSTORE,Y
MERCH000044,Sagar Mart,4121,Taxicabs / Ride Hailing,Kolkata,WB,2026-05-21,102,MEDIUM,269.19,T+1,ONLINE_CHECKOUT,Y
MERCH000045,Nimbus Enterprises,5651,Family Clothing Stores,Bengaluru,KA,2026-01-30,213,MEDIUM,2618.93,T+1,QR_INSTORE,Y
MERCH000046,Vertex Depot,5814,Fast Food Restaurants,Pune,MH,2024-03-08,906,LOW,162.11,T+1,ONLINE_CHECKOUT,Y
MERCH000047,Sagar Ventures,5814,Fast Food Restaurants,Ahmedabad,GJ,2021-09-20,1806,LOW,213.22,T+1,ONLINE_CHECKOUT,N
MERCH000048,Anand Hub,5814,Fast Food Restaurants,Bengaluru,KA,2022-12-11,1359,LOW,335.18,T+2,QR_INSTORE,Y
MERCH000049,Krishna Supply,4900,Utilities - Electric/Gas/Water,Jaipur,RJ,2024-09-02,728,LOW,1305.23,T+1,QR_INSTORE,Y
MERCH000050,Vertex Supply,5999,Miscellaneous Retail,Nagpur,MH,2026-01-10,233,MEDIUM,896.99,T+1,QR_INSTORE,Y
MERCH000051,Kalpana Retail,5651,Family Clothing Stores,Hyderabad,TG,2022-02-04,1669,MEDIUM,1340.16,T+1,ONLINE_CHECKOUT,Y
MERCH000052,Zenith Ventures,5541,Service Stations (Fuel),Jaipur,RJ,2026-04-11,142,LOW,1653.59,T+1,ONLINE_CHECKOUT,Y
MERCH000053,Krishna Traders,5411,Grocery Stores / Supermarkets,Jaipur,RJ,2021-01-16,2053,LOW,600.37,T+2,QR_INSTORE,Y
MERCH000054,Prime Traders,5814,Fast Food Restaurants,Lucknow,UP,2022-06-27,1526,LOW,289.55,T+1,POS_CARD,Y
MERCH000055,Aster Retail,6051,Quasi-Cash / Wallet Load,Bengaluru,KA,2021-02-22,2016,HIGH,6555.86,T+1,QR_INSTORE,Y
MERCH000056,Vertex Traders,5541,Service Stations (Fuel),Nagpur,MH,2025-07-21,406,LOW,1055.48,T+1,QR_INSTORE,Y
MERCH000057,Rohan Retail,5541,Service Stations (Fuel),Ahmedabad,GJ,2022-04-10,1604,LOW,2020.19,T+2,ONLINE_CHECKOUT,Y
MERCH000058,Nimbus Ventures,5411,Grocery Stores / Supermarkets,Bengaluru,KA,2022-11-27,1373,LOW,1236.93,T+1,QR_INSTORE,Y
MERCH000059,Vertex Stores,5541,Service Stations (Fuel),Chennai,TN,2023-04-13,1236,LOW,1845.44,T+2,POS_CARD,Y
MERCH000060,Nova Retail,5411,Grocery Stores / Supermarkets,Panaji,GA,2022-04-19,1595,LOW,826.96,T+1,QR_INSTORE,Y
MERCH000061,Lakshmi Ventures,5651,Family Clothing Stores,Jaipur,RJ,2025-09-01,364,MEDIUM,2243.19,T+1,QR_INSTORE,Y
MERCH000062,Lakshmi Mart,5999,Miscellaneous Retail,Kochi,KL,2021-12-16,1719,MEDIUM,1357.08,T+1,QR_INSTORE,Y
MERCH000063,Aster Traders,4722,Travel Agencies,Hyderabad,TG,2025-06-13,444,HIGH,26962.41,T+1,POS_CARD,Y
MERCH000064,Lakshmi Services,5732,Electronics Stores,Kolkata,WB,2022-01-30,1674,MEDIUM,13796.36,T+1,POS_CARD,Y
MERCH000065,Aster Supply,4900,Utilities - Electric/Gas/Water,Hyderabad,TG,2025-06-18,439,LOW,2294.28,T+1,ONLINE_CHECKOUT,Y
MERCH000066,Sagar Ventures,5732,Electronics Stores,Indore,MP,2026-05-12,111,MEDIUM,12185.88,T+1,POS_CARD,Y
MERCH000067,Kalpana Stores,5411,Grocery Stores / Supermarkets,Hyderabad,TG,2020-09-11,2180,LOW,696.93,T+1,QR_INSTORE,Y
MERCH000068,Nova Retail,5411,Grocery Stores / Supermarkets,Chandigarh,CH,2026-02-08,204,LOW,1202.16,T+2,QR_INSTORE,Y
MERCH000069,Metro Mart,5814,Fast Food Restaurants,Hyderabad,TG,2022-05-11,1573,LOW,349.28,T+1,QR_INSTORE,Y
MERCH000070,Zenith Stores,4722,Travel Agencies,Chennai,TN,2024-03-03,911,HIGH,32511.24,T+1,QR_INSTORE,Y
MERCH000071,Zenith Retail,5411,Grocery Stores / Supermarkets,Delhi,DL,2020-11-09,2121,LOW,775.35,T+1,ONLINE_CHECKOUT,Y
MERCH000072,Rohan Ventures,5814,Fast Food Restaurants,Kolkata,WB,2023-07-27,1131,LOW,175.47,T+1,QR_INSTORE,Y
MERCH000073,Lakshmi Stores,5411,Grocery Stores / Supermarkets,Jaipur,RJ,2024-08-20,741,LOW,898.25,T+1,ONLINE_CHECKOUT,Y
MERCH000074,Metro Solutions,5411,Grocery Stores / Supermarkets,Kochi,KL,2025-08-09,387,LOW,1258.33,T+1,ONLINE_CHECKOUT,Y
MERCH000075,Krishna Depot,4121,Taxicabs / Ride Hailing,Pune,MH,2025-11-12,292,LOW,328.35,T+1,QR_INSTORE,Y
MERCH000076,Bharat Enterprises,5814,Fast Food Restaurants,Chandigarh,CH,2021-09-09,1817,LOW,236.34,T+1,POS_CARD,Y
MERCH000077,Nova Enterprises,5651,Family Clothing Stores,Guwahati,AS,2022-02-12,1661,MEDIUM,2220.36,T+1,QR_INSTORE,Y
MERCH000078,Lakshmi Enterprises,4900,Utilities - Electric/Gas/Water,Hyderabad,TG,2023-02-25,1283,LOW,1389.71,T+0,QR_INSTORE,Y
MERCH000079,Metro Stores,5541,Service Stations (Fuel),Pune,MH,2025-02-13,564,LOW,1974.13,T+1,QR_INSTORE,Y
MERCH000080,Krishna Traders,5651,Family Clothing Stores,Lucknow,UP,2026-07-12,50,HIGH,1989.8,T+1,QR_INSTORE,Y
MERCH000081,Krishna Traders,5814,Fast Food Restaurants,Indore,MP,2023-03-25,1255,LOW,366.87,T+1,POS_CARD,Y
MERCH000082,Kalpana Stores,7011,Hotels / Lodging,Lucknow,UP,2026-04-14,139,MEDIUM,9555.78,T+1,POS_CARD,Y
MERCH000083,Nimbus Depot,5411,Grocery Stores / Supermarkets,Pune,MH,2021-07-18,1870,LOW,1237.41,T+2,ONLINE_CHECKOUT,Y
MERCH000084,Urban Solutions,5541,Service Stations (Fuel),Pune,MH,2020-12-08,2092,LOW,1706.98,T+2,ONLINE_CHECKOUT,Y
MERCH000085,Lakshmi Hub,4900,Utilities - Electric/Gas/Water,Nagpur,MH,2023-06-18,1170,LOW,2459.28,T+2,POS_CARD,Y
MERCH000086,Vertex Mart,5411,Grocery Stores / Supermarkets,Jaipur,RJ,2023-10-02,1064,LOW,559.24,T+1,ONLINE_CHECKOUT,Y
MERCH000087,Vertex Enterprises,5411,Grocery Stores / Supermarkets,Mumbai,MH,2024-06-05,817,LOW,549.77,T+0,ONLINE_CHECKOUT,Y
MERCH000088,Lakshmi Hub,5411,Grocery Stores / Supermarkets,Kochi,KL,2022-03-13,1632,LOW,603.61,T+1,QR_INSTORE,Y
MERCH000089,Metro Solutions,5814,Fast Food Restaurants,Jaipur,RJ,2025-04-07,511,LOW,290.95,T+1,ONLINE_CHECKOUT,Y
MERCH000090,Shree Ventures,5411,Grocery Stores / Supermarkets,Mumbai,MH,2024-11-14,655,LOW,577.72,T+2,ONLINE_CHECKOUT,Y
MERCH000091,Sagar Services,4900,Utilities - Electric/Gas/Water,Guwahati,AS,2023-12-27,978,LOW,2819.39,T+2,ONLINE_CHECKOUT,Y
MERCH000092,Urban Ventures,5814,Fast Food Restaurants,Indore,MP,2025-07-24,403,LOW,211.39,T+1,ONLINE_CHECKOUT,Y
MERCH000093,Aster Supply,4121,Taxicabs / Ride Hailing,Hyderabad,TG,2020-11-19,2111,HIGH,259.14,T+1,QR_INSTORE,Y
MERCH000094,Nimbus Mart,5411,Grocery Stores / Supermarkets,Jaipur,RJ,2024-11-16,653,LOW,614.74,T+2,POS_CARD,Y
MERCH000095,Zenith Enterprises,5912,Drug Stores / Pharmacies,Mumbai,MH,2022-03-01,1644,LOW,412.98,T+1,POS_CARD,Y
MERCH000096,Shree Retail,5541,Service Stations (Fuel),Delhi,DL,2024-04-20,863,LOW,899.67,T+1,POS_CARD,Y
MERCH000097,Aster Solutions,5999,Miscellaneous Retail,Lucknow,UP,2025-08-17,379,MEDIUM,1072.69,T+2,QR_INSTORE,Y
MERCH000098,Nova Services,5732,Electronics Stores,Indore,MP,2022-08-06,1486,MEDIUM,15854.87,T+1,ONLINE_CHECKOUT,Y
MERCH000099,Aster Solutions,5651,Family Clothing Stores,Jaipur,RJ,2024-07-29,763,MEDIUM,2126.64,T+1,ONLINE_CHECKOUT,Y
MERCH000100,Anand Ventures,5814,Fast Food Restaurants,Kochi,KL,2026-03-07,177,LOW,378.6,T+2,POS_CARD,Y
MERCH000101,Kalpana Mart,4900,Utilities - Electric/Gas/Water,Ahmedabad,GJ,2021-03-01,2009,LOW,2709.67,T+1,ONLINE_CHECKOUT,Y
MERCH000102,Prime Depot,5411,Grocery Stores / Supermarkets,Chennai,TN,2026-01-02,241,LOW,774.03,T+2,QR_INSTORE,Y
MERCH000103,Kalpana Hub,5411,Grocery Stores / Supermarkets,Chennai,TN,2024-12-04,635,LOW,522.83,T+1,QR_INSTORE,Y
MERCH000104,Nimbus Enterprises,5999,Miscellaneous Retail,Ahmedabad,GJ,2024-04-19,864,MEDIUM,1413.86,T+2,QR_INSTORE,Y
MERCH000105,Metro Ventures,4121,Taxicabs / Ride Hailing,Kolkata,WB,2026-05-26,97,LOW,185.38,T+0,QR_INSTORE,N
MERCH000106,Kalpana Hub,5912,Drug Stores / Pharmacies,Lucknow,UP,2023-08-26,1101,LOW,380.17,T+1,QR_INSTORE,Y
MERCH000107,Metro Enterprises,6051,Quasi-Cash / Wallet Load,Ahmedabad,GJ,2021-10-02,1794,HIGH,4288.61,T+1,ONLINE_CHECKOUT,Y
MERCH000108,Kalpana Enterprises,4121,Taxicabs / Ride Hailing,Chennai,TN,2022-11-10,1390,LOW,325.13,T+1,QR_INSTORE,Y
MERCH000109,Nimbus Enterprises,4121,Taxicabs / Ride Hailing,Panaji,GA,2025-05-20,468,LOW,194.7,T+1,QR_INSTORE,Y
MERCH000110,Nimbus Hub,5814,Fast Food Restaurants,Hyderabad,TG,2023-08-05,1122,LOW,216.54,T+2,QR_INSTORE,Y
MERCH000111,Aster Ventures,7995,Betting / Gaming,Hyderabad,TG,2021-12-22,1713,HIGH,3268.5,T+1,QR_INSTORE,Y
MERCH000112,Shree Enterprises,5814,Fast Food Restaurants,Hyderabad,TG,2022-08-15,1477,LOW,252.79,T+1,QR_INSTORE,Y
MERCH000113,Shree Solutions,5999,Miscellaneous Retail,Kochi,KL,2026-04-15,138,MEDIUM,1192.25,T+1,QR_INSTORE,Y
MERCH000114,Anand Retail,5999,Miscellaneous Retail,Guwahati,AS,2022-07-15,1508,MEDIUM,1273.4,T+1,ONLINE_CHECKOUT,Y
MERCH000115,Urban Solutions,5999,Miscellaneous Retail,Chennai,TN,2021-04-01,1978,MEDIUM,958.26,T+2,POS_CARD,Y
MERCH000116,Kalpana Solutions,4900,Utilities - Electric/Gas/Water,Chandigarh,CH,2024-02-05,938,LOW,2129.48,T+1,ONLINE_CHECKOUT,Y
MERCH000117,Nimbus Enterprises,4121,Taxicabs / Ride Hailing,Delhi,DL,2022-06-07,1546,LOW,248.23,T+2,QR_INSTORE,Y
MERCH000118,Aster Mart,5411,Grocery Stores / Supermarkets,Nagpur,MH,2026-02-19,193,LOW,634.1,T+1,QR_INSTORE,Y
MERCH000119,Prime Solutions,5651,Family Clothing Stores,Nagpur,MH,2025-08-09,387,MEDIUM,1600.8,T+1,QR_INSTORE,Y
MERCH000120,Lakshmi Depot,5411,Grocery Stores / Supermarkets,Delhi,DL,2023-09-09,1087,LOW,1139.63,T+1,ONLINE_CHECKOUT,Y
MERCH000121,Urban Services,4121,Taxicabs / Ride Hailing,Kolkata,WB,2025-05-12,476,LOW,238.72,T+1,ONLINE_CHECKOUT,Y
MERCH000122,Metro Stores,5651,Family Clothing Stores,Chennai,TN,2024-02-02,941,MEDIUM,2240.52,T+1,QR_INSTORE,Y
MERCH000123,Krishna Solutions,5651,Family Clothing Stores,Indore,MP,2023-05-13,1206,MEDIUM,2568.31,T+2,QR_INSTORE,Y
MERCH000124,Nova Traders,5732,Electronics Stores,Mumbai,MH,2021-02-15,2023,MEDIUM,15417.7,T+2,POS_CARD,Y
MERCH000125,Aster Services,5999,Miscellaneous Retail,Ahmedabad,GJ,2026-03-08,176,MEDIUM,1373.51,T+2,QR_INSTORE,Y
MERCH000126,Nimbus & Co,5814,Fast Food Restaurants,Kolkata,WB,2024-09-16,714,LOW,222.01,T+1,QR_INSTORE,Y
MERCH000127,Krishna Enterprises,6051,Quasi-Cash / Wallet Load,Hyderabad,TG,2022-10-07,1424,HIGH,5956.35,T+0,POS_CARD,Y
MERCH000128,Krishna Supply,5814,Fast Food Restaurants,Panaji,GA,2023-01-04,1335,LOW,306.46,T+1,QR_INSTORE,Y
MERCH000129,Zenith Mart,6051,Quasi-Cash / Wallet Load,Kochi,KL,2023-01-20,1319,HIGH,6967.53,T+2,QR_INSTORE,Y
MERCH000130,Lakshmi Mart,4121,Taxicabs / Ride Hailing,Chandigarh,CH,2025-02-04,573,LOW,165.46,T+1,ONLINE_CHECKOUT,Y
MERCH000131,Urban Depot,5732,Electronics Stores,Jaipur,RJ,2023-04-16,1233,MEDIUM,9071.18,T+1,QR_INSTORE,Y
MERCH000132,Nimbus Retail,5651,Family Clothing Stores,Bengaluru,KA,2024-10-16,684,MEDIUM,1544.67,T+1,QR_INSTORE,Y
MERCH000133,Bharat Stores,5651,Family Clothing Stores,Hyderabad,TG,2026-02-24,188,MEDIUM,2162.78,T+1,QR_INSTORE,Y
MERCH000134,Anand Hub,5541,Service Stations (Fuel),Bengaluru,KA,2021-11-10,1755,LOW,857.25,T+1,ONLINE_CHECKOUT,Y
MERCH000135,Anand Mart,5912,Drug Stores / Pharmacies,Indore,MP,2021-10-24,1772,LOW,622.61,T+1,POS_CARD,Y
MERCH000136,Prime Retail,6051,Quasi-Cash / Wallet Load,Chennai,TN,2021-06-04,1914,HIGH,3122.07,T+0,ONLINE_CHECKOUT,Y
MERCH000137,Zenith Ventures,5541,Service Stations (Fuel),Guwahati,AS,2022-04-04,1610,LOW,1186.78,T+1,ONLINE_CHECKOUT,Y
MERCH000138,Anand Hub,5732,Electronics Stores,Ahmedabad,GJ,2025-02-11,566,MEDIUM,9528.23,T+1,QR_INSTORE,Y
MERCH000139,Bharat Mart,5411,Grocery Stores / Supermarkets,Mumbai,MH,2025-06-01,456,LOW,1270.91,T+1,ONLINE_CHECKOUT,Y
MERCH000140,Bharat Services,5411,Grocery Stores / Supermarkets,Kochi,KL,2026-01-19,224,LOW,919.57,T+0,QR_INSTORE,Y
MERCH000141,Shree & Co,5912,Drug Stores / Pharmacies,Lucknow,UP,2024-04-25,858,LOW,610.52,T+1,POS_CARD,Y
MERCH000142,Prime Supply,5967,Direct Marketing - Inbound,Ahmedabad,GJ,2023-09-29,1067,HIGH,1155.8,T+1,QR_INSTORE,Y
MERCH000143,Urban Supply,5651,Family Clothing Stores,Panaji,GA,2025-09-26,339,MEDIUM,1858.63,T+1,ONLINE_CHECKOUT,Y
MERCH000144,Krishna Depot,5411,Grocery Stores / Supermarkets,Chandigarh,CH,2022-01-20,1684,LOW,916.02,T+0,ONLINE_CHECKOUT,Y
MERCH000145,Lakshmi Supply,5732,Electronics Stores,Panaji,GA,2023-08-21,1106,MEDIUM,7454.37,T+1,QR_INSTORE,Y
MERCH000146,Rohan Solutions,5732,Electronics Stores,Guwahati,AS,2026-05-13,110,MEDIUM,17932.28,T+1,POS_CARD,Y
MERCH000147,Bharat Stores,5411,Grocery Stores / Supermarkets,Lucknow,UP,2021-06-14,1904,LOW,706.81,T+1,ONLINE_CHECKOUT,Y
MERCH000148,Metro Services,5912,Drug Stores / Pharmacies,Delhi,DL,2026-05-22,101,LOW,482.8,T+0,QR_INSTORE,Y
MERCH000149,Nova Stores,5732,Electronics Stores,Chandigarh,CH,2025-04-11,507,MEDIUM,13263.34,T+1,ONLINE_CHECKOUT,Y
MERCH000150,Anand Mart,5814,Fast Food Restaurants,Guwahati,AS,2021-06-23,1895,LOW,240.09,T+1,QR_INSTORE,Y
MERCH000151,Urban & Co,5999,Miscellaneous Retail,Kolkata,WB,2020-11-19,2111,MEDIUM,1041.93,T+1,QR_INSTORE,Y
MERCH000152,Prime Hub,5541,Service Stations (Fuel),Chennai,TN,2023-10-27,1039,LOW,1842.52,T+1,POS_CARD,Y
MERCH000153,Nimbus Retail,4900,Utilities - Electric/Gas/Water,Chennai,TN,2024-05-04,849,LOW,1245.68,T+1,POS_CARD,Y
MERCH000154,Shree Ventures,5814,Fast Food Restaurants,Nagpur,MH,2022-05-04,1580,HIGH,206.49,T+1,POS_CARD,Y
MERCH000155,Nova Solutions,5541,Service Stations (Fuel),Panaji,GA,2025-01-16,592,LOW,901.06,T+1,POS_CARD,Y
MERCH000156,Zenith Hub,4121,Taxicabs / Ride Hailing,Chennai,TN,2025-09-08,357,LOW,270.26,T+1,ONLINE_CHECKOUT,Y
MERCH000157,Nimbus Retail,5814,Fast Food Restaurants,Panaji,GA,2023-12-31,974,LOW,181.59,T+1,ONLINE_CHECKOUT,Y
MERCH000158,Anand Depot,5814,Fast Food Restaurants,Guwahati,AS,2023-06-28,1160,LOW,344.58,T+2,QR_INSTORE,Y
MERCH000159,Krishna Services,5814,Fast Food Restaurants,Mumbai,MH,2026-06-21,71,MEDIUM,274.56,T+2,QR_INSTORE,Y
MERCH000160,Urban Hub,5411,Grocery Stores / Supermarkets,Panaji,GA,2021-10-28,1768,LOW,812.45,T+1,QR_INSTORE,Y
MERCH000161,Prime Traders,7011,Hotels / Lodging,Hyderabad,TG,2023-08-29,1098,MEDIUM,7542.83,T+1,QR_INSTORE,Y
MERCH000162,Anand Hub,4900,Utilities - Electric/Gas/Water,Hyderabad,TG,2022-03-12,1633,LOW,1573.33,T+1,QR_INSTORE,Y
MERCH000163,Krishna & Co,5651,Family Clothing Stores,Jaipur,RJ,2026-03-14,170,MEDIUM,1336.24,T+1,ONLINE_CHECKOUT,Y
MERCH000164,Nova & Co,4722,Travel Agencies,Kolkata,WB,2021-03-22,1988,HIGH,23601.77,T+1,ONLINE_CHECKOUT,Y
MERCH000165,Kalpana Retail,4900,Utilities - Electric/Gas/Water,Hyderabad,TG,2023-06-21,1167,LOW,2299.3,T+1,QR_INSTORE,Y
MERCH000166,Prime Services,5651,Family Clothing Stores,Hyderabad,TG,2020-12-07,2093,MEDIUM,2289.75,T+1,ONLINE_CHECKOUT,Y
MERCH000167,Nimbus Traders,5814,Fast Food Restaurants,Bengaluru,KA,2026-06-12,80,LOW,368.97,T+0,ONLINE_CHECKOUT,Y
MERCH000168,Urban Solutions,5732,Electronics Stores,Bengaluru,KA,2024-01-25,949,MEDIUM,9137.35,T+0,POS_CARD,Y
MERCH000169,Aster Hub,5411,Grocery Stores / Supermarkets,Bengaluru,KA,2025-05-16,472,LOW,529.44,T+1,ONLINE_CHECKOUT,Y
MERCH000170,Rohan Retail,5411,Grocery Stores / Supermarkets,Ahmedabad,GJ,2022-02-20,1653,LOW,1216.74,T+1,QR_INSTORE,Y
MERCH000171,Metro Hub,5814,Fast Food Restaurants,Ahmedabad,GJ,2026-01-02,241,LOW,260.36,T+2,ONLINE_CHECKOUT,Y
MERCH000172,Lakshmi Stores,5814,Fast Food Restaurants,Ahmedabad,GJ,2024-11-22,647,LOW,271.8,T+2,ONLINE_CHECKOUT,Y
MERCH000173,Kalpana Solutions,5541,Service Stations (Fuel),Chennai,TN,2024-02-27,916,LOW,1191.74,T+0,QR_INSTORE,Y
MERCH000174,Krishna & Co,5999,Miscellaneous Retail,Chandigarh,CH,2021-12-31,1704,MEDIUM,1303.34,T+1,QR_INSTORE,Y
MERCH000175,Nimbus Mart,5411,Grocery Stores / Supermarkets,Bengaluru,KA,2025-05-18,470,LOW,532.36,T+1,ONLINE_CHECKOUT,Y
MERCH000176,Sagar Retail,5411,Grocery Stores / Supermarkets,Guwahati,AS,2020-11-02,2128,LOW,705.45,T+1,POS_CARD,Y
MERCH000177,Zenith & Co,5541,Service Stations (Fuel),Chandigarh,CH,2025-03-19,530,LOW,1351.18,T+1,QR_INSTORE,Y
MERCH000178,Krishna Services,5999,Miscellaneous Retail,Bengaluru,KA,2021-03-03,2007,MEDIUM,1234.76,T+2,ONLINE_CHECKOUT,Y
MERCH000179,Anand Solutions,7011,Hotels / Lodging,Kolkata,WB,2025-11-27,277,MEDIUM,5544.31,T+0,QR_INSTORE,Y
MERCH000180,Bharat Enterprises,4900,Utilities - Electric/Gas/Water,Delhi,DL,2023-12-04,1001,LOW,1167.73,T+2,QR_INSTORE,Y
MERCH000181,Urban Hub,5912,Drug Stores / Pharmacies,Nagpur,MH,2023-03-06,1274,LOW,590.87,T+1,QR_INSTORE,Y
MERCH000182,Bharat Stores,5732,Electronics Stores,Chandigarh,CH,2023-02-05,1303,MEDIUM,11170.4,T+1,QR_INSTORE,Y
MERCH000183,Rohan & Co,5999,Miscellaneous Retail,Panaji,GA,2025-01-21,587,MEDIUM,1020.56,T+1,QR_INSTORE,Y
MERCH000184,Anand Ventures,5541,Service Stations (Fuel),Chandigarh,CH,2025-05-03,485,LOW,929.65,T+1,ONLINE_CHECKOUT,Y
MERCH000185,Vertex Services,5411,Grocery Stores / Supermarkets,Chandigarh,CH,2022-03-07,1638,LOW,660.36,T+2,ONLINE_CHECKOUT,Y
MERCH000186,Vertex Traders,7011,Hotels / Lodging,Hyderabad,TG,2020-12-27,2073,MEDIUM,8448.88,T+1,ONLINE_CHECKOUT,Y
MERCH000187,Anand Ventures,5541,Service Stations (Fuel),Kochi,KL,2025-01-06,602,LOW,1937.01,T+1,QR_INSTORE,Y
MERCH000188,Shree Ventures,5411,Grocery Stores / Supermarkets,Nagpur,MH,2023-07-30,1128,LOW,539.61,T+1,QR_INSTORE,Y
MERCH000189,Kalpana Services,7011,Hotels / Lodging,Mumbai,MH,2022-03-22,1623,MEDIUM,6049.97,T+1,POS_CARD,Y
MERCH000190,Sagar Stores,5732,Electronics Stores,Kolkata,WB,2024-11-20,649,MEDIUM,17504.69,T+2,QR_INSTORE,Y
MERCH000191,Rohan Mart,5651,Family Clothing Stores,Guwahati,AS,2020-11-24,2106,MEDIUM,2262.52,T+1,ONLINE_CHECKOUT,Y
MERCH000192,Metro Retail,5999,Miscellaneous Retail,Panaji,GA,2025-01-16,592,MEDIUM,1017.46,T+1,POS_CARD,Y
MERCH000193,Vertex Ventures,6051,Quasi-Cash / Wallet Load,Delhi,DL,2026-02-11,201,HIGH,3453.89,T+1,QR_INSTORE,Y
MERCH000194,Nimbus Enterprises,5411,Grocery Stores / Supermarkets,Lucknow,UP,2022-06-18,1535,LOW,570.04,T+1,POS_CARD,Y
MERCH000195,Rohan Hub,7995,Betting / Gaming,Guwahati,AS,2023-04-08,1241,HIGH,3586.12,T+2,ONLINE_CHECKOUT,Y
MERCH000196,Zenith Retail,5999,Miscellaneous Retail,Kolkata,WB,2024-12-13,626,MEDIUM,1241.69,T+1,POS_CARD,Y
MERCH000197,Sagar Enterprises,7011,Hotels / Lodging,Kochi,KL,2025-07-04,423,MEDIUM,9575.77,T+2,QR_INSTORE,Y
MERCH000198,Zenith Solutions,4121,Taxicabs / Ride Hailing,Chennai,TN,2024-09-15,715,LOW,263.82,T+2,POS_CARD,Y
MERCH000199,Nova Mart,5999,Miscellaneous Retail,Nagpur,MH,2022-04-22,1592,MEDIUM,1046.26,T+1,QR_INSTORE,Y
MERCH000200,Aster Traders,4722,Travel Agencies,Jaipur,RJ,2025-05-13,475,HIGH,25113.57,T+1,ONLINE_CHECKOUT,Y
MERCH000201,Anand Mart,5999,Miscellaneous Retail,Delhi,DL,2020-09-02,2189,MEDIUM,1088.32,T+1,QR_INSTORE,Y
MERCH000202,Metro Retail,7995,Betting / Gaming,Ahmedabad,GJ,2023-04-24,1225,HIGH,2413.12,T+1,QR_INSTORE,Y
MERCH000203,Metro Solutions,5999,Miscellaneous Retail,Kolkata,WB,2023-02-20,1288,MEDIUM,1128.88,T+1,POS_CARD,Y
MERCH000204,Prime Supply,4121,Taxicabs / Ride Hailing,Ahmedabad,GJ,2022-05-15,1569,LOW,251.45,T+1,ONLINE_CHECKOUT,N
MERCH000205,Bharat Ventures,5912,Drug Stores / Pharmacies,Kochi,KL,2021-11-12,1753,LOW,345.5,T+1,QR_INSTORE,Y
MERCH000206,Nimbus Depot,4900,Utilities - Electric/Gas/Water,Kochi,KL,2025-10-26,309,LOW,1867.52,T+2,QR_INSTORE,Y
MERCH000207,Zenith Stores,5814,Fast Food Restaurants,Mumbai,MH,2026-05-05,118,LOW,168.04,T+2,QR_INSTORE,Y
MERCH000208,Krishna Solutions,5999,Miscellaneous Retail,Chandigarh,CH,2026-03-09,175,MEDIUM,1211.05,T+1,QR_INSTORE,Y
MERCH000209,Nimbus Solutions,5732,Electronics Stores,Guwahati,AS,2021-09-03,1823,MEDIUM,9908.88,T+1,QR_INSTORE,Y
MERCH000210,Nimbus Enterprises,4900,Utilities - Electric/Gas/Water,Pune,MH,2023-09-19,1077,HIGH,1944.37,T+1,QR_INSTORE,Y
MERCH000211,Shree Depot,5541,Service Stations (Fuel),Nagpur,MH,2024-10-30,670,MEDIUM,1497.79,T+2,ONLINE_CHECKOUT,Y
MERCH000212,Metro Solutions,5732,Electronics Stores,Bengaluru,KA,2024-04-20,863,MEDIUM,17504.88,T+1,POS_CARD,Y
MERCH000213,Sagar Depot,5814,Fast Food Restaurants,Chennai,TN,2024-09-17,713,LOW,356.46,T+1,QR_INSTORE,Y
MERCH000214,Vertex Stores,6051,Quasi-Cash / Wallet Load,Pune,MH,2020-10-21,2140,HIGH,3215.15,T+2,ONLINE_CHECKOUT,Y
MERCH000215,Prime Stores,7011,Hotels / Lodging,Mumbai,MH,2023-09-28,1068,MEDIUM,6855.05,T+2,POS_CARD,Y
MERCH000216,Kalpana Mart,5651,Family Clothing Stores,Ahmedabad,GJ,2023-08-20,1107,MEDIUM,1933.91,T+1,ONLINE_CHECKOUT,Y
MERCH000217,Nimbus Services,5967,Direct Marketing - Inbound,Mumbai,MH,2024-02-16,927,HIGH,1705.74,T+1,QR_INSTORE,Y
MERCH000218,Anand Stores,4722,Travel Agencies,Ahmedabad,GJ,2026-01-01,242,HIGH,28544.1,T+0,QR_INSTORE,Y
MERCH000219,Vertex Stores,5651,Family Clothing Stores,Chennai,TN,2023-08-22,1105,MEDIUM,1514.98,T+2,ONLINE_CHECKOUT,Y
MERCH000220,Lakshmi Depot,4900,Utilities - Electric/Gas/Water,Kolkata,WB,2021-04-27,1952,LOW,1450.72,T+2,ONLINE_CHECKOUT,Y
MERCH000221,Kalpana Solutions,5541,Service Stations (Fuel),Mumbai,MH,2025-10-08,327,LOW,1318.46,T+1,POS_CARD,Y
MERCH000222,Metro Services,5411,Grocery Stores / Supermarkets,Mumbai,MH,2025-01-19,589,LOW,611.96,T+1,QR_INSTORE,Y
MERCH000223,Rohan Services,5814,Fast Food Restaurants,Bengaluru,KA,2020-11-13,2117,LOW,263.61,T+1,POS_CARD,Y
MERCH000224,Bharat Services,5814,Fast Food Restaurants,Hyderabad,TG,2026-08-09,22,MEDIUM,313.16,T+1,ONLINE_CHECKOUT,N
MERCH000225,Nova Ventures,4900,Utilities - Electric/Gas/Water,Lucknow,UP,2025-09-06,359,LOW,1354.78,T+1,QR_INSTORE,Y
MERCH000226,Nova Depot,4722,Travel Agencies,Pune,MH,2023-10-07,1059,HIGH,27660.27,T+1,QR_INSTORE,Y
MERCH000227,Rohan & Co,4722,Travel Agencies,Pune,MH,2025-06-14,443,HIGH,30668.15,T+1,ONLINE_CHECKOUT,Y
MERCH000228,Krishna Hub,5814,Fast Food Restaurants,Hyderabad,TG,2024-02-24,919,LOW,215.01,T+1,QR_INSTORE,Y
MERCH000229,Metro Solutions,5732,Electronics Stores,Hyderabad,TG,2020-11-02,2128,MEDIUM,14987.37,T+2,ONLINE_CHECKOUT,Y
MERCH000230,Prime Retail,5411,Grocery Stores / Supermarkets,Indore,MP,2025-05-14,474,LOW,765.13,T+1,ONLINE_CHECKOUT,Y
MERCH000231,Shree Retail,4900,Utilities - Electric/Gas/Water,Panaji,GA,2022-03-06,1639,LOW,1956.47,T+1,QR_INSTORE,Y
MERCH000232,Nimbus Ventures,5732,Electronics Stores,Delhi,DL,2022-07-10,1513,MEDIUM,12724.76,T+1,ONLINE_CHECKOUT,Y
MERCH000233,Zenith Mart,4900,Utilities - Electric/Gas/Water,Hyderabad,TG,2025-07-06,421,LOW,1835.94,T+1,QR_INSTORE,Y
MERCH000234,Urban Traders,5999,Miscellaneous Retail,Chandigarh,CH,2022-11-07,1393,MEDIUM,926.63,T+2,POS_CARD,Y
MERCH000235,Nova Enterprises,5967,Direct Marketing - Inbound,Panaji,GA,2025-06-25,432,HIGH,1309.11,T+2,ONLINE_CHECKOUT,Y
MERCH000236,Aster & Co,5732,Electronics Stores,Indore,MP,2022-10-15,1416,MEDIUM,9531.76,T+1,QR_INSTORE,Y
MERCH000237,Anand Depot,5411,Grocery Stores / Supermarkets,Chennai,TN,2021-11-19,1746,LOW,1255.66,T+1,QR_INSTORE,Y
MERCH000238,Nova Retail,5411,Grocery Stores / Supermarkets,Chennai,TN,2021-02-17,2021,LOW,703.66,T+0,POS_CARD,Y
MERCH000239,Rohan Mart,4900,Utilities - Electric/Gas/Water,Indore,MP,2025-10-10,325,LOW,2362.38,T+1,POS_CARD,Y
MERCH000240,Anand Mart,5541,Service Stations (Fuel),Kochi,KL,2026-05-05,118,LOW,2041.73,T+1,QR_INSTORE,Y
MERCH000241,Lakshmi Traders,4900,Utilities - Electric/Gas/Water,Chandigarh,CH,2021-10-30,1766,LOW,1579.59,T+1,POS_CARD,Y
MERCH000242,Nova Hub,4900,Utilities - Electric/Gas/Water,Panaji,GA,2026-02-06,206,LOW,2167.84,T+1,QR_INSTORE,Y
MERCH000243,Anand Traders,5814,Fast Food Restaurants,Chandigarh,CH,2023-07-14,1144,LOW,225.04,T+1,QR_INSTORE,Y
MERCH000244,Vertex Traders,5541,Service Stations (Fuel),Kochi,KL,2024-12-24,615,LOW,1020.53,T+1,ONLINE_CHECKOUT,Y
MERCH000245,Nova Hub,7995,Betting / Gaming,Pune,MH,2023-10-12,1054,HIGH,4153.06,T+1,POS_CARD,Y
MERCH000246,Kalpana Supply,5541,Service Stations (Fuel),Pune,MH,2020-09-13,2178,LOW,1934.34,T+2,POS_CARD,Y
MERCH000247,Vertex Stores,5814,Fast Food Restaurants,Ahmedabad,GJ,2024-04-03,880,LOW,200.69,T+1,QR_INSTORE,Y
MERCH000248,Aster Traders,5732,Electronics Stores,Bengaluru,KA,2021-09-29,1797,LOW,16644.99,T+1,POS_CARD,Y
MERCH000249,Sagar Solutions,5651,Family Clothing Stores,Indore,MP,2025-09-13,352,MEDIUM,2268.71,T+0,QR_INSTORE,Y
MERCH000250,Bharat & Co,4900,Utilities - Electric/Gas/Water,Panaji,GA,2024-02-22,921,LOW,2016.08,T+1,ONLINE_CHECKOUT,Y
MERCH000251,Krishna Hub,6051,Quasi-Cash / Wallet Load,Kolkata,WB,2025-01-27,581,HIGH,6380.62,T+1,ONLINE_CHECKOUT,Y
MERCH000252,Sagar Mart,5814,Fast Food Restaurants,Guwahati,AS,2024-04-20,863,LOW,308.85,T+1,ONLINE_CHECKOUT,Y
MERCH000253,Nimbus Ventures,6051,Quasi-Cash / Wallet Load,Ahmedabad,GJ,2023-12-02,1003,HIGH,3466.74,T+2,POS_CARD,Y
MERCH000254,Metro Ventures,4900,Utilities - Electric/Gas/Water,Guwahati,AS,2025-11-26,278,LOW,1811.73,T+1,ONLINE_CHECKOUT,Y
MERCH000255,Nova Supply,5411,Grocery Stores / Supermarkets,Chandigarh,CH,2022-06-12,1541,LOW,716.43,T+1,ONLINE_CHECKOUT,Y
MERCH000256,Krishna Depot,5732,Electronics Stores,Guwahati,AS,2024-07-23,769,MEDIUM,8200.55,T+2,QR_INSTORE,Y
MERCH000257,Sagar Enterprises,7011,Hotels / Lodging,Hyderabad,TG,2023-01-03,1336,MEDIUM,5375.91,T+1,ONLINE_CHECKOUT,Y
MERCH000258,Bharat Ventures,5814,Fast Food Restaurants,Bengaluru,KA,2021-07-29,1859,LOW,334.0,T+1,QR_INSTORE,Y
MERCH000259,Krishna Ventures,5541,Service Stations (Fuel),Panaji,GA,2024-02-29,914,LOW,1464.16,T+2,QR_INSTORE,Y
MERCH000260,Vertex & Co,5732,Electronics Stores,Mumbai,MH,2024-06-26,796,MEDIUM,8785.46,T+1,ONLINE_CHECKOUT,Y
MERCH000261,Lakshmi Enterprises,4900,Utilities - Electric/Gas/Water,Kolkata,WB,2021-08-22,1835,LOW,1592.84,T+1,ONLINE_CHECKOUT,N
MERCH000262,Lakshmi Ventures,5967,Direct Marketing - Inbound,Ahmedabad,GJ,2025-08-21,375,HIGH,2352.5,T+1,QR_INSTORE,Y
MERCH000263,Anand Supply,5814,Fast Food Restaurants,Panaji,GA,2022-04-06,1608,LOW,365.99,T+1,POS_CARD,Y
MERCH000264,Vertex Enterprises,5541,Service Stations (Fuel),Nagpur,MH,2021-03-12,1998,LOW,1154.22,T+1,QR_INSTORE,N
MERCH000265,Zenith Traders,4121,Taxicabs / Ride Hailing,Indore,MP,2025-07-13,414,LOW,323.82,T+2,POS_CARD,Y
MERCH000266,Lakshmi Retail,5999,Miscellaneous Retail,Indore,MP,2022-11-22,1378,MEDIUM,1337.31,T+1,QR_INSTORE,Y
MERCH000267,Nova Depot,5999,Miscellaneous Retail,Hyderabad,TG,2026-03-16,168,MEDIUM,677.82,T+1,ONLINE_CHECKOUT,Y
MERCH000268,Kalpana Ventures,5541,Service Stations (Fuel),Chennai,TN,2023-11-30,1005,LOW,1239.07,T+1,QR_INSTORE,Y
MERCH000269,Lakshmi Ventures,5814,Fast Food Restaurants,Delhi,DL,2024-06-11,811,LOW,325.1,T+0,QR_INSTORE,Y
MERCH000270,Sagar Services,5651,Family Clothing Stores,Kochi,KL,2021-08-20,1837,MEDIUM,1518.46,T+1,ONLINE_CHECKOUT,Y
MERCH000271,Zenith Retail,5411,Grocery Stores / Supermarkets,Delhi,DL,2025-05-04,484,LOW,980.63,T+1,QR_INSTORE,Y
MERCH000272,Krishna Stores,5814,Fast Food Restaurants,Kolkata,WB,2022-06-04,1549,LOW,354.15,T+1,POS_CARD,Y
MERCH000273,Rohan Enterprises,4722,Travel Agencies,Guwahati,AS,2023-11-12,1023,HIGH,32115.14,T+1,QR_INSTORE,Y
MERCH000274,Anand Stores,5411,Grocery Stores / Supermarkets,Kochi,KL,2025-03-13,536,LOW,1239.43,T+2,QR_INSTORE,Y
MERCH000275,Kalpana Hub,7011,Hotels / Lodging,Kochi,KL,2023-08-17,1110,MEDIUM,6223.7,T+0,QR_INSTORE,Y
MERCH000276,Sagar Hub,5814,Fast Food Restaurants,Kolkata,WB,2026-05-16,107,LOW,196.74,T+1,ONLINE_CHECKOUT,Y
MERCH000277,Krishna Traders,5541,Service Stations (Fuel),Chennai,TN,2025-08-29,367,MEDIUM,1351.08,T+1,QR_INSTORE,Y
MERCH000278,Krishna Solutions,5411,Grocery Stores / Supermarkets,Jaipur,RJ,2025-10-09,326,LOW,709.97,T+1,ONLINE_CHECKOUT,Y
MERCH000279,Rohan Hub,5814,Fast Food Restaurants,Mumbai,MH,2022-10-01,1430,LOW,320.42,T+1,QR_INSTORE,Y
MERCH000280,Nova Solutions,5541,Service Stations (Fuel),Hyderabad,TG,2022-03-17,1628,LOW,1059.29,T+2,ONLINE_CHECKOUT,Y
MERCH000281,Prime Depot,5411,Grocery Stores / Supermarkets,Lucknow,UP,2022-12-23,1347,LOW,1023.94,T+1,QR_INSTORE,Y
MERCH000282,Aster Supply,7011,Hotels / Lodging,Chennai,TN,2020-09-10,2181,MEDIUM,3944.07,T+1,QR_INSTORE,Y
MERCH000283,Sagar Depot,5999,Miscellaneous Retail,Indore,MP,2022-01-13,1691,MEDIUM,630.0,T+1,QR_INSTORE,Y
MERCH000284,Prime Stores,5651,Family Clothing Stores,Chennai,TN,2024-04-13,870,MEDIUM,2175.92,T+2,ONLINE_CHECKOUT,Y
MERCH000285,Anand Services,5411,Grocery Stores / Supermarkets,Bengaluru,KA,2024-08-14,747,LOW,1192.51,T+1,POS_CARD,Y
MERCH000286,Vertex & Co,5411,Grocery Stores / Supermarkets,Hyderabad,TG,2025-04-25,493,LOW,1261.76,T+2,QR_INSTORE,Y
MERCH000287,Aster Mart,5651,Family Clothing Stores,Panaji,GA,2024-11-23,646,MEDIUM,2021.9,T+2,ONLINE_CHECKOUT,Y
MERCH000288,Bharat & Co,7995,Betting / Gaming,Pune,MH,2026-05-01,122,HIGH,2558.8,T+1,QR_INSTORE,Y
MERCH000289,Anand Depot,5541,Service Stations (Fuel),Delhi,DL,2025-10-03,332,LOW,1566.85,T+1,QR_INSTORE,Y
MERCH000290,Vertex Depot,5912,Drug Stores / Pharmacies,Bengaluru,KA,2025-08-22,374,LOW,516.35,T+1,QR_INSTORE,Y
MERCH000291,Lakshmi Supply,5411,Grocery Stores / Supermarkets,Hyderabad,TG,2026-03-07,177,LOW,590.44,T+1,QR_INSTORE,Y
MERCH000292,Krishna Solutions,5411,Grocery Stores / Supermarkets,Delhi,DL,2026-03-28,156,LOW,1122.49,T+0,ONLINE_CHECKOUT,Y
MERCH000293,Prime Traders,5732,Electronics Stores,Guwahati,AS,2022-06-24,1529,MEDIUM,17522.36,T+0,ONLINE_CHECKOUT,Y
MERCH000294,Urban Retail,5732,Electronics Stores,Delhi,DL,2023-05-07,1212,MEDIUM,14515.21,T+2,QR_INSTORE,Y
MERCH000295,Anand Stores,5999,Miscellaneous Retail,Chandigarh,CH,2022-09-21,1440,MEDIUM,1089.87,T+1,ONLINE_CHECKOUT,Y
MERCH000296,Metro Depot,5814,Fast Food Restaurants,Bengaluru,KA,2020-09-22,2169,LOW,199.03,T+2,QR_INSTORE,Y
MERCH000297,Kalpana Ventures,5814,Fast Food Restaurants,Delhi,DL,2025-05-21,467,LOW,195.01,T+1,ONLINE_CHECKOUT,Y
MERCH000298,Vertex & Co,5814,Fast Food Restaurants,Jaipur,RJ,2021-12-07,1728,LOW,234.32,T+1,POS_CARD,Y
MERCH000299,Rohan Retail,4722,Travel Agencies,Delhi,DL,2026-04-28,125,HIGH,15978.22,T+0,ONLINE_CHECKOUT,Y
MERCH000300,Anand Mart,5411,Grocery Stores / Supermarkets,Chennai,TN,2023-10-01,1065,LOW,806.05,T+1,ONLINE_CHECKOUT,Y
MERCH000301,Anand Solutions,4121,Taxicabs / Ride Hailing,Mumbai,MH,2025-10-09,326,LOW,340.46,T+1,POS_CARD,Y
MERCH000302,Urban Ventures,5541,Service Stations (Fuel),Guwahati,AS,2022-02-11,1662,LOW,1069.47,T+1,ONLINE_CHECKOUT,Y
MERCH000303,Lakshmi Ventures,5411,Grocery Stores / Supermarkets,Bengaluru,KA,2025-12-22,252,LOW,650.58,T+1,POS_CARD,Y
MERCH000304,Lakshmi Mart,5814,Fast Food Restaurants,Ahmedabad,GJ,2021-02-28,2010,LOW,351.71,T+1,QR_INSTORE,Y
MERCH000305,Prime Traders,5411,Grocery Stores / Supermarkets,Lucknow,UP,2026-03-07,177,LOW,804.68,T+1,ONLINE_CHECKOUT,Y
MERCH000306,Vertex Services,4900,Utilities - Electric/Gas/Water,Nagpur,MH,2023-10-06,1060,LOW,1158.07,T+1,QR_INSTORE,Y
MERCH000307,Metro Ventures,5411,Grocery Stores / Supermarkets,Guwahati,AS,2022-06-17,1536,LOW,1268.65,T+1,QR_INSTORE,Y
MERCH000308,Vertex Traders,5999,Miscellaneous Retail,Delhi,DL,2021-05-13,1936,MEDIUM,1163.5,T+1,ONLINE_CHECKOUT,Y
MERCH000309,Urban Depot,4900,Utilities - Electric/Gas/Water,Bengaluru,KA,2024-11-16,653,LOW,2439.63,T+1,QR_INSTORE,Y
MERCH000310,Vertex Ventures,5814,Fast Food Restaurants,Jaipur,RJ,2025-05-10,478,LOW,168.51,T+1,ONLINE_CHECKOUT,Y
MERCH000311,Vertex Solutions,5541,Service Stations (Fuel),Pune,MH,2021-09-09,1817,LOW,1910.33,T+1,QR_INSTORE,Y
MERCH000312,Sagar & Co,5541,Service Stations (Fuel),Ahmedabad,GJ,2025-07-15,412,LOW,1943.87,T+1,ONLINE_CHECKOUT,Y
MERCH000313,Nimbus Supply,5967,Direct Marketing - Inbound,Pune,MH,2026-07-02,60,HIGH,1406.18,T+1,ONLINE_CHECKOUT,Y
MERCH000314,Nova Depot,5814,Fast Food Restaurants,Chennai,TN,2023-11-22,1013,LOW,331.24,T+1,ONLINE_CHECKOUT,Y
MERCH000315,Vertex Ventures,4121,Taxicabs / Ride Hailing,Jaipur,RJ,2025-01-26,582,LOW,351.67,T+1,QR_INSTORE,Y
MERCH000316,Metro Depot,5814,Fast Food Restaurants,Nagpur,MH,2023-11-24,1011,LOW,200.2,T+0,QR_INSTORE,Y
MERCH000317,Urban Enterprises,5814,Fast Food Restaurants,Kolkata,WB,2020-09-09,2182,LOW,315.12,T+0,QR_INSTORE,Y
MERCH000318,Nova Ventures,5732,Electronics Stores,Kochi,KL,2025-12-17,257,MEDIUM,7801.07,T+1,ONLINE_CHECKOUT,N
MERCH000319,Sagar Enterprises,5814,Fast Food Restaurants,Indore,MP,2020-12-05,2095,LOW,376.31,T+1,QR_INSTORE,Y
MERCH000320,Lakshmi Services,4121,Taxicabs / Ride Hailing,Bengaluru,KA,2021-07-16,1872,LOW,309.32,T+2,QR_INSTORE,Y
MERCH000321,Lakshmi Traders,5912,Drug Stores / Pharmacies,Bengaluru,KA,2024-02-12,931,LOW,428.57,T+1,POS_CARD,Y
MERCH000322,Krishna Solutions,5912,Drug Stores / Pharmacies,Kochi,KL,2023-12-07,998,LOW,356.8,T+1,POS_CARD,Y
MERCH000323,Bharat Services,5814,Fast Food Restaurants,Bengaluru,KA,2024-12-21,618,LOW,268.29,T+0,POS_CARD,Y
MERCH000324,Kalpana Services,5411,Grocery Stores / Supermarkets,Chennai,TN,2022-02-12,1661,LOW,1274.1,T+1,ONLINE_CHECKOUT,Y
MERCH000325,Kalpana Enterprises,5541,Service Stations (Fuel),Jaipur,RJ,2023-09-11,1085,LOW,2064.65,T+1,POS_CARD,Y
MERCH000326,Zenith Hub,5999,Miscellaneous Retail,Kochi,KL,2026-01-16,227,MEDIUM,1294.29,T+1,ONLINE_CHECKOUT,Y
MERCH000327,Sagar Hub,4722,Travel Agencies,Mumbai,MH,2021-07-29,1859,LOW,14927.33,T+2,QR_INSTORE,Y
MERCH000328,Vertex Retail,5541,Service Stations (Fuel),Pune,MH,2022-12-20,1350,LOW,1964.16,T+1,POS_CARD,Y
MERCH000329,Prime Supply,5999,Miscellaneous Retail,Delhi,DL,2024-06-14,808,MEDIUM,1239.97,T+1,ONLINE_CHECKOUT,Y
MERCH000330,Aster Stores,5999,Miscellaneous Retail,Kolkata,WB,2023-05-27,1192,MEDIUM,1294.07,T+1,ONLINE_CHECKOUT,Y
MERCH000331,Nova Retail,4722,Travel Agencies,Pune,MH,2025-05-17,471,HIGH,32920.72,T+2,ONLINE_CHECKOUT,Y
MERCH000332,Krishna Enterprises,5411,Grocery Stores / Supermarkets,Bengaluru,KA,2025-04-17,501,LOW,1150.77,T+2,QR_INSTORE,Y
MERCH000333,Anand Depot,5541,Service Stations (Fuel),Ahmedabad,GJ,2022-03-28,1617,LOW,1237.95,T+1,ONLINE_CHECKOUT,Y
MERCH000334,Shree Mart,4722,Travel Agencies,Hyderabad,TG,2025-02-02,575,HIGH,13671.3,T+0,POS_CARD,Y
MERCH000335,Prime & Co,4900,Utilities - Electric/Gas/Water,Chandigarh,CH,2023-09-06,1090,LOW,1924.76,T+1,QR_INSTORE,Y
MERCH000336,Zenith Mart,5732,Electronics Stores,Guwahati,AS,2023-05-25,1194,MEDIUM,11996.16,T+1,QR_INSTORE,Y
MERCH000337,Nova Services,5814,Fast Food Restaurants,Chandigarh,CH,2022-12-25,1345,LOW,181.63,T+1,ONLINE_CHECKOUT,Y
MERCH000338,Zenith Hub,5651,Family Clothing Stores,Mumbai,MH,2020-08-23,2199,MEDIUM,1674.71,T+1,ONLINE_CHECKOUT,Y
MERCH000339,Nova Ventures,4121,Taxicabs / Ride Hailing,Ahmedabad,GJ,2023-05-05,1214,LOW,358.1,T+1,ONLINE_CHECKOUT,Y
MERCH000340,Kalpana Supply,5814,Fast Food Restaurants,Indore,MP,2025-12-14,260,LOW,161.75,T+1,QR_INSTORE,Y
MERCH000341,Nimbus Depot,4722,Travel Agencies,Nagpur,MH,2024-09-03,727,HIGH,19563.96,T+1,POS_CARD,Y
MERCH000342,Prime & Co,4722,Travel Agencies,Nagpur,MH,2025-09-26,339,HIGH,14504.81,T+1,QR_INSTORE,Y
MERCH000343,Lakshmi Enterprises,5411,Grocery Stores / Supermarkets,Mumbai,MH,2023-02-04,1304,LOW,1136.05,T+2,ONLINE_CHECKOUT,Y
MERCH000344,Anand Traders,5912,Drug Stores / Pharmacies,Delhi,DL,2021-05-19,1930,LOW,434.99,T+2,POS_CARD,Y
MERCH000345,Shree Services,5814,Fast Food Restaurants,Mumbai,MH,2025-11-02,302,LOW,279.08,T+2,QR_INSTORE,Y
MERCH000346,Nimbus Ventures,4722,Travel Agencies,Panaji,GA,2021-12-26,1709,HIGH,15639.1,T+1,QR_INSTORE,Y
MERCH000347,Vertex Solutions,4722,Travel Agencies,Nagpur,MH,2025-10-06,329,HIGH,23698.7,T+1,QR_INSTORE,Y
MERCH000348,Zenith Enterprises,7011,Hotels / Lodging,Bengaluru,KA,2023-03-22,1258,MEDIUM,5228.53,T+2,QR_INSTORE,Y
MERCH000349,Sagar Ventures,5814,Fast Food Restaurants,Kolkata,WB,2024-03-24,890,LOW,192.85,T+1,QR_INSTORE,Y
MERCH000350,Aster Traders,5651,Family Clothing Stores,Panaji,GA,2024-10-20,680,MEDIUM,1774.23,T+2,POS_CARD,Y
MERCH000351,Nimbus Retail,5541,Service Stations (Fuel),Chandigarh,CH,2023-03-31,1249,LOW,1135.35,T+1,ONLINE_CHECKOUT,Y
MERCH000352,Lakshmi Traders,5411,Grocery Stores / Supermarkets,Jaipur,RJ,2023-05-20,1199,LOW,1143.53,T+1,POS_CARD,Y
MERCH000353,Metro Stores,5541,Service Stations (Fuel),Jaipur,RJ,2021-08-28,1829,LOW,2074.18,T+2,ONLINE_CHECKOUT,Y
MERCH000354,Rohan Traders,5411,Grocery Stores / Supermarkets,Nagpur,MH,2026-07-15,47,MEDIUM,1125.04,T+1,ONLINE_CHECKOUT,Y
MERCH000355,Anand Traders,7995,Betting / Gaming,Chennai,TN,2025-10-17,318,HIGH,4632.34,T+2,POS_CARD,Y
MERCH000356,Kalpana Retail,5411,Grocery Stores / Supermarkets,Mumbai,MH,2022-05-23,1561,LOW,548.89,T+1,ONLINE_CHECKOUT,Y
MERCH000357,Vertex Supply,5411,Grocery Stores / Supermarkets,Indore,MP,2022-09-20,1441,LOW,866.35,T+1,QR_INSTORE,Y
MERCH000358,Shree Depot,4900,Utilities - Electric/Gas/Water,Nagpur,MH,2024-02-26,917,LOW,1955.15,T+1,QR_INSTORE,Y
MERCH000359,Lakshmi Solutions,5814,Fast Food Restaurants,Jaipur,RJ,2024-07-29,763,LOW,348.04,T+1,QR_INSTORE,Y
MERCH000360,Nimbus Stores,5541,Service Stations (Fuel),Chandigarh,CH,2025-07-13,414,LOW,1313.07,T+1,QR_INSTORE,Y
MERCH000361,Krishna & Co,5967,Direct Marketing - Inbound,Delhi,DL,2020-09-05,2186,HIGH,2164.99,T+2,QR_INSTORE,Y
MERCH000362,Vertex Depot,5999,Miscellaneous Retail,Pune,MH,2022-04-27,1587,MEDIUM,1320.47,T+1,QR_INSTORE,Y
MERCH000363,Krishna Hub,5411,Grocery Stores / Supermarkets,Chennai,TN,2021-02-25,2013,LOW,1009.78,T+1,ONLINE_CHECKOUT,Y
MERCH000364,Nova Depot,5651,Family Clothing Stores,Ahmedabad,GJ,2021-10-20,1776,MEDIUM,1360.72,T+2,ONLINE_CHECKOUT,Y
MERCH000365,Metro Stores,5814,Fast Food Restaurants,Bengaluru,KA,2024-12-10,629,LOW,367.2,T+2,POS_CARD,Y
MERCH000366,Sagar & Co,5411,Grocery Stores / Supermarkets,Ahmedabad,GJ,2021-07-12,1876,LOW,688.68,T+1,ONLINE_CHECKOUT,Y
MERCH000367,Metro Services,5814,Fast Food Restaurants,Nagpur,MH,2025-06-17,440,LOW,189.5,T+1,ONLINE_CHECKOUT,Y
MERCH000368,Rohan Stores,5411,Grocery Stores / Supermarkets,Pune,MH,2025-01-01,607,LOW,907.07,T+1,QR_INSTORE,Y
MERCH000369,Kalpana Enterprises,5541,Service Stations (Fuel),Mumbai,MH,2026-03-23,161,LOW,2033.29,T+1,QR_INSTORE,Y
MERCH000370,Prime Depot,5732,Electronics Stores,Bengaluru,KA,2021-11-09,1756,MEDIUM,15138.3,T+1,QR_INSTORE,Y
MERCH000371,Nimbus Stores,5999,Miscellaneous Retail,Jaipur,RJ,2021-09-25,1801,MEDIUM,799.01,T+0,ONLINE_CHECKOUT,Y
MERCH000372,Urban Ventures,5912,Drug Stores / Pharmacies,Bengaluru,KA,2023-07-23,1135,LOW,717.03,T+1,QR_INSTORE,Y
MERCH000373,Bharat Retail,5411,Grocery Stores / Supermarkets,Mumbai,MH,2021-05-11,1938,LOW,1229.36,T+1,QR_INSTORE,Y
MERCH000374,Anand Solutions,5411,Grocery Stores / Supermarkets,Panaji,GA,2022-02-07,1666,LOW,714.07,T+1,QR_INSTORE,Y
MERCH000375,Anand Solutions,5732,Electronics Stores,Panaji,GA,2024-01-31,943,MEDIUM,11353.22,T+2,POS_CARD,Y
MERCH000376,Nova Solutions,5411,Grocery Stores / Supermarkets,Mumbai,MH,2023-06-11,1177,LOW,739.91,T+1,QR_INSTORE,Y
MERCH000377,Kalpana Solutions,4121,Taxicabs / Ride Hailing,Lucknow,UP,2021-04-21,1958,LOW,308.76,T+1,QR_INSTORE,Y
MERCH000378,Aster Supply,7995,Betting / Gaming,Lucknow,UP,2020-12-06,2094,HIGH,4592.72,T+0,QR_INSTORE,Y
MERCH000379,Metro Depot,5814,Fast Food Restaurants,Mumbai,MH,2021-01-25,2044,LOW,294.96,T+2,ONLINE_CHECKOUT,Y
MERCH000380,Anand Hub,5732,Electronics Stores,Chennai,TN,2026-03-25,159,MEDIUM,10980.71,T+1,ONLINE_CHECKOUT,Y
MERCH000381,Metro Solutions,6051,Quasi-Cash / Wallet Load,Ahmedabad,GJ,2022-01-21,1683,HIGH,3188.41,T+1,QR_INSTORE,Y
MERCH000382,Rohan Services,5411,Grocery Stores / Supermarkets,Chandigarh,CH,2024-11-17,652,LOW,717.85,T+2,ONLINE_CHECKOUT,Y
MERCH000383,Lakshmi Traders,5814,Fast Food Restaurants,Panaji,GA,2022-02-14,1659,LOW,333.92,T+1,QR_INSTORE,Y
MERCH000384,Krishna Traders,5541,Service Stations (Fuel),Guwahati,AS,2023-09-16,1080,LOW,1430.09,T+1,QR_INSTORE,Y
MERCH000385,Aster Supply,4722,Travel Agencies,Lucknow,UP,2022-02-11,1662,HIGH,26930.37,T+1,ONLINE_CHECKOUT,Y
MERCH000386,Anand Stores,4121,Taxicabs / Ride Hailing,Ahmedabad,GJ,2025-03-16,533,LOW,215.48,T+1,QR_INSTORE,Y
MERCH000387,Rohan Stores,5814,Fast Food Restaurants,Bengaluru,KA,2022-07-14,1509,LOW,353.06,T+1,ONLINE_CHECKOUT,Y
MERCH000388,Metro Ventures,5541,Service Stations (Fuel),Indore,MP,2024-07-20,772,LOW,1959.51,T+1,ONLINE_CHECKOUT,Y
MERCH000389,Shree Enterprises,5541,Service Stations (Fuel),Chennai,TN,2020-10-17,2144,LOW,1746.93,T+1,QR_INSTORE,Y
MERCH000390,Shree Ventures,4900,Utilities - Electric/Gas/Water,Kolkata,WB,2022-07-28,1495,LOW,1149.29,T+2,POS_CARD,Y
MERCH000391,Bharat Services,4900,Utilities - Electric/Gas/Water,Hyderabad,TG,2022-08-11,1481,LOW,1167.6,T+1,QR_INSTORE,Y
MERCH000392,Anand Ventures,5732,Electronics Stores,Ahmedabad,GJ,2022-03-10,1635,MEDIUM,9828.3,T+1,ONLINE_CHECKOUT,Y
MERCH000393,Aster Stores,6051,Quasi-Cash / Wallet Load,Chandigarh,CH,2022-01-02,1702,HIGH,5162.36,T+1,ONLINE_CHECKOUT,Y
MERCH000394,Kalpana Depot,5651,Family Clothing Stores,Lucknow,UP,2021-07-14,1874,MEDIUM,1577.2,T+1,ONLINE_CHECKOUT,Y
MERCH000395,Shree Retail,5541,Service Stations (Fuel),Delhi,DL,2020-09-12,2179,LOW,2015.08,T+1,QR_INSTORE,Y
MERCH000396,Urban Solutions,4722,Travel Agencies,Nagpur,MH,2022-05-24,1560,HIGH,16548.44,T+2,QR_INSTORE,Y
MERCH000397,Krishna Ventures,4121,Taxicabs / Ride Hailing,Pune,MH,2024-03-01,913,LOW,240.44,T+1,QR_INSTORE,Y
MERCH000398,Anand Traders,7995,Betting / Gaming,Bengaluru,KA,2022-03-21,1624,HIGH,4611.05,T+1,QR_INSTORE,Y
MERCH000399,Nimbus Stores,5814,Fast Food Restaurants,Guwahati,AS,2021-08-07,1850,LOW,239.95,T+0,QR_INSTORE,Y
MERCH000400,Rohan Hub,4722,Travel Agencies,Ahmedabad,GJ,2026-04-26,127,HIGH,26505.48,T+1,ONLINE_CHECKOUT,Y
MERCH000401,Bharat Traders,5814,Fast Food Restaurants,Mumbai,MH,2022-02-08,1665,LOW,369.89,T+1,QR_INSTORE,Y
MERCH000402,Anand Hub,5912,Drug Stores / Pharmacies,Kochi,KL,2021-10-26,1770,HIGH,547.83,T+1,ONLINE_CHECKOUT,Y
MERCH000403,Rohan Ventures,4722,Travel Agencies,Pune,MH,2023-10-07,1059,HIGH,20188.36,T+1,ONLINE_CHECKOUT,Y
MERCH000404,Urban Traders,5999,Miscellaneous Retail,Hyderabad,TG,2023-06-25,1163,MEDIUM,1228.82,T+1,ONLINE_CHECKOUT,Y
MERCH000405,Anand Supply,4121,Taxicabs / Ride Hailing,Kochi,KL,2021-08-01,1856,LOW,156.39,T+1,ONLINE_CHECKOUT,Y
MERCH000406,Aster Stores,5814,Fast Food Restaurants,Ahmedabad,GJ,2025-03-19,530,LOW,256.29,T+1,POS_CARD,Y
MERCH000407,Lakshmi & Co,4900,Utilities - Electric/Gas/Water,Chennai,TN,2021-08-08,1849,HIGH,2393.51,T+1,QR_INSTORE,Y
MERCH000408,Aster Ventures,5912,Drug Stores / Pharmacies,Mumbai,MH,2020-09-12,2179,LOW,673.28,T+1,POS_CARD,Y
MERCH000409,Rohan Supply,5651,Family Clothing Stores,Nagpur,MH,2026-01-23,220,MEDIUM,1352.74,T+1,QR_INSTORE,Y
MERCH000410,Nova Stores,4900,Utilities - Electric/Gas/Water,Guwahati,AS,2022-11-02,1398,LOW,2078.19,T+2,QR_INSTORE,Y
MERCH000411,Nimbus Traders,7011,Hotels / Lodging,Guwahati,AS,2020-08-25,2197,MEDIUM,9128.72,T+1,POS_CARD,Y
MERCH000412,Nova Mart,5814,Fast Food Restaurants,Panaji,GA,2021-10-10,1786,LOW,188.86,T+2,ONLINE_CHECKOUT,Y
MERCH000413,Anand Enterprises,4121,Taxicabs / Ride Hailing,Chennai,TN,2024-07-10,782,LOW,304.46,T+1,QR_INSTORE,Y
MERCH000414,Aster Mart,7011,Hotels / Lodging,Chandigarh,CH,2025-09-18,347,MEDIUM,5168.45,T+0,ONLINE_CHECKOUT,Y
MERCH000415,Zenith Solutions,6051,Quasi-Cash / Wallet Load,Kolkata,WB,2021-04-18,1961,HIGH,3149.65,T+1,ONLINE_CHECKOUT,Y
MERCH000416,Urban Solutions,5651,Family Clothing Stores,Pune,MH,2025-06-03,454,MEDIUM,1392.59,T+1,QR_INSTORE,Y
MERCH000417,Rohan & Co,6051,Quasi-Cash / Wallet Load,Chandigarh,CH,2021-09-10,1816,HIGH,4279.44,T+2,QR_INSTORE,Y
MERCH000418,Zenith & Co,7995,Betting / Gaming,Panaji,GA,2024-11-02,667,HIGH,3310.5,T+1,QR_INSTORE,Y
MERCH000419,Rohan Services,5814,Fast Food Restaurants,Panaji,GA,2024-06-04,818,LOW,301.53,T+1,ONLINE_CHECKOUT,Y
MERCH000420,Nova Ventures,5814,Fast Food Restaurants,Guwahati,AS,2026-01-13,230,LOW,337.25,T+2,QR_INSTORE,Y
MERCH000421,Prime Solutions,4900,Utilities - Electric/Gas/Water,Bengaluru,KA,2024-04-14,869,LOW,2025.97,T+1,ONLINE_CHECKOUT,Y
MERCH000422,Krishna & Co,7995,Betting / Gaming,Hyderabad,TG,2021-03-13,1997,HIGH,2348.15,T+1,ONLINE_CHECKOUT,Y
MERCH000423,Prime & Co,5411,Grocery Stores / Supermarkets,Ahmedabad,GJ,2020-11-29,2101,LOW,710.89,T+1,POS_CARD,Y
MERCH000424,Krishna Supply,5411,Grocery Stores / Supermarkets,Nagpur,MH,2025-11-29,275,LOW,814.45,T+0,POS_CARD,Y
MERCH000425,Anand Enterprises,5541,Service Stations (Fuel),Delhi,DL,2022-09-13,1448,LOW,1885.44,T+1,ONLINE_CHECKOUT,Y
MERCH000426,Sagar Solutions,4900,Utilities - Electric/Gas/Water,Mumbai,MH,2024-03-04,910,LOW,2052.58,T+1,QR_INSTORE,Y
MERCH000427,Nova Stores,5732,Electronics Stores,Jaipur,RJ,2020-10-06,2155,MEDIUM,12893.15,T+1,QR_INSTORE,Y
MERCH000428,Aster Ventures,5999,Miscellaneous Retail,Nagpur,MH,2024-06-03,819,MEDIUM,975.91,T+2,ONLINE_CHECKOUT,Y
MERCH000429,Anand Enterprises,5814,Fast Food Restaurants,Delhi,DL,2026-01-05,238,LOW,383.69,T+1,QR_INSTORE,Y
MERCH000430,Kalpana Services,5814,Fast Food Restaurants,Ahmedabad,GJ,2023-02-18,1290,LOW,374.81,T+1,ONLINE_CHECKOUT,Y
MERCH000431,Sagar Solutions,7011,Hotels / Lodging,Jaipur,RJ,2021-10-20,1776,MEDIUM,8073.11,T+1,QR_INSTORE,Y
MERCH000432,Prime Retail,6051,Quasi-Cash / Wallet Load,Kochi,KL,2024-03-05,909,HIGH,4309.03,T+1,ONLINE_CHECKOUT,Y
MERCH000433,Bharat Ventures,5411,Grocery Stores / Supermarkets,Bengaluru,KA,2025-08-19,377,LOW,1242.93,T+1,QR_INSTORE,Y
MERCH000434,Prime Services,6051,Quasi-Cash / Wallet Load,Chandigarh,CH,2022-08-24,1468,HIGH,3530.16,T+1,QR_INSTORE,Y
MERCH000435,Kalpana Traders,5912,Drug Stores / Pharmacies,Indore,MP,2022-02-24,1649,LOW,526.85,T+1,QR_INSTORE,Y
MERCH000436,Nova Enterprises,5912,Drug Stores / Pharmacies,Guwahati,AS,2025-12-13,261,LOW,378.0,T+1,ONLINE_CHECKOUT,Y
MERCH000437,Vertex Supply,5541,Service Stations (Fuel),Kolkata,WB,2022-11-22,1378,LOW,1150.84,T+1,ONLINE_CHECKOUT,Y
MERCH000438,Sagar & Co,7995,Betting / Gaming,Delhi,DL,2022-09-01,1460,HIGH,2300.57,T+1,ONLINE_CHECKOUT,Y
MERCH000439,Kalpana Mart,5732,Electronics Stores,Panaji,GA,2021-03-15,1995,MEDIUM,8174.4,T+1,ONLINE_CHECKOUT,Y
MERCH000440,Anand Hub,5999,Miscellaneous Retail,Guwahati,AS,2025-11-05,299,MEDIUM,659.05,T+0,QR_INSTORE,Y
MERCH000441,Metro Solutions,5999,Miscellaneous Retail,Chennai,TN,2020-08-27,2195,MEDIUM,1319.2,T+1,ONLINE_CHECKOUT,Y
MERCH000442,Rohan Enterprises,5814,Fast Food Restaurants,Chennai,TN,2022-02-04,1669,LOW,278.29,T+2,ONLINE_CHECKOUT,Y
MERCH000443,Kalpana Retail,7011,Hotels / Lodging,Delhi,DL,2021-06-24,1894,MEDIUM,8386.98,T+1,POS_CARD,Y
MERCH000444,Anand Enterprises,5651,Family Clothing Stores,Delhi,DL,2025-06-25,432,MEDIUM,1669.21,T+1,QR_INSTORE,Y
MERCH000445,Nova Depot,7011,Hotels / Lodging,Ahmedabad,GJ,2025-03-11,538,HIGH,8569.8,T+1,ONLINE_CHECKOUT,Y
MERCH000446,Vertex Retail,4900,Utilities - Electric/Gas/Water,Jaipur,RJ,2026-02-26,186,LOW,2820.9,T+2,ONLINE_CHECKOUT,Y
MERCH000447,Sagar Ventures,5411,Grocery Stores / Supermarkets,Mumbai,MH,2025-05-20,468,LOW,556.9,T+1,QR_INSTORE,Y
MERCH000448,Anand Traders,4121,Taxicabs / Ride Hailing,Nagpur,MH,2022-06-29,1524,LOW,359.25,T+0,QR_INSTORE,Y
MERCH000449,Rohan & Co,4722,Travel Agencies,Chandigarh,CH,2021-06-15,1903,HIGH,23031.7,T+1,POS_CARD,Y
MERCH000450,Rohan Depot,5912,Drug Stores / Pharmacies,Lucknow,UP,2025-09-20,345,LOW,552.75,T+1,QR_INSTORE,Y
MERCH000451,Anand Ventures,4900,Utilities - Electric/Gas/Water,Indore,MP,2023-05-02,1217,LOW,1394.69,T+1,ONLINE_CHECKOUT,Y
MERCH000452,Anand Depot,5732,Electronics Stores,Kolkata,WB,2025-02-21,556,MEDIUM,9633.71,T+2,ONLINE_CHECKOUT,Y
MERCH000453,Urban Stores,5411,Grocery Stores / Supermarkets,Hyderabad,TG,2023-02-19,1289,LOW,691.07,T+1,QR_INSTORE,Y
MERCH000454,Krishna Retail,4121,Taxicabs / Ride Hailing,Indore,MP,2022-01-26,1678,LOW,206.6,T+1,ONLINE_CHECKOUT,Y
MERCH000455,Nova Solutions,5814,Fast Food Restaurants,Guwahati,AS,2024-08-07,754,LOW,166.39,T+1,POS_CARD,Y
MERCH000456,Lakshmi & Co,5411,Grocery Stores / Supermarkets,Mumbai,MH,2024-10-28,672,LOW,1001.5,T+1,QR_INSTORE,Y
MERCH000457,Zenith Stores,7995,Betting / Gaming,Jaipur,RJ,2021-03-29,1981,HIGH,2103.67,T+1,QR_INSTORE,Y
MERCH000458,Sagar Depot,4722,Travel Agencies,Kolkata,WB,2023-12-03,1002,HIGH,15445.49,T+1,QR_INSTORE,Y
MERCH000459,Kalpana Hub,5651,Family Clothing Stores,Jaipur,RJ,2024-07-05,787,MEDIUM,2020.29,T+1,QR_INSTORE,Y
MERCH000460,Nimbus Ventures,5814,Fast Food Restaurants,Ahmedabad,GJ,2021-06-06,1912,LOW,259.69,T+1,ONLINE_CHECKOUT,Y
MERCH000461,Prime Stores,5814,Fast Food Restaurants,Mumbai,MH,2025-08-06,390,LOW,189.95,T+1,ONLINE_CHECKOUT,Y
MERCH000462,Zenith Services,5411,Grocery Stores / Supermarkets,Guwahati,AS,2025-05-31,457,LOW,1046.24,T+1,QR_INSTORE,Y
MERCH000463,Krishna Ventures,5541,Service Stations (Fuel),Jaipur,RJ,2024-05-25,828,LOW,843.93,T+1,ONLINE_CHECKOUT,Y
MERCH000464,Zenith Supply,5651,Family Clothing Stores,Indore,MP,2026-02-21,191,MEDIUM,1088.35,T+1,ONLINE_CHECKOUT,Y
MERCH000465,Nova Traders,4722,Travel Agencies,Mumbai,MH,2026-01-27,216,HIGH,18047.54,T+2,ONLINE_CHECKOUT,Y
MERCH000466,Anand Enterprises,5999,Miscellaneous Retail,Bengaluru,KA,2021-03-18,1992,MEDIUM,984.46,T+2,ONLINE_CHECKOUT,N
MERCH000467,Shree Services,5814,Fast Food Restaurants,Pune,MH,2025-02-07,570,LOW,296.77,T+1,ONLINE_CHECKOUT,Y
MERCH000468,Zenith Mart,5814,Fast Food Restaurants,Mumbai,MH,2021-01-11,2058,LOW,275.14,T+1,ONLINE_CHECKOUT,Y
MERCH000469,Sagar Services,5411,Grocery Stores / Supermarkets,Jaipur,RJ,2022-05-17,1567,LOW,828.26,T+0,ONLINE_CHECKOUT,Y
MERCH000470,Krishna Ventures,5411,Grocery Stores / Supermarkets,Panaji,GA,2021-10-14,1782,LOW,641.27,T+2,POS_CARD,Y
MERCH000471,Aster Services,5912,Drug Stores / Pharmacies,Panaji,GA,2021-06-11,1907,LOW,372.11,T+1,QR_INSTORE,Y
MERCH000472,Prime Services,5814,Fast Food Restaurants,Chandigarh,CH,2020-08-28,2194,LOW,197.47,T+1,QR_INSTORE,Y
MERCH000473,Sagar Stores,5814,Fast Food Restaurants,Chennai,TN,2023-03-31,1249,LOW,270.51,T+2,QR_INSTORE,Y
MERCH000474,Sagar Services,5999,Miscellaneous Retail,Ahmedabad,GJ,2024-05-01,852,MEDIUM,1204.81,T+1,ONLINE_CHECKOUT,Y
MERCH000475,Sagar Hub,5967,Direct Marketing - Inbound,Hyderabad,TG,2024-01-23,951,HIGH,1336.9,T+1,QR_INSTORE,Y
MERCH000476,Nimbus Ventures,5411,Grocery Stores / Supermarkets,Jaipur,RJ,2023-04-06,1243,LOW,913.54,T+1,QR_INSTORE,Y
MERCH000477,Bharat Stores,4900,Utilities - Electric/Gas/Water,Mumbai,MH,2021-08-05,1852,LOW,1538.83,T+1,POS_CARD,Y
MERCH000478,Bharat Depot,5814,Fast Food Restaurants,Lucknow,UP,2021-02-19,2019,LOW,328.09,T+2,QR_INSTORE,Y
MERCH000479,Zenith Services,4722,Travel Agencies,Pune,MH,2022-10-18,1413,HIGH,25607.04,T+2,ONLINE_CHECKOUT,Y
MERCH000480,Lakshmi Traders,5541,Service Stations (Fuel),Chennai,TN,2021-03-28,1982,LOW,2079.43,T+1,POS_CARD,Y
MERCH000481,Prime & Co,5541,Service Stations (Fuel),Kochi,KL,2026-06-11,81,MEDIUM,1213.08,T+1,QR_INSTORE,Y
MERCH000482,Krishna Hub,5411,Grocery Stores / Supermarkets,Nagpur,MH,2022-02-11,1662,LOW,713.38,T+1,QR_INSTORE,Y
MERCH000483,Krishna Enterprises,7011,Hotels / Lodging,Indore,MP,2022-08-22,1470,MEDIUM,4966.53,T+2,QR_INSTORE,Y
MERCH000484,Urban Traders,5411,Grocery Stores / Supermarkets,Kochi,KL,2022-05-31,1553,LOW,736.42,T+1,ONLINE_CHECKOUT,Y
MERCH000485,Nimbus Retail,5912,Drug Stores / Pharmacies,Nagpur,MH,2022-06-25,1528,LOW,387.16,T+1,ONLINE_CHECKOUT,Y
MERCH000486,Rohan & Co,5541,Service Stations (Fuel),Chennai,TN,2024-05-04,849,LOW,1379.25,T+1,QR_INSTORE,Y
MERCH000487,Bharat & Co,5814,Fast Food Restaurants,Delhi,DL,2023-08-17,1110,LOW,246.28,T+0,POS_CARD,Y
MERCH000488,Sagar Traders,5912,Drug Stores / Pharmacies,Indore,MP,2021-07-12,1876,LOW,638.25,T+2,ONLINE_CHECKOUT,Y
MERCH000489,Krishna Depot,7011,Hotels / Lodging,Mumbai,MH,2020-09-04,2187,MEDIUM,4453.75,T+2,ONLINE_CHECKOUT,Y
MERCH000490,Kalpana Ventures,5651,Family Clothing Stores,Chandigarh,CH,2023-01-11,1328,MEDIUM,1807.02,T+1,QR_INSTORE,Y
MERCH000491,Anand Supply,5999,Miscellaneous Retail,Ahmedabad,GJ,2024-10-26,674,MEDIUM,772.61,T+1,QR_INSTORE,Y
MERCH000492,Rohan Supply,5912,Drug Stores / Pharmacies,Guwahati,AS,2022-09-22,1439,LOW,654.31,T+1,QR_INSTORE,Y
MERCH000493,Aster Solutions,5814,Fast Food Restaurants,Guwahati,AS,2026-05-22,101,LOW,262.38,T+1,QR_INSTORE,Y
MERCH000494,Nova Ventures,5912,Drug Stores / Pharmacies,Kolkata,WB,2026-06-16,76,MEDIUM,318.91,T+1,ONLINE_CHECKOUT,Y
MERCH000495,Metro Solutions,5541,Service Stations (Fuel),Guwahati,AS,2022-11-28,1372,LOW,1781.69,T+1,ONLINE_CHECKOUT,Y
MERCH000496,Anand Stores,5814,Fast Food Restaurants,Ahmedabad,GJ,2021-01-14,2055,LOW,365.49,T+2,QR_INSTORE,Y
MERCH000497,Sagar Supply,5541,Service Stations (Fuel),Jaipur,RJ,2025-03-02,547,LOW,1737.08,T+1,QR_INSTORE,Y
MERCH000498,Krishna Enterprises,5411,Grocery Stores / Supermarkets,Hyderabad,TG,2022-06-12,1541,LOW,812.83,T+1,QR_INSTORE,Y
MERCH000499,Kalpana Stores,5411,Grocery Stores / Supermarkets,Bengaluru,KA,2022-11-09,1391,HIGH,1154.67,T+1,ONLINE_CHECKOUT,Y
MERCH000500,Sagar Hub,7995,Betting / Gaming,Mumbai,MH,2024-04-01,882,HIGH,4774.83,T+1,ONLINE_CHECKOUT,Y
MERCH000501,Zenith Supply,4121,Taxicabs / Ride Hailing,Chennai,TN,2023-05-19,1200,LOW,174.95,T+1,QR_INSTORE,Y
MERCH000502,Aster Enterprises,7011,Hotels / Lodging,Lucknow,UP,2025-08-10,386,MEDIUM,9697.78,T+2,POS_CARD,Y
MERCH000503,Nimbus & Co,4121,Taxicabs / Ride Hailing,Nagpur,MH,2023-03-16,1264,LOW,267.25,T+1,ONLINE_CHECKOUT,Y
MERCH000504,Krishna Mart,5541,Service Stations (Fuel),Delhi,DL,2022-10-19,1412,LOW,1313.99,T+2,QR_INSTORE,Y
MERCH000505,Urban Services,5411,Grocery Stores / Supermarkets,Guwahati,AS,2023-01-09,1330,LOW,601.51,T+1,ONLINE_CHECKOUT,Y
MERCH000506,Bharat & Co,5999,Miscellaneous Retail,Indore,MP,2023-02-28,1280,MEDIUM,949.71,T+2,QR_INSTORE,Y
MERCH000507,Vertex Mart,5411,Grocery Stores / Supermarkets,Chennai,TN,2024-07-03,789,LOW,896.53,T+2,QR_INSTORE,Y
MERCH000508,Krishna Ventures,5411,Grocery Stores / Supermarkets,Guwahati,AS,2025-04-04,514,LOW,1013.15,T+1,ONLINE_CHECKOUT,N
MERCH000509,Bharat Stores,5732,Electronics Stores,Chandigarh,CH,2022-05-13,1571,MEDIUM,12654.26,T+1,ONLINE_CHECKOUT,Y
MERCH000510,Vertex Mart,5411,Grocery Stores / Supermarkets,Delhi,DL,2025-02-23,554,LOW,712.25,T+2,ONLINE_CHECKOUT,Y
MERCH000511,Urban Hub,5999,Miscellaneous Retail,Chandigarh,CH,2021-12-25,1710,MEDIUM,617.22,T+1,ONLINE_CHECKOUT,Y
MERCH000512,Shree Enterprises,5411,Grocery Stores / Supermarkets,Kolkata,WB,2026-03-01,183,LOW,816.24,T+1,QR_INSTORE,Y
MERCH000513,Rohan & Co,5814,Fast Food Restaurants,Ahmedabad,GJ,2026-05-03,120,LOW,319.87,T+1,POS_CARD,Y
MERCH000514,Kalpana Depot,5912,Drug Stores / Pharmacies,Jaipur,RJ,2025-05-02,486,LOW,316.35,T+1,ONLINE_CHECKOUT,Y
MERCH000515,Rohan Supply,5814,Fast Food Restaurants,Bengaluru,KA,2021-10-30,1766,LOW,243.12,T+1,QR_INSTORE,Y
MERCH000516,Lakshmi Traders,5541,Service Stations (Fuel),Pune,MH,2020-10-08,2153,LOW,1662.86,T+0,ONLINE_CHECKOUT,Y
MERCH000517,Shree Traders,5999,Miscellaneous Retail,Nagpur,MH,2024-12-20,619,MEDIUM,1296.3,T+2,QR_INSTORE,Y
MERCH000518,Nimbus Stores,5912,Drug Stores / Pharmacies,Ahmedabad,GJ,2020-12-26,2074,LOW,477.66,T+1,ONLINE_CHECKOUT,Y
MERCH000519,Nimbus Traders,5814,Fast Food Restaurants,Hyderabad,TG,2026-07-31,31,MEDIUM,201.85,T+2,ONLINE_CHECKOUT,Y
MERCH000520,Bharat Stores,5814,Fast Food Restaurants,Mumbai,MH,2024-07-02,790,LOW,334.5,T+1,ONLINE_CHECKOUT,Y
MERCH000521,Vertex Services,4722,Travel Agencies,Jaipur,RJ,2021-09-11,1815,HIGH,23506.35,T+1,QR_INSTORE,Y
MERCH000522,Krishna Services,6051,Quasi-Cash / Wallet Load,Ahmedabad,GJ,2020-12-22,2078,HIGH,5657.88,T+1,ONLINE_CHECKOUT,Y
MERCH000523,Krishna Ventures,5651,Family Clothing Stores,Lucknow,UP,2021-03-08,2002,MEDIUM,2566.85,T+1,ONLINE_CHECKOUT,Y
MERCH000524,Metro Solutions,4722,Travel Agencies,Mumbai,MH,2025-04-18,500,HIGH,29717.92,T+1,POS_CARD,Y
MERCH000525,Vertex Stores,5912,Drug Stores / Pharmacies,Kolkata,WB,2020-10-19,2142,LOW,360.71,T+1,QR_INSTORE,Y
MERCH000526,Lakshmi Hub,5541,Service Stations (Fuel),Ahmedabad,GJ,2023-02-24,1284,LOW,1967.18,T+1,POS_CARD,Y
MERCH000527,Nova Mart,5999,Miscellaneous Retail,Chandigarh,CH,2022-01-24,1680,MEDIUM,935.73,T+0,QR_INSTORE,Y
MERCH000528,Shree Traders,5912,Drug Stores / Pharmacies,Chennai,TN,2023-10-04,1062,LOW,403.87,T+1,QR_INSTORE,Y
MERCH000529,Urban Stores,5967,Direct Marketing - Inbound,Pune,MH,2023-01-25,1314,HIGH,962.87,T+1,ONLINE_CHECKOUT,Y
MERCH000530,Anand Hub,5912,Drug Stores / Pharmacies,Panaji,GA,2023-10-31,1035,LOW,516.33,T+1,POS_CARD,Y
MERCH000531,Kalpana Supply,5541,Service Stations (Fuel),Kolkata,WB,2021-08-05,1852,LOW,853.14,T+1,QR_INSTORE,Y
MERCH000532,Metro & Co,7011,Hotels / Lodging,Pune,MH,2025-03-09,540,MEDIUM,9148.01,T+1,POS_CARD,Y
MERCH000533,Metro Stores,5411,Grocery Stores / Supermarkets,Kolkata,WB,2024-03-09,905,LOW,1095.76,T+1,ONLINE_CHECKOUT,Y
MERCH000534,Urban Solutions,4900,Utilities - Electric/Gas/Water,Kochi,KL,2024-06-28,794,LOW,1374.05,T+0,ONLINE_CHECKOUT,Y
MERCH000535,Rohan Traders,4121,Taxicabs / Ride Hailing,Kochi,KL,2021-12-28,1707,LOW,153.78,T+1,POS_CARD,Y
MERCH000536,Bharat Enterprises,5411,Grocery Stores / Supermarkets,Kolkata,WB,2025-01-07,601,LOW,1176.92,T+1,ONLINE_CHECKOUT,Y
MERCH000537,Aster Hub,5912,Drug Stores / Pharmacies,Panaji,GA,2021-01-20,2049,LOW,408.24,T+2,QR_INSTORE,Y
MERCH000538,Aster Enterprises,7011,Hotels / Lodging,Indore,MP,2022-07-23,1500,MEDIUM,8536.6,T+1,ONLINE_CHECKOUT,Y
MERCH000539,Zenith Hub,5912,Drug Stores / Pharmacies,Chennai,TN,2024-09-06,724,LOW,674.49,T+1,ONLINE_CHECKOUT,Y
MERCH000540,Lakshmi Retail,5912,Drug Stores / Pharmacies,Bengaluru,KA,2024-07-19,773,LOW,416.92,T+2,ONLINE_CHECKOUT,Y
MERCH000541,Rohan Traders,5411,Grocery Stores / Supermarkets,Mumbai,MH,2020-12-30,2070,LOW,806.15,T+1,ONLINE_CHECKOUT,Y
MERCH000542,Nimbus Solutions,4900,Utilities - Electric/Gas/Water,Ahmedabad,GJ,2022-12-23,1347,LOW,2229.47,T+1,QR_INSTORE,Y
MERCH000543,Nimbus Supply,5814,Fast Food Restaurants,Kolkata,WB,2023-12-02,1003,LOW,364.77,T+1,ONLINE_CHECKOUT,Y
MERCH000544,Anand Services,5651,Family Clothing Stores,Panaji,GA,2025-02-08,569,MEDIUM,2304.57,T+0,ONLINE_CHECKOUT,Y
MERCH000545,Nova Mart,7011,Hotels / Lodging,Jaipur,RJ,2023-09-30,1066,MEDIUM,6059.12,T+1,POS_CARD,Y
MERCH000546,Metro Hub,5814,Fast Food Restaurants,Ahmedabad,GJ,2026-03-30,154,LOW,301.03,T+1,QR_INSTORE,Y
MERCH000547,Krishna Ventures,5541,Service Stations (Fuel),Hyderabad,TG,2023-04-12,1237,LOW,900.6,T+1,POS_CARD,Y
MERCH000548,Nimbus Retail,5814,Fast Food Restaurants,Mumbai,MH,2021-11-01,1764,LOW,245.26,T+1,QR_INSTORE,Y
MERCH000549,Sagar Stores,5912,Drug Stores / Pharmacies,Pune,MH,2024-08-16,745,LOW,688.63,T+1,QR_INSTORE,Y
MERCH000550,Nova Depot,4121,Taxicabs / Ride Hailing,Delhi,DL,2023-03-14,1266,LOW,329.03,T+1,QR_INSTORE,Y
MERCH000551,Nova Depot,5411,Grocery Stores / Supermarkets,Jaipur,RJ,2023-11-20,1015,LOW,743.3,T+1,QR_INSTORE,Y
MERCH000552,Nova Enterprises,5967,Direct Marketing - Inbound,Ahmedabad,GJ,2024-01-18,956,HIGH,1563.62,T+1,QR_INSTORE,Y
MERCH000553,Sagar Traders,5814,Fast Food Restaurants,Bengaluru,KA,2023-05-21,1198,LOW,386.63,T+1,ONLINE_CHECKOUT,Y
MERCH000554,Lakshmi Enterprises,5814,Fast Food Restaurants,Hyderabad,TG,2025-02-08,569,LOW,360.41,T+1,ONLINE_CHECKOUT,Y
MERCH000555,Anand Depot,5814,Fast Food Restaurants,Ahmedabad,GJ,2022-03-29,1616,LOW,302.31,T+1,ONLINE_CHECKOUT,Y
MERCH000556,Aster Supply,5814,Fast Food Restaurants,Delhi,DL,2022-04-02,1612,LOW,206.27,T+1,QR_INSTORE,Y
MERCH000557,Zenith Solutions,5541,Service Stations (Fuel),Lucknow,UP,2023-12-18,987,LOW,1637.27,T+1,ONLINE_CHECKOUT,Y
MERCH000558,Zenith Traders,5814,Fast Food Restaurants,Chandigarh,CH,2025-09-13,352,LOW,327.91,T+1,ONLINE_CHECKOUT,Y
MERCH000559,Sagar & Co,5814,Fast Food Restaurants,Kochi,KL,2023-11-26,1009,LOW,257.86,T+2,ONLINE_CHECKOUT,Y
MERCH000560,Aster Retail,5814,Fast Food Restaurants,Ahmedabad,GJ,2023-02-16,1292,LOW,310.91,T+1,QR_INSTORE,Y
MERCH000561,Vertex Ventures,4121,Taxicabs / Ride Hailing,Chennai,TN,2024-01-29,945,LOW,182.27,T+1,POS_CARD,Y
MERCH000562,Nimbus Ventures,5814,Fast Food Restaurants,Lucknow,UP,2022-10-29,1402,LOW,212.46,T+1,ONLINE_CHECKOUT,Y
MERCH000563,Aster Supply,5541,Service Stations (Fuel),Ahmedabad,GJ,2021-10-24,1772,LOW,1107.41,T+1,ONLINE_CHECKOUT,Y
MERCH000564,Metro Ventures,4900,Utilities - Electric/Gas/Water,Lucknow,UP,2021-08-06,1851,LOW,2280.87,T+1,QR_INSTORE,Y
MERCH000565,Vertex Depot,4121,Taxicabs / Ride Hailing,Hyderabad,TG,2024-03-27,887,LOW,185.01,T+2,QR_INSTORE,Y
MERCH000566,Vertex Enterprises,5651,Family Clothing Stores,Indore,MP,2025-04-16,502,MEDIUM,1838.48,T+2,QR_INSTORE,Y
MERCH000567,Lakshmi Supply,5912,Drug Stores / Pharmacies,Ahmedabad,GJ,2022-01-09,1695,LOW,515.84,T+1,QR_INSTORE,Y
MERCH000568,Metro Solutions,5814,Fast Food Restaurants,Hyderabad,TG,2022-07-19,1504,LOW,298.81,T+1,QR_INSTORE,Y
MERCH000569,Urban Supply,4121,Taxicabs / Ride Hailing,Delhi,DL,2025-12-13,261,LOW,329.87,T+1,QR_INSTORE,N
MERCH000570,Prime Retail,5651,Family Clothing Stores,Hyderabad,TG,2021-03-17,1993,MEDIUM,1222.01,T+1,QR_INSTORE,Y
MERCH000571,Vertex Hub,5912,Drug Stores / Pharmacies,Mumbai,MH,2025-09-01,364,LOW,501.49,T+1,ONLINE_CHECKOUT,Y
MERCH000572,Prime Enterprises,5411,Grocery Stores / Supermarkets,Chandigarh,CH,2021-12-11,1724,HIGH,944.95,T+1,POS_CARD,Y
MERCH000573,Nimbus Hub,4722,Travel Agencies,Lucknow,UP,2024-12-02,637,HIGH,28539.6,T+1,ONLINE_CHECKOUT,Y
MERCH000574,Kalpana Ventures,5912,Drug Stores / Pharmacies,Mumbai,MH,2021-01-05,2064,LOW,654.9,T+1,ONLINE_CHECKOUT,Y
MERCH000575,Anand Depot,5411,Grocery Stores / Supermarkets,Nagpur,MH,2025-12-27,247,MEDIUM,1250.11,T+1,POS_CARD,Y
MERCH000576,Zenith Hub,5814,Fast Food Restaurants,Ahmedabad,GJ,2025-11-04,300,LOW,201.8,T+1,QR_INSTORE,Y
MERCH000577,Nimbus Retail,4900,Utilities - Electric/Gas/Water,Chennai,TN,2022-11-14,1386,LOW,1250.21,T+1,ONLINE_CHECKOUT,Y
MERCH000578,Bharat & Co,5541,Service Stations (Fuel),Nagpur,MH,2023-12-28,977,LOW,1990.14,T+2,ONLINE_CHECKOUT,Y
MERCH000579,Rohan Mart,5411,Grocery Stores / Supermarkets,Delhi,DL,2024-11-21,648,LOW,952.26,T+2,QR_INSTORE,Y
MERCH000580,Metro Traders,4900,Utilities - Electric/Gas/Water,Delhi,DL,2023-02-11,1297,LOW,1754.3,T+1,POS_CARD,Y
MERCH000581,Bharat Retail,4900,Utilities - Electric/Gas/Water,Chandigarh,CH,2021-10-26,1770,LOW,2830.27,T+1,QR_INSTORE,Y
MERCH000582,Sagar Solutions,5732,Electronics Stores,Indore,MP,2024-01-04,970,MEDIUM,8568.61,T+1,ONLINE_CHECKOUT,Y
MERCH000583,Vertex Ventures,5814,Fast Food Restaurants,Kolkata,WB,2021-03-20,1990,LOW,354.05,T+1,QR_INSTORE,Y
MERCH000584,Vertex Depot,4121,Taxicabs / Ride Hailing,Chennai,TN,2026-03-17,167,LOW,356.73,T+1,ONLINE_CHECKOUT,Y
MERCH000585,Prime Stores,5411,Grocery Stores / Supermarkets,Delhi,DL,2021-03-05,2005,LOW,539.9,T+2,ONLINE_CHECKOUT,Y
MERCH000586,Shree Solutions,5912,Drug Stores / Pharmacies,Panaji,GA,2020-11-11,2119,MEDIUM,775.79,T+1,ONLINE_CHECKOUT,Y
MERCH000587,Aster Retail,6051,Quasi-Cash / Wallet Load,Ahmedabad,GJ,2025-05-15,473,HIGH,4155.37,T+1,ONLINE_CHECKOUT,Y
MERCH000588,Aster Depot,5814,Fast Food Restaurants,Mumbai,MH,2025-03-28,521,LOW,215.03,T+1,ONLINE_CHECKOUT,Y
MERCH000589,Krishna Traders,5814,Fast Food Restaurants,Guwahati,AS,2023-09-23,1073,LOW,332.53,T+1,QR_INSTORE,Y
MERCH000590,Urban Solutions,5541,Service Stations (Fuel),Guwahati,AS,2021-01-08,2061,LOW,995.22,T+2,QR_INSTORE,Y
MERCH000591,Zenith Enterprises,5999,Miscellaneous Retail,Delhi,DL,2025-06-06,451,MEDIUM,1052.45,T+1,QR_INSTORE,Y
MERCH000592,Aster Services,7011,Hotels / Lodging,Chennai,TN,2021-02-17,2021,MEDIUM,8098.86,T+1,ONLINE_CHECKOUT,Y
MERCH000593,Metro Depot,5732,Electronics Stores,Kolkata,WB,2026-01-12,231,MEDIUM,10325.24,T+1,POS_CARD,Y
MERCH000594,Lakshmi Solutions,5999,Miscellaneous Retail,Pune,MH,2023-10-06,1060,MEDIUM,1152.0,T+1,ONLINE_CHECKOUT,Y
MERCH000595,Nova Mart,4722,Travel Agencies,Kolkata,WB,2022-08-10,1482,HIGH,15336.34,T+1,ONLINE_CHECKOUT,Y
MERCH000596,Anand Stores,5814,Fast Food Restaurants,Jaipur,RJ,2022-01-29,1675,LOW,179.28,T+1,QR_INSTORE,Y
MERCH000597,Krishna Mart,5651,Family Clothing Stores,Kochi,KL,2023-07-16,1142,MEDIUM,2034.93,T+1,QR_INSTORE,Y
MERCH000598,Zenith Enterprises,5411,Grocery Stores / Supermarkets,Indore,MP,2024-01-10,964,LOW,1006.93,T+1,ONLINE_CHECKOUT,Y
MERCH000599,Urban Mart,5411,Grocery Stores / Supermarkets,Nagpur,MH,2022-03-22,1623,LOW,1182.25,T+1,QR_INSTORE,Y
MERCH000600,Krishna Ventures,5912,Drug Stores / Pharmacies,Pune,MH,2021-05-24,1925,LOW,382.42,T+1,QR_INSTORE,Y
MERCH000601,Prime Services,5732,Electronics Stores,Hyderabad,TG,2022-01-16,1688,MEDIUM,12954.37,T+1,QR_INSTORE,Y
MERCH000602,Urban Ventures,5541,Service Stations (Fuel),Guwahati,AS,2024-12-01,638,LOW,1266.16,T+2,QR_INSTORE,Y
MERCH000603,Sagar Retail,5999,Miscellaneous Retail,Pune,MH,2024-02-18,925,MEDIUM,852.52,T+1,ONLINE_CHECKOUT,Y
MERCH000604,Metro Ventures,4121,Taxicabs / Ride Hailing,Ahmedabad,GJ,2021-07-22,1866,LOW,246.74,T+1,QR_INSTORE,Y
MERCH000605,Rohan Hub,5912,Drug Stores / Pharmacies,Hyderabad,TG,2025-06-22,435,LOW,400.87,T+2,QR_INSTORE,Y
MERCH000606,Kalpana & Co,5814,Fast Food Restaurants,Jaipur,RJ,2020-10-06,2155,LOW,330.91,T+2,ONLINE_CHECKOUT,Y
MERCH000607,Anand Mart,5814,Fast Food Restaurants,Kolkata,WB,2026-04-18,135,LOW,327.09,T+1,ONLINE_CHECKOUT,Y
MERCH000608,Shree Services,5912,Drug Stores / Pharmacies,Ahmedabad,GJ,2023-02-23,1285,LOW,452.18,T+1,QR_INSTORE,Y
MERCH000609,Vertex Mart,5814,Fast Food Restaurants,Guwahati,AS,2022-06-14,1539,LOW,383.62,T+1,QR_INSTORE,Y
MERCH000610,Bharat Services,5912,Drug Stores / Pharmacies,Lucknow,UP,2021-03-23,1987,LOW,482.92,T+2,QR_INSTORE,Y
MERCH000611,Nimbus & Co,4722,Travel Agencies,Mumbai,MH,2024-11-11,658,HIGH,14817.43,T+1,POS_CARD,Y
MERCH000612,Sagar Stores,5814,Fast Food Restaurants,Indore,MP,2023-03-20,1260,LOW,240.76,T+2,QR_INSTORE,Y
MERCH000613,Lakshmi Services,5411,Grocery Stores / Supermarkets,Indore,MP,2021-05-06,1943,LOW,1245.59,T+1,QR_INSTORE,Y
MERCH000614,Anand Traders,7011,Hotels / Lodging,Mumbai,MH,2024-01-27,947,MEDIUM,5610.67,T+1,QR_INSTORE,Y
MERCH000615,Vertex Traders,5541,Service Stations (Fuel),Lucknow,UP,2025-08-15,381,LOW,1165.22,T+2,ONLINE_CHECKOUT,Y
MERCH000616,Rohan Depot,5411,Grocery Stores / Supermarkets,Pune,MH,2024-04-22,861,LOW,918.75,T+1,POS_CARD,Y
MERCH000617,Bharat Traders,5411,Grocery Stores / Supermarkets,Lucknow,UP,2023-12-18,987,LOW,1130.61,T+1,QR_INSTORE,Y
MERCH000618,Prime Traders,4121,Taxicabs / Ride Hailing,Lucknow,UP,2025-04-12,506,LOW,295.98,T+1,POS_CARD,Y
MERCH000619,Bharat Retail,5732,Electronics Stores,Nagpur,MH,2022-02-16,1657,MEDIUM,7817.85,T+1,ONLINE_CHECKOUT,Y
MERCH000620,Sagar Solutions,5999,Miscellaneous Retail,Delhi,DL,2026-08-02,29,HIGH,818.21,T+1,ONLINE_CHECKOUT,Y
MERCH000621,Urban Ventures,4900,Utilities - Electric/Gas/Water,Guwahati,AS,2022-02-21,1652,LOW,1359.6,T+1,QR_INSTORE,Y
MERCH000622,Shree & Co,5912,Drug Stores / Pharmacies,Chandigarh,CH,2026-02-20,192,LOW,470.02,T+1,QR_INSTORE,Y
MERCH000623,Krishna Depot,6051,Quasi-Cash / Wallet Load,Hyderabad,TG,2021-03-05,2005,HIGH,4356.67,T+1,ONLINE_CHECKOUT,N
MERCH000624,Rohan Depot,5651,Family Clothing Stores,Guwahati,AS,2025-06-21,436,MEDIUM,2668.52,T+1,ONLINE_CHECKOUT,Y
MERCH000625,Rohan Services,4121,Taxicabs / Ride Hailing,Indore,MP,2022-02-10,1663,LOW,295.2,T+0,ONLINE_CHECKOUT,Y
MERCH000626,Lakshmi Retail,4900,Utilities - Electric/Gas/Water,Indore,MP,2022-02-19,1654,MEDIUM,2316.3,T+1,QR_INSTORE,Y
MERCH000627,Anand Stores,4900,Utilities - Electric/Gas/Water,Nagpur,MH,2024-03-19,895,LOW,2733.0,T+1,ONLINE_CHECKOUT,Y
MERCH000628,Anand Solutions,4900,Utilities - Electric/Gas/Water,Pune,MH,2022-02-21,1652,LOW,1149.07,T+1,QR_INSTORE,Y
MERCH000629,Nimbus Solutions,5814,Fast Food Restaurants,Nagpur,MH,2023-01-05,1334,LOW,270.39,T+2,ONLINE_CHECKOUT,Y
MERCH000630,Metro Mart,5541,Service Stations (Fuel),Ahmedabad,GJ,2023-11-25,1010,LOW,1308.35,T+1,QR_INSTORE,Y
MERCH000631,Aster Services,6051,Quasi-Cash / Wallet Load,Nagpur,MH,2024-02-05,938,HIGH,6271.31,T+1,QR_INSTORE,Y
MERCH000632,Urban Retail,5732,Electronics Stores,Bengaluru,KA,2023-03-01,1279,MEDIUM,12208.14,T+2,QR_INSTORE,Y
MERCH000633,Prime Hub,5411,Grocery Stores / Supermarkets,Ahmedabad,GJ,2023-02-15,1293,LOW,1095.91,T+1,ONLINE_CHECKOUT,Y
MERCH000634,Bharat Ventures,5967,Direct Marketing - Inbound,Lucknow,UP,2025-12-16,258,HIGH,1010.94,T+2,ONLINE_CHECKOUT,Y
MERCH000635,Kalpana Ventures,5411,Grocery Stores / Supermarkets,Kolkata,WB,2022-06-01,1552,LOW,1256.1,T+1,QR_INSTORE,Y
MERCH000636,Bharat & Co,5814,Fast Food Restaurants,Indore,MP,2021-03-20,1990,LOW,333.59,T+1,ONLINE_CHECKOUT,Y
MERCH000637,Krishna Supply,5814,Fast Food Restaurants,Chennai,TN,2021-12-06,1729,LOW,256.64,T+1,POS_CARD,Y
MERCH000638,Aster Ventures,5814,Fast Food Restaurants,Chennai,TN,2021-01-21,2048,LOW,359.67,T+1,QR_INSTORE,N
MERCH000639,Vertex Hub,5999,Miscellaneous Retail,Ahmedabad,GJ,2020-10-30,2131,MEDIUM,950.14,T+1,ONLINE_CHECKOUT,Y
MERCH000640,Krishna Depot,5814,Fast Food Restaurants,Nagpur,MH,2021-10-29,1767,LOW,377.76,T+2,POS_CARD,Y
MERCH000641,Nimbus Ventures,5411,Grocery Stores / Supermarkets,Kochi,KL,2021-04-05,1974,LOW,660.33,T+2,POS_CARD,Y
MERCH000642,Urban Enterprises,4900,Utilities - Electric/Gas/Water,Panaji,GA,2021-03-03,2007,LOW,2693.86,T+1,ONLINE_CHECKOUT,N
MERCH000643,Rohan Ventures,4121,Taxicabs / Ride Hailing,Delhi,DL,2022-12-03,1367,LOW,326.25,T+1,QR_INSTORE,N
MERCH000644,Sagar Enterprises,5411,Grocery Stores / Supermarkets,Lucknow,UP,2025-01-10,598,LOW,835.79,T+2,ONLINE_CHECKOUT,Y
MERCH000645,Aster Mart,5411,Grocery Stores / Supermarkets,Bengaluru,KA,2024-09-07,723,LOW,952.19,T+1,ONLINE_CHECKOUT,Y
MERCH000646,Vertex Hub,5411,Grocery Stores / Supermarkets,Lucknow,UP,2023-10-16,1050,MEDIUM,1020.69,T+0,QR_INSTORE,Y
MERCH000647,Urban Retail,5732,Electronics Stores,Indore,MP,2020-10-10,2151,MEDIUM,9097.46,T+1,QR_INSTORE,Y
MERCH000648,Aster Hub,4900,Utilities - Electric/Gas/Water,Chennai,TN,2023-11-23,1012,LOW,1852.85,T+1,ONLINE_CHECKOUT,Y
MERCH000649,Vertex Enterprises,5814,Fast Food Restaurants,Chandigarh,CH,2024-03-06,908,LOW,362.11,T+1,QR_INSTORE,Y
MERCH000650,Nimbus Ventures,5411,Grocery Stores / Supermarkets,Pune,MH,2025-01-20,588,LOW,1196.98,T+1,QR_INSTORE,Y
MERCH000651,Vertex Enterprises,5814,Fast Food Restaurants,Ahmedabad,GJ,2024-05-30,823,LOW,226.06,T+1,POS_CARD,Y
MERCH000652,Vertex Hub,5814,Fast Food Restaurants,Chandigarh,CH,2025-04-04,514,LOW,294.88,T+1,POS_CARD,Y
MERCH000653,Rohan Hub,5541,Service Stations (Fuel),Jaipur,RJ,2021-03-12,1998,LOW,940.64,T+1,ONLINE_CHECKOUT,Y
MERCH000654,Lakshmi Mart,4722,Travel Agencies,Delhi,DL,2021-02-10,2028,HIGH,30661.87,T+1,ONLINE_CHECKOUT,N
MERCH000655,Shree Ventures,4900,Utilities - Electric/Gas/Water,Hyderabad,TG,2023-08-02,1125,LOW,2668.5,T+1,QR_INSTORE,Y
MERCH000656,Nimbus Ventures,5814,Fast Food Restaurants,Ahmedabad,GJ,2025-03-11,538,LOW,374.36,T+1,POS_CARD,Y
MERCH000657,Nimbus Solutions,5967,Direct Marketing - Inbound,Chennai,TN,2022-07-16,1507,HIGH,1234.57,T+1,QR_INSTORE,Y
MERCH000658,Sagar Mart,5411,Grocery Stores / Supermarkets,Hyderabad,TG,2022-12-02,1368,LOW,597.52,T+2,POS_CARD,Y
MERCH000659,Nimbus Solutions,5732,Electronics Stores,Pune,MH,2023-03-01,1279,MEDIUM,8631.3,T+1,POS_CARD,Y
MERCH000660,Anand Stores,4121,Taxicabs / Ride Hailing,Lucknow,UP,2022-07-23,1500,LOW,298.61,T+1,QR_INSTORE,Y
MERCH000661,Urban Solutions,5912,Drug Stores / Pharmacies,Kolkata,WB,2022-07-08,1515,LOW,778.59,T+1,ONLINE_CHECKOUT,N
MERCH000662,Kalpana Traders,5814,Fast Food Restaurants,Jaipur,RJ,2025-10-16,319,LOW,324.62,T+1,ONLINE_CHECKOUT,Y
MERCH000663,Zenith Retail,5814,Fast Food Restaurants,Kolkata,WB,2021-11-06,1759,LOW,277.5,T+1,ONLINE_CHECKOUT,Y
MERCH000664,Metro Solutions,5732,Electronics Stores,Pune,MH,2025-12-18,256,MEDIUM,14666.07,T+1,ONLINE_CHECKOUT,Y
MERCH000665,Nimbus Hub,7011,Hotels / Lodging,Panaji,GA,2026-02-06,206,MEDIUM,8181.26,T+1,QR_INSTORE,Y
MERCH000666,Nova Traders,7011,Hotels / Lodging,Jaipur,RJ,2025-09-20,345,MEDIUM,6190.94,T+1,QR_INSTORE,Y
MERCH000667,Bharat Services,5814,Fast Food Restaurants,Indore,MP,2024-10-11,689,LOW,254.04,T+1,POS_CARD,Y
MERCH000668,Nimbus & Co,5732,Electronics Stores,Mumbai,MH,2022-03-23,1622,MEDIUM,7669.55,T+2,ONLINE_CHECKOUT,Y
MERCH000669,Bharat Ventures,5912,Drug Stores / Pharmacies,Indore,MP,2020-11-13,2117,LOW,386.99,T+1,QR_INSTORE,Y
MERCH000670,Sagar Depot,6051,Quasi-Cash / Wallet Load,Delhi,DL,2022-11-20,1380,HIGH,6543.46,T+1,ONLINE_CHECKOUT,Y
MERCH000671,Nova Supply,5411,Grocery Stores / Supermarkets,Delhi,DL,2024-11-16,653,LOW,765.97,T+2,ONLINE_CHECKOUT,Y
MERCH000672,Kalpana Mart,5999,Miscellaneous Retail,Jaipur,RJ,2023-07-20,1138,MEDIUM,1372.79,T+2,ONLINE_CHECKOUT,Y
MERCH000673,Rohan & Co,5411,Grocery Stores / Supermarkets,Indore,MP,2023-09-04,1092,LOW,923.58,T+1,QR_INSTORE,Y
MERCH000674,Nimbus Supply,4900,Utilities - Electric/Gas/Water,Indore,MP,2024-06-03,819,LOW,1722.1,T+1,ONLINE_CHECKOUT,Y
MERCH000675,Sagar Ventures,5999,Miscellaneous Retail,Nagpur,MH,2021-05-02,1947,MEDIUM,770.51,T+0,POS_CARD,Y
MERCH000676,Lakshmi Traders,5651,Family Clothing Stores,Delhi,DL,2026-04-25,128,MEDIUM,2011.38,T+1,ONLINE_CHECKOUT,Y
MERCH000677,Anand Ventures,5912,Drug Stores / Pharmacies,Bengaluru,KA,2025-02-18,559,LOW,446.45,T+0,QR_INSTORE,Y
MERCH000678,Nova Supply,5732,Electronics Stores,Kochi,KL,2022-02-12,1661,MEDIUM,8992.03,T+1,POS_CARD,Y
MERCH000679,Kalpana Services,5541,Service Stations (Fuel),Guwahati,AS,2025-06-06,451,LOW,1792.79,T+1,QR_INSTORE,Y
MERCH000680,Nimbus Supply,5814,Fast Food Restaurants,Ahmedabad,GJ,2024-08-13,748,LOW,314.84,T+1,ONLINE_CHECKOUT,Y
MERCH000681,Bharat Retail,5967,Direct Marketing - Inbound,Panaji,GA,2023-05-04,1215,HIGH,1133.0,T+1,QR_INSTORE,Y
MERCH000682,Kalpana Traders,5814,Fast Food Restaurants,Indore,MP,2021-07-28,1860,LOW,382.94,T+1,ONLINE_CHECKOUT,Y
MERCH000683,Bharat Ventures,5912,Drug Stores / Pharmacies,Pune,MH,2023-04-28,1221,LOW,421.32,T+1,QR_INSTORE,Y
MERCH000684,Shree Depot,5651,Family Clothing Stores,Hyderabad,TG,2021-04-17,1962,MEDIUM,1543.01,T+1,QR_INSTORE,Y
MERCH000685,Rohan Mart,5814,Fast Food Restaurants,Panaji,GA,2024-04-13,870,LOW,308.02,T+1,QR_INSTORE,Y
MERCH000686,Bharat & Co,4121,Taxicabs / Ride Hailing,Hyderabad,TG,2026-02-03,209,LOW,168.85,T+0,POS_CARD,Y
MERCH000687,Kalpana Mart,5912,Drug Stores / Pharmacies,Ahmedabad,GJ,2025-07-24,403,LOW,399.95,T+2,ONLINE_CHECKOUT,Y
MERCH000688,Nova Solutions,5814,Fast Food Restaurants,Guwahati,AS,2024-04-12,871,LOW,272.94,T+2,POS_CARD,Y
MERCH000689,Krishna Enterprises,5541,Service Stations (Fuel),Chandigarh,CH,2020-11-12,2118,LOW,1728.92,T+1,ONLINE_CHECKOUT,Y
MERCH000690,Lakshmi Depot,7011,Hotels / Lodging,Chandigarh,CH,2024-03-21,893,MEDIUM,7107.3,T+1,POS_CARD,Y
MERCH000691,Zenith Hub,5814,Fast Food Restaurants,Pune,MH,2022-03-31,1614,LOW,228.37,T+1,QR_INSTORE,Y
MERCH000692,Sagar Stores,5814,Fast Food Restaurants,Jaipur,RJ,2023-09-08,1088,LOW,376.74,T+1,QR_INSTORE,Y
MERCH000693,Zenith Enterprises,5732,Electronics Stores,Chennai,TN,2025-05-27,461,MEDIUM,14694.65,T+1,POS_CARD,Y
MERCH000694,Kalpana Solutions,4121,Taxicabs / Ride Hailing,Panaji,GA,2022-07-11,1512,LOW,235.72,T+1,QR_INSTORE,Y
MERCH000695,Urban Traders,5967,Direct Marketing - Inbound,Pune,MH,2021-01-12,2057,HIGH,1813.4,T+1,QR_INSTORE,Y
MERCH000696,Metro Depot,6051,Quasi-Cash / Wallet Load,Ahmedabad,GJ,2021-01-29,2040,HIGH,6204.17,T+1,POS_CARD,Y
MERCH000697,Sagar Retail,4722,Travel Agencies,Chandigarh,CH,2024-02-29,914,HIGH,28390.35,T+1,QR_INSTORE,Y
MERCH000698,Krishna Stores,6051,Quasi-Cash / Wallet Load,Jaipur,RJ,2025-12-02,272,HIGH,4442.1,T+1,QR_INSTORE,Y
MERCH000699,Rohan Hub,5651,Family Clothing Stores,Kochi,KL,2021-02-12,2026,MEDIUM,1119.55,T+1,QR_INSTORE,Y
MERCH000700,Zenith Hub,5732,Electronics Stores,Jaipur,RJ,2025-05-31,457,MEDIUM,13334.86,T+1,ONLINE_CHECKOUT,Y
MERCH000701,Urban Mart,5651,Family Clothing Stores,Lucknow,UP,2020-11-30,2100,MEDIUM,2655.79,T+2,ONLINE_CHECKOUT,Y
MERCH000702,Nova Enterprises,5732,Electronics Stores,Chennai,TN,2024-10-25,675,MEDIUM,16948.81,T+1,QR_INSTORE,Y
MERCH000703,Krishna Traders,5999,Miscellaneous Retail,Mumbai,MH,2021-01-03,2066,MEDIUM,1030.01,T+0,ONLINE_CHECKOUT,Y
MERCH000704,Bharat Hub,5912,Drug Stores / Pharmacies,Chandigarh,CH,2026-05-29,94,LOW,569.0,T+1,ONLINE_CHECKOUT,Y
MERCH000705,Shree Ventures,5411,Grocery Stores / Supermarkets,Chennai,TN,2023-03-27,1253,LOW,660.67,T+2,POS_CARD,Y
MERCH000706,Metro Ventures,5912,Drug Stores / Pharmacies,Kochi,KL,2021-12-10,1725,LOW,753.38,T+0,QR_INSTORE,Y
MERCH000707,Zenith Supply,5411,Grocery Stores / Supermarkets,Pune,MH,2023-09-14,1082,LOW,1112.67,T+2,ONLINE_CHECKOUT,Y
MERCH000708,Shree Depot,5814,Fast Food Restaurants,Panaji,GA,2021-02-14,2024,LOW,342.52,T+1,ONLINE_CHECKOUT,Y
MERCH000709,Aster Mart,4900,Utilities - Electric/Gas/Water,Kochi,KL,2022-01-22,1682,LOW,1661.0,T+2,POS_CARD,Y
MERCH000710,Sagar Services,6051,Quasi-Cash / Wallet Load,Nagpur,MH,2026-05-10,113,HIGH,5859.99,T+1,ONLINE_CHECKOUT,Y
MERCH000711,Nova Hub,4722,Travel Agencies,Chennai,TN,2023-04-08,1241,HIGH,28351.96,T+1,QR_INSTORE,Y
MERCH000712,Nimbus Supply,7995,Betting / Gaming,Panaji,GA,2025-07-08,419,HIGH,2741.02,T+1,POS_CARD,Y
MERCH000713,Shree Mart,5814,Fast Food Restaurants,Delhi,DL,2022-08-19,1473,LOW,316.68,T+1,ONLINE_CHECKOUT,Y
MERCH000714,Metro Services,5912,Drug Stores / Pharmacies,Kochi,KL,2023-02-06,1302,LOW,776.62,T+0,QR_INSTORE,Y
MERCH000715,Krishna Stores,7011,Hotels / Lodging,Chandigarh,CH,2021-05-03,1946,MEDIUM,4692.73,T+1,POS_CARD,Y
MERCH000716,Urban Mart,5732,Electronics Stores,Chandigarh,CH,2024-02-06,937,MEDIUM,10532.02,T+1,QR_INSTORE,Y
MERCH000717,Kalpana Ventures,5912,Drug Stores / Pharmacies,Guwahati,AS,2025-06-12,445,LOW,519.18,T+0,QR_INSTORE,Y
MERCH000718,Vertex Stores,7995,Betting / Gaming,Guwahati,AS,2026-03-14,170,HIGH,2957.21,T+1,QR_INSTORE,Y
MERCH000719,Metro Enterprises,5967,Direct Marketing - Inbound,Kolkata,WB,2025-10-19,316,MEDIUM,1110.7,T+1,POS_CARD,Y
MERCH000720,Bharat Depot,7995,Betting / Gaming,Pune,MH,2020-09-28,2163,HIGH,3729.51,T+1,QR_INSTORE,Y
MERCH000721,Vertex Hub,5732,Electronics Stores,Bengaluru,KA,2022-11-12,1388,MEDIUM,13795.61,T+1,QR_INSTORE,Y
MERCH000722,Vertex Ventures,7011,Hotels / Lodging,Kochi,KL,2025-06-23,434,MEDIUM,8707.19,T+0,ONLINE_CHECKOUT,Y
MERCH000723,Urban Traders,4121,Taxicabs / Ride Hailing,Nagpur,MH,2022-10-12,1419,LOW,170.44,T+1,QR_INSTORE,Y
MERCH000724,Zenith Retail,5999,Miscellaneous Retail,Chennai,TN,2023-10-27,1039,MEDIUM,1037.04,T+1,ONLINE_CHECKOUT,Y
MERCH000725,Krishna Depot,5411,Grocery Stores / Supermarkets,Guwahati,AS,2022-10-28,1403,LOW,721.41,T+0,POS_CARD,Y
MERCH000726,Kalpana Hub,5999,Miscellaneous Retail,Jaipur,RJ,2024-05-17,836,MEDIUM,835.91,T+1,QR_INSTORE,Y
MERCH000727,Bharat Mart,5411,Grocery Stores / Supermarkets,Chennai,TN,2024-03-07,907,LOW,975.28,T+0,ONLINE_CHECKOUT,Y
MERCH000728,Rohan Services,4121,Taxicabs / Ride Hailing,Lucknow,UP,2025-06-14,443,LOW,207.37,T+2,POS_CARD,Y
MERCH000729,Urban Supply,5732,Electronics Stores,Bengaluru,KA,2025-06-23,434,MEDIUM,8777.42,T+1,ONLINE_CHECKOUT,Y
MERCH000730,Rohan Ventures,5651,Family Clothing Stores,Pune,MH,2022-06-18,1535,MEDIUM,2348.4,T+2,ONLINE_CHECKOUT,Y
MERCH000731,Zenith Stores,5912,Drug Stores / Pharmacies,Kolkata,WB,2023-11-08,1027,LOW,364.68,T+1,ONLINE_CHECKOUT,Y
MERCH000732,Rohan Mart,6051,Quasi-Cash / Wallet Load,Nagpur,MH,2021-05-30,1919,HIGH,7159.14,T+1,ONLINE_CHECKOUT,Y
MERCH000733,Nova Mart,5411,Grocery Stores / Supermarkets,Bengaluru,KA,2021-02-09,2029,LOW,972.73,T+2,QR_INSTORE,N
MERCH000734,Lakshmi Depot,4722,Travel Agencies,Jaipur,RJ,2023-07-14,1144,HIGH,31362.36,T+1,QR_INSTORE,Y
MERCH000735,Metro Enterprises,7011,Hotels / Lodging,Indore,MP,2024-12-03,636,MEDIUM,6219.35,T+1,ONLINE_CHECKOUT,Y
MERCH000736,Shree Depot,5814,Fast Food Restaurants,Nagpur,MH,2021-01-20,2049,LOW,216.58,T+1,QR_INSTORE,Y
MERCH000737,Nova Traders,7995,Betting / Gaming,Indore,MP,2025-07-20,407,HIGH,2773.97,T+1,QR_INSTORE,Y
MERCH000738,Bharat Mart,5912,Drug Stores / Pharmacies,Pune,MH,2026-05-17,106,LOW,445.56,T+1,QR_INSTORE,Y
MERCH000739,Shree Services,5999,Miscellaneous Retail,Hyderabad,TG,2021-01-19,2050,MEDIUM,908.59,T+2,QR_INSTORE,Y
MERCH000740,Lakshmi Traders,5814,Fast Food Restaurants,Kolkata,WB,2025-05-05,483,LOW,264.45,T+0,ONLINE_CHECKOUT,Y
MERCH000741,Kalpana Solutions,5814,Fast Food Restaurants,Pune,MH,2025-02-21,556,MEDIUM,258.07,T+1,ONLINE_CHECKOUT,Y
MERCH000742,Rohan Retail,5999,Miscellaneous Retail,Hyderabad,TG,2026-06-29,63,HIGH,1393.34,T+1,QR_INSTORE,Y
MERCH000743,Zenith Hub,5411,Grocery Stores / Supermarkets,Guwahati,AS,2023-09-05,1091,MEDIUM,633.3,T+1,POS_CARD,Y
MERCH000744,Krishna Supply,5541,Service Stations (Fuel),Nagpur,MH,2026-06-22,70,MEDIUM,892.65,T+2,QR_INSTORE,Y
MERCH000745,Vertex Retail,4900,Utilities - Electric/Gas/Water,Nagpur,MH,2025-10-26,309,LOW,1344.05,T+1,ONLINE_CHECKOUT,Y
MERCH000746,Bharat Retail,5651,Family Clothing Stores,Lucknow,UP,2022-04-10,1604,MEDIUM,1165.9,T+1,ONLINE_CHECKOUT,Y
MERCH000747,Nimbus Supply,5732,Electronics Stores,Kolkata,WB,2022-06-09,1544,MEDIUM,16418.35,T+1,ONLINE_CHECKOUT,Y
MERCH000748,Shree Services,7011,Hotels / Lodging,Delhi,DL,2024-06-24,798,MEDIUM,5938.64,T+1,QR_INSTORE,Y
MERCH000749,Metro Hub,5651,Family Clothing Stores,Kolkata,WB,2023-12-16,989,MEDIUM,1634.42,T+1,QR_INSTORE,Y
MERCH000750,Prime Retail,4900,Utilities - Electric/Gas/Water,Hyderabad,TG,2024-08-06,755,LOW,2236.92,T+2,ONLINE_CHECKOUT,Y
MERCH000751,Shree & Co,4722,Travel Agencies,Chandigarh,CH,2021-03-10,2000,HIGH,26120.26,T+1,ONLINE_CHECKOUT,Y
MERCH000752,Nimbus Retail,4900,Utilities - Electric/Gas/Water,Nagpur,MH,2023-01-15,1324,LOW,1896.91,T+2,QR_INSTORE,Y
MERCH000753,Shree Enterprises,5651,Family Clothing Stores,Kochi,KL,2025-07-23,404,MEDIUM,1662.06,T+1,ONLINE_CHECKOUT,Y
MERCH000754,Urban Services,5732,Electronics Stores,Chandigarh,CH,2026-06-14,78,HIGH,14661.22,T+1,ONLINE_CHECKOUT,Y
MERCH000755,Nova Solutions,4900,Utilities - Electric/Gas/Water,Lucknow,UP,2021-06-25,1893,LOW,1304.11,T+1,POS_CARD,Y
MERCH000756,Krishna Traders,4722,Travel Agencies,Indore,MP,2021-03-11,1999,HIGH,15258.95,T+2,QR_INSTORE,Y
MERCH000757,Nimbus Supply,5814,Fast Food Restaurants,Bengaluru,KA,2026-03-07,177,LOW,306.01,T+1,POS_CARD,Y
MERCH000758,Bharat & Co,5732,Electronics Stores,Jaipur,RJ,2025-01-13,595,MEDIUM,17548.76,T+2,ONLINE_CHECKOUT,Y
MERCH000759,Rohan Retail,5999,Miscellaneous Retail,Ahmedabad,GJ,2022-10-25,1406,MEDIUM,589.72,T+1,POS_CARD,Y
MERCH000760,Nimbus Enterprises,5411,Grocery Stores / Supermarkets,Lucknow,UP,2023-07-02,1156,LOW,672.3,T+1,QR_INSTORE,Y
MERCH000761,Nova Mart,5912,Drug Stores / Pharmacies,Indore,MP,2025-06-07,450,LOW,743.82,T+1,POS_CARD,Y
MERCH000762,Nova Solutions,4900,Utilities - Electric/Gas/Water,Jaipur,RJ,2022-01-24,1680,LOW,1403.54,T+2,ONLINE_CHECKOUT,N
MERCH000763,Bharat Traders,5814,Fast Food Restaurants,Mumbai,MH,2025-11-19,285,LOW,336.72,T+0,QR_INSTORE,Y
MERCH000764,Kalpana Stores,5411,Grocery Stores / Supermarkets,Guwahati,AS,2025-08-04,392,LOW,1077.55,T+1,QR_INSTORE,Y
MERCH000765,Lakshmi Traders,5814,Fast Food Restaurants,Indore,MP,2022-08-08,1484,LOW,294.89,T+2,ONLINE_CHECKOUT,Y
MERCH000766,Zenith Stores,6051,Quasi-Cash / Wallet Load,Guwahati,AS,2024-02-19,924,HIGH,5052.33,T+1,QR_INSTORE,Y
MERCH000767,Prime Depot,5411,Grocery Stores / Supermarkets,Mumbai,MH,2025-01-25,583,LOW,790.16,T+1,ONLINE_CHECKOUT,Y
MERCH000768,Sagar Enterprises,5651,Family Clothing Stores,Lucknow,UP,2022-07-14,1509,MEDIUM,1399.93,T+1,QR_INSTORE,Y
MERCH000769,Sagar Traders,5967,Direct Marketing - Inbound,Jaipur,RJ,2025-12-13,261,HIGH,1744.73,T+1,POS_CARD,Y
MERCH000770,Anand Depot,7011,Hotels / Lodging,Ahmedabad,GJ,2021-12-15,1720,MEDIUM,6893.22,T+1,QR_INSTORE,Y
MERCH000771,Zenith Enterprises,5814,Fast Food Restaurants,Bengaluru,KA,2022-03-21,1624,LOW,341.53,T+1,QR_INSTORE,Y
MERCH000772,Vertex Services,7995,Betting / Gaming,Indore,MP,2021-04-08,1971,HIGH,3271.0,T+2,QR_INSTORE,Y
MERCH000773,Shree Enterprises,5541,Service Stations (Fuel),Kolkata,WB,2023-11-23,1012,LOW,915.96,T+1,QR_INSTORE,Y
MERCH000774,Anand Hub,5651,Family Clothing Stores,Kochi,KL,2026-03-24,160,MEDIUM,1567.26,T+1,ONLINE_CHECKOUT,Y
MERCH000775,Bharat Hub,7011,Hotels / Lodging,Delhi,DL,2022-08-28,1464,MEDIUM,5561.08,T+1,ONLINE_CHECKOUT,N
MERCH000776,Bharat Services,5541,Service Stations (Fuel),Hyderabad,TG,2024-03-15,899,LOW,1059.64,T+1,ONLINE_CHECKOUT,Y
MERCH000777,Nimbus & Co,4900,Utilities - Electric/Gas/Water,Kochi,KL,2026-03-28,156,LOW,2791.23,T+1,ONLINE_CHECKOUT,Y
MERCH000778,Nimbus Supply,5912,Drug Stores / Pharmacies,Chennai,TN,2022-05-23,1561,LOW,713.67,T+0,ONLINE_CHECKOUT,Y
MERCH000779,Zenith Enterprises,4722,Travel Agencies,Jaipur,RJ,2024-02-08,935,HIGH,25836.01,T+1,ONLINE_CHECKOUT,Y
MERCH000780,Zenith Hub,5411,Grocery Stores / Supermarkets,Guwahati,AS,2022-05-30,1554,LOW,988.14,T+1,ONLINE_CHECKOUT,Y
MERCH000781,Nova Supply,5411,Grocery Stores / Supermarkets,Kolkata,WB,2024-09-06,724,LOW,1185.54,T+2,ONLINE_CHECKOUT,Y
MERCH000782,Metro Services,5732,Electronics Stores,Chennai,TN,2023-01-22,1317,MEDIUM,8448.12,T+2,QR_INSTORE,Y
MERCH000783,Metro Retail,5411,Grocery Stores / Supermarkets,Mumbai,MH,2021-03-02,2008,LOW,1258.96,T+0,ONLINE_CHECKOUT,Y
MERCH000784,Anand Hub,5411,Grocery Stores / Supermarkets,Pune,MH,2023-10-28,1038,LOW,848.7,T+1,POS_CARD,Y
MERCH000785,Zenith Enterprises,5912,Drug Stores / Pharmacies,Pune,MH,2024-11-29,640,LOW,371.41,T+1,ONLINE_CHECKOUT,Y
MERCH000786,Aster & Co,5651,Family Clothing Stores,Nagpur,MH,2025-08-21,375,MEDIUM,1287.9,T+1,ONLINE_CHECKOUT,Y
MERCH000787,Anand Services,4900,Utilities - Electric/Gas/Water,Hyderabad,TG,2024-02-25,918,LOW,1143.89,T+1,POS_CARD,Y
MERCH000788,Urban Services,4722,Travel Agencies,Chennai,TN,2024-08-25,736,HIGH,30225.93,T+2,QR_INSTORE,Y
MERCH000789,Aster Mart,5541,Service Stations (Fuel),Jaipur,RJ,2020-09-24,2167,LOW,1383.08,T+2,ONLINE_CHECKOUT,Y
MERCH000790,Lakshmi Supply,5814,Fast Food Restaurants,Chennai,TN,2021-09-13,1813,LOW,190.82,T+1,ONLINE_CHECKOUT,Y
MERCH000791,Lakshmi Ventures,5411,Grocery Stores / Supermarkets,Chandigarh,CH,2020-11-27,2103,LOW,981.09,T+1,POS_CARD,Y
MERCH000792,Lakshmi Enterprises,5999,Miscellaneous Retail,Lucknow,UP,2022-03-15,1630,MEDIUM,582.58,T+1,ONLINE_CHECKOUT,Y
MERCH000793,Aster & Co,5411,Grocery Stores / Supermarkets,Chandigarh,CH,2021-11-01,1764,LOW,1028.95,T+1,POS_CARD,Y
MERCH000794,Nimbus Traders,5411,Grocery Stores / Supermarkets,Kolkata,WB,2022-09-13,1448,LOW,1128.15,T+2,QR_INSTORE,Y
MERCH000795,Metro Ventures,5411,Grocery Stores / Supermarkets,Kochi,KL,2026-02-19,193,LOW,623.05,T+1,ONLINE_CHECKOUT,Y
MERCH000796,Aster Enterprises,5411,Grocery Stores / Supermarkets,Nagpur,MH,2024-07-14,778,LOW,687.13,T+2,QR_INSTORE,Y
MERCH000797,Lakshmi Mart,5814,Fast Food Restaurants,Lucknow,UP,2023-11-05,1030,LOW,263.87,T+1,ONLINE_CHECKOUT,Y
MERCH000798,Lakshmi Supply,4121,Taxicabs / Ride Hailing,Kolkata,WB,2026-02-22,190,LOW,167.24,T+1,ONLINE_CHECKOUT,Y
MERCH000799,Rohan Depot,5814,Fast Food Restaurants,Panaji,GA,2021-06-12,1906,LOW,345.24,T+1,QR_INSTORE,Y
MERCH000800,Sagar Services,5411,Grocery Stores / Supermarkets,Lucknow,UP,2024-01-15,959,LOW,1002.4,T+1,POS_CARD,Y
MERCH000801,Krishna Mart,5732,Electronics Stores,Nagpur,MH,2026-07-21,41,HIGH,8484.16,T+1,ONLINE_CHECKOUT,Y
MERCH000802,Shree Mart,7011,Hotels / Lodging,Chennai,TN,2022-09-11,1450,MEDIUM,8912.76,T+1,POS_CARD,Y
MERCH000803,Shree Traders,5732,Electronics Stores,Guwahati,AS,2022-03-19,1626,MEDIUM,13708.02,T+1,QR_INSTORE,Y
MERCH000804,Aster Ventures,4900,Utilities - Electric/Gas/Water,Hyderabad,TG,2021-12-23,1712,LOW,1390.68,T+1,ONLINE_CHECKOUT,Y
MERCH000805,Metro Depot,4121,Taxicabs / Ride Hailing,Kolkata,WB,2021-07-20,1868,MEDIUM,199.08,T+1,POS_CARD,Y
MERCH000806,Krishna Hub,5814,Fast Food Restaurants,Pune,MH,2024-09-19,711,LOW,242.76,T+1,POS_CARD,Y
MERCH000807,Shree & Co,7011,Hotels / Lodging,Chennai,TN,2022-09-27,1434,MEDIUM,6853.35,T+0,QR_INSTORE,Y
MERCH000808,Metro Retail,5732,Electronics Stores,Jaipur,RJ,2023-06-28,1160,MEDIUM,9890.38,T+1,QR_INSTORE,Y
MERCH000809,Shree Depot,5411,Grocery Stores / Supermarkets,Delhi,DL,2024-06-03,819,LOW,1096.32,T+0,ONLINE_CHECKOUT,Y
MERCH000810,Kalpana Solutions,5541,Service Stations (Fuel),Kolkata,WB,2023-02-14,1294,LOW,1419.75,T+1,QR_INSTORE,Y
MERCH000811,Urban Enterprises,5541,Service Stations (Fuel),Bengaluru,KA,2023-01-27,1312,LOW,855.7,T+1,POS_CARD,Y
MERCH000812,Bharat Supply,7995,Betting / Gaming,Chennai,TN,2024-07-19,773,HIGH,3988.92,T+1,QR_INSTORE,Y
MERCH000813,Lakshmi Retail,5912,Drug Stores / Pharmacies,Panaji,GA,2026-05-07,116,LOW,620.93,T+1,ONLINE_CHECKOUT,Y
MERCH000814,Zenith Supply,5912,Drug Stores / Pharmacies,Panaji,GA,2021-10-22,1774,LOW,716.53,T+0,ONLINE_CHECKOUT,Y
MERCH000815,Kalpana Retail,5411,Grocery Stores / Supermarkets,Hyderabad,TG,2022-06-07,1546,LOW,747.14,T+2,QR_INSTORE,Y
MERCH000816,Vertex Stores,5814,Fast Food Restaurants,Kochi,KL,2021-11-16,1749,LOW,204.62,T+2,QR_INSTORE,Y
MERCH000817,Sagar Retail,5999,Miscellaneous Retail,Nagpur,MH,2025-11-06,298,MEDIUM,835.15,T+0,QR_INSTORE,Y
MERCH000818,Metro Stores,5912,Drug Stores / Pharmacies,Ahmedabad,GJ,2021-05-15,1934,LOW,392.7,T+1,QR_INSTORE,Y
MERCH000819,Shree Mart,4722,Travel Agencies,Nagpur,MH,2021-01-10,2059,HIGH,17750.51,T+1,ONLINE_CHECKOUT,Y
MERCH000820,Shree Ventures,7995,Betting / Gaming,Jaipur,RJ,2023-05-31,1188,HIGH,2015.8,T+0,ONLINE_CHECKOUT,Y
MERCH000821,Vertex Retail,5411,Grocery Stores / Supermarkets,Panaji,GA,2023-07-15,1143,LOW,1237.18,T+1,ONLINE_CHECKOUT,Y
MERCH000822,Anand Traders,5999,Miscellaneous Retail,Delhi,DL,2022-06-03,1550,MEDIUM,998.07,T+1,QR_INSTORE,Y
MERCH000823,Metro Depot,5732,Electronics Stores,Bengaluru,KA,2022-02-26,1647,MEDIUM,11711.42,T+1,QR_INSTORE,Y
MERCH000824,Nova Depot,4900,Utilities - Electric/Gas/Water,Indore,MP,2023-08-11,1116,LOW,2709.9,T+1,QR_INSTORE,Y
MERCH000825,Anand Solutions,5999,Miscellaneous Retail,Nagpur,MH,2024-02-04,939,MEDIUM,984.02,T+1,ONLINE_CHECKOUT,Y
MERCH000826,Nova Hub,5912,Drug Stores / Pharmacies,Indore,MP,2024-01-02,972,LOW,433.29,T+2,QR_INSTORE,Y
MERCH000827,Kalpana Supply,5732,Electronics Stores,Mumbai,MH,2021-05-21,1928,MEDIUM,13873.74,T+1,ONLINE_CHECKOUT,Y
MERCH000828,Lakshmi Stores,4722,Travel Agencies,Chennai,TN,2021-10-31,1765,HIGH,27730.23,T+1,QR_INSTORE,Y
MERCH000829,Sagar Enterprises,5732,Electronics Stores,Pune,MH,2020-09-29,2162,MEDIUM,12699.71,T+2,ONLINE_CHECKOUT,Y
MERCH000830,Rohan Mart,5814,Fast Food Restaurants,Delhi,DL,2025-01-05,603,LOW,165.22,T+2,QR_INSTORE,Y
MERCH000831,Urban Supply,4121,Taxicabs / Ride Hailing,Ahmedabad,GJ,2022-01-07,1697,LOW,331.56,T+1,POS_CARD,N
MERCH000832,Nova & Co,5912,Drug Stores / Pharmacies,Kolkata,WB,2022-01-08,1696,LOW,732.84,T+2,ONLINE_CHECKOUT,Y
MERCH000833,Prime Solutions,5651,Family Clothing Stores,Hyderabad,TG,2025-07-11,416,MEDIUM,1837.88,T+1,QR_INSTORE,Y
MERCH000834,Nova Mart,5651,Family Clothing Stores,Guwahati,AS,2021-10-22,1774,MEDIUM,1750.17,T+2,QR_INSTORE,Y
MERCH000835,Lakshmi Depot,4900,Utilities - Electric/Gas/Water,Delhi,DL,2023-11-02,1033,LOW,2506.69,T+1,ONLINE_CHECKOUT,Y
MERCH000836,Aster Ventures,5411,Grocery Stores / Supermarkets,Nagpur,MH,2023-10-15,1051,LOW,565.7,T+1,ONLINE_CHECKOUT,Y
MERCH000837,Shree Retail,4900,Utilities - Electric/Gas/Water,Kochi,KL,2023-02-17,1291,HIGH,2550.28,T+1,ONLINE_CHECKOUT,Y
MERCH000838,Metro Retail,5814,Fast Food Restaurants,Chandigarh,CH,2026-01-20,223,LOW,178.19,T+1,ONLINE_CHECKOUT,Y
MERCH000839,Aster Retail,6051,Quasi-Cash / Wallet Load,Bengaluru,KA,2022-01-07,1697,HIGH,3985.0,T+1,POS_CARD,Y
MERCH000840,Urban & Co,6051,Quasi-Cash / Wallet Load,Guwahati,AS,2026-05-01,122,HIGH,3647.46,T+1,QR_INSTORE,N
MERCH000841,Lakshmi Hub,5541,Service Stations (Fuel),Pune,MH,2022-02-13,1660,LOW,1698.75,T+1,QR_INSTORE,Y
MERCH000842,Krishna & Co,5814,Fast Food Restaurants,Nagpur,MH,2021-01-25,2044,LOW,223.16,T+2,ONLINE_CHECKOUT,Y
MERCH000843,Nimbus Retail,7995,Betting / Gaming,Kolkata,WB,2022-06-11,1542,HIGH,4599.54,T+1,ONLINE_CHECKOUT,Y
MERCH000844,Rohan Depot,4900,Utilities - Electric/Gas/Water,Guwahati,AS,2026-07-09,53,MEDIUM,2107.14,T+1,ONLINE_CHECKOUT,Y
MERCH000845,Rohan Ventures,5814,Fast Food Restaurants,Ahmedabad,GJ,2024-04-30,853,LOW,161.86,T+1,ONLINE_CHECKOUT,Y
MERCH000846,Metro Enterprises,5999,Miscellaneous Retail,Guwahati,AS,2024-08-21,740,MEDIUM,1394.63,T+1,QR_INSTORE,Y
MERCH000847,Nimbus Retail,5912,Drug Stores / Pharmacies,Indore,MP,2025-08-01,395,LOW,426.6,T+1,ONLINE_CHECKOUT,Y
MERCH000848,Shree Services,5999,Miscellaneous Retail,Delhi,DL,2025-12-26,248,MEDIUM,1212.49,T+1,POS_CARD,Y
MERCH000849,Aster Services,5814,Fast Food Restaurants,Jaipur,RJ,2024-01-27,947,LOW,380.91,T+1,POS_CARD,Y
MERCH000850,Kalpana Retail,5411,Grocery Stores / Supermarkets,Jaipur,RJ,2021-05-09,1940,LOW,803.73,T+2,QR_INSTORE,Y
MERCH000851,Nova Services,5651,Family Clothing Stores,Mumbai,MH,2025-02-12,565,MEDIUM,1439.82,T+2,QR_INSTORE,Y
MERCH000852,Nimbus Services,5651,Family Clothing Stores,Guwahati,AS,2026-08-07,24,HIGH,1736.01,T+1,ONLINE_CHECKOUT,Y
MERCH000853,Urban Retail,5411,Grocery Stores / Supermarkets,Jaipur,RJ,2021-04-28,1951,LOW,687.54,T+0,POS_CARD,Y
MERCH000854,Sagar Enterprises,5814,Fast Food Restaurants,Kochi,KL,2021-08-26,1831,LOW,223.5,T+1,ONLINE_CHECKOUT,Y
MERCH000855,Bharat Hub,4900,Utilities - Electric/Gas/Water,Hyderabad,TG,2025-12-29,245,LOW,2420.25,T+2,ONLINE_CHECKOUT,Y
MERCH000856,Zenith Retail,5814,Fast Food Restaurants,Chennai,TN,2023-11-03,1032,LOW,201.58,T+1,QR_INSTORE,Y
MERCH000857,Lakshmi Stores,5732,Electronics Stores,Kochi,KL,2020-10-03,2158,MEDIUM,16848.27,T+1,QR_INSTORE,Y
MERCH000858,Rohan Supply,5651,Family Clothing Stores,Hyderabad,TG,2024-06-07,815,MEDIUM,1333.7,T+1,POS_CARD,Y
MERCH000859,Lakshmi Traders,5411,Grocery Stores / Supermarkets,Lucknow,UP,2023-02-02,1306,LOW,990.49,T+2,ONLINE_CHECKOUT,Y
MERCH000860,Shree Solutions,5999,Miscellaneous Retail,Chennai,TN,2023-04-21,1228,MEDIUM,1068.79,T+1,ONLINE_CHECKOUT,Y
MERCH000861,Anand Traders,5999,Miscellaneous Retail,Indore,MP,2020-12-09,2091,MEDIUM,1117.27,T+1,POS_CARD,Y
MERCH000862,Nova Stores,5912,Drug Stores / Pharmacies,Pune,MH,2023-04-24,1225,LOW,507.06,T+1,ONLINE_CHECKOUT,Y
MERCH000863,Aster Solutions,5732,Electronics Stores,Kolkata,WB,2023-10-10,1056,MEDIUM,9494.54,T+0,ONLINE_CHECKOUT,Y
MERCH000864,Anand Supply,5411,Grocery Stores / Supermarkets,Indore,MP,2025-11-28,276,LOW,930.44,T+1,ONLINE_CHECKOUT,Y
MERCH000865,Vertex Hub,4900,Utilities - Electric/Gas/Water,Panaji,GA,2023-11-30,1005,LOW,1748.82,T+2,QR_INSTORE,Y
MERCH000866,Prime Services,5732,Electronics Stores,Kochi,KL,2023-10-20,1046,MEDIUM,12515.8,T+1,QR_INSTORE,Y
MERCH000867,Prime Traders,4121,Taxicabs / Ride Hailing,Indore,MP,2022-04-20,1594,LOW,189.73,T+0,QR_INSTORE,Y
MERCH000868,Shree Stores,7995,Betting / Gaming,Guwahati,AS,2023-10-05,1061,HIGH,2205.51,T+1,QR_INSTORE,Y
MERCH000869,Rohan Mart,4900,Utilities - Electric/Gas/Water,Chandigarh,CH,2020-10-31,2130,LOW,1199.17,T+2,QR_INSTORE,Y
MERCH000870,Metro Enterprises,5411,Grocery Stores / Supermarkets,Kolkata,WB,2024-05-01,852,LOW,1262.8,T+1,ONLINE_CHECKOUT,Y
MERCH000871,Anand Stores,5411,Grocery Stores / Supermarkets,Chennai,TN,2021-05-24,1925,LOW,827.28,T+1,POS_CARD,Y
MERCH000872,Bharat Enterprises,4121,Taxicabs / Ride Hailing,Bengaluru,KA,2026-07-06,56,MEDIUM,224.55,T+0,QR_INSTORE,Y
MERCH000873,Zenith Mart,5912,Drug Stores / Pharmacies,Mumbai,MH,2023-05-10,1209,LOW,365.55,T+1,ONLINE_CHECKOUT,Y
MERCH000874,Vertex Mart,5411,Grocery Stores / Supermarkets,Delhi,DL,2022-10-03,1428,LOW,999.92,T+1,ONLINE_CHECKOUT,Y
MERCH000875,Prime Hub,7995,Betting / Gaming,Indore,MP,2023-03-04,1276,HIGH,3594.14,T+2,QR_INSTORE,Y
MERCH000876,Lakshmi Mart,4121,Taxicabs / Ride Hailing,Bengaluru,KA,2025-02-28,549,LOW,300.78,T+2,QR_INSTORE,N
MERCH000877,Kalpana & Co,5541,Service Stations (Fuel),Pune,MH,2024-01-04,970,LOW,1041.6,T+1,QR_INSTORE,Y
MERCH000878,Metro Traders,5912,Drug Stores / Pharmacies,Lucknow,UP,2024-08-20,741,LOW,450.06,T+1,QR_INSTORE,Y
MERCH000879,Nova & Co,4722,Travel Agencies,Delhi,DL,2023-07-17,1141,HIGH,18288.96,T+1,POS_CARD,Y
MERCH000880,Rohan Retail,5814,Fast Food Restaurants,Bengaluru,KA,2026-06-28,64,MEDIUM,371.41,T+1,QR_INSTORE,Y
MERCH000881,Bharat Ventures,4900,Utilities - Electric/Gas/Water,Indore,MP,2026-01-03,240,LOW,1907.79,T+1,QR_INSTORE,Y
MERCH000882,Krishna Depot,4121,Taxicabs / Ride Hailing,Jaipur,RJ,2021-07-01,1887,LOW,228.81,T+1,ONLINE_CHECKOUT,Y
MERCH000883,Prime Traders,5912,Drug Stores / Pharmacies,Indore,MP,2025-04-25,493,LOW,453.42,T+2,QR_INSTORE,Y
MERCH000884,Urban Retail,5912,Drug Stores / Pharmacies,Ahmedabad,GJ,2022-02-06,1667,LOW,648.78,T+1,QR_INSTORE,Y
MERCH000885,Nimbus Services,4900,Utilities - Electric/Gas/Water,Guwahati,AS,2021-09-19,1807,LOW,1227.61,T+0,ONLINE_CHECKOUT,Y
MERCH000886,Aster Enterprises,5912,Drug Stores / Pharmacies,Chennai,TN,2026-05-09,114,LOW,486.73,T+1,QR_INSTORE,Y
MERCH000887,Aster Depot,5814,Fast Food Restaurants,Hyderabad,TG,2026-01-29,214,LOW,350.84,T+1,QR_INSTORE,Y
MERCH000888,Shree Services,5814,Fast Food Restaurants,Delhi,DL,2023-01-25,1314,LOW,200.78,T+2,QR_INSTORE,Y
MERCH000889,Bharat Enterprises,5411,Grocery Stores / Supermarkets,Chennai,TN,2022-06-01,1552,LOW,945.3,T+1,ONLINE_CHECKOUT,Y
MERCH000890,Zenith Hub,5814,Fast Food Restaurants,Chennai,TN,2022-10-24,1407,LOW,195.61,T+1,QR_INSTORE,Y
MERCH000891,Sagar Depot,7995,Betting / Gaming,Pune,MH,2024-05-26,827,HIGH,4630.59,T+1,QR_INSTORE,Y
MERCH000892,Shree Retail,5732,Electronics Stores,Panaji,GA,2023-03-31,1249,MEDIUM,16779.33,T+1,ONLINE_CHECKOUT,Y
MERCH000893,Urban Hub,5411,Grocery Stores / Supermarkets,Kolkata,WB,2023-12-19,986,LOW,1266.53,T+1,ONLINE_CHECKOUT,Y
MERCH000894,Nova & Co,5814,Fast Food Restaurants,Chandigarh,CH,2020-11-11,2119,LOW,234.92,T+1,POS_CARD,Y
MERCH000895,Aster & Co,5651,Family Clothing Stores,Pune,MH,2021-09-26,1800,MEDIUM,1525.61,T+1,QR_INSTORE,Y
MERCH000896,Sagar Solutions,5732,Electronics Stores,Ahmedabad,GJ,2023-03-01,1279,MEDIUM,7570.48,T+1,ONLINE_CHECKOUT,Y
MERCH000897,Anand Mart,5814,Fast Food Restaurants,Lucknow,UP,2022-03-23,1622,HIGH,289.39,T+1,ONLINE_CHECKOUT,Y
MERCH000898,Bharat Services,7011,Hotels / Lodging,Pune,MH,2021-12-08,1727,MEDIUM,6801.93,T+1,QR_INSTORE,Y
MERCH000899,Rohan Solutions,5411,Grocery Stores / Supermarkets,Nagpur,MH,2020-10-24,2137,LOW,1188.11,T+1,QR_INSTORE,Y
MERCH000900,Urban Hub,4900,Utilities - Electric/Gas/Water,Chennai,TN,2022-12-28,1342,LOW,1369.68,T+0,QR_INSTORE,Y
MERCH000901,Metro Traders,5732,Electronics Stores,Kochi,KL,2023-07-12,1146,MEDIUM,11174.62,T+1,QR_INSTORE,Y
MERCH000902,Nova Mart,6051,Quasi-Cash / Wallet Load,Indore,MP,2023-05-13,1206,HIGH,6149.63,T+1,ONLINE_CHECKOUT,Y
MERCH000903,Shree Mart,5541,Service Stations (Fuel),Nagpur,MH,2022-09-17,1444,LOW,1845.52,T+1,QR_INSTORE,Y
MERCH000904,Nimbus Hub,5651,Family Clothing Stores,Chandigarh,CH,2021-01-05,2064,MEDIUM,2181.78,T+1,ONLINE_CHECKOUT,Y
MERCH000905,Vertex Solutions,5814,Fast Food Restaurants,Mumbai,MH,2020-11-13,2117,LOW,193.97,T+1,POS_CARD,Y
MERCH000906,Aster & Co,4121,Taxicabs / Ride Hailing,Bengaluru,KA,2026-05-11,112,LOW,315.88,T+1,POS_CARD,Y
MERCH000907,Shree Traders,5999,Miscellaneous Retail,Chandigarh,CH,2024-03-27,887,MEDIUM,1270.37,T+1,ONLINE_CHECKOUT,Y
MERCH000908,Metro Traders,5411,Grocery Stores / Supermarkets,Panaji,GA,2021-09-15,1811,LOW,718.11,T+2,ONLINE_CHECKOUT,Y
MERCH000909,Anand Traders,5967,Direct Marketing - Inbound,Hyderabad,TG,2023-09-09,1087,HIGH,1431.82,T+1,QR_INSTORE,Y
MERCH000910,Anand Traders,4722,Travel Agencies,Ahmedabad,GJ,2024-05-29,824,HIGH,25509.09,T+1,POS_CARD,Y
MERCH000911,Bharat Ventures,5541,Service Stations (Fuel),Delhi,DL,2021-11-29,1736,LOW,1089.63,T+1,ONLINE_CHECKOUT,Y
MERCH000912,Krishna Traders,5912,Drug Stores / Pharmacies,Jaipur,RJ,2023-02-11,1297,LOW,656.34,T+1,ONLINE_CHECKOUT,Y
MERCH000913,Kalpana Services,5651,Family Clothing Stores,Bengaluru,KA,2021-01-11,2058,MEDIUM,2194.23,T+1,ONLINE_CHECKOUT,Y
MERCH000914,Rohan Solutions,5912,Drug Stores / Pharmacies,Kolkata,WB,2021-10-13,1783,LOW,435.43,T+2,QR_INSTORE,Y
MERCH000915,Anand Depot,4722,Travel Agencies,Hyderabad,TG,2026-02-14,198,HIGH,20961.45,T+1,POS_CARD,Y
MERCH000916,Aster Traders,5967,Direct Marketing - Inbound,Mumbai,MH,2024-03-09,905,HIGH,1776.72,T+2,QR_INSTORE,Y
MERCH000917,Kalpana Solutions,5411,Grocery Stores / Supermarkets,Guwahati,AS,2026-03-16,168,LOW,942.06,T+1,QR_INSTORE,Y
MERCH000918,Metro Traders,7011,Hotels / Lodging,Hyderabad,TG,2023-02-17,1291,MEDIUM,8099.03,T+1,QR_INSTORE,Y
MERCH000919,Vertex Enterprises,5814,Fast Food Restaurants,Guwahati,AS,2023-03-09,1271,LOW,180.02,T+2,ONLINE_CHECKOUT,Y
MERCH000920,Zenith Enterprises,5999,Miscellaneous Retail,Lucknow,UP,2026-03-10,174,MEDIUM,1241.97,T+1,QR_INSTORE,Y
MERCH000921,Aster Solutions,5814,Fast Food Restaurants,Jaipur,RJ,2022-08-10,1482,LOW,169.07,T+1,POS_CARD,Y
MERCH000922,Rohan Retail,4121,Taxicabs / Ride Hailing,Ahmedabad,GJ,2023-10-04,1062,MEDIUM,220.62,T+1,QR_INSTORE,Y
MERCH000923,Zenith Hub,4121,Taxicabs / Ride Hailing,Indore,MP,2026-08-10,21,MEDIUM,150.42,T+1,POS_CARD,Y
MERCH000924,Zenith Traders,5912,Drug Stores / Pharmacies,Bengaluru,KA,2024-10-19,681,LOW,550.05,T+2,POS_CARD,Y
MERCH000925,Bharat Ventures,7995,Betting / Gaming,Ahmedabad,GJ,2023-01-26,1313,HIGH,2431.97,T+1,QR_INSTORE,Y
MERCH000926,Urban Depot,5912,Drug Stores / Pharmacies,Lucknow,UP,2023-12-20,985,LOW,372.37,T+1,ONLINE_CHECKOUT,Y
MERCH000927,Prime & Co,5411,Grocery Stores / Supermarkets,Pune,MH,2024-10-24,676,LOW,710.69,T+0,QR_INSTORE,Y
MERCH000928,Nova Supply,5541,Service Stations (Fuel),Kolkata,WB,2025-10-13,322,LOW,1977.75,T+1,POS_CARD,Y
MERCH000929,Rohan & Co,5999,Miscellaneous Retail,Indore,MP,2021-06-13,1905,MEDIUM,1380.43,T+1,ONLINE_CHECKOUT,Y
MERCH000930,Nimbus & Co,4121,Taxicabs / Ride Hailing,Nagpur,MH,2021-02-19,2019,LOW,158.47,T+1,ONLINE_CHECKOUT,Y
MERCH000931,Nimbus Services,5541,Service Stations (Fuel),Delhi,DL,2025-07-28,399,LOW,1970.6,T+1,QR_INSTORE,Y
MERCH000932,Krishna Traders,7995,Betting / Gaming,Ahmedabad,GJ,2024-08-14,747,HIGH,4024.1,T+1,QR_INSTORE,Y
MERCH000933,Rohan Traders,4121,Taxicabs / Ride Hailing,Chennai,TN,2025-12-09,265,LOW,324.49,T+2,ONLINE_CHECKOUT,Y
MERCH000934,Shree & Co,5967,Direct Marketing - Inbound,Bengaluru,KA,2026-06-21,71,HIGH,1971.97,T+1,ONLINE_CHECKOUT,Y
MERCH000935,Krishna & Co,4121,Taxicabs / Ride Hailing,Kochi,KL,2024-02-26,917,LOW,331.66,T+1,ONLINE_CHECKOUT,Y
MERCH000936,Metro Services,5651,Family Clothing Stores,Ahmedabad,GJ,2023-06-29,1159,MEDIUM,1608.94,T+0,POS_CARD,Y
MERCH000937,Lakshmi Mart,5651,Family Clothing Stores,Chennai,TN,2025-11-20,284,MEDIUM,1583.89,T+1,ONLINE_CHECKOUT,Y
MERCH000938,Zenith Mart,5541,Service Stations (Fuel),Indore,MP,2023-02-20,1288,LOW,1605.53,T+1,ONLINE_CHECKOUT,Y
MERCH000939,Nova Depot,5541,Service Stations (Fuel),Kolkata,WB,2026-05-07,116,LOW,1241.22,T+1,QR_INSTORE,Y
MERCH000940,Anand Supply,5732,Electronics Stores,Delhi,DL,2025-01-24,584,MEDIUM,11253.0,T+0,ONLINE_CHECKOUT,Y
MERCH000941,Nova Retail,5814,Fast Food Restaurants,Pune,MH,2025-02-27,550,LOW,373.94,T+1,QR_INSTORE,Y
MERCH000942,Sagar Enterprises,5999,Miscellaneous Retail,Delhi,DL,2024-12-20,619,MEDIUM,1015.91,T+1,QR_INSTORE,Y
MERCH000943,Metro Enterprises,5411,Grocery Stores / Supermarkets,Chennai,TN,2021-05-08,1941,LOW,673.03,T+1,ONLINE_CHECKOUT,Y
MERCH000944,Nova Retail,7011,Hotels / Lodging,Guwahati,AS,2020-11-11,2119,MEDIUM,9084.16,T+2,POS_CARD,Y
MERCH000945,Nova Retail,5814,Fast Food Restaurants,Ahmedabad,GJ,2022-12-25,1345,LOW,329.56,T+1,POS_CARD,Y
MERCH000946,Vertex Traders,5814,Fast Food Restaurants,Bengaluru,KA,2024-03-30,884,LOW,288.31,T+1,QR_INSTORE,Y
MERCH000947,Urban Hub,7995,Betting / Gaming,Delhi,DL,2026-01-28,215,HIGH,3657.0,T+0,ONLINE_CHECKOUT,Y
MERCH000948,Urban Ventures,5912,Drug Stores / Pharmacies,Lucknow,UP,2025-01-22,586,LOW,713.69,T+1,POS_CARD,Y
MERCH000949,Nimbus Retail,5814,Fast Food Restaurants,Jaipur,RJ,2022-03-22,1623,LOW,191.64,T+1,QR_INSTORE,Y
MERCH000950,Prime Solutions,5541,Service Stations (Fuel),Pune,MH,2025-03-25,524,LOW,1979.81,T+0,ONLINE_CHECKOUT,Y
MERCH000951,Anand Depot,5814,Fast Food Restaurants,Nagpur,MH,2022-04-15,1599,LOW,292.84,T+1,ONLINE_CHECKOUT,Y
MERCH000952,Zenith Solutions,5541,Service Stations (Fuel),Lucknow,UP,2022-06-14,1539,LOW,1461.52,T+0,ONLINE_CHECKOUT,Y
MERCH000953,Aster Supply,5814,Fast Food Restaurants,Jaipur,RJ,2023-08-19,1108,LOW,302.19,T+1,QR_INSTORE,Y
MERCH000954,Rohan Ventures,7011,Hotels / Lodging,Hyderabad,TG,2025-03-12,537,MEDIUM,4588.12,T+1,QR_INSTORE,Y
MERCH000955,Aster & Co,4900,Utilities - Electric/Gas/Water,Lucknow,UP,2025-08-08,388,LOW,2148.17,T+2,QR_INSTORE,Y
MERCH000956,Sagar Retail,5814,Fast Food Restaurants,Nagpur,MH,2020-12-17,2083,LOW,168.63,T+1,POS_CARD,Y
MERCH000957,Bharat Depot,5814,Fast Food Restaurants,Jaipur,RJ,2023-07-23,1135,LOW,376.82,T+1,QR_INSTORE,Y
MERCH000958,Urban Depot,5814,Fast Food Restaurants,Mumbai,MH,2021-11-17,1748,LOW,338.54,T+1,QR_INSTORE,N
MERCH000959,Nova & Co,6051,Quasi-Cash / Wallet Load,Hyderabad,TG,2024-08-22,739,HIGH,3539.71,T+1,ONLINE_CHECKOUT,Y
MERCH000960,Kalpana & Co,5912,Drug Stores / Pharmacies,Ahmedabad,GJ,2022-01-09,1695,LOW,771.81,T+2,QR_INSTORE,Y
MERCH000961,Metro Enterprises,4722,Travel Agencies,Mumbai,MH,2023-09-27,1069,HIGH,29613.43,T+1,QR_INSTORE,Y
MERCH000962,Aster Depot,5912,Drug Stores / Pharmacies,Kochi,KL,2023-04-29,1220,LOW,618.52,T+1,QR_INSTORE,Y
MERCH000963,Sagar Solutions,4900,Utilities - Electric/Gas/Water,Kolkata,WB,2023-10-20,1046,LOW,2206.31,T+1,QR_INSTORE,Y
MERCH000964,Metro & Co,4900,Utilities - Electric/Gas/Water,Kochi,KL,2025-11-30,274,LOW,1490.52,T+0,ONLINE_CHECKOUT,Y
MERCH000965,Lakshmi Traders,5814,Fast Food Restaurants,Hyderabad,TG,2024-11-13,656,LOW,353.63,T+1,ONLINE_CHECKOUT,Y
MERCH000966,Vertex Enterprises,7011,Hotels / Lodging,Panaji,GA,2024-09-12,718,MEDIUM,8683.01,T+1,ONLINE_CHECKOUT,Y
MERCH000967,Aster Solutions,4722,Travel Agencies,Jaipur,RJ,2024-03-17,897,HIGH,26750.9,T+2,QR_INSTORE,Y
MERCH000968,Kalpana Stores,5651,Family Clothing Stores,Kochi,KL,2021-02-05,2033,MEDIUM,1924.77,T+1,ONLINE_CHECKOUT,Y
MERCH000969,Metro Ventures,5651,Family Clothing Stores,Pune,MH,2026-05-20,103,MEDIUM,1697.54,T+1,QR_INSTORE,Y
MERCH000970,Metro Enterprises,4121,Taxicabs / Ride Hailing,Ahmedabad,GJ,2021-01-12,2057,LOW,185.73,T+2,POS_CARD,Y
MERCH000971,Anand Supply,5411,Grocery Stores / Supermarkets,Pune,MH,2024-05-04,849,LOW,862.64,T+0,QR_INSTORE,Y
MERCH000972,Aster Ventures,5732,Electronics Stores,Jaipur,RJ,2021-11-19,1746,MEDIUM,8934.85,T+2,ONLINE_CHECKOUT,Y
MERCH000973,Metro Enterprises,5541,Service Stations (Fuel),Panaji,GA,2025-06-09,448,LOW,1820.07,T+1,QR_INSTORE,Y
MERCH000974,Rohan Ventures,5967,Direct Marketing - Inbound,Lucknow,UP,2026-03-12,172,HIGH,2362.46,T+1,POS_CARD,Y
MERCH000975,Krishna Solutions,4121,Taxicabs / Ride Hailing,Panaji,GA,2021-05-12,1937,LOW,209.44,T+0,QR_INSTORE,Y
MERCH000976,Vertex Mart,5999,Miscellaneous Retail,Kochi,KL,2020-12-06,2094,MEDIUM,993.04,T+0,QR_INSTORE,Y
MERCH000977,Urban Stores,4121,Taxicabs / Ride Hailing,Kolkata,WB,2025-10-23,312,LOW,150.93,T+1,QR_INSTORE,Y
MERCH000978,Prime Supply,5541,Service Stations (Fuel),Panaji,GA,2021-09-14,1812,LOW,2028.88,T+1,POS_CARD,Y
MERCH000979,Rohan & Co,4722,Travel Agencies,Nagpur,MH,2021-01-27,2042,MEDIUM,15346.77,T+1,QR_INSTORE,Y
MERCH000980,Nova Solutions,5541,Service Stations (Fuel),Delhi,DL,2022-12-27,1343,LOW,1029.91,T+1,ONLINE_CHECKOUT,Y
MERCH000981,Shree Solutions,5732,Electronics Stores,Bengaluru,KA,2024-09-23,707,MEDIUM,7252.49,T+1,ONLINE_CHECKOUT,Y
MERCH000982,Kalpana Solutions,4722,Travel Agencies,Kolkata,WB,2024-05-10,843,HIGH,30713.08,T+1,QR_INSTORE,Y
MERCH000983,Bharat Mart,5999,Miscellaneous Retail,Chandigarh,CH,2023-09-17,1079,MEDIUM,1223.3,T+1,ONLINE_CHECKOUT,Y
MERCH000984,Rohan Supply,5912,Drug Stores / Pharmacies,Kolkata,WB,2023-04-05,1244,LOW,628.38,T+2,QR_INSTORE,Y
MERCH000985,Vertex Retail,5541,Service Stations (Fuel),Kolkata,WB,2024-07-14,778,LOW,2027.65,T+1,POS_CARD,Y
MERCH000986,Metro Mart,5651,Family Clothing Stores,Chandigarh,CH,2026-07-01,61,HIGH,2601.66,T+1,ONLINE_CHECKOUT,Y
MERCH000987,Aster Solutions,5541,Service Stations (Fuel),Panaji,GA,2024-11-09,660,LOW,847.08,T+1,QR_INSTORE,Y
MERCH000988,Lakshmi Depot,5912,Drug Stores / Pharmacies,Hyderabad,TG,2023-01-20,1319,LOW,618.96,T+2,ONLINE_CHECKOUT,Y
MERCH000989,Zenith Mart,4722,Travel Agencies,Panaji,GA,2023-03-17,1263,HIGH,16907.47,T+1,QR_INSTORE,Y
MERCH000990,Kalpana Enterprises,5411,Grocery Stores / Supermarkets,Nagpur,MH,2022-02-11,1662,LOW,1100.01,T+1,QR_INSTORE,Y
MERCH000991,Urban Services,7011,Hotels / Lodging,Kolkata,WB,2021-08-11,1846,MEDIUM,4276.5,T+1,ONLINE_CHECKOUT,Y
MERCH000992,Krishna Retail,5814,Fast Food Restaurants,Bengaluru,KA,2021-12-31,1704,LOW,272.91,T+1,POS_CARD,Y
MERCH000993,Sagar Retail,5541,Service Stations (Fuel),Bengaluru,KA,2021-08-24,1833,LOW,1340.14,T+1,ONLINE_CHECKOUT,Y
MERCH000994,Nimbus Hub,5541,Service Stations (Fuel),Kolkata,WB,2021-11-17,1748,LOW,1197.17,T+1,ONLINE_CHECKOUT,Y
MERCH000995,Vertex Stores,5732,Electronics Stores,Lucknow,UP,2025-05-09,479,MEDIUM,15233.83,T+1,ONLINE_CHECKOUT,Y
MERCH000996,Anand Depot,5541,Service Stations (Fuel),Kochi,KL,2021-05-05,1944,LOW,1525.37,T+1,POS_CARD,Y
MERCH000997,Prime Solutions,7011,Hotels / Lodging,Panaji,GA,2021-06-06,1912,MEDIUM,6336.63,T+1,QR_INSTORE,Y
MERCH000998,Metro Supply,5912,Drug Stores / Pharmacies,Hyderabad,TG,2022-12-16,1354,LOW,437.96,T+1,QR_INSTORE,Y
MERCH000999,Shree Retail,5732,Electronics Stores,Guwahati,AS,2021-04-26,1953,MEDIUM,9125.05,T+1,POS_CARD,Y
MERCH001000,Prime Stores,5814,Fast Food Restaurants,Hyderabad,TG,2025-06-11,446,LOW,335.61,T+1,ONLINE_CHECKOUT,Y
MERCH001001,Lakshmi & Co,5411,Grocery Stores / Supermarkets,Kochi,KL,2026-05-25,98,LOW,510.57,T+1,QR_INSTORE,Y
MERCH001002,Rohan Enterprises,5411,Grocery Stores / Supermarkets,Delhi,DL,2022-01-21,1683,LOW,1066.27,T+1,ONLINE_CHECKOUT,Y
MERCH001003,Krishna Solutions,5814,Fast Food Restaurants,Ahmedabad,GJ,2021-08-06,1851,LOW,184.01,T+1,QR_INSTORE,Y
MERCH001004,Rohan Solutions,6051,Quasi-Cash / Wallet Load,Bengaluru,KA,2021-12-24,1711,HIGH,4647.51,T+0,POS_CARD,Y
MERCH001005,Nimbus Ventures,5814,Fast Food Restaurants,Nagpur,MH,2021-05-11,1938,LOW,376.76,T+1,QR_INSTORE,Y
MERCH001006,Zenith Ventures,5541,Service Stations (Fuel),Chennai,TN,2024-06-20,802,LOW,1581.49,T+1,QR_INSTORE,Y
MERCH001007,Kalpana Stores,5732,Electronics Stores,Panaji,GA,2022-10-16,1415,MEDIUM,17864.16,T+2,QR_INSTORE,Y
MERCH001008,Metro Mart,5411,Grocery Stores / Supermarkets,Ahmedabad,GJ,2022-05-24,1560,LOW,732.73,T+1,ONLINE_CHECKOUT,Y
MERCH001009,Zenith Mart,5541,Service Stations (Fuel),Kochi,KL,2024-04-07,876,LOW,1066.38,T+1,POS_CARD,Y
MERCH001010,Vertex Supply,5651,Family Clothing Stores,Ahmedabad,GJ,2026-07-09,53,HIGH,1716.27,T+1,POS_CARD,Y
MERCH001011,Urban Depot,5814,Fast Food Restaurants,Kochi,KL,2024-12-28,611,LOW,273.22,T+0,POS_CARD,Y
MERCH001012,Metro Ventures,5814,Fast Food Restaurants,Hyderabad,TG,2021-08-15,1842,LOW,377.66,T+2,ONLINE_CHECKOUT,Y
MERCH001013,Nova Ventures,5814,Fast Food Restaurants,Bengaluru,KA,2023-06-17,1171,LOW,268.68,T+2,ONLINE_CHECKOUT,Y
MERCH001014,Metro Supply,4722,Travel Agencies,Delhi,DL,2020-12-27,2073,HIGH,17542.56,T+1,QR_INSTORE,Y
MERCH001015,Nimbus Services,4900,Utilities - Electric/Gas/Water,Lucknow,UP,2021-06-12,1906,MEDIUM,1393.2,T+1,POS_CARD,Y
MERCH001016,Nova Enterprises,4722,Travel Agencies,Panaji,GA,2020-09-19,2172,HIGH,13268.21,T+0,QR_INSTORE,Y
MERCH001017,Nova Ventures,5814,Fast Food Restaurants,Hyderabad,TG,2024-01-25,949,LOW,327.15,T+1,POS_CARD,Y
MERCH001018,Nova Solutions,5814,Fast Food Restaurants,Kochi,KL,2026-01-19,224,LOW,305.42,T+0,QR_INSTORE,Y
MERCH001019,Urban Solutions,5411,Grocery Stores / Supermarkets,Chandigarh,CH,2020-12-27,2073,LOW,827.57,T+1,QR_INSTORE,Y
MERCH001020,Prime Traders,5541,Service Stations (Fuel),Kolkata,WB,2021-06-17,1901,LOW,863.64,T+2,POS_CARD,Y
MERCH001021,Vertex Ventures,5411,Grocery Stores / Supermarkets,Delhi,DL,2025-07-10,417,LOW,833.65,T+1,POS_CARD,Y
MERCH001022,Prime Mart,5651,Family Clothing Stores,Nagpur,MH,2021-02-26,2012,MEDIUM,1733.6,T+1,ONLINE_CHECKOUT,Y
MERCH001023,Lakshmi Solutions,5411,Grocery Stores / Supermarkets,Hyderabad,TG,2026-07-15,47,MEDIUM,1160.48,T+1,QR_INSTORE,Y
MERCH001024,Rohan Mart,5541,Service Stations (Fuel),Pune,MH,2025-08-14,382,LOW,1638.77,T+1,ONLINE_CHECKOUT,Y
MERCH001025,Nova Retail,5541,Service Stations (Fuel),Chennai,TN,2021-01-28,2041,LOW,1511.34,T+1,ONLINE_CHECKOUT,Y
MERCH001026,Vertex Retail,4900,Utilities - Electric/Gas/Water,Pune,MH,2026-04-19,134,LOW,1516.32,T+1,POS_CARD,N
MERCH001027,Nimbus Solutions,5651,Family Clothing Stores,Chandigarh,CH,2026-05-16,107,MEDIUM,1762.11,T+1,ONLINE_CHECKOUT,Y
MERCH001028,Shree Supply,5912,Drug Stores / Pharmacies,Lucknow,UP,2021-11-19,1746,LOW,698.71,T+2,ONLINE_CHECKOUT,Y
MERCH001029,Kalpana Solutions,4900,Utilities - Electric/Gas/Water,Jaipur,RJ,2023-09-03,1093,LOW,2245.64,T+1,QR_INSTORE,Y
MERCH001030,Metro Mart,7011,Hotels / Lodging,Lucknow,UP,2024-07-23,769,MEDIUM,9716.21,T+2,ONLINE_CHECKOUT,Y
MERCH001031,Krishna Hub,5814,Fast Food Restaurants,Hyderabad,TG,2025-04-16,502,LOW,288.38,T+1,ONLINE_CHECKOUT,Y
MERCH001032,Anand Ventures,5732,Electronics Stores,Ahmedabad,GJ,2022-05-02,1582,MEDIUM,15554.19,T+1,QR_INSTORE,Y
MERCH001033,Metro Depot,5411,Grocery Stores / Supermarkets,Chennai,TN,2025-01-30,578,LOW,527.97,T+0,ONLINE_CHECKOUT,Y
MERCH001034,Krishna Traders,5999,Miscellaneous Retail,Guwahati,AS,2021-04-26,1953,MEDIUM,1361.93,T+1,QR_INSTORE,Y
MERCH001035,Nova Retail,5541,Service Stations (Fuel),Delhi,DL,2025-08-18,378,LOW,1489.6,T+1,ONLINE_CHECKOUT,Y
MERCH001036,Kalpana Supply,7011,Hotels / Lodging,Hyderabad,TG,2021-06-12,1906,MEDIUM,5474.23,T+1,ONLINE_CHECKOUT,Y
MERCH001037,Vertex Retail,5912,Drug Stores / Pharmacies,Chennai,TN,2025-07-15,412,LOW,647.55,T+2,POS_CARD,Y
MERCH001038,Anand Retail,5411,Grocery Stores / Supermarkets,Kochi,KL,2024-05-11,842,LOW,1121.16,T+1,QR_INSTORE,Y
MERCH001039,Bharat Mart,5411,Grocery Stores / Supermarkets,Jaipur,RJ,2022-05-23,1561,LOW,556.12,T+0,QR_INSTORE,Y
MERCH001040,Krishna Hub,5541,Service Stations (Fuel),Panaji,GA,2022-08-02,1490,LOW,1848.88,T+2,POS_CARD,Y
MERCH001041,Kalpana Enterprises,4900,Utilities - Electric/Gas/Water,Bengaluru,KA,2024-03-19,895,LOW,1902.61,T+1,QR_INSTORE,Y
MERCH001042,Aster Solutions,5732,Electronics Stores,Lucknow,UP,2021-09-11,1815,MEDIUM,11766.6,T+1,QR_INSTORE,Y
MERCH001043,Aster Depot,5651,Family Clothing Stores,Mumbai,MH,2024-05-31,822,MEDIUM,1780.27,T+2,QR_INSTORE,Y
MERCH001044,Nimbus Hub,4121,Taxicabs / Ride Hailing,Bengaluru,KA,2025-08-07,389,LOW,211.19,T+1,ONLINE_CHECKOUT,Y
MERCH001045,Anand Services,5814,Fast Food Restaurants,Kolkata,WB,2023-10-25,1041,LOW,386.9,T+1,ONLINE_CHECKOUT,Y
MERCH001046,Metro Enterprises,5814,Fast Food Restaurants,Kochi,KL,2021-06-16,1902,LOW,291.41,T+2,QR_INSTORE,Y
MERCH001047,Zenith Mart,5541,Service Stations (Fuel),Delhi,DL,2025-02-10,567,LOW,1230.09,T+1,POS_CARD,Y
MERCH001048,Sagar Supply,5541,Service Stations (Fuel),Bengaluru,KA,2021-05-25,1924,LOW,1925.99,T+2,POS_CARD,Y
MERCH001049,Urban Traders,5999,Miscellaneous Retail,Panaji,GA,2024-09-20,710,MEDIUM,1160.77,T+2,ONLINE_CHECKOUT,Y
MERCH001050,Krishna & Co,5999,Miscellaneous Retail,Ahmedabad,GJ,2024-08-30,731,MEDIUM,1406.44,T+1,QR_INSTORE,Y
MERCH001051,Nimbus Depot,5411,Grocery Stores / Supermarkets,Mumbai,MH,2024-04-08,875,LOW,1194.38,T+1,QR_INSTORE,Y
MERCH001052,Sagar Solutions,5541,Service Stations (Fuel),Lucknow,UP,2026-04-14,139,LOW,1356.8,T+1,QR_INSTORE,Y
MERCH001053,Nova Depot,5411,Grocery Stores / Supermarkets,Panaji,GA,2026-01-28,215,LOW,757.83,T+1,QR_INSTORE,Y
MERCH001054,Urban Stores,5732,Electronics Stores,Guwahati,AS,2022-06-21,1532,MEDIUM,16471.42,T+2,POS_CARD,Y
MERCH001055,Urban Services,4121,Taxicabs / Ride Hailing,Ahmedabad,GJ,2025-03-05,544,LOW,299.78,T+0,QR_INSTORE,Y
MERCH001056,Zenith Hub,5651,Family Clothing Stores,Kochi,KL,2026-05-31,92,MEDIUM,1137.22,T+0,QR_INSTORE,Y
MERCH001057,Krishna Services,4121,Taxicabs / Ride Hailing,Chennai,TN,2024-08-06,755,LOW,257.66,T+1,ONLINE_CHECKOUT,Y
MERCH001058,Lakshmi Enterprises,5814,Fast Food Restaurants,Ahmedabad,GJ,2022-08-19,1473,LOW,321.3,T+1,ONLINE_CHECKOUT,Y
MERCH001059,Shree Hub,5999,Miscellaneous Retail,Kochi,KL,2026-04-03,150,MEDIUM,1274.67,T+1,QR_INSTORE,Y
MERCH001060,Vertex & Co,5814,Fast Food Restaurants,Ahmedabad,GJ,2024-06-23,799,LOW,279.17,T+2,QR_INSTORE,Y
MERCH001061,Nova Mart,5651,Family Clothing Stores,Delhi,DL,2023-02-08,1300,MEDIUM,1983.82,T+2,POS_CARD,Y
MERCH001062,Shree Traders,5814,Fast Food Restaurants,Ahmedabad,GJ,2021-09-07,1819,LOW,205.29,T+2,QR_INSTORE,Y
MERCH001063,Nimbus Enterprises,7011,Hotels / Lodging,Kochi,KL,2025-01-16,592,MEDIUM,9551.75,T+2,QR_INSTORE,Y
MERCH001064,Lakshmi Solutions,4121,Taxicabs / Ride Hailing,Delhi,DL,2021-12-26,1709,LOW,222.0,T+1,ONLINE_CHECKOUT,Y
MERCH001065,Nimbus Enterprises,5541,Service Stations (Fuel),Bengaluru,KA,2024-03-10,904,LOW,1412.72,T+1,ONLINE_CHECKOUT,Y
MERCH001066,Sagar Enterprises,5651,Family Clothing Stores,Hyderabad,TG,2024-07-11,781,MEDIUM,1963.53,T+1,ONLINE_CHECKOUT,Y
MERCH001067,Anand Enterprises,4121,Taxicabs / Ride Hailing,Chandigarh,CH,2022-04-11,1603,LOW,274.26,T+1,QR_INSTORE,Y
MERCH001068,Bharat Enterprises,4722,Travel Agencies,Mumbai,MH,2021-03-11,1999,HIGH,26206.08,T+2,QR_INSTORE,Y
MERCH001069,Bharat Depot,7011,Hotels / Lodging,Guwahati,AS,2025-12-10,264,MEDIUM,3922.83,T+1,QR_INSTORE,Y
MERCH001070,Anand Retail,4900,Utilities - Electric/Gas/Water,Jaipur,RJ,2022-05-22,1562,LOW,1246.42,T+1,POS_CARD,Y
MERCH001071,Metro Depot,5411,Grocery Stores / Supermarkets,Chandigarh,CH,2025-02-27,550,LOW,1103.34,T+1,QR_INSTORE,Y
MERCH001072,Sagar Ventures,5912,Drug Stores / Pharmacies,Mumbai,MH,2024-12-05,634,LOW,362.61,T+1,QR_INSTORE,Y
MERCH001073,Vertex Ventures,4121,Taxicabs / Ride Hailing,Kolkata,WB,2024-11-08,661,LOW,346.76,T+1,ONLINE_CHECKOUT,Y
MERCH001074,Aster Solutions,4900,Utilities - Electric/Gas/Water,Panaji,GA,2022-02-01,1672,LOW,1689.97,T+1,QR_INSTORE,Y
MERCH001075,Metro Depot,4722,Travel Agencies,Nagpur,MH,2025-07-06,421,HIGH,25166.57,T+1,ONLINE_CHECKOUT,Y
MERCH001076,Rohan Solutions,5732,Electronics Stores,Panaji,GA,2022-12-09,1361,MEDIUM,10602.19,T+0,QR_INSTORE,Y
MERCH001077,Vertex Retail,5411,Grocery Stores / Supermarkets,Guwahati,AS,2023-10-05,1061,LOW,979.54,T+1,ONLINE_CHECKOUT,Y
MERCH001078,Metro Retail,5912,Drug Stores / Pharmacies,Nagpur,MH,2022-04-09,1605,LOW,635.13,T+1,QR_INSTORE,Y
MERCH001079,Vertex Ventures,5732,Electronics Stores,Panaji,GA,2023-06-02,1186,MEDIUM,7729.84,T+0,ONLINE_CHECKOUT,Y
MERCH001080,Urban Enterprises,5411,Grocery Stores / Supermarkets,Kolkata,WB,2026-02-27,185,LOW,910.61,T+1,ONLINE_CHECKOUT,Y
MERCH001081,Shree Hub,5411,Grocery Stores / Supermarkets,Jaipur,RJ,2026-07-11,51,MEDIUM,1167.87,T+1,ONLINE_CHECKOUT,Y
MERCH001082,Krishna Depot,5814,Fast Food Restaurants,Nagpur,MH,2026-02-24,188,LOW,170.36,T+1,QR_INSTORE,Y
MERCH001083,Vertex Enterprises,5541,Service Stations (Fuel),Nagpur,MH,2024-11-05,664,LOW,1197.46,T+2,QR_INSTORE,Y
MERCH001084,Shree & Co,5411,Grocery Stores / Supermarkets,Chennai,TN,2020-10-16,2145,LOW,537.09,T+1,QR_INSTORE,Y
MERCH001085,Shree Ventures,5732,Electronics Stores,Chandigarh,CH,2021-08-30,1827,MEDIUM,11928.65,T+1,ONLINE_CHECKOUT,Y
MERCH001086,Sagar Hub,5541,Service Stations (Fuel),Jaipur,RJ,2026-05-03,120,LOW,1309.7,T+2,QR_INSTORE,Y
MERCH001087,Nimbus Enterprises,4121,Taxicabs / Ride Hailing,Lucknow,UP,2025-04-24,494,LOW,177.93,T+2,POS_CARD,Y
MERCH001088,Nova Ventures,5411,Grocery Stores / Supermarkets,Delhi,DL,2021-10-06,1790,LOW,786.48,T+1,POS_CARD,Y
MERCH001089,Zenith Services,5411,Grocery Stores / Supermarkets,Delhi,DL,2025-04-17,501,LOW,1216.6,T+1,POS_CARD,Y
MERCH001090,Bharat Retail,5814,Fast Food Restaurants,Nagpur,MH,2024-03-03,911,LOW,283.92,T+1,QR_INSTORE,Y
MERCH001091,Anand & Co,5411,Grocery Stores / Supermarkets,Hyderabad,TG,2026-07-15,47,MEDIUM,854.72,T+0,QR_INSTORE,Y
MERCH001092,Bharat Hub,5814,Fast Food Restaurants,Jaipur,RJ,2025-02-02,575,LOW,292.92,T+1,POS_CARD,Y
MERCH001093,Bharat Services,4900,Utilities - Electric/Gas/Water,Chennai,TN,2025-03-12,537,LOW,1457.92,T+1,ONLINE_CHECKOUT,Y
MERCH001094,Aster Stores,5732,Electronics Stores,Bengaluru,KA,2024-04-19,864,MEDIUM,8040.43,T+1,ONLINE_CHECKOUT,Y
MERCH001095,Anand Depot,5732,Electronics Stores,Nagpur,MH,2024-08-11,750,MEDIUM,11629.03,T+1,POS_CARD,N
MERCH001096,Aster Supply,6051,Quasi-Cash / Wallet Load,Panaji,GA,2020-11-03,2127,HIGH,6482.71,T+2,QR_INSTORE,Y
MERCH001097,Zenith Supply,4121,Taxicabs / Ride Hailing,Chennai,TN,2023-06-04,1184,LOW,191.54,T+1,QR_INSTORE,Y
MERCH001098,Shree Traders,5814,Fast Food Restaurants,Panaji,GA,2026-07-20,42,MEDIUM,175.52,T+1,QR_INSTORE,Y
MERCH001099,Rohan Hub,7011,Hotels / Lodging,Guwahati,AS,2024-10-21,679,MEDIUM,7032.47,T+1,POS_CARD,Y
MERCH001100,Krishna Traders,5541,Service Stations (Fuel),Chennai,TN,2021-06-15,1903,LOW,1020.11,T+1,ONLINE_CHECKOUT,Y
MERCH001101,Kalpana Stores,7995,Betting / Gaming,Ahmedabad,GJ,2026-05-18,105,HIGH,4210.18,T+1,QR_INSTORE,Y
MERCH001102,Lakshmi Ventures,5912,Drug Stores / Pharmacies,Indore,MP,2022-05-15,1569,LOW,342.01,T+1,QR_INSTORE,Y
MERCH001103,Urban Retail,5912,Drug Stores / Pharmacies,Kochi,KL,2023-07-18,1140,LOW,618.94,T+1,POS_CARD,Y
MERCH001104,Krishna Enterprises,5411,Grocery Stores / Supermarkets,Nagpur,MH,2026-04-08,145,LOW,590.83,T+1,POS_CARD,Y
MERCH001105,Nova & Co,5541,Service Stations (Fuel),Chennai,TN,2024-06-08,814,LOW,1022.66,T+0,ONLINE_CHECKOUT,Y
MERCH001106,Rohan Services,5814,Fast Food Restaurants,Chandigarh,CH,2021-04-12,1967,LOW,258.25,T+1,QR_INSTORE,Y
MERCH001107,Nimbus Supply,5732,Electronics Stores,Jaipur,RJ,2021-02-06,2032,MEDIUM,9771.14,T+1,QR_INSTORE,Y
MERCH001108,Bharat Traders,4121,Taxicabs / Ride Hailing,Ahmedabad,GJ,2020-10-17,2144,LOW,237.59,T+2,QR_INSTORE,Y
MERCH001109,Krishna Services,5541,Service Stations (Fuel),Delhi,DL,2025-05-22,466,LOW,1583.68,T+1,ONLINE_CHECKOUT,Y
MERCH001110,Kalpana Retail,7995,Betting / Gaming,Chandigarh,CH,2023-06-10,1178,HIGH,2925.06,T+1,ONLINE_CHECKOUT,Y
MERCH001111,Lakshmi Mart,5967,Direct Marketing - Inbound,Guwahati,AS,2021-03-11,1999,HIGH,965.48,T+1,ONLINE_CHECKOUT,Y
MERCH001112,Aster Enterprises,5541,Service Stations (Fuel),Panaji,GA,2025-02-13,564,LOW,1214.93,T+2,ONLINE_CHECKOUT,Y
MERCH001113,Shree Depot,5411,Grocery Stores / Supermarkets,Chandigarh,CH,2022-08-12,1480,LOW,1166.05,T+1,QR_INSTORE,Y
MERCH001114,Vertex Enterprises,4900,Utilities - Electric/Gas/Water,Lucknow,UP,2025-06-20,437,LOW,2154.14,T+1,QR_INSTORE,Y
MERCH001115,Lakshmi Traders,7995,Betting / Gaming,Delhi,DL,2022-08-02,1490,HIGH,4703.52,T+1,POS_CARD,Y
MERCH001116,Rohan Services,5651,Family Clothing Stores,Ahmedabad,GJ,2021-11-07,1758,MEDIUM,1351.84,T+1,ONLINE_CHECKOUT,Y
MERCH001117,Krishna Traders,4900,Utilities - Electric/Gas/Water,Ahmedabad,GJ,2026-01-04,239,LOW,1286.68,T+1,QR_INSTORE,Y
MERCH001118,Anand Mart,5912,Drug Stores / Pharmacies,Mumbai,MH,2023-11-21,1014,LOW,735.22,T+1,QR_INSTORE,Y
MERCH001119,Kalpana Ventures,5651,Family Clothing Stores,Ahmedabad,GJ,2025-11-20,284,MEDIUM,2134.16,T+2,QR_INSTORE,Y
MERCH001120,Rohan Enterprises,4121,Taxicabs / Ride Hailing,Hyderabad,TG,2025-01-04,604,LOW,185.67,T+1,QR_INSTORE,Y
MERCH001121,Nova Solutions,4121,Taxicabs / Ride Hailing,Kolkata,WB,2023-04-15,1234,LOW,330.09,T+1,ONLINE_CHECKOUT,Y
MERCH001122,Nimbus Stores,5732,Electronics Stores,Guwahati,AS,2025-09-27,338,MEDIUM,10199.96,T+2,ONLINE_CHECKOUT,Y
MERCH001123,Urban Solutions,5814,Fast Food Restaurants,Delhi,DL,2020-12-20,2080,LOW,170.96,T+1,QR_INSTORE,Y
MERCH001124,Nimbus Enterprises,5411,Grocery Stores / Supermarkets,Jaipur,RJ,2023-11-06,1029,LOW,1066.16,T+0,QR_INSTORE,Y
MERCH001125,Lakshmi Stores,5967,Direct Marketing - Inbound,Nagpur,MH,2023-05-11,1208,HIGH,1663.38,T+1,QR_INSTORE,Y
MERCH001126,Urban & Co,5651,Family Clothing Stores,Jaipur,RJ,2023-12-10,995,MEDIUM,2135.37,T+0,QR_INSTORE,Y
MERCH001127,Bharat Supply,5967,Direct Marketing - Inbound,Kochi,KL,2025-04-30,488,HIGH,2081.65,T+2,ONLINE_CHECKOUT,Y
MERCH001128,Zenith Enterprises,5411,Grocery Stores / Supermarkets,Hyderabad,TG,2025-01-14,594,LOW,856.16,T+1,QR_INSTORE,Y
MERCH001129,Krishna Hub,6051,Quasi-Cash / Wallet Load,Hyderabad,TG,2023-10-19,1047,HIGH,4240.59,T+1,ONLINE_CHECKOUT,Y
MERCH001130,Anand Mart,5732,Electronics Stores,Guwahati,AS,2023-09-18,1078,MEDIUM,17647.94,T+1,QR_INSTORE,Y
MERCH001131,Anand Supply,5411,Grocery Stores / Supermarkets,Chandigarh,CH,2022-11-07,1393,LOW,842.14,T+1,ONLINE_CHECKOUT,Y
MERCH001132,Aster Stores,5999,Miscellaneous Retail,Chennai,TN,2023-03-28,1252,MEDIUM,1209.77,T+2,QR_INSTORE,Y
MERCH001133,Sagar Ventures,5411,Grocery Stores / Supermarkets,Ahmedabad,GJ,2023-01-26,1313,LOW,1106.38,T+1,ONLINE_CHECKOUT,Y
MERCH001134,Nimbus Supply,7011,Hotels / Lodging,Kochi,KL,2021-07-09,1879,MEDIUM,7177.64,T+1,ONLINE_CHECKOUT,Y
MERCH001135,Vertex & Co,5541,Service Stations (Fuel),Chandigarh,CH,2025-11-24,280,LOW,1315.24,T+1,POS_CARD,Y
MERCH001136,Vertex Services,5814,Fast Food Restaurants,Jaipur,RJ,2023-04-06,1243,LOW,202.92,T+1,POS_CARD,Y
MERCH001137,Anand Solutions,5541,Service Stations (Fuel),Ahmedabad,GJ,2025-12-12,262,LOW,1281.09,T+1,ONLINE_CHECKOUT,Y
MERCH001138,Nova Solutions,5814,Fast Food Restaurants,Ahmedabad,GJ,2022-11-04,1396,HIGH,376.59,T+1,QR_INSTORE,Y
MERCH001139,Shree & Co,5912,Drug Stores / Pharmacies,Panaji,GA,2024-04-27,856,LOW,455.11,T+1,QR_INSTORE,Y
MERCH001140,Shree Supply,5651,Family Clothing Stores,Pune,MH,2025-04-23,495,MEDIUM,1475.54,T+1,QR_INSTORE,Y
MERCH001141,Zenith Ventures,5541,Service Stations (Fuel),Indore,MP,2025-08-13,383,LOW,906.49,T+1,ONLINE_CHECKOUT,Y
MERCH001142,Nimbus Traders,4121,Taxicabs / Ride Hailing,Jaipur,RJ,2025-08-18,378,LOW,353.8,T+1,QR_INSTORE,Y
MERCH001143,Vertex Enterprises,5814,Fast Food Restaurants,Guwahati,AS,2021-01-11,2058,LOW,202.2,T+1,QR_INSTORE,Y
MERCH001144,Sagar Enterprises,5999,Miscellaneous Retail,Ahmedabad,GJ,2022-12-21,1349,MEDIUM,972.2,T+1,ONLINE_CHECKOUT,Y
MERCH001145,Shree Ventures,5814,Fast Food Restaurants,Ahmedabad,GJ,2025-07-04,423,LOW,238.98,T+1,POS_CARD,Y
MERCH001146,Nova Supply,5651,Family Clothing Stores,Delhi,DL,2022-12-27,1343,MEDIUM,2693.81,T+1,ONLINE_CHECKOUT,Y
MERCH001147,Bharat Enterprises,7011,Hotels / Lodging,Delhi,DL,2026-01-30,213,MEDIUM,5349.95,T+0,QR_INSTORE,Y
MERCH001148,Anand Enterprises,4722,Travel Agencies,Indore,MP,2024-10-01,699,HIGH,17470.98,T+1,QR_INSTORE,Y
MERCH001149,Aster Depot,5541,Service Stations (Fuel),Chandigarh,CH,2020-11-29,2101,LOW,1600.99,T+1,ONLINE_CHECKOUT,Y
MERCH001150,Nova Depot,4900,Utilities - Electric/Gas/Water,Indore,MP,2022-10-20,1411,LOW,2012.69,T+1,ONLINE_CHECKOUT,Y
MERCH001151,Kalpana Ventures,5814,Fast Food Restaurants,Indore,MP,2025-02-23,554,LOW,297.6,T+1,POS_CARD,Y
MERCH001152,Nova Mart,5651,Family Clothing Stores,Delhi,DL,2023-05-26,1193,MEDIUM,1950.5,T+1,ONLINE_CHECKOUT,Y
MERCH001153,Vertex Mart,6051,Quasi-Cash / Wallet Load,Nagpur,MH,2022-11-19,1381,MEDIUM,6025.29,T+1,POS_CARD,Y
MERCH001154,Rohan Supply,5732,Electronics Stores,Lucknow,UP,2023-11-04,1031,MEDIUM,17430.91,T+1,ONLINE_CHECKOUT,Y
MERCH001155,Sagar Hub,5912,Drug Stores / Pharmacies,Lucknow,UP,2024-05-22,831,LOW,697.1,T+1,POS_CARD,Y
MERCH001156,Prime Solutions,5912,Drug Stores / Pharmacies,Jaipur,RJ,2025-05-03,485,LOW,426.89,T+1,QR_INSTORE,Y
MERCH001157,Shree Solutions,4121,Taxicabs / Ride Hailing,Guwahati,AS,2026-03-29,155,LOW,254.35,T+1,QR_INSTORE,Y
MERCH001158,Kalpana Hub,5814,Fast Food Restaurants,Chandigarh,CH,2025-12-16,258,LOW,168.57,T+0,POS_CARD,Y
MERCH001159,Urban Traders,4121,Taxicabs / Ride Hailing,Mumbai,MH,2021-08-09,1848,LOW,284.18,T+2,POS_CARD,Y
MERCH001160,Kalpana Supply,7011,Hotels / Lodging,Indore,MP,2024-01-16,958,MEDIUM,7287.94,T+2,QR_INSTORE,Y
MERCH001161,Lakshmi Ventures,5411,Grocery Stores / Supermarkets,Mumbai,MH,2025-06-13,444,LOW,1227.43,T+1,QR_INSTORE,Y
MERCH001162,Shree Retail,5967,Direct Marketing - Inbound,Lucknow,UP,2024-12-26,613,HIGH,1159.05,T+1,ONLINE_CHECKOUT,Y
MERCH001163,Metro Hub,5411,Grocery Stores / Supermarkets,Jaipur,RJ,2022-11-27,1373,LOW,757.64,T+1,QR_INSTORE,Y
MERCH001164,Nova Retail,5732,Electronics Stores,Panaji,GA,2026-06-09,83,HIGH,10572.6,T+1,ONLINE_CHECKOUT,Y
MERCH001165,Krishna & Co,5541,Service Stations (Fuel),Guwahati,AS,2025-12-05,269,LOW,1686.2,T+2,QR_INSTORE,Y
MERCH001166,Shree Mart,5541,Service Stations (Fuel),Chennai,TN,2020-11-16,2114,LOW,2085.05,T+1,ONLINE_CHECKOUT,Y
MERCH001167,Rohan Retail,5814,Fast Food Restaurants,Chandigarh,CH,2022-10-22,1409,LOW,367.35,T+1,POS_CARD,Y
MERCH001168,Nimbus Services,5814,Fast Food Restaurants,Ahmedabad,GJ,2024-03-26,888,LOW,166.15,T+1,QR_INSTORE,Y
MERCH001169,Anand Retail,4900,Utilities - Electric/Gas/Water,Kolkata,WB,2021-11-27,1738,LOW,2071.87,T+1,ONLINE_CHECKOUT,Y
MERCH001170,Shree Enterprises,5999,Miscellaneous Retail,Jaipur,RJ,2020-11-19,2111,MEDIUM,1020.6,T+1,ONLINE_CHECKOUT,Y
MERCH001171,Kalpana & Co,5411,Grocery Stores / Supermarkets,Jaipur,RJ,2023-03-23,1257,LOW,1032.69,T+1,ONLINE_CHECKOUT,Y
MERCH001172,Urban Traders,5732,Electronics Stores,Guwahati,AS,2021-10-31,1765,MEDIUM,7669.37,T+1,QR_INSTORE,Y
MERCH001173,Aster Hub,5411,Grocery Stores / Supermarkets,Guwahati,AS,2026-05-14,109,LOW,582.36,T+1,QR_INSTORE,Y
MERCH001174,Anand & Co,5732,Electronics Stores,Lucknow,UP,2025-09-04,361,MEDIUM,10959.03,T+1,ONLINE_CHECKOUT,Y
MERCH001175,Bharat Solutions,5732,Electronics Stores,Ahmedabad,GJ,2025-06-22,435,MEDIUM,12330.37,T+1,ONLINE_CHECKOUT,Y
MERCH001176,Prime Traders,4900,Utilities - Electric/Gas/Water,Mumbai,MH,2024-10-26,674,LOW,1875.83,T+1,ONLINE_CHECKOUT,Y
MERCH001177,Krishna Mart,4900,Utilities - Electric/Gas/Water,Kolkata,WB,2026-01-12,231,HIGH,1611.54,T+2,POS_CARD,Y
MERCH001178,Anand Mart,5411,Grocery Stores / Supermarkets,Indore,MP,2023-10-20,1046,LOW,1172.79,T+2,QR_INSTORE,N
MERCH001179,Lakshmi Stores,5651,Family Clothing Stores,Panaji,GA,2021-08-14,1843,MEDIUM,1231.79,T+1,ONLINE_CHECKOUT,Y
MERCH001180,Krishna Traders,5651,Family Clothing Stores,Guwahati,AS,2025-06-02,455,MEDIUM,1436.42,T+1,QR_INSTORE,Y
MERCH001181,Lakshmi Hub,5912,Drug Stores / Pharmacies,Chennai,TN,2022-02-14,1659,LOW,384.4,T+0,QR_INSTORE,Y
MERCH001182,Shree Supply,5541,Service Stations (Fuel),Indore,MP,2024-05-22,831,LOW,935.44,T+1,ONLINE_CHECKOUT,Y
MERCH001183,Lakshmi Depot,5814,Fast Food Restaurants,Kolkata,WB,2024-04-19,864,LOW,322.61,T+1,ONLINE_CHECKOUT,Y
MERCH001184,Shree Enterprises,5814,Fast Food Restaurants,Bengaluru,KA,2022-01-29,1675,LOW,217.21,T+1,ONLINE_CHECKOUT,Y
MERCH001185,Shree Enterprises,5999,Miscellaneous Retail,Ahmedabad,GJ,2024-07-09,783,MEDIUM,1331.65,T+1,QR_INSTORE,Y
MERCH001186,Kalpana Solutions,5999,Miscellaneous Retail,Jaipur,RJ,2022-09-22,1439,MEDIUM,677.22,T+1,ONLINE_CHECKOUT,Y
MERCH001187,Metro Depot,5912,Drug Stores / Pharmacies,Delhi,DL,2020-09-26,2165,LOW,379.24,T+1,QR_INSTORE,Y
MERCH001188,Krishna & Co,4121,Taxicabs / Ride Hailing,Nagpur,MH,2022-03-09,1636,LOW,248.86,T+1,ONLINE_CHECKOUT,Y
MERCH001189,Aster & Co,5732,Electronics Stores,Mumbai,MH,2022-12-13,1357,MEDIUM,10929.1,T+1,QR_INSTORE,Y
MERCH001190,Krishna Retail,5814,Fast Food Restaurants,Panaji,GA,2020-10-11,2150,LOW,324.92,T+1,ONLINE_CHECKOUT,Y
MERCH001191,Anand Traders,5814,Fast Food Restaurants,Chennai,TN,2022-07-03,1520,LOW,362.73,T+1,QR_INSTORE,N
MERCH001192,Shree Ventures,4121,Taxicabs / Ride Hailing,Nagpur,MH,2021-07-23,1865,LOW,185.93,T+1,ONLINE_CHECKOUT,Y
MERCH001193,Zenith Hub,7011,Hotels / Lodging,Chandigarh,CH,2024-07-19,773,MEDIUM,5831.26,T+1,ONLINE_CHECKOUT,Y
MERCH001194,Krishna Enterprises,5651,Family Clothing Stores,Guwahati,AS,2023-06-24,1164,MEDIUM,1450.88,T+2,ONLINE_CHECKOUT,Y
MERCH001195,Krishna Retail,5732,Electronics Stores,Ahmedabad,GJ,2023-04-11,1238,MEDIUM,17483.63,T+1,POS_CARD,Y
MERCH001196,Zenith Depot,5999,Miscellaneous Retail,Chandigarh,CH,2024-07-30,762,MEDIUM,1419.11,T+1,ONLINE_CHECKOUT,Y
MERCH001197,Metro Retail,7995,Betting / Gaming,Kochi,KL,2026-01-02,241,HIGH,3801.67,T+1,ONLINE_CHECKOUT,Y
MERCH001198,Vertex & Co,4121,Taxicabs / Ride Hailing,Kochi,KL,2023-08-08,1119,LOW,162.76,T+0,QR_INSTORE,Y
MERCH001199,Shree Depot,5541,Service Stations (Fuel),Panaji,GA,2022-02-24,1649,LOW,1113.2,T+1,ONLINE_CHECKOUT,Y
MERCH001200,Zenith Traders,4121,Taxicabs / Ride Hailing,Ahmedabad,GJ,2023-09-22,1074,LOW,249.26,T+2,QR_INSTORE,Y
MERCH001201,Lakshmi Stores,5651,Family Clothing Stores,Panaji,GA,2023-12-15,990,MEDIUM,2441.31,T+1,ONLINE_CHECKOUT,Y
MERCH001202,Metro Traders,7011,Hotels / Lodging,Guwahati,AS,2021-01-02,2067,LOW,4432.15,T+1,QR_INSTORE,Y
MERCH001203,Aster Ventures,4900,Utilities - Electric/Gas/Water,Nagpur,MH,2024-11-28,641,LOW,2796.42,T+2,QR_INSTORE,Y
MERCH001204,Lakshmi Hub,5651,Family Clothing Stores,Pune,MH,2026-05-11,112,MEDIUM,2292.37,T+0,QR_INSTORE,Y
MERCH001205,Anand Retail,4121,Taxicabs / Ride Hailing,Kolkata,WB,2024-10-15,685,LOW,307.81,T+2,QR_INSTORE,Y
MERCH001206,Aster Ventures,5541,Service Stations (Fuel),Pune,MH,2025-05-28,460,LOW,1585.24,T+1,ONLINE_CHECKOUT,Y
MERCH001207,Kalpana Ventures,4900,Utilities - Electric/Gas/Water,Delhi,DL,2023-06-27,1161,LOW,2023.32,T+1,ONLINE_CHECKOUT,Y
MERCH001208,Bharat Ventures,5411,Grocery Stores / Supermarkets,Mumbai,MH,2024-08-02,759,LOW,680.25,T+1,POS_CARD,Y
MERCH001209,Rohan Supply,7011,Hotels / Lodging,Indore,MP,2023-02-17,1291,MEDIUM,6052.84,T+1,ONLINE_CHECKOUT,Y
MERCH001210,Zenith Traders,5732,Electronics Stores,Guwahati,AS,2026-02-17,195,MEDIUM,11754.12,T+1,QR_INSTORE,Y
MERCH001211,Urban Enterprises,4900,Utilities - Electric/Gas/Water,Kolkata,WB,2022-11-07,1393,LOW,2849.32,T+1,QR_INSTORE,Y
MERCH001212,Kalpana Traders,4121,Taxicabs / Ride Hailing,Mumbai,MH,2021-08-31,1826,LOW,313.42,T+1,ONLINE_CHECKOUT,Y
MERCH001213,Shree Solutions,4722,Travel Agencies,Pune,MH,2023-10-06,1060,MEDIUM,22896.02,T+1,POS_CARD,Y
MERCH001214,Sagar Depot,4121,Taxicabs / Ride Hailing,Chandigarh,CH,2025-11-07,297,LOW,257.31,T+1,QR_INSTORE,Y
MERCH001215,Prime Hub,5967,Direct Marketing - Inbound,Nagpur,MH,2021-05-04,1945,HIGH,2150.83,T+1,QR_INSTORE,Y
MERCH001216,Metro Traders,5732,Electronics Stores,Lucknow,UP,2024-04-25,858,MEDIUM,16898.22,T+1,ONLINE_CHECKOUT,Y
MERCH001217,Prime Supply,5999,Miscellaneous Retail,Mumbai,MH,2020-09-09,2182,MEDIUM,1382.5,T+1,ONLINE_CHECKOUT,Y
MERCH001218,Shree Depot,4900,Utilities - Electric/Gas/Water,Delhi,DL,2025-02-28,549,LOW,2367.4,T+2,POS_CARD,Y
MERCH001219,Urban Services,5814,Fast Food Restaurants,Guwahati,AS,2026-02-09,203,LOW,176.46,T+1,QR_INSTORE,Y
MERCH001220,Aster Enterprises,5814,Fast Food Restaurants,Chandigarh,CH,2021-11-12,1753,LOW,387.39,T+1,QR_INSTORE,Y
MERCH001221,Lakshmi Traders,7995,Betting / Gaming,Mumbai,MH,2022-05-20,1564,HIGH,3400.46,T+1,QR_INSTORE,Y
MERCH001222,Bharat Solutions,5541,Service Stations (Fuel),Delhi,DL,2023-02-24,1284,LOW,1048.02,T+1,ONLINE_CHECKOUT,Y
MERCH001223,Zenith Retail,5411,Grocery Stores / Supermarkets,Panaji,GA,2022-10-08,1423,LOW,1037.94,T+1,ONLINE_CHECKOUT,Y
MERCH001224,Lakshmi Enterprises,5411,Grocery Stores / Supermarkets,Hyderabad,TG,2023-03-12,1268,LOW,1152.48,T+2,QR_INSTORE,Y
MERCH001225,Aster Ventures,5912,Drug Stores / Pharmacies,Panaji,GA,2022-08-30,1462,LOW,675.43,T+1,QR_INSTORE,Y
MERCH001226,Anand Stores,5651,Family Clothing Stores,Pune,MH,2022-01-14,1690,MEDIUM,2079.5,T+0,ONLINE_CHECKOUT,Y
MERCH001227,Zenith Depot,5411,Grocery Stores / Supermarkets,Pune,MH,2025-07-09,418,LOW,637.29,T+2,ONLINE_CHECKOUT,Y
MERCH001228,Sagar Traders,4121,Taxicabs / Ride Hailing,Ahmedabad,GJ,2021-05-25,1924,LOW,192.17,T+1,POS_CARD,Y
MERCH001229,Kalpana Ventures,5999,Miscellaneous Retail,Hyderabad,TG,2025-09-08,357,MEDIUM,962.64,T+1,QR_INSTORE,Y
MERCH001230,Prime Supply,5732,Electronics Stores,Delhi,DL,2023-07-17,1141,MEDIUM,12673.3,T+2,POS_CARD,Y
MERCH001231,Bharat Solutions,5814,Fast Food Restaurants,Delhi,DL,2021-10-04,1792,LOW,215.44,T+1,ONLINE_CHECKOUT,Y
MERCH001232,Sagar Solutions,5999,Miscellaneous Retail,Indore,MP,2023-12-04,1001,MEDIUM,665.18,T+1,ONLINE_CHECKOUT,Y
MERCH001233,Bharat Traders,5651,Family Clothing Stores,Bengaluru,KA,2025-11-10,294,MEDIUM,2392.87,T+1,QR_INSTORE,Y
MERCH001234,Shree Depot,4121,Taxicabs / Ride Hailing,Delhi,DL,2024-01-02,972,LOW,272.15,T+1,ONLINE_CHECKOUT,Y
MERCH001235,Metro Traders,5651,Family Clothing Stores,Lucknow,UP,2022-06-29,1524,MEDIUM,1636.93,T+1,QR_INSTORE,Y
MERCH001236,Nimbus Stores,5912,Drug Stores / Pharmacies,Kochi,KL,2024-02-10,933,LOW,341.66,T+1,ONLINE_CHECKOUT,Y
MERCH001237,Zenith Services,7011,Hotels / Lodging,Ahmedabad,GJ,2024-11-05,664,LOW,9383.53,T+2,ONLINE_CHECKOUT,Y
MERCH001238,Nova Stores,4900,Utilities - Electric/Gas/Water,Lucknow,UP,2026-01-07,236,LOW,2697.99,T+1,QR_INSTORE,Y
MERCH001239,Metro Hub,4900,Utilities - Electric/Gas/Water,Mumbai,MH,2023-04-29,1220,LOW,1892.33,T+1,QR_INSTORE,Y
MERCH001240,Nimbus Stores,7011,Hotels / Lodging,Hyderabad,TG,2024-01-11,963,MEDIUM,4967.26,T+1,POS_CARD,N
MERCH001241,Nimbus Enterprises,5732,Electronics Stores,Delhi,DL,2022-02-20,1653,MEDIUM,8465.06,T+1,QR_INSTORE,Y
MERCH001242,Shree Traders,5912,Drug Stores / Pharmacies,Hyderabad,TG,2026-04-25,128,LOW,330.23,T+1,ONLINE_CHECKOUT,Y
MERCH001243,Sagar Retail,4900,Utilities - Electric/Gas/Water,Kolkata,WB,2021-01-19,2050,LOW,1960.39,T+1,ONLINE_CHECKOUT,Y
MERCH001244,Zenith Mart,5651,Family Clothing Stores,Lucknow,UP,2025-09-13,352,MEDIUM,2186.58,T+1,ONLINE_CHECKOUT,Y
MERCH001245,Shree Hub,7995,Betting / Gaming,Delhi,DL,2023-06-25,1163,HIGH,3669.12,T+1,POS_CARD,Y
MERCH001246,Rohan & Co,4900,Utilities - Electric/Gas/Water,Ahmedabad,GJ,2021-10-11,1785,LOW,2351.27,T+1,POS_CARD,Y
MERCH001247,Rohan Retail,5651,Family Clothing Stores,Chennai,TN,2022-07-05,1518,MEDIUM,2040.55,T+1,QR_INSTORE,Y
MERCH001248,Zenith Hub,5541,Service Stations (Fuel),Ahmedabad,GJ,2026-07-05,57,MEDIUM,1861.5,T+2,QR_INSTORE,Y
MERCH001249,Vertex Retail,4722,Travel Agencies,Kolkata,WB,2026-03-10,174,HIGH,14930.59,T+1,QR_INSTORE,Y
MERCH001250,Prime Supply,5912,Drug Stores / Pharmacies,Hyderabad,TG,2022-02-03,1670,LOW,361.75,T+1,QR_INSTORE,Y
MERCH001251,Sagar & Co,5814,Fast Food Restaurants,Bengaluru,KA,2022-05-11,1573,LOW,336.42,T+1,POS_CARD,Y
MERCH001252,Nova Hub,5732,Electronics Stores,Kolkata,WB,2022-04-25,1589,MEDIUM,8317.94,T+1,ONLINE_CHECKOUT,Y
MERCH001253,Sagar Ventures,4900,Utilities - Electric/Gas/Water,Delhi,DL,2024-11-09,660,LOW,2194.4,T+1,QR_INSTORE,Y
MERCH001254,Anand Enterprises,4900,Utilities - Electric/Gas/Water,Chandigarh,CH,2020-10-16,2145,HIGH,1871.53,T+0,QR_INSTORE,N
MERCH001255,Shree Stores,5912,Drug Stores / Pharmacies,Lucknow,UP,2024-06-29,793,LOW,468.79,T+1,QR_INSTORE,Y
MERCH001256,Nova Stores,4900,Utilities - Electric/Gas/Water,Hyderabad,TG,2023-04-11,1238,LOW,2282.6,T+1,QR_INSTORE,N
MERCH001257,Zenith Mart,5912,Drug Stores / Pharmacies,Ahmedabad,GJ,2025-12-17,257,LOW,345.24,T+1,ONLINE_CHECKOUT,Y
MERCH001258,Vertex Ventures,7011,Hotels / Lodging,Kolkata,WB,2023-11-06,1029,MEDIUM,8027.37,T+1,QR_INSTORE,Y
MERCH001259,Zenith Services,5732,Electronics Stores,Kochi,KL,2025-07-24,403,MEDIUM,10961.7,T+1,QR_INSTORE,Y
MERCH001260,Kalpana Solutions,7995,Betting / Gaming,Hyderabad,TG,2024-10-28,672,HIGH,3709.56,T+1,QR_INSTORE,Y
MERCH001261,Rohan Retail,4900,Utilities - Electric/Gas/Water,Nagpur,MH,2024-10-21,679,LOW,2575.31,T+1,QR_INSTORE,Y
MERCH001262,Urban Enterprises,4900,Utilities - Electric/Gas/Water,Kochi,KL,2021-01-20,2049,LOW,1354.54,T+1,QR_INSTORE,Y
MERCH001263,Kalpana Hub,4121,Taxicabs / Ride Hailing,Bengaluru,KA,2025-07-02,425,LOW,170.79,T+1,ONLINE_CHECKOUT,Y
MERCH001264,Lakshmi Traders,4900,Utilities - Electric/Gas/Water,Mumbai,MH,2022-05-26,1558,LOW,2687.51,T+1,ONLINE_CHECKOUT,Y
MERCH001265,Kalpana Stores,4121,Taxicabs / Ride Hailing,Delhi,DL,2021-05-17,1932,HIGH,340.1,T+1,ONLINE_CHECKOUT,Y
MERCH001266,Krishna Supply,5999,Miscellaneous Retail,Chandigarh,CH,2023-04-07,1242,MEDIUM,1026.11,T+1,QR_INSTORE,Y
MERCH001267,Nimbus Supply,5814,Fast Food Restaurants,Kochi,KL,2023-06-09,1179,LOW,186.98,T+1,QR_INSTORE,Y
MERCH001268,Rohan Traders,5541,Service Stations (Fuel),Lucknow,UP,2021-02-15,2023,LOW,1830.81,T+2,QR_INSTORE,Y
MERCH001269,Krishna Stores,5732,Electronics Stores,Jaipur,RJ,2025-11-20,284,HIGH,8456.81,T+1,ONLINE_CHECKOUT,Y
MERCH001270,Metro Traders,5651,Family Clothing Stores,Panaji,GA,2025-05-27,461,MEDIUM,2586.75,T+1,ONLINE_CHECKOUT,Y
MERCH001271,Nova Enterprises,5732,Electronics Stores,Bengaluru,KA,2023-11-14,1021,MEDIUM,16904.13,T+1,QR_INSTORE,Y
MERCH001272,Bharat Services,5411,Grocery Stores / Supermarkets,Bengaluru,KA,2024-06-07,815,LOW,1000.64,T+2,ONLINE_CHECKOUT,Y
MERCH001273,Rohan Solutions,5814,Fast Food Restaurants,Hyderabad,TG,2023-02-13,1295,LOW,370.51,T+1,QR_INSTORE,Y
MERCH001274,Metro Enterprises,5999,Miscellaneous Retail,Delhi,DL,2024-01-19,955,MEDIUM,1152.93,T+1,QR_INSTORE,Y
MERCH001275,Lakshmi & Co,4900,Utilities - Electric/Gas/Water,Indore,MP,2021-06-11,1907,LOW,1189.77,T+0,POS_CARD,Y
MERCH001276,Krishna Supply,5999,Miscellaneous Retail,Kolkata,WB,2024-07-15,777,MEDIUM,1116.42,T+1,QR_INSTORE,Y
MERCH001277,Krishna & Co,5814,Fast Food Restaurants,Hyderabad,TG,2020-12-04,2096,LOW,185.98,T+1,QR_INSTORE,Y
MERCH001278,Shree Traders,5651,Family Clothing Stores,Indore,MP,2021-07-25,1863,MEDIUM,2235.44,T+2,QR_INSTORE,Y
MERCH001279,Anand Services,5967,Direct Marketing - Inbound,Panaji,GA,2026-06-19,73,HIGH,1491.45,T+1,ONLINE_CHECKOUT,Y
MERCH001280,Metro Solutions,5814,Fast Food Restaurants,Jaipur,RJ,2020-11-18,2112,LOW,303.52,T+1,QR_INSTORE,Y
MERCH001281,Vertex Supply,5814,Fast Food Restaurants,Kochi,KL,2022-07-05,1518,LOW,219.89,T+1,QR_INSTORE,Y
MERCH001282,Sagar Stores,5411,Grocery Stores / Supermarkets,Ahmedabad,GJ,2023-06-01,1187,LOW,1004.96,T+1,QR_INSTORE,Y
MERCH001283,Sagar Hub,7995,Betting / Gaming,Hyderabad,TG,2025-12-18,256,HIGH,2540.79,T+1,QR_INSTORE,Y
MERCH001284,Sagar Hub,5814,Fast Food Restaurants,Indore,MP,2024-08-24,737,LOW,204.01,T+1,QR_INSTORE,Y
MERCH001285,Shree Supply,5814,Fast Food Restaurants,Jaipur,RJ,2024-03-04,910,LOW,308.7,T+1,ONLINE_CHECKOUT,Y
MERCH001286,Nimbus Services,5411,Grocery Stores / Supermarkets,Kochi,KL,2021-04-17,1962,LOW,1210.28,T+1,QR_INSTORE,Y
MERCH001287,Sagar Retail,5541,Service Stations (Fuel),Bengaluru,KA,2023-05-07,1212,LOW,1612.58,T+1,ONLINE_CHECKOUT,Y
MERCH001288,Kalpana Hub,5912,Drug Stores / Pharmacies,Chennai,TN,2022-05-15,1569,LOW,430.31,T+1,QR_INSTORE,Y
MERCH001289,Zenith Enterprises,5912,Drug Stores / Pharmacies,Lucknow,UP,2021-01-30,2039,LOW,537.35,T+1,QR_INSTORE,Y
MERCH001290,Lakshmi Stores,5814,Fast Food Restaurants,Nagpur,MH,2020-10-20,2141,LOW,178.15,T+0,ONLINE_CHECKOUT,Y
MERCH001291,Prime Mart,5541,Service Stations (Fuel),Bengaluru,KA,2025-12-24,250,LOW,1851.08,T+1,ONLINE_CHECKOUT,Y
MERCH001292,Metro Stores,5541,Service Stations (Fuel),Jaipur,RJ,2023-03-18,1262,LOW,1531.74,T+1,QR_INSTORE,N
MERCH001293,Urban Traders,4900,Utilities - Electric/Gas/Water,Nagpur,MH,2024-04-14,869,LOW,1274.58,T+1,ONLINE_CHECKOUT,Y
MERCH001294,Zenith Services,5732,Electronics Stores,Ahmedabad,GJ,2022-05-22,1562,MEDIUM,8554.48,T+1,ONLINE_CHECKOUT,Y
MERCH001295,Rohan Depot,5411,Grocery Stores / Supermarkets,Ahmedabad,GJ,2023-07-26,1132,LOW,687.19,T+1,QR_INSTORE,Y
MERCH001296,Metro Solutions,4900,Utilities - Electric/Gas/Water,Bengaluru,KA,2024-01-28,946,LOW,2497.06,T+1,ONLINE_CHECKOUT,Y
MERCH001297,Krishna Enterprises,4900,Utilities - Electric/Gas/Water,Kochi,KL,2025-09-18,347,LOW,1850.87,T+1,QR_INSTORE,Y
MERCH001298,Urban Enterprises,5651,Family Clothing Stores,Jaipur,RJ,2021-05-07,1942,MEDIUM,1428.09,T+0,ONLINE_CHECKOUT,Y
MERCH001299,Shree Ventures,5541,Service Stations (Fuel),Bengaluru,KA,2024-02-12,931,LOW,1157.72,T+1,ONLINE_CHECKOUT,Y
MERCH001300,Lakshmi Enterprises,5912,Drug Stores / Pharmacies,Mumbai,MH,2025-09-30,335,LOW,416.27,T+1,ONLINE_CHECKOUT,Y
MERCH001301,Urban Solutions,4121,Taxicabs / Ride Hailing,Guwahati,AS,2024-03-19,895,LOW,194.43,T+1,QR_INSTORE,Y
MERCH001302,Kalpana Retail,5411,Grocery Stores / Supermarkets,Lucknow,UP,2024-12-09,630,LOW,1084.2,T+1,ONLINE_CHECKOUT,Y
MERCH001303,Bharat Stores,4121,Taxicabs / Ride Hailing,Delhi,DL,2026-06-25,67,MEDIUM,304.87,T+2,ONLINE_CHECKOUT,Y
MERCH001304,Urban Stores,5411,Grocery Stores / Supermarkets,Pune,MH,2021-12-04,1731,LOW,570.85,T+2,ONLINE_CHECKOUT,Y
MERCH001305,Sagar Stores,7011,Hotels / Lodging,Delhi,DL,2023-01-19,1320,MEDIUM,7362.66,T+1,QR_INSTORE,Y
MERCH001306,Prime Hub,4722,Travel Agencies,Chandigarh,CH,2023-07-08,1150,HIGH,15968.61,T+1,POS_CARD,Y
MERCH001307,Urban & Co,5732,Electronics Stores,Guwahati,AS,2023-02-02,1306,MEDIUM,10349.03,T+1,QR_INSTORE,Y
MERCH001308,Nova Services,5651,Family Clothing Stores,Kolkata,WB,2021-08-29,1828,MEDIUM,1608.02,T+1,POS_CARD,Y
MERCH001309,Prime Hub,6051,Quasi-Cash / Wallet Load,Chandigarh,CH,2023-07-24,1134,HIGH,6243.42,T+1,POS_CARD,Y
MERCH001310,Nova Hub,5541,Service Stations (Fuel),Chennai,TN,2021-02-13,2025,LOW,2092.87,T+1,ONLINE_CHECKOUT,Y
MERCH001311,Aster Solutions,5411,Grocery Stores / Supermarkets,Indore,MP,2022-05-25,1559,LOW,1076.11,T+2,POS_CARD,Y
MERCH001312,Zenith Mart,6051,Quasi-Cash / Wallet Load,Pune,MH,2021-05-07,1942,HIGH,7150.15,T+1,QR_INSTORE,Y
MERCH001313,Aster Solutions,5411,Grocery Stores / Supermarkets,Indore,MP,2024-09-11,719,LOW,776.54,T+1,POS_CARD,Y
MERCH001314,Kalpana Stores,5732,Electronics Stores,Hyderabad,TG,2021-12-14,1721,MEDIUM,10091.15,T+1,ONLINE_CHECKOUT,Y
MERCH001315,Lakshmi & Co,5411,Grocery Stores / Supermarkets,Lucknow,UP,2020-08-23,2199,LOW,879.96,T+1,QR_INSTORE,Y
MERCH001316,Nimbus Traders,5912,Drug Stores / Pharmacies,Ahmedabad,GJ,2025-06-01,456,LOW,764.15,T+2,QR_INSTORE,Y
MERCH001317,Aster Traders,5999,Miscellaneous Retail,Mumbai,MH,2021-01-15,2054,MEDIUM,951.42,T+2,QR_INSTORE,Y
MERCH001318,Nova & Co,5411,Grocery Stores / Supermarkets,Indore,MP,2024-05-18,835,LOW,1224.27,T+1,POS_CARD,Y
MERCH001319,Vertex & Co,4121,Taxicabs / Ride Hailing,Lucknow,UP,2023-04-08,1241,LOW,318.04,T+1,QR_INSTORE,Y
MERCH001320,Metro Services,4121,Taxicabs / Ride Hailing,Indore,MP,2024-12-30,609,LOW,160.79,T+1,ONLINE_CHECKOUT,Y
MERCH001321,Metro Depot,5651,Family Clothing Stores,Guwahati,AS,2026-05-06,117,MEDIUM,2236.78,T+2,ONLINE_CHECKOUT,Y
MERCH001322,Metro Depot,7011,Hotels / Lodging,Chandigarh,CH,2023-07-12,1146,MEDIUM,4770.99,T+1,QR_INSTORE,Y
MERCH001323,Anand Mart,5541,Service Stations (Fuel),Nagpur,MH,2021-09-18,1808,LOW,1492.25,T+0,ONLINE_CHECKOUT,Y
MERCH001324,Lakshmi & Co,5732,Electronics Stores,Nagpur,MH,2025-05-14,474,MEDIUM,13402.37,T+1,POS_CARD,Y
MERCH001325,Shree Stores,5912,Drug Stores / Pharmacies,Nagpur,MH,2023-09-01,1095,LOW,762.08,T+1,QR_INSTORE,Y
MERCH001326,Sagar Mart,5411,Grocery Stores / Supermarkets,Chennai,TN,2021-07-09,1879,LOW,1141.15,T+1,POS_CARD,Y
MERCH001327,Rohan Enterprises,5999,Miscellaneous Retail,Lucknow,UP,2026-07-12,50,HIGH,669.27,T+1,QR_INSTORE,Y
MERCH001328,Prime Traders,4722,Travel Agencies,Nagpur,MH,2020-11-06,2124,HIGH,15367.31,T+1,POS_CARD,Y
MERCH001329,Zenith Stores,5814,Fast Food Restaurants,Indore,MP,2022-07-24,1499,LOW,293.04,T+1,QR_INSTORE,Y
MERCH001330,Zenith Services,5541,Service Stations (Fuel),Chandigarh,CH,2024-03-06,908,LOW,1173.84,T+2,ONLINE_CHECKOUT,Y
MERCH001331,Krishna Ventures,5999,Miscellaneous Retail,Mumbai,MH,2023-06-08,1180,MEDIUM,953.58,T+1,QR_INSTORE,Y
MERCH001332,Rohan Depot,6051,Quasi-Cash / Wallet Load,Delhi,DL,2021-04-18,1961,HIGH,5379.03,T+2,ONLINE_CHECKOUT,Y
MERCH001333,Urban Hub,5411,Grocery Stores / Supermarkets,Delhi,DL,2024-05-23,830,LOW,920.5,T+1,QR_INSTORE,Y
MERCH001334,Zenith Hub,7011,Hotels / Lodging,Bengaluru,KA,2022-05-29,1555,MEDIUM,4175.11,T+1,QR_INSTORE,Y
MERCH001335,Shree Hub,5411,Grocery Stores / Supermarkets,Chandigarh,CH,2024-10-11,689,LOW,654.54,T+1,ONLINE_CHECKOUT,Y
MERCH001336,Bharat Solutions,5999,Miscellaneous Retail,Delhi,DL,2022-10-31,1400,MEDIUM,1135.0,T+1,ONLINE_CHECKOUT,Y
MERCH001337,Nova Mart,5411,Grocery Stores / Supermarkets,Chandigarh,CH,2021-02-25,2013,LOW,1016.92,T+1,POS_CARD,Y
MERCH001338,Rohan Retail,4121,Taxicabs / Ride Hailing,Jaipur,RJ,2022-11-01,1399,LOW,304.29,T+1,ONLINE_CHECKOUT,Y
MERCH001339,Kalpana Supply,5411,Grocery Stores / Supermarkets,Chennai,TN,2024-02-24,919,LOW,592.87,T+0,ONLINE_CHECKOUT,Y
MERCH001340,Shree Services,5814,Fast Food Restaurants,Kochi,KL,2024-08-12,749,LOW,331.29,T+1,QR_INSTORE,Y
MERCH001341,Bharat Solutions,4121,Taxicabs / Ride Hailing,Pune,MH,2024-07-01,791,LOW,179.44,T+1,QR_INSTORE,Y
MERCH001342,Bharat Solutions,5411,Grocery Stores / Supermarkets,Ahmedabad,GJ,2025-11-20,284,LOW,1069.85,T+1,ONLINE_CHECKOUT,Y
MERCH001343,Kalpana Stores,6051,Quasi-Cash / Wallet Load,Hyderabad,TG,2023-01-30,1309,HIGH,4311.11,T+2,ONLINE_CHECKOUT,Y
MERCH001344,Nova Enterprises,5411,Grocery Stores / Supermarkets,Pune,MH,2026-04-28,125,LOW,1186.61,T+0,ONLINE_CHECKOUT,Y
MERCH001345,Prime Stores,5814,Fast Food Restaurants,Kochi,KL,2022-03-17,1628,LOW,194.54,T+1,QR_INSTORE,Y
MERCH001346,Sagar & Co,4121,Taxicabs / Ride Hailing,Delhi,DL,2024-09-15,715,LOW,173.59,T+1,QR_INSTORE,Y
MERCH001347,Urban Enterprises,5912,Drug Stores / Pharmacies,Delhi,DL,2025-06-24,433,LOW,422.82,T+1,ONLINE_CHECKOUT,Y
MERCH001348,Nimbus Traders,4121,Taxicabs / Ride Hailing,Kochi,KL,2025-05-15,473,LOW,260.09,T+1,POS_CARD,Y
MERCH001349,Urban Ventures,4900,Utilities - Electric/Gas/Water,Delhi,DL,2021-05-01,1948,LOW,2280.22,T+1,ONLINE_CHECKOUT,Y
MERCH001350,Rohan Supply,5541,Service Stations (Fuel),Bengaluru,KA,2021-09-20,1806,LOW,1395.46,T+1,ONLINE_CHECKOUT,N
MERCH001351,Sagar Stores,7995,Betting / Gaming,Delhi,DL,2020-11-15,2115,HIGH,3064.72,T+1,QR_INSTORE,Y
MERCH001352,Nimbus Solutions,5814,Fast Food Restaurants,Nagpur,MH,2022-12-24,1346,LOW,212.93,T+1,ONLINE_CHECKOUT,Y
MERCH001353,Nova Solutions,5912,Drug Stores / Pharmacies,Panaji,GA,2022-04-21,1593,LOW,360.03,T+1,QR_INSTORE,Y
MERCH001354,Nimbus Traders,5912,Drug Stores / Pharmacies,Delhi,DL,2023-07-11,1147,LOW,423.02,T+1,ONLINE_CHECKOUT,Y
MERCH001355,Nimbus Ventures,5814,Fast Food Restaurants,Panaji,GA,2021-03-31,1979,LOW,206.94,T+1,QR_INSTORE,Y
MERCH001356,Zenith Hub,4722,Travel Agencies,Kolkata,WB,2026-06-16,76,HIGH,30587.64,T+1,QR_INSTORE,Y
MERCH001357,Vertex Retail,4121,Taxicabs / Ride Hailing,Panaji,GA,2025-01-07,601,HIGH,193.57,T+1,QR_INSTORE,N
MERCH001358,Prime Services,4121,Taxicabs / Ride Hailing,Kochi,KL,2026-02-22,190,LOW,226.37,T+1,QR_INSTORE,Y
MERCH001359,Shree Hub,5912,Drug Stores / Pharmacies,Mumbai,MH,2025-03-03,546,LOW,324.27,T+1,ONLINE_CHECKOUT,Y
MERCH001360,Bharat Stores,5411,Grocery Stores / Supermarkets,Hyderabad,TG,2023-08-21,1106,LOW,1096.98,T+1,ONLINE_CHECKOUT,Y
MERCH001361,Nimbus Services,4121,Taxicabs / Ride Hailing,Pune,MH,2022-04-16,1598,LOW,221.3,T+2,POS_CARD,Y
MERCH001362,Vertex Services,4900,Utilities - Electric/Gas/Water,Indore,MP,2020-12-08,2092,LOW,2450.49,T+2,ONLINE_CHECKOUT,Y
MERCH001363,Rohan Mart,7011,Hotels / Lodging,Panaji,GA,2023-04-25,1224,MEDIUM,6920.39,T+0,QR_INSTORE,Y
MERCH001364,Zenith Supply,5541,Service Stations (Fuel),Nagpur,MH,2025-03-11,538,LOW,2065.56,T+1,ONLINE_CHECKOUT,Y
MERCH001365,Urban Retail,5411,Grocery Stores / Supermarkets,Kolkata,WB,2024-07-12,780,LOW,860.97,T+1,ONLINE_CHECKOUT,Y
MERCH001366,Urban Enterprises,5814,Fast Food Restaurants,Pune,MH,2025-12-08,266,LOW,321.88,T+1,ONLINE_CHECKOUT,Y
MERCH001367,Lakshmi Mart,5814,Fast Food Restaurants,Chennai,TN,2023-06-22,1166,LOW,342.37,T+1,QR_INSTORE,Y
MERCH001368,Lakshmi Supply,5541,Service Stations (Fuel),Jaipur,RJ,2020-11-30,2100,LOW,1968.84,T+1,QR_INSTORE,Y
MERCH001369,Anand Services,5411,Grocery Stores / Supermarkets,Mumbai,MH,2024-07-22,770,LOW,568.14,T+1,ONLINE_CHECKOUT,Y
MERCH001370,Metro Supply,4722,Travel Agencies,Panaji,GA,2021-06-25,1893,HIGH,16493.21,T+1,ONLINE_CHECKOUT,Y
MERCH001371,Shree Depot,5411,Grocery Stores / Supermarkets,Indore,MP,2021-11-25,1740,LOW,582.26,T+0,QR_INSTORE,Y
MERCH001372,Kalpana Stores,5541,Service Stations (Fuel),Kolkata,WB,2021-11-10,1755,LOW,1339.17,T+2,POS_CARD,Y
MERCH001373,Prime Stores,7011,Hotels / Lodging,Chennai,TN,2025-11-18,286,MEDIUM,9668.73,T+1,QR_INSTORE,Y
MERCH001374,Metro Supply,5541,Service Stations (Fuel),Chennai,TN,2024-05-26,827,LOW,1862.81,T+2,QR_INSTORE,Y
MERCH001375,Lakshmi Traders,4900,Utilities - Electric/Gas/Water,Panaji,GA,2024-06-01,821,LOW,2021.49,T+1,ONLINE_CHECKOUT,Y
MERCH001376,Vertex Enterprises,5411,Grocery Stores / Supermarkets,Jaipur,RJ,2021-07-13,1875,LOW,1043.96,T+1,POS_CARD,Y
MERCH001377,Metro Hub,5999,Miscellaneous Retail,Pune,MH,2023-04-07,1242,MEDIUM,908.85,T+0,ONLINE_CHECKOUT,Y
MERCH001378,Bharat Mart,4121,Taxicabs / Ride Hailing,Mumbai,MH,2026-08-06,25,MEDIUM,351.8,T+0,QR_INSTORE,Y
MERCH001379,Nimbus Supply,5411,Grocery Stores / Supermarkets,Hyderabad,TG,2024-02-09,934,LOW,631.1,T+2,QR_INSTORE,Y
MERCH001380,Krishna Solutions,5814,Fast Food Restaurants,Ahmedabad,GJ,2024-11-21,648,LOW,170.99,T+1,QR_INSTORE,Y
MERCH001381,Nimbus Depot,5541,Service Stations (Fuel),Chandigarh,CH,2026-01-08,235,LOW,1324.79,T+1,ONLINE_CHECKOUT,Y
MERCH001382,Urban Depot,5912,Drug Stores / Pharmacies,Nagpur,MH,2023-03-12,1268,LOW,709.72,T+1,QR_INSTORE,Y
MERCH001383,Prime & Co,5814,Fast Food Restaurants,Chandigarh,CH,2023-12-23,982,LOW,224.41,T+1,ONLINE_CHECKOUT,Y
MERCH001384,Lakshmi Supply,5732,Electronics Stores,Guwahati,AS,2021-12-13,1722,MEDIUM,7685.05,T+1,QR_INSTORE,Y
MERCH001385,Bharat Mart,5814,Fast Food Restaurants,Lucknow,UP,2022-11-21,1379,LOW,338.3,T+1,QR_INSTORE,Y
MERCH001386,Urban Enterprises,5411,Grocery Stores / Supermarkets,Kolkata,WB,2021-03-25,1985,HIGH,929.54,T+1,QR_INSTORE,N
MERCH001387,Urban Solutions,5814,Fast Food Restaurants,Pune,MH,2023-05-11,1208,LOW,378.25,T+1,ONLINE_CHECKOUT,Y
MERCH001388,Rohan Solutions,5651,Family Clothing Stores,Hyderabad,TG,2021-03-23,1987,MEDIUM,2312.16,T+1,QR_INSTORE,Y
MERCH001389,Prime Supply,5814,Fast Food Restaurants,Mumbai,MH,2023-07-27,1131,LOW,322.79,T+1,QR_INSTORE,Y
MERCH001390,Shree Services,5732,Electronics Stores,Kolkata,WB,2025-03-15,534,MEDIUM,8624.82,T+1,QR_INSTORE,Y
MERCH001391,Nova Supply,5814,Fast Food Restaurants,Lucknow,UP,2025-01-13,595,LOW,270.79,T+1,ONLINE_CHECKOUT,Y
MERCH001392,Bharat Mart,5411,Grocery Stores / Supermarkets,Panaji,GA,2026-04-17,136,LOW,1190.47,T+1,QR_INSTORE,Y
MERCH001393,Krishna Mart,5999,Miscellaneous Retail,Hyderabad,TG,2021-11-20,1745,MEDIUM,638.41,T+0,QR_INSTORE,Y
MERCH001394,Vertex Stores,5912,Drug Stores / Pharmacies,Chandigarh,CH,2024-02-29,914,LOW,718.36,T+2,ONLINE_CHECKOUT,Y
MERCH001395,Kalpana Ventures,5732,Electronics Stores,Guwahati,AS,2024-02-15,928,MEDIUM,11057.3,T+2,ONLINE_CHECKOUT,Y
MERCH001396,Anand Mart,5814,Fast Food Restaurants,Kolkata,WB,2026-01-25,218,LOW,162.09,T+0,ONLINE_CHECKOUT,N
MERCH001397,Krishna Solutions,5411,Grocery Stores / Supermarkets,Guwahati,AS,2025-03-20,529,LOW,553.92,T+1,QR_INSTORE,Y
MERCH001398,Bharat Mart,5732,Electronics Stores,Kolkata,WB,2022-09-13,1448,MEDIUM,7736.05,T+1,QR_INSTORE,Y
MERCH001399,Krishna Mart,7011,Hotels / Lodging,Chennai,TN,2022-12-23,1347,MEDIUM,5660.69,T+1,QR_INSTORE,Y
MERCH001400,Anand & Co,5541,Service Stations (Fuel),Kochi,KL,2026-04-20,133,LOW,854.11,T+1,ONLINE_CHECKOUT,Y
MERCH001401,Shree Enterprises,4121,Taxicabs / Ride Hailing,Jaipur,RJ,2022-06-17,1536,LOW,356.53,T+2,QR_INSTORE,Y
MERCH001402,Prime Services,5541,Service Stations (Fuel),Pune,MH,2025-05-01,487,LOW,2043.28,T+1,QR_INSTORE,Y
MERCH001403,Urban Stores,6051,Quasi-Cash / Wallet Load,Kochi,KL,2024-02-17,926,HIGH,6285.55,T+2,QR_INSTORE,Y
MERCH001404,Shree Traders,4900,Utilities - Electric/Gas/Water,Panaji,GA,2024-04-25,858,LOW,2103.28,T+1,ONLINE_CHECKOUT,Y
MERCH001405,Sagar Hub,5651,Family Clothing Stores,Mumbai,MH,2021-01-05,2064,MEDIUM,1379.97,T+1,ONLINE_CHECKOUT,Y
MERCH001406,Vertex Services,5814,Fast Food Restaurants,Guwahati,AS,2024-05-25,828,LOW,337.7,T+1,POS_CARD,Y
MERCH001407,Anand Supply,5912,Drug Stores / Pharmacies,Delhi,DL,2022-09-03,1458,LOW,629.87,T+1,QR_INSTORE,Y
MERCH001408,Aster Ventures,5541,Service Stations (Fuel),Chandigarh,CH,2026-02-07,205,LOW,1912.46,T+1,ONLINE_CHECKOUT,N
MERCH001409,Metro Hub,4900,Utilities - Electric/Gas/Water,Chandigarh,CH,2021-08-19,1838,LOW,1609.6,T+1,POS_CARD,Y
MERCH001410,Nova Ventures,5541,Service Stations (Fuel),Lucknow,UP,2025-09-13,352,LOW,2022.7,T+1,POS_CARD,Y
MERCH001411,Sagar Hub,5732,Electronics Stores,Mumbai,MH,2024-11-11,658,MEDIUM,11784.89,T+1,ONLINE_CHECKOUT,Y
MERCH001412,Urban Stores,5814,Fast Food Restaurants,Chandigarh,CH,2024-09-08,722,LOW,270.57,T+1,QR_INSTORE,Y
MERCH001413,Lakshmi Supply,5967,Direct Marketing - Inbound,Nagpur,MH,2025-10-26,309,HIGH,1474.34,T+1,QR_INSTORE,Y
MERCH001414,Vertex Mart,7011,Hotels / Lodging,Delhi,DL,2022-01-17,1687,MEDIUM,5265.81,T+1,ONLINE_CHECKOUT,Y
MERCH001415,Shree & Co,5814,Fast Food Restaurants,Nagpur,MH,2022-02-01,1672,LOW,294.14,T+1,POS_CARD,Y
MERCH001416,Metro Mart,4900,Utilities - Electric/Gas/Water,Ahmedabad,GJ,2025-01-22,586,LOW,1701.14,T+2,ONLINE_CHECKOUT,Y
MERCH001417,Sagar Enterprises,4900,Utilities - Electric/Gas/Water,Chandigarh,CH,2021-10-08,1788,LOW,1921.33,T+1,QR_INSTORE,Y
MERCH001418,Urban Enterprises,4121,Taxicabs / Ride Hailing,Kolkata,WB,2021-09-24,1802,LOW,345.41,T+1,QR_INSTORE,Y
MERCH001419,Sagar Supply,5912,Drug Stores / Pharmacies,Jaipur,RJ,2025-07-22,405,LOW,506.85,T+1,POS_CARD,Y
MERCH001420,Prime Enterprises,5411,Grocery Stores / Supermarkets,Mumbai,MH,2022-03-10,1635,LOW,762.35,T+1,QR_INSTORE,Y
MERCH001421,Kalpana Hub,4900,Utilities - Electric/Gas/Water,Guwahati,AS,2024-10-23,677,LOW,2692.26,T+1,QR_INSTORE,Y
MERCH001422,Urban Supply,5912,Drug Stores / Pharmacies,Chennai,TN,2025-05-10,478,LOW,502.51,T+1,POS_CARD,Y
MERCH001423,Vertex Stores,5411,Grocery Stores / Supermarkets,Nagpur,MH,2023-10-25,1041,LOW,529.21,T+1,ONLINE_CHECKOUT,Y
MERCH001424,Anand Supply,5814,Fast Food Restaurants,Mumbai,MH,2023-07-25,1133,LOW,238.17,T+1,QR_INSTORE,Y
MERCH001425,Kalpana Depot,7995,Betting / Gaming,Panaji,GA,2022-03-30,1615,HIGH,2559.05,T+1,QR_INSTORE,Y
MERCH001426,Krishna Supply,4900,Utilities - Electric/Gas/Water,Indore,MP,2021-12-21,1714,LOW,2448.05,T+2,QR_INSTORE,Y
MERCH001427,Anand Solutions,5912,Drug Stores / Pharmacies,Bengaluru,KA,2025-03-20,529,LOW,443.51,T+0,ONLINE_CHECKOUT,Y
MERCH001428,Lakshmi Ventures,6051,Quasi-Cash / Wallet Load,Kochi,KL,2021-02-16,2022,HIGH,5173.8,T+1,QR_INSTORE,Y
MERCH001429,Lakshmi Mart,4900,Utilities - Electric/Gas/Water,Kolkata,WB,2023-08-17,1110,LOW,2002.93,T+1,QR_INSTORE,Y
MERCH001430,Bharat Depot,5411,Grocery Stores / Supermarkets,Ahmedabad,GJ,2024-04-04,879,LOW,763.33,T+1,QR_INSTORE,Y
MERCH001431,Bharat Mart,5411,Grocery Stores / Supermarkets,Delhi,DL,2026-08-11,20,MEDIUM,651.08,T+1,QR_INSTORE,Y
MERCH001432,Shree Hub,5732,Electronics Stores,Panaji,GA,2023-04-08,1241,MEDIUM,14219.05,T+1,ONLINE_CHECKOUT,Y
MERCH001433,Prime Traders,5411,Grocery Stores / Supermarkets,Indore,MP,2025-07-11,416,LOW,668.45,T+1,ONLINE_CHECKOUT,Y
MERCH001434,Urban Mart,5651,Family Clothing Stores,Chandigarh,CH,2023-06-09,1179,MEDIUM,1679.67,T+1,POS_CARD,Y
MERCH001435,Shree Services,5814,Fast Food Restaurants,Hyderabad,TG,2025-08-17,379,LOW,233.36,T+1,QR_INSTORE,Y
MERCH001436,Shree & Co,5814,Fast Food Restaurants,Jaipur,RJ,2023-09-21,1075,LOW,180.62,T+1,QR_INSTORE,Y
MERCH001437,Bharat Depot,5814,Fast Food Restaurants,Hyderabad,TG,2025-02-06,571,LOW,178.2,T+2,POS_CARD,Y
MERCH001438,Kalpana Supply,4722,Travel Agencies,Panaji,GA,2021-12-14,1721,HIGH,16194.53,T+1,QR_INSTORE,Y
MERCH001439,Urban Ventures,5411,Grocery Stores / Supermarkets,Kolkata,WB,2023-04-26,1223,LOW,849.81,T+1,QR_INSTORE,Y
MERCH001440,Urban Supply,5814,Fast Food Restaurants,Bengaluru,KA,2022-05-18,1566,LOW,172.45,T+1,POS_CARD,Y
MERCH001441,Anand Enterprises,7011,Hotels / Lodging,Bengaluru,KA,2020-10-27,2134,MEDIUM,9291.53,T+1,QR_INSTORE,N
MERCH001442,Metro Hub,5732,Electronics Stores,Guwahati,AS,2025-08-10,386,MEDIUM,13859.22,T+1,POS_CARD,Y
MERCH001443,Kalpana & Co,5541,Service Stations (Fuel),Chennai,TN,2025-01-09,599,HIGH,1319.4,T+0,POS_CARD,Y
MERCH001444,Krishna Ventures,5814,Fast Food Restaurants,Guwahati,AS,2021-02-23,2015,LOW,262.55,T+1,QR_INSTORE,Y
MERCH001445,Prime Enterprises,5411,Grocery Stores / Supermarkets,Indore,MP,2022-03-29,1616,LOW,822.77,T+1,ONLINE_CHECKOUT,Y
MERCH001446,Sagar Enterprises,5814,Fast Food Restaurants,Hyderabad,TG,2023-09-20,1076,LOW,293.33,T+1,QR_INSTORE,Y
MERCH001447,Krishna Supply,5814,Fast Food Restaurants,Pune,MH,2025-11-14,290,LOW,370.94,T+0,ONLINE_CHECKOUT,Y
MERCH001448,Aster Mart,6051,Quasi-Cash / Wallet Load,Hyderabad,TG,2023-02-09,1299,HIGH,4851.87,T+1,ONLINE_CHECKOUT,Y
MERCH001449,Lakshmi Hub,5411,Grocery Stores / Supermarkets,Ahmedabad,GJ,2025-09-29,336,LOW,568.52,T+1,ONLINE_CHECKOUT,Y
MERCH001450,Rohan Enterprises,4121,Taxicabs / Ride Hailing,Jaipur,RJ,2020-10-28,2133,LOW,246.89,T+1,QR_INSTORE,Y
MERCH001451,Sagar Retail,5732,Electronics Stores,Chennai,TN,2025-05-06,482,MEDIUM,8057.78,T+1,QR_INSTORE,Y
MERCH001452,Krishna Retail,4900,Utilities - Electric/Gas/Water,Ahmedabad,GJ,2024-11-22,647,LOW,1164.04,T+1,ONLINE_CHECKOUT,Y
MERCH001453,Kalpana Stores,5999,Miscellaneous Retail,Lucknow,UP,2021-05-31,1918,MEDIUM,1334.96,T+2,ONLINE_CHECKOUT,Y
MERCH001454,Sagar Hub,7011,Hotels / Lodging,Guwahati,AS,2026-06-28,64,HIGH,8412.31,T+1,ONLINE_CHECKOUT,Y
MERCH001455,Krishna Depot,5651,Family Clothing Stores,Kochi,KL,2024-11-15,654,MEDIUM,1145.79,T+2,POS_CARD,Y
MERCH001456,Sagar & Co,5814,Fast Food Restaurants,Pune,MH,2025-06-03,454,LOW,157.0,T+1,ONLINE_CHECKOUT,Y
MERCH001457,Sagar Mart,5912,Drug Stores / Pharmacies,Ahmedabad,GJ,2021-11-02,1763,HIGH,688.25,T+1,ONLINE_CHECKOUT,Y
MERCH001458,Aster Ventures,5411,Grocery Stores / Supermarkets,Kochi,KL,2023-05-13,1206,LOW,654.38,T+1,ONLINE_CHECKOUT,Y
MERCH001459,Aster Solutions,5814,Fast Food Restaurants,Panaji,GA,2026-07-19,43,MEDIUM,194.31,T+2,QR_INSTORE,Y
MERCH001460,Vertex Hub,5814,Fast Food Restaurants,Kolkata,WB,2023-12-13,992,LOW,375.96,T+1,ONLINE_CHECKOUT,Y
MERCH001461,Nova Ventures,5541,Service Stations (Fuel),Chandigarh,CH,2024-11-10,659,LOW,1615.87,T+1,QR_INSTORE,Y
MERCH001462,Anand Supply,5651,Family Clothing Stores,Nagpur,MH,2024-09-25,705,LOW,2120.45,T+1,QR_INSTORE,Y
MERCH001463,Aster Mart,5814,Fast Food Restaurants,Kolkata,WB,2026-02-18,194,LOW,388.92,T+2,ONLINE_CHECKOUT,Y
MERCH001464,Anand Depot,5999,Miscellaneous Retail,Nagpur,MH,2024-03-08,906,MEDIUM,742.48,T+2,ONLINE_CHECKOUT,Y
MERCH001465,Bharat Traders,5814,Fast Food Restaurants,Chennai,TN,2021-09-25,1801,LOW,387.36,T+1,POS_CARD,Y
MERCH001466,Bharat Enterprises,4900,Utilities - Electric/Gas/Water,Lucknow,UP,2022-01-22,1682,LOW,1956.15,T+0,QR_INSTORE,Y
MERCH001467,Nova Traders,4722,Travel Agencies,Ahmedabad,GJ,2026-01-09,234,HIGH,28708.29,T+2,QR_INSTORE,Y
MERCH001468,Prime Hub,5411,Grocery Stores / Supermarkets,Guwahati,AS,2023-06-23,1165,LOW,1224.95,T+1,QR_INSTORE,Y
MERCH001469,Bharat Solutions,5814,Fast Food Restaurants,Indore,MP,2022-07-13,1510,LOW,232.59,T+1,QR_INSTORE,Y
MERCH001470,Metro & Co,4900,Utilities - Electric/Gas/Water,Pune,MH,2024-05-22,831,LOW,2748.56,T+1,ONLINE_CHECKOUT,Y
MERCH001471,Aster Retail,5411,Grocery Stores / Supermarkets,Chandigarh,CH,2023-02-14,1294,LOW,819.94,T+1,ONLINE_CHECKOUT,Y
MERCH001472,Kalpana Enterprises,5541,Service Stations (Fuel),Pune,MH,2023-12-20,985,LOW,1534.1,T+1,POS_CARD,Y
MERCH001473,Sagar Enterprises,4900,Utilities - Electric/Gas/Water,Jaipur,RJ,2026-03-21,163,LOW,2389.11,T+0,QR_INSTORE,Y
MERCH001474,Urban Ventures,4900,Utilities - Electric/Gas/Water,Jaipur,RJ,2024-11-18,651,LOW,1365.85,T+2,ONLINE_CHECKOUT,Y
MERCH001475,Nova Stores,5814,Fast Food Restaurants,Pune,MH,2020-11-23,2107,LOW,156.87,T+2,ONLINE_CHECKOUT,Y
MERCH001476,Kalpana Services,7011,Hotels / Lodging,Bengaluru,KA,2023-07-20,1138,MEDIUM,8135.22,T+1,ONLINE_CHECKOUT,Y
MERCH001477,Lakshmi Depot,6051,Quasi-Cash / Wallet Load,Guwahati,AS,2025-05-28,460,HIGH,6509.91,T+1,QR_INSTORE,Y
MERCH001478,Prime Ventures,4900,Utilities - Electric/Gas/Water,Indore,MP,2024-11-12,657,LOW,1775.66,T+2,POS_CARD,Y
MERCH001479,Bharat Retail,5651,Family Clothing Stores,Jaipur,RJ,2020-09-21,2170,MEDIUM,1965.04,T+1,POS_CARD,Y
MERCH001480,Anand Hub,5541,Service Stations (Fuel),Pune,MH,2022-05-27,1557,LOW,951.89,T+1,POS_CARD,Y
MERCH001481,Prime & Co,5411,Grocery Stores / Supermarkets,Pune,MH,2022-09-27,1434,HIGH,573.05,T+1,QR_INSTORE,Y
MERCH001482,Aster Retail,5814,Fast Food Restaurants,Hyderabad,TG,2023-09-25,1071,LOW,351.11,T+1,POS_CARD,Y
MERCH001483,Sagar & Co,5732,Electronics Stores,Ahmedabad,GJ,2021-12-26,1709,MEDIUM,17246.76,T+1,POS_CARD,Y
MERCH001484,Urban Mart,4900,Utilities - Electric/Gas/Water,Bengaluru,KA,2023-05-29,1190,LOW,2429.85,T+0,ONLINE_CHECKOUT,Y
MERCH001485,Anand Hub,5814,Fast Food Restaurants,Ahmedabad,GJ,2022-03-04,1641,HIGH,295.07,T+1,QR_INSTORE,Y
MERCH001486,Sagar Enterprises,5814,Fast Food Restaurants,Ahmedabad,GJ,2025-11-13,291,LOW,256.77,T+1,QR_INSTORE,Y
MERCH001487,Shree & Co,5912,Drug Stores / Pharmacies,Kochi,KL,2024-01-11,963,LOW,659.09,T+2,QR_INSTORE,Y
MERCH001488,Rohan Retail,5411,Grocery Stores / Supermarkets,Jaipur,RJ,2021-01-18,2051,HIGH,864.11,T+2,POS_CARD,Y
MERCH001489,Urban Mart,5411,Grocery Stores / Supermarkets,Guwahati,AS,2023-08-22,1105,LOW,1245.04,T+1,ONLINE_CHECKOUT,Y
MERCH001490,Zenith Enterprises,5814,Fast Food Restaurants,Guwahati,AS,2024-03-07,907,LOW,350.03,T+1,ONLINE_CHECKOUT,Y
MERCH001491,Metro Stores,5732,Electronics Stores,Ahmedabad,GJ,2021-10-31,1765,MEDIUM,16413.79,T+1,POS_CARD,Y
MERCH001492,Nova Services,7995,Betting / Gaming,Delhi,DL,2023-02-02,1306,HIGH,2823.59,T+1,ONLINE_CHECKOUT,Y
MERCH001493,Urban Hub,5732,Electronics Stores,Indore,MP,2026-07-20,42,HIGH,17469.11,T+1,ONLINE_CHECKOUT,Y
MERCH001494,Krishna & Co,4121,Taxicabs / Ride Hailing,Bengaluru,KA,2025-08-24,372,LOW,239.52,T+0,POS_CARD,Y
MERCH001495,Lakshmi Enterprises,5814,Fast Food Restaurants,Hyderabad,TG,2024-05-31,822,LOW,318.95,T+1,ONLINE_CHECKOUT,Y
MERCH001496,Rohan Hub,5912,Drug Stores / Pharmacies,Hyderabad,TG,2024-06-20,802,LOW,394.05,T+1,QR_INSTORE,Y
MERCH001497,Krishna Traders,5732,Electronics Stores,Ahmedabad,GJ,2026-07-08,54,HIGH,9544.73,T+1,QR_INSTORE,Y
MERCH001498,Prime & Co,5999,Miscellaneous Retail,Indore,MP,2025-02-02,575,MEDIUM,900.81,T+1,POS_CARD,Y
MERCH001499,Lakshmi Enterprises,4900,Utilities - Electric/Gas/Water,Ahmedabad,GJ,2021-08-15,1842,LOW,1492.8,T+1,POS_CARD,Y
MERCH001500,Aster Enterprises,7011,Hotels / Lodging,Chennai,TN,2020-10-19,2142,MEDIUM,6842.71,T+1,QR_INSTORE,Y
MERCH001501,Krishna Traders,5814,Fast Food Restaurants,Guwahati,AS,2025-02-05,572,LOW,368.94,T+1,ONLINE_CHECKOUT,Y
MERCH001502,Anand Ventures,7011,Hotels / Lodging,Nagpur,MH,2023-08-16,1111,MEDIUM,6923.0,T+1,QR_INSTORE,Y
MERCH001503,Nova Stores,6051,Quasi-Cash / Wallet Load,Ahmedabad,GJ,2021-12-26,1709,HIGH,4999.04,T+2,QR_INSTORE,Y
MERCH001504,Sagar & Co,4900,Utilities - Electric/Gas/Water,Indore,MP,2023-04-25,1224,LOW,2610.73,T+1,ONLINE_CHECKOUT,Y
MERCH001505,Shree Solutions,5541,Service Stations (Fuel),Chennai,TN,2024-05-13,840,LOW,1753.9,T+1,ONLINE_CHECKOUT,Y
MERCH001506,Rohan Hub,5912,Drug Stores / Pharmacies,Indore,MP,2026-01-06,237,LOW,361.02,T+0,ONLINE_CHECKOUT,Y
MERCH001507,Vertex Hub,5411,Grocery Stores / Supermarkets,Bengaluru,KA,2023-06-10,1178,LOW,795.76,T+2,QR_INSTORE,Y
MERCH001508,Nimbus Enterprises,5411,Grocery Stores / Supermarkets,Indore,MP,2026-05-03,120,LOW,833.86,T+2,QR_INSTORE,Y
MERCH001509,Rohan Services,4900,Utilities - Electric/Gas/Water,Pune,MH,2024-05-28,825,LOW,1906.94,T+1,ONLINE_CHECKOUT,Y
MERCH001510,Lakshmi Mart,5411,Grocery Stores / Supermarkets,Ahmedabad,GJ,2021-04-23,1956,LOW,736.02,T+1,QR_INSTORE,Y
MERCH001511,Nova Mart,5732,Electronics Stores,Guwahati,AS,2022-10-26,1405,MEDIUM,8043.39,T+1,QR_INSTORE,Y
MERCH001512,Nova Mart,4121,Taxicabs / Ride Hailing,Lucknow,UP,2023-12-20,985,LOW,209.71,T+1,QR_INSTORE,Y
MERCH001513,Rohan Supply,5411,Grocery Stores / Supermarkets,Chennai,TN,2025-06-29,428,LOW,699.54,T+1,ONLINE_CHECKOUT,Y
MERCH001514,Aster & Co,4900,Utilities - Electric/Gas/Water,Delhi,DL,2023-09-03,1093,LOW,1162.72,T+2,QR_INSTORE,Y
MERCH001515,Urban Supply,4900,Utilities - Electric/Gas/Water,Mumbai,MH,2021-06-08,1910,LOW,2423.5,T+1,ONLINE_CHECKOUT,Y
MERCH001516,Vertex & Co,5411,Grocery Stores / Supermarkets,Chandigarh,CH,2025-03-17,532,LOW,1036.23,T+0,ONLINE_CHECKOUT,Y
MERCH001517,Shree Services,5651,Family Clothing Stores,Nagpur,MH,2025-01-29,579,MEDIUM,2346.17,T+2,QR_INSTORE,Y
MERCH001518,Sagar Supply,5732,Electronics Stores,Chandigarh,CH,2025-05-27,461,MEDIUM,8789.68,T+0,QR_INSTORE,Y
MERCH001519,Lakshmi Enterprises,5651,Family Clothing Stores,Guwahati,AS,2023-03-04,1276,MEDIUM,2095.94,T+1,QR_INSTORE,Y
MERCH001520,Prime Mart,5999,Miscellaneous Retail,Pune,MH,2023-08-19,1108,MEDIUM,898.87,T+0,QR_INSTORE,Y
MERCH001521,Krishna Traders,4900,Utilities - Electric/Gas/Water,Lucknow,UP,2026-07-13,49,MEDIUM,2634.88,T+1,ONLINE_CHECKOUT,Y
MERCH001522,Lakshmi Ventures,5999,Miscellaneous Retail,Hyderabad,TG,2025-08-07,389,MEDIUM,923.01,T+1,QR_INSTORE,Y
MERCH001523,Urban Ventures,5541,Service Stations (Fuel),Bengaluru,KA,2020-12-03,2097,LOW,1819.22,T+1,QR_INSTORE,Y
MERCH001524,Krishna Solutions,7995,Betting / Gaming,Mumbai,MH,2025-08-31,365,HIGH,2598.47,T+2,ONLINE_CHECKOUT,Y
MERCH001525,Kalpana Retail,4121,Taxicabs / Ride Hailing,Nagpur,MH,2024-04-08,875,LOW,284.43,T+1,QR_INSTORE,Y
MERCH001526,Anand Traders,4900,Utilities - Electric/Gas/Water,Hyderabad,TG,2024-08-24,737,LOW,1174.59,T+1,POS_CARD,Y
MERCH001527,Lakshmi & Co,4900,Utilities - Electric/Gas/Water,Bengaluru,KA,2021-03-03,2007,LOW,1830.39,T+1,POS_CARD,Y
MERCH001528,Zenith Ventures,4121,Taxicabs / Ride Hailing,Mumbai,MH,2023-08-26,1101,LOW,350.47,T+1,QR_INSTORE,Y
MERCH001529,Urban Solutions,5541,Service Stations (Fuel),Kochi,KL,2022-04-14,1600,LOW,1306.91,T+1,ONLINE_CHECKOUT,Y
MERCH001530,Sagar Retail,4900,Utilities - Electric/Gas/Water,Guwahati,AS,2023-05-14,1205,LOW,2318.9,T+1,ONLINE_CHECKOUT,Y
MERCH001531,Shree Hub,5411,Grocery Stores / Supermarkets,Panaji,GA,2022-03-29,1616,LOW,770.57,T+1,QR_INSTORE,Y
MERCH001532,Rohan Stores,7011,Hotels / Lodging,Ahmedabad,GJ,2025-11-10,294,MEDIUM,9023.87,T+1,ONLINE_CHECKOUT,Y
MERCH001533,Lakshmi Ventures,5912,Drug Stores / Pharmacies,Mumbai,MH,2021-11-17,1748,LOW,645.01,T+2,QR_INSTORE,Y
MERCH001534,Zenith Hub,5651,Family Clothing Stores,Bengaluru,KA,2022-10-29,1402,MEDIUM,1414.29,T+1,ONLINE_CHECKOUT,N
MERCH001535,Shree Stores,5814,Fast Food Restaurants,Nagpur,MH,2023-05-23,1196,LOW,176.41,T+1,ONLINE_CHECKOUT,Y
MERCH001536,Metro Supply,4900,Utilities - Electric/Gas/Water,Chandigarh,CH,2025-12-12,262,LOW,2791.12,T+1,QR_INSTORE,Y
MERCH001537,Sagar Mart,5814,Fast Food Restaurants,Hyderabad,TG,2024-01-07,967,LOW,158.75,T+1,POS_CARD,Y
MERCH001538,Anand Ventures,5651,Family Clothing Stores,Kochi,KL,2023-02-27,1281,MEDIUM,2648.25,T+1,QR_INSTORE,Y
MERCH001539,Vertex Services,4900,Utilities - Electric/Gas/Water,Kolkata,WB,2024-08-16,745,LOW,2047.7,T+2,ONLINE_CHECKOUT,Y
MERCH001540,Urban & Co,5814,Fast Food Restaurants,Indore,MP,2021-07-22,1866,LOW,327.75,T+1,ONLINE_CHECKOUT,Y
MERCH001541,Aster Stores,5814,Fast Food Restaurants,Indore,MP,2021-05-19,1930,MEDIUM,264.1,T+1,ONLINE_CHECKOUT,Y
MERCH001542,Shree Supply,5732,Electronics Stores,Kochi,KL,2025-03-07,542,MEDIUM,10243.05,T+2,QR_INSTORE,Y
MERCH001543,Metro Hub,5999,Miscellaneous Retail,Jaipur,RJ,2020-10-02,2159,MEDIUM,1056.91,T+1,ONLINE_CHECKOUT,N
MERCH001544,Urban Enterprises,4121,Taxicabs / Ride Hailing,Hyderabad,TG,2020-09-02,2189,LOW,267.64,T+0,POS_CARD,Y
MERCH001545,Rohan Stores,5411,Grocery Stores / Supermarkets,Kolkata,WB,2024-11-10,659,LOW,721.4,T+1,QR_INSTORE,Y
MERCH001546,Nova Stores,5541,Service Stations (Fuel),Hyderabad,TG,2025-03-29,520,LOW,1490.61,T+2,QR_INSTORE,Y
MERCH001547,Rohan Mart,5541,Service Stations (Fuel),Kochi,KL,2022-08-26,1466,LOW,976.11,T+2,ONLINE_CHECKOUT,Y
MERCH001548,Anand Hub,5814,Fast Food Restaurants,Jaipur,RJ,2022-05-21,1563,LOW,314.19,T+2,ONLINE_CHECKOUT,Y
MERCH001549,Nova Retail,5651,Family Clothing Stores,Lucknow,UP,2022-06-01,1552,MEDIUM,1739.35,T+1,POS_CARD,Y
MERCH001550,Urban Supply,5967,Direct Marketing - Inbound,Panaji,GA,2021-08-07,1850,HIGH,1003.44,T+1,QR_INSTORE,Y
MERCH001551,Sagar Services,7011,Hotels / Lodging,Guwahati,AS,2022-10-23,1408,MEDIUM,6247.48,T+2,QR_INSTORE,Y
MERCH001552,Urban Stores,5814,Fast Food Restaurants,Kochi,KL,2025-08-27,369,LOW,320.18,T+1,ONLINE_CHECKOUT,Y
MERCH001553,Prime Supply,5541,Service Stations (Fuel),Bengaluru,KA,2022-07-15,1508,LOW,921.11,T+1,QR_INSTORE,N
MERCH001554,Kalpana Retail,4900,Utilities - Electric/Gas/Water,Nagpur,MH,2026-03-14,170,LOW,2551.3,T+1,ONLINE_CHECKOUT,Y
MERCH001555,Vertex Supply,5814,Fast Food Restaurants,Ahmedabad,GJ,2025-04-16,502,LOW,375.04,T+0,QR_INSTORE,Y
MERCH001556,Nimbus Ventures,4121,Taxicabs / Ride Hailing,Hyderabad,TG,2024-09-24,706,LOW,304.8,T+1,QR_INSTORE,Y
MERCH001557,Shree Mart,4722,Travel Agencies,Ahmedabad,GJ,2024-02-16,927,HIGH,16295.27,T+1,QR_INSTORE,Y
MERCH001558,Vertex Supply,5967,Direct Marketing - Inbound,Lucknow,UP,2026-06-01,91,HIGH,1799.2,T+1,QR_INSTORE,Y
MERCH001559,Krishna Retail,5541,Service Stations (Fuel),Delhi,DL,2024-12-23,616,LOW,1290.02,T+1,QR_INSTORE,Y
MERCH001560,Rohan Services,7995,Betting / Gaming,Jaipur,RJ,2024-03-26,888,HIGH,1931.99,T+0,QR_INSTORE,Y
MERCH001561,Aster Mart,5651,Family Clothing Stores,Bengaluru,KA,2026-03-29,155,MEDIUM,1254.42,T+1,ONLINE_CHECKOUT,Y
MERCH001562,Anand Ventures,5411,Grocery Stores / Supermarkets,Chandigarh,CH,2022-01-10,1694,LOW,746.98,T+2,POS_CARD,Y
MERCH001563,Nova Depot,5411,Grocery Stores / Supermarkets,Bengaluru,KA,2026-05-01,122,LOW,1178.86,T+0,QR_INSTORE,Y
MERCH001564,Nimbus Enterprises,7011,Hotels / Lodging,Lucknow,UP,2022-02-18,1655,MEDIUM,5261.33,T+0,ONLINE_CHECKOUT,Y
MERCH001565,Nimbus Traders,7011,Hotels / Lodging,Bengaluru,KA,2022-12-07,1363,MEDIUM,5146.5,T+1,ONLINE_CHECKOUT,N
MERCH001566,Vertex Ventures,4900,Utilities - Electric/Gas/Water,Mumbai,MH,2021-02-13,2025,LOW,1394.69,T+1,QR_INSTORE,Y
MERCH001567,Rohan Retail,5541,Service Stations (Fuel),Delhi,DL,2021-01-20,2049,LOW,877.09,T+1,QR_INSTORE,Y
MERCH001568,Sagar Ventures,5411,Grocery Stores / Supermarkets,Lucknow,UP,2025-01-16,592,LOW,1234.9,T+2,ONLINE_CHECKOUT,Y
MERCH001569,Vertex Stores,4722,Travel Agencies,Chennai,TN,2023-10-25,1041,HIGH,23173.59,T+1,QR_INSTORE,Y
MERCH001570,Rohan Enterprises,4121,Taxicabs / Ride Hailing,Nagpur,MH,2024-08-10,751,LOW,258.71,T+1,QR_INSTORE,Y
MERCH001571,Metro Stores,5411,Grocery Stores / Supermarkets,Pune,MH,2025-02-01,576,LOW,1153.08,T+1,ONLINE_CHECKOUT,Y
MERCH001572,Nova Enterprises,4722,Travel Agencies,Ahmedabad,GJ,2022-01-13,1691,HIGH,28511.27,T+1,QR_INSTORE,Y
MERCH001573,Nova Supply,5732,Electronics Stores,Panaji,GA,2020-10-29,2132,MEDIUM,8764.1,T+1,QR_INSTORE,Y
MERCH001574,Nimbus Stores,5912,Drug Stores / Pharmacies,Guwahati,AS,2024-10-06,694,LOW,528.34,T+1,ONLINE_CHECKOUT,Y
MERCH001575,Lakshmi Retail,4900,Utilities - Electric/Gas/Water,Chennai,TN,2021-09-14,1812,LOW,2296.18,T+1,POS_CARD,Y
MERCH001576,Urban Supply,5814,Fast Food Restaurants,Bengaluru,KA,2024-11-14,655,LOW,310.28,T+2,QR_INSTORE,Y
MERCH001577,Urban Services,5912,Drug Stores / Pharmacies,Chandigarh,CH,2021-04-19,1960,MEDIUM,515.68,T+1,QR_INSTORE,Y
MERCH001578,Bharat Traders,7011,Hotels / Lodging,Ahmedabad,GJ,2025-12-08,266,MEDIUM,9210.9,T+0,QR_INSTORE,Y
MERCH001579,Nova Ventures,5651,Family Clothing Stores,Jaipur,RJ,2025-12-25,249,MEDIUM,2630.59,T+1,QR_INSTORE,Y
MERCH001580,Lakshmi Enterprises,4900,Utilities - Electric/Gas/Water,Nagpur,MH,2025-06-08,449,LOW,1663.12,T+1,ONLINE_CHECKOUT,Y
MERCH001581,Rohan Stores,5541,Service Stations (Fuel),Chennai,TN,2025-11-13,291,LOW,1567.46,T+0,QR_INSTORE,Y
MERCH001582,Shree & Co,5999,Miscellaneous Retail,Kolkata,WB,2025-10-29,306,MEDIUM,765.81,T+0,QR_INSTORE,Y
MERCH001583,Nimbus Ventures,6051,Quasi-Cash / Wallet Load,Kolkata,WB,2021-01-01,2068,HIGH,7005.37,T+1,ONLINE_CHECKOUT,Y
MERCH001584,Metro Stores,5814,Fast Food Restaurants,Chandigarh,CH,2025-09-20,345,LOW,241.24,T+1,ONLINE_CHECKOUT,N
MERCH001585,Lakshmi Hub,5814,Fast Food Restaurants,Panaji,GA,2022-10-20,1411,LOW,232.06,T+1,POS_CARD,Y
MERCH001586,Vertex Ventures,5411,Grocery Stores / Supermarkets,Kochi,KL,2022-07-04,1519,LOW,1105.65,T+2,ONLINE_CHECKOUT,Y
MERCH001587,Metro Depot,4121,Taxicabs / Ride Hailing,Bengaluru,KA,2025-10-05,330,LOW,324.06,T+1,POS_CARD,Y
MERCH001588,Zenith Ventures,5912,Drug Stores / Pharmacies,Jaipur,RJ,2023-05-28,1191,LOW,731.98,T+2,QR_INSTORE,Y
MERCH001589,Sagar Mart,4121,Taxicabs / Ride Hailing,Nagpur,MH,2026-07-08,54,MEDIUM,166.66,T+1,POS_CARD,Y
MERCH001590,Krishna Supply,5541,Service Stations (Fuel),Chandigarh,CH,2022-09-08,1453,LOW,2091.89,T+1,QR_INSTORE,Y
MERCH001591,Metro Ventures,5814,Fast Food Restaurants,Jaipur,RJ,2024-02-06,937,LOW,329.28,T+1,ONLINE_CHECKOUT,Y
MERCH001592,Prime Services,5814,Fast Food Restaurants,Delhi,DL,2022-02-18,1655,LOW,200.6,T+1,ONLINE_CHECKOUT,Y
MERCH001593,Kalpana Hub,5912,Drug Stores / Pharmacies,Chennai,TN,2021-09-21,1805,LOW,439.8,T+1,ONLINE_CHECKOUT,Y
MERCH001594,Metro Solutions,5411,Grocery Stores / Supermarkets,Ahmedabad,GJ,2024-02-09,934,LOW,688.26,T+1,QR_INSTORE,Y
MERCH001595,Shree Depot,4722,Travel Agencies,Indore,MP,2022-02-22,1651,HIGH,15747.75,T+1,QR_INSTORE,Y
MERCH001596,Urban Services,6051,Quasi-Cash / Wallet Load,Jaipur,RJ,2024-04-20,863,HIGH,5468.38,T+0,ONLINE_CHECKOUT,Y
MERCH001597,Rohan Depot,5814,Fast Food Restaurants,Lucknow,UP,2022-12-12,1358,LOW,181.65,T+1,QR_INSTORE,Y
MERCH001598,Metro Depot,5651,Family Clothing Stores,Jaipur,RJ,2025-01-31,577,MEDIUM,1296.48,T+1,QR_INSTORE,Y
MERCH001599,Bharat Traders,7011,Hotels / Lodging,Jaipur,RJ,2025-11-16,288,MEDIUM,6604.95,T+1,ONLINE_CHECKOUT,Y
MERCH001600,Zenith Solutions,5814,Fast Food Restaurants,Ahmedabad,GJ,2021-09-03,1823,LOW,165.58,T+1,POS_CARD,Y
MERCH001601,Prime & Co,5541,Service Stations (Fuel),Lucknow,UP,2026-04-13,140,LOW,1814.76,T+0,ONLINE_CHECKOUT,Y
MERCH001602,Nova Solutions,5999,Miscellaneous Retail,Panaji,GA,2022-12-22,1348,MEDIUM,944.83,T+1,QR_INSTORE,Y
MERCH001603,Nova Traders,5999,Miscellaneous Retail,Lucknow,UP,2022-11-13,1387,MEDIUM,814.79,T+2,ONLINE_CHECKOUT,Y
MERCH001604,Metro Traders,5732,Electronics Stores,Indore,MP,2024-06-12,810,MEDIUM,8686.43,T+1,QR_INSTORE,Y
MERCH001605,Vertex Retail,7011,Hotels / Lodging,Panaji,GA,2022-07-15,1508,MEDIUM,8145.1,T+2,QR_INSTORE,Y
MERCH001606,Shree Mart,4722,Travel Agencies,Jaipur,RJ,2021-03-03,2007,HIGH,32887.31,T+0,QR_INSTORE,Y
MERCH001607,Prime Services,4900,Utilities - Electric/Gas/Water,Indore,MP,2022-08-11,1481,LOW,2239.74,T+1,ONLINE_CHECKOUT,Y
MERCH001608,Anand Ventures,5814,Fast Food Restaurants,Chandigarh,CH,2026-04-17,136,LOW,204.19,T+1,ONLINE_CHECKOUT,Y
MERCH001609,Anand Depot,7011,Hotels / Lodging,Lucknow,UP,2026-05-06,117,MEDIUM,9425.68,T+1,ONLINE_CHECKOUT,Y
MERCH001610,Vertex Ventures,5541,Service Stations (Fuel),Mumbai,MH,2024-10-13,687,LOW,2016.4,T+1,QR_INSTORE,Y
MERCH001611,Prime Traders,5541,Service Stations (Fuel),Jaipur,RJ,2020-12-26,2074,LOW,1100.12,T+1,QR_INSTORE,Y
MERCH001612,Rohan Mart,5814,Fast Food Restaurants,Kolkata,WB,2020-09-19,2172,LOW,175.93,T+1,QR_INSTORE,Y
MERCH001613,Shree & Co,6051,Quasi-Cash / Wallet Load,Pune,MH,2023-01-08,1331,HIGH,3162.67,T+0,POS_CARD,Y
MERCH001614,Sagar Traders,5411,Grocery Stores / Supermarkets,Ahmedabad,GJ,2023-05-05,1214,LOW,985.01,T+1,ONLINE_CHECKOUT,Y
MERCH001615,Urban Mart,5732,Electronics Stores,Nagpur,MH,2023-01-19,1320,MEDIUM,9853.78,T+1,ONLINE_CHECKOUT,Y
MERCH001616,Kalpana Mart,5814,Fast Food Restaurants,Kolkata,WB,2023-09-10,1086,LOW,307.68,T+1,ONLINE_CHECKOUT,Y
MERCH001617,Kalpana Services,5814,Fast Food Restaurants,Chennai,TN,2025-08-20,376,LOW,372.51,T+2,ONLINE_CHECKOUT,Y
MERCH001618,Vertex Stores,5999,Miscellaneous Retail,Delhi,DL,2021-04-01,1978,MEDIUM,1301.73,T+2,QR_INSTORE,Y
MERCH001619,Lakshmi Traders,7011,Hotels / Lodging,Panaji,GA,2021-04-21,1958,MEDIUM,4760.89,T+1,POS_CARD,Y
MERCH001620,Vertex Supply,5814,Fast Food Restaurants,Jaipur,RJ,2024-04-01,882,LOW,174.76,T+1,QR_INSTORE,Y
MERCH001621,Nova Depot,5814,Fast Food Restaurants,Kolkata,WB,2023-04-17,1232,LOW,347.63,T+2,QR_INSTORE,Y
MERCH001622,Metro Solutions,5411,Grocery Stores / Supermarkets,Kochi,KL,2021-04-01,1978,LOW,567.8,T+0,QR_INSTORE,Y
MERCH001623,Zenith Depot,5814,Fast Food Restaurants,Kolkata,WB,2025-08-18,378,LOW,243.43,T+1,QR_INSTORE,Y
MERCH001624,Lakshmi Traders,4121,Taxicabs / Ride Hailing,Mumbai,MH,2021-06-19,1899,LOW,295.35,T+2,QR_INSTORE,Y
MERCH001625,Zenith Solutions,5541,Service Stations (Fuel),Pune,MH,2025-09-12,353,LOW,1081.98,T+2,QR_INSTORE,Y
MERCH001626,Bharat Traders,5732,Electronics Stores,Bengaluru,KA,2025-03-08,541,MEDIUM,9974.22,T+2,ONLINE_CHECKOUT,Y
MERCH001627,Zenith Stores,5411,Grocery Stores / Supermarkets,Kolkata,WB,2022-10-12,1419,LOW,567.94,T+1,QR_INSTORE,Y
MERCH001628,Vertex Supply,4722,Travel Agencies,Indore,MP,2024-07-02,790,HIGH,22857.59,T+2,POS_CARD,Y
MERCH001629,Nova Depot,4900,Utilities - Electric/Gas/Water,Chandigarh,CH,2023-05-02,1217,LOW,1936.76,T+1,QR_INSTORE,Y
MERCH001630,Krishna Depot,5411,Grocery Stores / Supermarkets,Jaipur,RJ,2023-01-15,1324,LOW,1010.23,T+1,ONLINE_CHECKOUT,Y
MERCH001631,Urban Stores,5999,Miscellaneous Retail,Panaji,GA,2026-02-27,185,MEDIUM,952.72,T+1,ONLINE_CHECKOUT,Y
MERCH001632,Nimbus Traders,5814,Fast Food Restaurants,Guwahati,AS,2024-07-01,791,LOW,258.46,T+1,ONLINE_CHECKOUT,Y
MERCH001633,Zenith Enterprises,4900,Utilities - Electric/Gas/Water,Delhi,DL,2022-11-03,1397,LOW,2543.01,T+1,QR_INSTORE,Y
MERCH001634,Shree Ventures,5541,Service Stations (Fuel),Nagpur,MH,2022-02-22,1651,LOW,1016.98,T+1,QR_INSTORE,Y
MERCH001635,Zenith & Co,5732,Electronics Stores,Mumbai,MH,2024-08-26,735,MEDIUM,11562.85,T+1,QR_INSTORE,Y
MERCH001636,Lakshmi Traders,5541,Service Stations (Fuel),Kolkata,WB,2025-02-16,561,LOW,1435.18,T+1,ONLINE_CHECKOUT,Y
MERCH001637,Anand Services,5912,Drug Stores / Pharmacies,Pune,MH,2024-10-20,680,LOW,416.51,T+1,QR_INSTORE,Y
MERCH001638,Shree Solutions,4900,Utilities - Electric/Gas/Water,Indore,MP,2025-08-10,386,LOW,2336.86,T+2,QR_INSTORE,Y
MERCH001639,Kalpana Traders,5732,Electronics Stores,Guwahati,AS,2026-02-14,198,MEDIUM,15735.89,T+1,QR_INSTORE,Y
MERCH001640,Zenith Mart,4900,Utilities - Electric/Gas/Water,Delhi,DL,2023-12-22,983,LOW,1596.69,T+1,QR_INSTORE,Y
MERCH001641,Anand Services,5814,Fast Food Restaurants,Kochi,KL,2023-12-09,996,LOW,217.27,T+0,ONLINE_CHECKOUT,Y
MERCH001642,Sagar Depot,5814,Fast Food Restaurants,Hyderabad,TG,2024-02-28,915,LOW,342.79,T+1,QR_INSTORE,Y
MERCH001643,Rohan Stores,4900,Utilities - Electric/Gas/Water,Pune,MH,2025-03-27,522,LOW,1837.67,T+1,QR_INSTORE,Y
MERCH001644,Krishna Mart,5814,Fast Food Restaurants,Lucknow,UP,2025-06-24,433,LOW,303.64,T+1,ONLINE_CHECKOUT,Y
MERCH001645,Krishna Mart,5912,Drug Stores / Pharmacies,Pune,MH,2022-05-11,1573,LOW,649.59,T+1,QR_INSTORE,Y
MERCH001646,Urban Solutions,5814,Fast Food Restaurants,Bengaluru,KA,2023-02-19,1289,LOW,353.63,T+1,ONLINE_CHECKOUT,Y
MERCH001647,Kalpana Stores,5732,Electronics Stores,Bengaluru,KA,2021-03-19,1991,MEDIUM,17210.25,T+1,ONLINE_CHECKOUT,Y
MERCH001648,Vertex Mart,5411,Grocery Stores / Supermarkets,Guwahati,AS,2022-09-27,1434,LOW,543.4,T+1,QR_INSTORE,Y
MERCH001649,Bharat Depot,7011,Hotels / Lodging,Chandigarh,CH,2024-09-24,706,MEDIUM,4109.0,T+1,QR_INSTORE,Y
MERCH001650,Bharat Depot,4121,Taxicabs / Ride Hailing,Hyderabad,TG,2026-04-05,148,LOW,277.85,T+1,QR_INSTORE,Y
MERCH001651,Sagar Traders,5411,Grocery Stores / Supermarkets,Indore,MP,2025-01-07,601,LOW,1183.92,T+1,POS_CARD,Y
MERCH001652,Urban Ventures,5732,Electronics Stores,Bengaluru,KA,2021-08-04,1853,MEDIUM,7603.95,T+0,QR_INSTORE,Y
MERCH001653,Vertex Traders,5814,Fast Food Restaurants,Mumbai,MH,2022-11-16,1384,LOW,278.39,T+0,ONLINE_CHECKOUT,Y
MERCH001654,Kalpana & Co,4900,Utilities - Electric/Gas/Water,Kochi,KL,2024-03-03,911,LOW,1652.06,T+1,QR_INSTORE,Y
MERCH001655,Anand Hub,5541,Service Stations (Fuel),Chandigarh,CH,2021-10-31,1765,LOW,1082.23,T+1,ONLINE_CHECKOUT,Y
MERCH001656,Urban Retail,5999,Miscellaneous Retail,Indore,MP,2024-12-22,617,MEDIUM,1054.42,T+1,QR_INSTORE,Y
MERCH001657,Shree Solutions,7011,Hotels / Lodging,Chennai,TN,2020-09-20,2171,MEDIUM,4168.99,T+1,QR_INSTORE,Y
MERCH001658,Vertex Ventures,4722,Travel Agencies,Indore,MP,2024-01-03,971,HIGH,27109.68,T+1,POS_CARD,Y
MERCH001659,Nimbus Services,4900,Utilities - Electric/Gas/Water,Ahmedabad,GJ,2022-11-22,1378,LOW,2608.57,T+1,ONLINE_CHECKOUT,Y
MERCH001660,Lakshmi Supply,4900,Utilities - Electric/Gas/Water,Bengaluru,KA,2023-04-09,1240,LOW,2801.42,T+1,QR_INSTORE,Y
MERCH001661,Sagar Supply,5541,Service Stations (Fuel),Mumbai,MH,2025-06-20,437,LOW,1761.8,T+2,ONLINE_CHECKOUT,Y
MERCH001662,Prime Retail,7011,Hotels / Lodging,Kochi,KL,2024-07-05,787,MEDIUM,6934.67,T+1,POS_CARD,Y
MERCH001663,Prime Hub,5732,Electronics Stores,Pune,MH,2023-03-22,1258,MEDIUM,16344.23,T+1,ONLINE_CHECKOUT,Y
MERCH001664,Anand Ventures,5999,Miscellaneous Retail,Chennai,TN,2025-06-17,440,MEDIUM,667.94,T+2,QR_INSTORE,Y
MERCH001665,Zenith Retail,5411,Grocery Stores / Supermarkets,Guwahati,AS,2021-03-27,1983,LOW,643.33,T+1,QR_INSTORE,Y
MERCH001666,Sagar Enterprises,4722,Travel Agencies,Mumbai,MH,2022-01-03,1701,HIGH,30012.45,T+1,QR_INSTORE,Y
MERCH001667,Lakshmi Depot,6051,Quasi-Cash / Wallet Load,Guwahati,AS,2023-12-01,1004,HIGH,7061.15,T+2,POS_CARD,Y
MERCH001668,Kalpana Supply,5541,Service Stations (Fuel),Ahmedabad,GJ,2021-10-02,1794,LOW,1702.84,T+1,QR_INSTORE,Y
MERCH001669,Prime Supply,4900,Utilities - Electric/Gas/Water,Guwahati,AS,2022-05-04,1580,LOW,1296.26,T+1,QR_INSTORE,Y
MERCH001670,Sagar Retail,5814,Fast Food Restaurants,Nagpur,MH,2022-11-03,1397,LOW,367.76,T+1,ONLINE_CHECKOUT,Y
MERCH001671,Metro Traders,5999,Miscellaneous Retail,Mumbai,MH,2025-01-09,599,MEDIUM,936.5,T+2,ONLINE_CHECKOUT,Y
MERCH001672,Zenith Supply,5814,Fast Food Restaurants,Nagpur,MH,2021-11-29,1736,LOW,224.81,T+1,ONLINE_CHECKOUT,Y
MERCH001673,Vertex & Co,5912,Drug Stores / Pharmacies,Panaji,GA,2023-08-19,1108,LOW,715.39,T+1,QR_INSTORE,Y
MERCH001674,Shree Traders,5814,Fast Food Restaurants,Kolkata,WB,2022-01-28,1676,LOW,323.68,T+1,ONLINE_CHECKOUT,Y
MERCH001675,Sagar Solutions,5912,Drug Stores / Pharmacies,Hyderabad,TG,2026-05-24,99,LOW,675.18,T+2,QR_INSTORE,Y
MERCH001676,Nova Supply,5541,Service Stations (Fuel),Indore,MP,2024-05-29,824,LOW,1106.77,T+1,ONLINE_CHECKOUT,Y
MERCH001677,Vertex Depot,5967,Direct Marketing - Inbound,Indore,MP,2025-02-25,552,HIGH,2318.33,T+1,QR_INSTORE,Y
MERCH001678,Krishna Supply,5411,Grocery Stores / Supermarkets,Kolkata,WB,2025-12-26,248,LOW,520.0,T+1,QR_INSTORE,Y
MERCH001679,Anand Ventures,5999,Miscellaneous Retail,Indore,MP,2022-05-02,1582,MEDIUM,782.35,T+2,QR_INSTORE,Y
MERCH001680,Prime Supply,5814,Fast Food Restaurants,Chandigarh,CH,2025-12-16,258,LOW,350.16,T+1,POS_CARD,Y
MERCH001681,Nova Depot,5814,Fast Food Restaurants,Nagpur,MH,2025-02-05,572,LOW,231.64,T+1,ONLINE_CHECKOUT,Y
MERCH001682,Nova & Co,5541,Service Stations (Fuel),Chandigarh,CH,2022-05-11,1573,LOW,1907.95,T+1,QR_INSTORE,Y
MERCH001683,Prime Solutions,5999,Miscellaneous Retail,Chandigarh,CH,2021-04-16,1963,MEDIUM,1231.46,T+1,ONLINE_CHECKOUT,Y
MERCH001684,Urban Depot,5814,Fast Food Restaurants,Indore,MP,2021-08-30,1827,LOW,385.79,T+0,POS_CARD,Y
MERCH001685,Aster Ventures,5411,Grocery Stores / Supermarkets,Guwahati,AS,2025-04-07,511,LOW,1110.62,T+2,QR_INSTORE,Y
MERCH001686,Sagar Retail,4900,Utilities - Electric/Gas/Water,Delhi,DL,2026-06-17,75,MEDIUM,2707.52,T+1,ONLINE_CHECKOUT,Y
MERCH001687,Rohan Ventures,4121,Taxicabs / Ride Hailing,Ahmedabad,GJ,2022-09-12,1449,LOW,216.3,T+1,QR_INSTORE,Y
MERCH001688,Lakshmi Solutions,5814,Fast Food Restaurants,Indore,MP,2023-03-28,1252,LOW,261.93,T+1,ONLINE_CHECKOUT,Y
MERCH001689,Prime Ventures,5411,Grocery Stores / Supermarkets,Jaipur,RJ,2024-10-25,675,LOW,1068.82,T+2,ONLINE_CHECKOUT,Y
MERCH001690,Anand & Co,5411,Grocery Stores / Supermarkets,Delhi,DL,2022-05-10,1574,LOW,807.07,T+1,POS_CARD,Y
MERCH001691,Nimbus Depot,4121,Taxicabs / Ride Hailing,Lucknow,UP,2023-12-25,980,LOW,150.81,T+1,ONLINE_CHECKOUT,Y
MERCH001692,Anand Enterprises,5541,Service Stations (Fuel),Chandigarh,CH,2024-12-03,636,LOW,1762.56,T+1,QR_INSTORE,Y
MERCH001693,Nimbus Mart,7011,Hotels / Lodging,Indore,MP,2022-02-01,1672,MEDIUM,4245.62,T+2,QR_INSTORE,Y
MERCH001694,Nimbus Retail,5541,Service Stations (Fuel),Panaji,GA,2021-02-04,2034,LOW,1092.1,T+2,ONLINE_CHECKOUT,Y
MERCH001695,Kalpana & Co,4722,Travel Agencies,Kolkata,WB,2024-08-13,748,HIGH,24487.41,T+1,QR_INSTORE,Y
MERCH001696,Lakshmi Solutions,4722,Travel Agencies,Nagpur,MH,2023-10-19,1047,HIGH,18634.23,T+0,ONLINE_CHECKOUT,Y
MERCH001697,Sagar Mart,7995,Betting / Gaming,Chandigarh,CH,2025-10-10,325,HIGH,3719.58,T+1,ONLINE_CHECKOUT,Y
MERCH001698,Krishna Depot,5814,Fast Food Restaurants,Panaji,GA,2024-03-23,891,LOW,246.24,T+1,QR_INSTORE,N
MERCH001699,Vertex Retail,5541,Service Stations (Fuel),Pune,MH,2022-03-11,1634,LOW,1043.6,T+1,ONLINE_CHECKOUT,Y
MERCH001700,Aster Supply,5814,Fast Food Restaurants,Kochi,KL,2025-11-08,296,LOW,313.95,T+2,ONLINE_CHECKOUT,Y
MERCH001701,Kalpana Stores,4900,Utilities - Electric/Gas/Water,Kolkata,WB,2025-08-09,387,LOW,1686.09,T+0,POS_CARD,Y
MERCH001702,Prime & Co,5912,Drug Stores / Pharmacies,Indore,MP,2021-09-11,1815,LOW,771.95,T+1,QR_INSTORE,Y
MERCH001703,Urban Stores,5411,Grocery Stores / Supermarkets,Kolkata,WB,2025-04-10,508,LOW,1002.87,T+1,QR_INSTORE,Y
MERCH001704,Nova Stores,5541,Service Stations (Fuel),Panaji,GA,2022-07-05,1518,LOW,1097.63,T+0,QR_INSTORE,Y
MERCH001705,Lakshmi Solutions,5732,Electronics Stores,Indore,MP,2021-05-08,1941,MEDIUM,11351.42,T+1,ONLINE_CHECKOUT,Y
MERCH001706,Prime Mart,5814,Fast Food Restaurants,Panaji,GA,2026-05-29,94,LOW,315.9,T+1,ONLINE_CHECKOUT,Y
MERCH001707,Urban Mart,5999,Miscellaneous Retail,Jaipur,RJ,2023-11-25,1010,MEDIUM,1345.31,T+1,POS_CARD,Y
MERCH001708,Lakshmi Mart,5967,Direct Marketing - Inbound,Panaji,GA,2023-06-23,1165,HIGH,1891.32,T+1,ONLINE_CHECKOUT,Y
MERCH001709,Zenith Depot,5541,Service Stations (Fuel),Delhi,DL,2021-02-20,2018,LOW,1470.33,T+2,QR_INSTORE,Y
MERCH001710,Rohan Ventures,5541,Service Stations (Fuel),Mumbai,MH,2021-04-18,1961,LOW,1941.58,T+1,QR_INSTORE,Y
MERCH001711,Bharat Hub,5814,Fast Food Restaurants,Nagpur,MH,2026-04-03,150,LOW,368.41,T+1,QR_INSTORE,Y
MERCH001712,Krishna Retail,5814,Fast Food Restaurants,Nagpur,MH,2023-10-05,1061,LOW,254.58,T+1,ONLINE_CHECKOUT,Y
MERCH001713,Urban Stores,5411,Grocery Stores / Supermarkets,Jaipur,RJ,2025-03-07,542,LOW,1055.74,T+2,ONLINE_CHECKOUT,Y
MERCH001714,Rohan Traders,5541,Service Stations (Fuel),Chennai,TN,2024-03-10,904,LOW,1176.24,T+1,ONLINE_CHECKOUT,Y
MERCH001715,Nova Mart,7011,Hotels / Lodging,Indore,MP,2022-02-18,1655,MEDIUM,4486.66,T+0,QR_INSTORE,Y
MERCH001716,Krishna & Co,5732,Electronics Stores,Chennai,TN,2025-03-13,536,MEDIUM,13532.09,T+1,ONLINE_CHECKOUT,Y
MERCH001717,Nova Enterprises,5651,Family Clothing Stores,Guwahati,AS,2026-02-11,201,MEDIUM,1693.86,T+1,ONLINE_CHECKOUT,Y
MERCH001718,Urban Stores,5411,Grocery Stores / Supermarkets,Indore,MP,2025-09-24,341,LOW,647.03,T+2,POS_CARD,Y
MERCH001719,Shree Hub,5967,Direct Marketing - Inbound,Panaji,GA,2025-06-20,437,HIGH,1769.22,T+1,QR_INSTORE,Y
MERCH001720,Anand & Co,5411,Grocery Stores / Supermarkets,Hyderabad,TG,2026-02-06,206,LOW,729.24,T+2,QR_INSTORE,N
MERCH001721,Zenith Services,4121,Taxicabs / Ride Hailing,Bengaluru,KA,2022-10-17,1414,LOW,282.98,T+1,QR_INSTORE,Y
MERCH001722,Lakshmi & Co,5814,Fast Food Restaurants,Mumbai,MH,2024-09-25,705,LOW,249.44,T+1,ONLINE_CHECKOUT,Y
MERCH001723,Rohan Mart,4900,Utilities - Electric/Gas/Water,Chandigarh,CH,2021-07-30,1858,LOW,1190.19,T+1,QR_INSTORE,Y
MERCH001724,Krishna & Co,5732,Electronics Stores,Nagpur,MH,2022-09-25,1436,MEDIUM,13114.25,T+1,ONLINE_CHECKOUT,Y
MERCH001725,Urban Stores,4121,Taxicabs / Ride Hailing,Kolkata,WB,2020-11-29,2101,LOW,195.17,T+1,QR_INSTORE,Y
MERCH001726,Prime Hub,5732,Electronics Stores,Lucknow,UP,2026-02-18,194,MEDIUM,11598.22,T+1,QR_INSTORE,Y
MERCH001727,Zenith Mart,4900,Utilities - Electric/Gas/Water,Bengaluru,KA,2021-04-01,1978,LOW,2742.34,T+2,QR_INSTORE,Y
MERCH001728,Nova Solutions,4722,Travel Agencies,Indore,MP,2021-04-30,1949,HIGH,28613.34,T+1,ONLINE_CHECKOUT,Y
MERCH001729,Aster Solutions,5732,Electronics Stores,Nagpur,MH,2021-01-23,2046,MEDIUM,11952.81,T+1,ONLINE_CHECKOUT,Y
MERCH001730,Bharat Enterprises,4722,Travel Agencies,Delhi,DL,2024-12-25,614,HIGH,15552.02,T+1,ONLINE_CHECKOUT,Y
MERCH001731,Nimbus Enterprises,6051,Quasi-Cash / Wallet Load,Guwahati,AS,2024-10-22,678,HIGH,5111.1,T+1,ONLINE_CHECKOUT,Y
MERCH001732,Aster Enterprises,5411,Grocery Stores / Supermarkets,Chandigarh,CH,2022-01-11,1693,LOW,982.36,T+1,ONLINE_CHECKOUT,Y
MERCH001733,Metro Ventures,5732,Electronics Stores,Guwahati,AS,2020-11-09,2121,MEDIUM,11499.09,T+1,POS_CARD,Y
MERCH001734,Zenith Traders,5912,Drug Stores / Pharmacies,Bengaluru,KA,2024-07-02,790,LOW,504.55,T+1,QR_INSTORE,Y
MERCH001735,Bharat Mart,5912,Drug Stores / Pharmacies,Chennai,TN,2024-08-20,741,LOW,742.17,T+2,ONLINE_CHECKOUT,Y
MERCH001736,Lakshmi Ventures,5967,Direct Marketing - Inbound,Pune,MH,2022-10-06,1425,HIGH,1031.2,T+1,ONLINE_CHECKOUT,Y
MERCH001737,Nova Hub,7011,Hotels / Lodging,Chennai,TN,2026-05-23,100,MEDIUM,8912.23,T+2,QR_INSTORE,Y
MERCH001738,Urban Enterprises,5967,Direct Marketing - Inbound,Chennai,TN,2020-10-11,2150,HIGH,2266.1,T+1,QR_INSTORE,Y
MERCH001739,Vertex Solutions,5411,Grocery Stores / Supermarkets,Panaji,GA,2022-08-07,1485,LOW,748.41,T+1,ONLINE_CHECKOUT,Y
MERCH001740,Kalpana Traders,7011,Hotels / Lodging,Hyderabad,TG,2026-03-18,166,MEDIUM,3917.19,T+1,QR_INSTORE,Y
MERCH001741,Nimbus Traders,5999,Miscellaneous Retail,Pune,MH,2025-05-07,481,MEDIUM,1029.98,T+1,QR_INSTORE,Y
MERCH001742,Nimbus Supply,5912,Drug Stores / Pharmacies,Nagpur,MH,2023-06-28,1160,LOW,356.33,T+2,ONLINE_CHECKOUT,Y
MERCH001743,Bharat Stores,5814,Fast Food Restaurants,Bengaluru,KA,2023-05-16,1203,LOW,164.03,T+1,QR_INSTORE,Y
MERCH001744,Aster Supply,5651,Family Clothing Stores,Chandigarh,CH,2026-07-13,49,HIGH,2242.96,T+1,QR_INSTORE,Y
MERCH001745,Bharat Enterprises,5411,Grocery Stores / Supermarkets,Delhi,DL,2023-07-06,1152,LOW,1203.9,T+1,POS_CARD,Y
MERCH001746,Aster Retail,5999,Miscellaneous Retail,Delhi,DL,2021-09-06,1820,MEDIUM,852.66,T+1,QR_INSTORE,Y
MERCH001747,Vertex Depot,5651,Family Clothing Stores,Indore,MP,2024-01-04,970,MEDIUM,2443.98,T+1,ONLINE_CHECKOUT,Y
MERCH001748,Sagar Services,7995,Betting / Gaming,Kochi,KL,2021-12-13,1722,HIGH,3760.56,T+1,POS_CARD,Y
MERCH001749,Krishna Depot,4900,Utilities - Electric/Gas/Water,Indore,MP,2022-06-27,1526,LOW,1662.46,T+1,ONLINE_CHECKOUT,Y
MERCH001750,Sagar Traders,5411,Grocery Stores / Supermarkets,Ahmedabad,GJ,2023-11-19,1016,LOW,812.04,T+1,POS_CARD,Y
MERCH001751,Urban Traders,5967,Direct Marketing - Inbound,Panaji,GA,2022-07-11,1512,HIGH,2112.0,T+1,POS_CARD,Y
MERCH001752,Kalpana Hub,5814,Fast Food Restaurants,Jaipur,RJ,2023-09-16,1080,LOW,311.54,T+1,QR_INSTORE,Y
MERCH001753,Nova Solutions,4121,Taxicabs / Ride Hailing,Pune,MH,2023-06-29,1159,LOW,183.49,T+1,POS_CARD,Y
MERCH001754,Krishna Traders,5814,Fast Food Restaurants,Mumbai,MH,2021-06-07,1911,LOW,308.35,T+2,ONLINE_CHECKOUT,Y
MERCH001755,Nimbus & Co,5912,Drug Stores / Pharmacies,Bengaluru,KA,2026-02-07,205,LOW,693.02,T+1,QR_INSTORE,Y
MERCH001756,Shree Services,5541,Service Stations (Fuel),Hyderabad,TG,2025-02-21,556,LOW,2032.78,T+1,QR_INSTORE,Y
MERCH001757,Prime & Co,5541,Service Stations (Fuel),Mumbai,MH,2021-06-04,1914,LOW,1666.62,T+1,ONLINE_CHECKOUT,Y
MERCH001758,Krishna Retail,5912,Drug Stores / Pharmacies,Delhi,DL,2024-02-04,939,LOW,777.5,T+0,QR_INSTORE,Y
MERCH001759,Vertex Services,5651,Family Clothing Stores,Chennai,TN,2023-03-05,1275,MEDIUM,2275.41,T+2,QR_INSTORE,N
MERCH001760,Vertex Hub,5912,Drug Stores / Pharmacies,Bengaluru,KA,2025-10-30,305,LOW,457.74,T+1,QR_INSTORE,Y
MERCH001761,Rohan Services,4900,Utilities - Electric/Gas/Water,Nagpur,MH,2025-04-30,488,LOW,2503.09,T+1,QR_INSTORE,Y
MERCH001762,Rohan Enterprises,5912,Drug Stores / Pharmacies,Guwahati,AS,2023-05-22,1197,LOW,609.93,T+1,ONLINE_CHECKOUT,Y
MERCH001763,Bharat Hub,5411,Grocery Stores / Supermarkets,Ahmedabad,GJ,2025-06-30,427,LOW,547.27,T+1,ONLINE_CHECKOUT,Y
MERCH001764,Vertex Retail,5411,Grocery Stores / Supermarkets,Chandigarh,CH,2020-10-05,2156,LOW,552.24,T+1,QR_INSTORE,Y
MERCH001765,Anand & Co,7011,Hotels / Lodging,Guwahati,AS,2022-07-30,1493,MEDIUM,5917.29,T+1,ONLINE_CHECKOUT,Y
MERCH001766,Krishna Services,4722,Travel Agencies,Chennai,TN,2024-11-02,667,HIGH,28724.39,T+1,QR_INSTORE,Y
MERCH001767,Shree Hub,5732,Electronics Stores,Chennai,TN,2025-09-28,337,MEDIUM,13682.97,T+2,QR_INSTORE,Y
MERCH001768,Metro Enterprises,5732,Electronics Stores,Nagpur,MH,2024-09-27,703,MEDIUM,13081.61,T+1,QR_INSTORE,Y
MERCH001769,Shree Services,5541,Service Stations (Fuel),Kolkata,WB,2022-11-21,1379,LOW,1060.34,T+1,QR_INSTORE,Y
MERCH001770,Zenith Depot,5732,Electronics Stores,Mumbai,MH,2023-12-19,986,MEDIUM,10435.36,T+1,QR_INSTORE,Y
MERCH001771,Metro Services,4121,Taxicabs / Ride Hailing,Lucknow,UP,2022-12-08,1362,LOW,294.66,T+0,QR_INSTORE,Y
MERCH001772,Nova Ventures,5651,Family Clothing Stores,Jaipur,RJ,2020-11-08,2122,MEDIUM,1823.77,T+1,QR_INSTORE,Y
MERCH001773,Nova Ventures,5651,Family Clothing Stores,Bengaluru,KA,2021-01-01,2068,MEDIUM,2642.25,T+1,POS_CARD,N
MERCH001774,Krishna Enterprises,5814,Fast Food Restaurants,Hyderabad,TG,2020-10-15,2146,LOW,255.51,T+1,ONLINE_CHECKOUT,Y
MERCH001775,Vertex Retail,5651,Family Clothing Stores,Bengaluru,KA,2021-06-25,1893,MEDIUM,1317.09,T+0,QR_INSTORE,Y
MERCH001776,Zenith Stores,5814,Fast Food Restaurants,Hyderabad,TG,2023-08-30,1097,LOW,172.5,T+1,QR_INSTORE,Y
MERCH001777,Lakshmi Supply,4121,Taxicabs / Ride Hailing,Ahmedabad,GJ,2026-05-08,115,LOW,273.76,T+1,ONLINE_CHECKOUT,Y
MERCH001778,Prime Hub,5411,Grocery Stores / Supermarkets,Chandigarh,CH,2023-10-19,1047,LOW,612.97,T+1,QR_INSTORE,Y
MERCH001779,Lakshmi Retail,4121,Taxicabs / Ride Hailing,Guwahati,AS,2023-02-21,1287,LOW,327.41,T+2,ONLINE_CHECKOUT,Y
MERCH001780,Bharat Ventures,5814,Fast Food Restaurants,Indore,MP,2024-06-25,797,LOW,298.93,T+1,ONLINE_CHECKOUT,Y
MERCH001781,Prime Hub,5814,Fast Food Restaurants,Kolkata,WB,2023-04-06,1243,LOW,328.83,T+2,ONLINE_CHECKOUT,Y
MERCH001782,Vertex Ventures,5651,Family Clothing Stores,Mumbai,MH,2025-01-31,577,MEDIUM,2115.07,T+1,QR_INSTORE,Y
MERCH001783,Rohan Depot,5411,Grocery Stores / Supermarkets,Kochi,KL,2022-07-29,1494,LOW,887.08,T+1,QR_INSTORE,Y
MERCH001784,Shree Retail,5814,Fast Food Restaurants,Pune,MH,2024-05-18,835,LOW,340.78,T+1,POS_CARD,Y
MERCH001785,Sagar Ventures,5912,Drug Stores / Pharmacies,Chandigarh,CH,2026-02-12,200,LOW,358.93,T+0,POS_CARD,Y
MERCH001786,Bharat Traders,5651,Family Clothing Stores,Hyderabad,TG,2023-08-25,1102,MEDIUM,1749.81,T+1,ONLINE_CHECKOUT,Y
MERCH001787,Shree Enterprises,7011,Hotels / Lodging,Bengaluru,KA,2023-01-01,1338,MEDIUM,9153.1,T+1,ONLINE_CHECKOUT,Y
MERCH001788,Rohan Mart,5814,Fast Food Restaurants,Jaipur,RJ,2020-09-11,2180,LOW,216.85,T+0,QR_INSTORE,Y
MERCH001789,Krishna Retail,4900,Utilities - Electric/Gas/Water,Kochi,KL,2026-01-02,241,LOW,2477.55,T+2,POS_CARD,Y
MERCH001790,Nimbus Mart,5541,Service Stations (Fuel),Ahmedabad,GJ,2025-05-19,469,LOW,1206.54,T+0,ONLINE_CHECKOUT,Y
MERCH001791,Krishna Solutions,5411,Grocery Stores / Supermarkets,Delhi,DL,2024-09-27,703,LOW,1223.05,T+1,POS_CARD,Y
MERCH001792,Anand Enterprises,4722,Travel Agencies,Chennai,TN,2022-06-19,1534,HIGH,32615.76,T+1,QR_INSTORE,Y
MERCH001793,Nimbus Hub,5651,Family Clothing Stores,Mumbai,MH,2024-10-16,684,MEDIUM,1581.97,T+2,POS_CARD,Y
MERCH001794,Prime Retail,5411,Grocery Stores / Supermarkets,Mumbai,MH,2025-05-16,472,LOW,612.32,T+1,ONLINE_CHECKOUT,Y
MERCH001795,Aster Depot,5732,Electronics Stores,Panaji,GA,2026-04-03,150,MEDIUM,13538.59,T+1,QR_INSTORE,Y
MERCH001796,Urban Mart,4121,Taxicabs / Ride Hailing,Kochi,KL,2025-10-25,310,LOW,354.72,T+0,ONLINE_CHECKOUT,Y
MERCH001797,Shree Hub,5411,Grocery Stores / Supermarkets,Ahmedabad,GJ,2022-05-09,1575,LOW,671.47,T+1,ONLINE_CHECKOUT,Y
MERCH001798,Shree Depot,5411,Grocery Stores / Supermarkets,Chennai,TN,2026-07-01,61,MEDIUM,1080.11,T+1,QR_INSTORE,Y
MERCH001799,Nimbus Services,5814,Fast Food Restaurants,Pune,MH,2026-06-30,62,MEDIUM,233.48,T+1,QR_INSTORE,Y
MERCH001800,Anand Enterprises,5651,Family Clothing Stores,Mumbai,MH,2025-06-27,430,MEDIUM,2319.89,T+1,QR_INSTORE,Y
MERCH001801,Urban Traders,5541,Service Stations (Fuel),Chennai,TN,2023-02-25,1283,LOW,1117.57,T+1,POS_CARD,Y
MERCH001802,Kalpana Retail,5541,Service Stations (Fuel),Kochi,KL,2026-04-26,127,LOW,2030.36,T+1,POS_CARD,Y
MERCH001803,Zenith & Co,5411,Grocery Stores / Supermarkets,Nagpur,MH,2026-02-04,208,LOW,820.84,T+1,QR_INSTORE,Y
MERCH001804,Anand Retail,5411,Grocery Stores / Supermarkets,Guwahati,AS,2024-09-09,721,LOW,1267.33,T+1,QR_INSTORE,Y
MERCH001805,Sagar Ventures,5411,Grocery Stores / Supermarkets,Indore,MP,2021-07-08,1880,LOW,1098.5,T+2,QR_INSTORE,Y
MERCH001806,Nova Stores,4121,Taxicabs / Ride Hailing,Jaipur,RJ,2020-11-01,2129,LOW,216.11,T+1,QR_INSTORE,Y
MERCH001807,Lakshmi Supply,5912,Drug Stores / Pharmacies,Jaipur,RJ,2023-11-25,1010,LOW,616.78,T+1,POS_CARD,Y
MERCH001808,Aster Hub,4121,Taxicabs / Ride Hailing,Kolkata,WB,2021-02-23,2015,LOW,196.29,T+1,QR_INSTORE,Y
MERCH001809,Krishna Solutions,5999,Miscellaneous Retail,Guwahati,AS,2025-12-02,272,MEDIUM,1379.75,T+1,ONLINE_CHECKOUT,Y
MERCH001810,Nimbus Enterprises,5541,Service Stations (Fuel),Ahmedabad,GJ,2021-10-30,1766,LOW,1272.47,T+1,ONLINE_CHECKOUT,N
MERCH001811,Vertex Depot,5814,Fast Food Restaurants,Jaipur,RJ,2026-06-21,71,MEDIUM,257.81,T+1,ONLINE_CHECKOUT,Y
MERCH001812,Sagar Supply,5411,Grocery Stores / Supermarkets,Indore,MP,2022-11-16,1384,LOW,938.23,T+1,QR_INSTORE,Y
MERCH001813,Sagar Ventures,5411,Grocery Stores / Supermarkets,Panaji,GA,2022-02-02,1671,LOW,1257.84,T+0,POS_CARD,Y
MERCH001814,Rohan Traders,5814,Fast Food Restaurants,Bengaluru,KA,2022-10-12,1419,LOW,201.59,T+1,ONLINE_CHECKOUT,Y
MERCH001815,Urban Stores,5814,Fast Food Restaurants,Mumbai,MH,2020-10-14,2147,LOW,304.32,T+2,POS_CARD,Y
MERCH001816,Sagar Stores,7011,Hotels / Lodging,Jaipur,RJ,2021-01-17,2052,MEDIUM,4449.06,T+1,QR_INSTORE,Y
MERCH001817,Vertex Hub,5411,Grocery Stores / Supermarkets,Kochi,KL,2025-05-14,474,LOW,765.19,T+1,QR_INSTORE,Y
MERCH001818,Kalpana Stores,5814,Fast Food Restaurants,Delhi,DL,2022-11-27,1373,LOW,367.85,T+1,QR_INSTORE,Y
MERCH001819,Kalpana Mart,5541,Service Stations (Fuel),Panaji,GA,2025-08-28,368,LOW,1366.69,T+1,QR_INSTORE,Y
MERCH001820,Krishna Supply,4900,Utilities - Electric/Gas/Water,Chandigarh,CH,2025-05-22,466,LOW,1254.28,T+1,ONLINE_CHECKOUT,Y
MERCH001821,Bharat Mart,5912,Drug Stores / Pharmacies,Jaipur,RJ,2026-05-02,121,LOW,690.34,T+2,QR_INSTORE,Y
MERCH001822,Sagar Traders,5967,Direct Marketing - Inbound,Lucknow,UP,2024-11-03,666,HIGH,1712.36,T+1,ONLINE_CHECKOUT,Y
MERCH001823,Rohan Retail,7995,Betting / Gaming,Jaipur,RJ,2021-05-10,1939,HIGH,2848.9,T+0,ONLINE_CHECKOUT,Y
MERCH001824,Zenith Supply,4900,Utilities - Electric/Gas/Water,Lucknow,UP,2023-03-07,1273,LOW,2026.86,T+2,QR_INSTORE,Y
MERCH001825,Shree Enterprises,5651,Family Clothing Stores,Guwahati,AS,2021-12-19,1716,MEDIUM,2443.48,T+2,POS_CARD,Y
MERCH001826,Anand Enterprises,5999,Miscellaneous Retail,Chennai,TN,2023-11-20,1015,MEDIUM,1165.85,T+1,ONLINE_CHECKOUT,Y
MERCH001827,Zenith & Co,5814,Fast Food Restaurants,Chennai,TN,2025-07-01,426,LOW,223.73,T+1,ONLINE_CHECKOUT,Y
MERCH001828,Anand Depot,4121,Taxicabs / Ride Hailing,Nagpur,MH,2023-06-16,1172,LOW,198.33,T+2,ONLINE_CHECKOUT,Y
MERCH001829,Metro Supply,5411,Grocery Stores / Supermarkets,Delhi,DL,2024-08-26,735,LOW,965.58,T+1,QR_INSTORE,Y
MERCH001830,Vertex Stores,5732,Electronics Stores,Hyderabad,TG,2025-03-07,542,MEDIUM,14078.64,T+1,ONLINE_CHECKOUT,Y
MERCH001831,Zenith Depot,5651,Family Clothing Stores,Guwahati,AS,2024-06-16,806,MEDIUM,2461.4,T+1,POS_CARD,Y
MERCH001832,Nova Supply,5814,Fast Food Restaurants,Chandigarh,CH,2023-02-14,1294,LOW,177.62,T+1,ONLINE_CHECKOUT,Y
MERCH001833,Shree Stores,5411,Grocery Stores / Supermarkets,Indore,MP,2024-04-17,866,LOW,934.28,T+1,QR_INSTORE,Y
MERCH001834,Lakshmi & Co,5967,Direct Marketing - Inbound,Kolkata,WB,2024-07-13,779,HIGH,1535.55,T+2,ONLINE_CHECKOUT,Y
MERCH001835,Urban Retail,5541,Service Stations (Fuel),Chandigarh,CH,2021-10-03,1793,LOW,1926.8,T+1,QR_INSTORE,Y
MERCH001836,Nova Supply,7995,Betting / Gaming,Kolkata,WB,2025-11-07,297,HIGH,4752.03,T+2,ONLINE_CHECKOUT,Y
MERCH001837,Shree Ventures,4900,Utilities - Electric/Gas/Water,Lucknow,UP,2022-07-22,1501,LOW,1167.69,T+1,ONLINE_CHECKOUT,Y
MERCH001838,Prime Services,5651,Family Clothing Stores,Nagpur,MH,2023-07-08,1150,MEDIUM,2195.99,T+1,QR_INSTORE,Y
MERCH001839,Metro Retail,5411,Grocery Stores / Supermarkets,Mumbai,MH,2026-05-08,115,LOW,574.11,T+2,POS_CARD,Y
MERCH001840,Kalpana Stores,5732,Electronics Stores,Lucknow,UP,2021-10-16,1780,MEDIUM,9812.72,T+1,ONLINE_CHECKOUT,Y
MERCH001841,Urban Depot,5999,Miscellaneous Retail,Panaji,GA,2021-08-18,1839,MEDIUM,1261.91,T+1,QR_INSTORE,Y
MERCH001842,Metro Supply,5541,Service Stations (Fuel),Ahmedabad,GJ,2026-07-20,42,MEDIUM,934.28,T+1,ONLINE_CHECKOUT,Y
MERCH001843,Nova & Co,5732,Electronics Stores,Kolkata,WB,2025-05-31,457,MEDIUM,16931.08,T+1,ONLINE_CHECKOUT,Y
MERCH001844,Vertex Services,5999,Miscellaneous Retail,Bengaluru,KA,2025-09-15,350,MEDIUM,928.67,T+2,ONLINE_CHECKOUT,Y
MERCH001845,Bharat Supply,5541,Service Stations (Fuel),Chandigarh,CH,2024-12-22,617,LOW,1654.26,T+1,QR_INSTORE,Y
MERCH001846,Kalpana Hub,5411,Grocery Stores / Supermarkets,Mumbai,MH,2026-03-29,155,LOW,1024.19,T+2,QR_INSTORE,Y
MERCH001847,Metro Hub,5814,Fast Food Restaurants,Guwahati,AS,2023-04-14,1235,LOW,370.9,T+1,QR_INSTORE,Y
MERCH001848,Shree Retail,5651,Family Clothing Stores,Delhi,DL,2021-02-09,2029,MEDIUM,1385.48,T+0,QR_INSTORE,Y
MERCH001849,Bharat & Co,5411,Grocery Stores / Supermarkets,Chennai,TN,2022-01-14,1690,LOW,840.96,T+1,ONLINE_CHECKOUT,Y
MERCH001850,Vertex & Co,5541,Service Stations (Fuel),Nagpur,MH,2021-01-09,2060,LOW,1854.93,T+1,POS_CARD,Y
MERCH001851,Lakshmi Ventures,5912,Drug Stores / Pharmacies,Mumbai,MH,2022-03-07,1638,LOW,324.39,T+2,QR_INSTORE,Y
MERCH001852,Nova Retail,5541,Service Stations (Fuel),Panaji,GA,2024-11-16,653,LOW,1008.44,T+1,ONLINE_CHECKOUT,Y
MERCH001853,Nova Depot,5541,Service Stations (Fuel),Indore,MP,2021-08-29,1828,LOW,2096.74,T+0,QR_INSTORE,Y
MERCH001854,Bharat Mart,5411,Grocery Stores / Supermarkets,Chandigarh,CH,2024-01-24,950,HIGH,1160.51,T+2,ONLINE_CHECKOUT,Y
MERCH001855,Lakshmi Services,5651,Family Clothing Stores,Panaji,GA,2024-01-01,973,MEDIUM,1853.56,T+2,ONLINE_CHECKOUT,Y
MERCH001856,Bharat Depot,4121,Taxicabs / Ride Hailing,Mumbai,MH,2024-03-08,906,LOW,211.97,T+1,QR_INSTORE,Y
MERCH001857,Anand Retail,5814,Fast Food Restaurants,Indore,MP,2023-10-08,1058,LOW,306.62,T+1,QR_INSTORE,Y
MERCH001858,Nova Traders,5999,Miscellaneous Retail,Kolkata,WB,2022-01-13,1691,MEDIUM,1234.66,T+1,QR_INSTORE,Y
MERCH001859,Nimbus Ventures,5999,Miscellaneous Retail,Nagpur,MH,2023-05-26,1193,MEDIUM,1404.79,T+1,ONLINE_CHECKOUT,Y
MERCH001860,Bharat Stores,4722,Travel Agencies,Guwahati,AS,2022-12-11,1359,HIGH,13508.3,T+1,ONLINE_CHECKOUT,Y
MERCH001861,Anand Mart,5814,Fast Food Restaurants,Jaipur,RJ,2023-10-13,1053,LOW,201.92,T+1,POS_CARD,Y
MERCH001862,Nimbus Hub,5814,Fast Food Restaurants,Panaji,GA,2022-12-16,1354,LOW,258.58,T+1,QR_INSTORE,Y
MERCH001863,Rohan Depot,5999,Miscellaneous Retail,Kochi,KL,2024-11-19,650,MEDIUM,1157.03,T+1,QR_INSTORE,Y
MERCH001864,Urban Enterprises,5411,Grocery Stores / Supermarkets,Panaji,GA,2025-06-08,449,LOW,886.13,T+1,ONLINE_CHECKOUT,Y
MERCH001865,Metro Stores,5651,Family Clothing Stores,Ahmedabad,GJ,2024-02-10,933,MEDIUM,2509.15,T+1,ONLINE_CHECKOUT,Y
MERCH001866,Nova Traders,4121,Taxicabs / Ride Hailing,Kolkata,WB,2022-09-01,1460,LOW,211.71,T+0,QR_INSTORE,Y
MERCH001867,Bharat Enterprises,4900,Utilities - Electric/Gas/Water,Bengaluru,KA,2026-07-25,37,MEDIUM,2498.12,T+1,QR_INSTORE,Y
MERCH001868,Lakshmi Depot,4121,Taxicabs / Ride Hailing,Mumbai,MH,2020-09-16,2175,LOW,204.33,T+1,ONLINE_CHECKOUT,Y
MERCH001869,Aster Depot,4722,Travel Agencies,Jaipur,RJ,2025-06-18,439,HIGH,21451.87,T+1,QR_INSTORE,Y
MERCH001870,Bharat Solutions,5732,Electronics Stores,Jaipur,RJ,2025-07-12,415,MEDIUM,12664.58,T+1,ONLINE_CHECKOUT,Y
MERCH001871,Prime Mart,5732,Electronics Stores,Kochi,KL,2025-07-02,425,MEDIUM,8541.91,T+2,ONLINE_CHECKOUT,Y
MERCH001872,Bharat Depot,5814,Fast Food Restaurants,Kolkata,WB,2025-04-22,496,LOW,370.0,T+1,QR_INSTORE,Y
MERCH001873,Sagar Solutions,4121,Taxicabs / Ride Hailing,Jaipur,RJ,2025-10-25,310,LOW,331.44,T+1,QR_INSTORE,Y
MERCH001874,Nimbus Mart,5999,Miscellaneous Retail,Indore,MP,2025-06-13,444,MEDIUM,1059.3,T+0,QR_INSTORE,Y
MERCH001875,Shree Traders,5814,Fast Food Restaurants,Guwahati,AS,2023-02-16,1292,LOW,172.87,T+1,ONLINE_CHECKOUT,Y
MERCH001876,Shree Depot,5732,Electronics Stores,Indore,MP,2023-01-31,1308,MEDIUM,7426.3,T+1,QR_INSTORE,Y
MERCH001877,Vertex Hub,5814,Fast Food Restaurants,Hyderabad,TG,2025-12-30,244,LOW,301.22,T+1,QR_INSTORE,Y
MERCH001878,Rohan Solutions,6051,Quasi-Cash / Wallet Load,Ahmedabad,GJ,2025-03-31,518,HIGH,2985.2,T+2,POS_CARD,Y
MERCH001879,Krishna Solutions,5411,Grocery Stores / Supermarkets,Lucknow,UP,2023-04-01,1248,LOW,883.99,T+1,ONLINE_CHECKOUT,Y
MERCH001880,Shree Mart,5651,Family Clothing Stores,Chandigarh,CH,2024-06-15,807,MEDIUM,2275.04,T+1,QR_INSTORE,Y
MERCH001881,Urban Enterprises,4121,Taxicabs / Ride Hailing,Bengaluru,KA,2025-10-07,328,LOW,291.24,T+2,ONLINE_CHECKOUT,Y
MERCH001882,Shree Solutions,5651,Family Clothing Stores,Lucknow,UP,2022-01-30,1674,MEDIUM,2106.54,T+0,ONLINE_CHECKOUT,Y
MERCH001883,Nimbus Depot,5541,Service Stations (Fuel),Hyderabad,TG,2026-06-11,81,MEDIUM,1827.14,T+1,POS_CARD,Y
MERCH001884,Krishna Traders,5912,Drug Stores / Pharmacies,Delhi,DL,2021-08-09,1848,LOW,402.78,T+1,ONLINE_CHECKOUT,Y
MERCH001885,Prime Stores,5541,Service Stations (Fuel),Guwahati,AS,2021-03-05,2005,LOW,1260.09,T+1,QR_INSTORE,Y
MERCH001886,Aster Mart,5814,Fast Food Restaurants,Chandigarh,CH,2021-07-11,1877,LOW,158.51,T+1,ONLINE_CHECKOUT,Y
MERCH001887,Bharat & Co,5732,Electronics Stores,Lucknow,UP,2025-01-11,597,MEDIUM,10832.64,T+1,QR_INSTORE,Y
MERCH001888,Krishna Depot,5411,Grocery Stores / Supermarkets,Hyderabad,TG,2021-04-17,1962,LOW,513.73,T+1,ONLINE_CHECKOUT,Y
MERCH001889,Krishna Ventures,5732,Electronics Stores,Guwahati,AS,2024-02-09,934,MEDIUM,15378.48,T+1,QR_INSTORE,Y
MERCH001890,Shree Depot,4121,Taxicabs / Ride Hailing,Nagpur,MH,2022-11-08,1392,LOW,243.08,T+1,ONLINE_CHECKOUT,Y
MERCH001891,Metro & Co,7995,Betting / Gaming,Panaji,GA,2020-10-19,2142,HIGH,3169.02,T+2,QR_INSTORE,Y
MERCH001892,Shree Supply,5411,Grocery Stores / Supermarkets,Ahmedabad,GJ,2024-03-26,888,LOW,728.5,T+1,POS_CARD,Y
MERCH001893,Rohan Mart,4900,Utilities - Electric/Gas/Water,Panaji,GA,2025-01-25,583,LOW,1222.64,T+1,ONLINE_CHECKOUT,Y
MERCH001894,Nimbus & Co,5541,Service Stations (Fuel),Bengaluru,KA,2025-04-24,494,LOW,2069.77,T+0,QR_INSTORE,Y
MERCH001895,Sagar Mart,5732,Electronics Stores,Mumbai,MH,2026-03-29,155,MEDIUM,12110.05,T+2,QR_INSTORE,Y
MERCH001896,Aster Solutions,6051,Quasi-Cash / Wallet Load,Jaipur,RJ,2024-07-05,787,HIGH,4281.84,T+1,ONLINE_CHECKOUT,Y
MERCH001897,Lakshmi Depot,5999,Miscellaneous Retail,Chandigarh,CH,2023-09-19,1077,MEDIUM,678.88,T+1,POS_CARD,Y
MERCH001898,Krishna Depot,5541,Service Stations (Fuel),Kochi,KL,2025-04-19,499,LOW,1827.51,T+2,ONLINE_CHECKOUT,Y
MERCH001899,Bharat Retail,4121,Taxicabs / Ride Hailing,Kochi,KL,2021-09-14,1812,LOW,151.98,T+1,ONLINE_CHECKOUT,Y
MERCH001900,Nimbus Services,5411,Grocery Stores / Supermarkets,Bengaluru,KA,2022-01-02,1702,LOW,642.28,T+1,ONLINE_CHECKOUT,Y
MERCH001901,Vertex Solutions,5999,Miscellaneous Retail,Chennai,TN,2022-12-03,1367,MEDIUM,708.89,T+1,QR_INSTORE,Y
MERCH001902,Zenith Retail,7011,Hotels / Lodging,Kolkata,WB,2025-10-04,331,MEDIUM,4964.49,T+1,QR_INSTORE,Y
MERCH001903,Rohan Solutions,5411,Grocery Stores / Supermarkets,Hyderabad,TG,2022-05-27,1557,LOW,1223.15,T+1,QR_INSTORE,Y
MERCH001904,Nimbus Traders,5541,Service Stations (Fuel),Delhi,DL,2023-07-07,1151,LOW,2069.94,T+1,ONLINE_CHECKOUT,Y
MERCH001905,Sagar Mart,5814,Fast Food Restaurants,Kochi,KL,2022-12-23,1347,LOW,156.9,T+1,ONLINE_CHECKOUT,Y
MERCH001906,Kalpana Hub,5411,Grocery Stores / Supermarkets,Chandigarh,CH,2025-07-01,426,LOW,1211.95,T+1,QR_INSTORE,Y
MERCH001907,Nova Enterprises,5411,Grocery Stores / Supermarkets,Kochi,KL,2024-06-17,805,LOW,665.88,T+1,POS_CARD,Y
MERCH001908,Bharat Traders,5411,Grocery Stores / Supermarkets,Chennai,TN,2025-11-29,275,LOW,949.33,T+1,QR_INSTORE,N
MERCH001909,Metro Retail,5912,Drug Stores / Pharmacies,Panaji,GA,2020-10-18,2143,LOW,390.45,T+1,POS_CARD,Y
MERCH001910,Kalpana Services,5651,Family Clothing Stores,Ahmedabad,GJ,2026-03-24,160,MEDIUM,1460.43,T+1,QR_INSTORE,Y
MERCH001911,Zenith Supply,4121,Taxicabs / Ride Hailing,Chennai,TN,2022-12-15,1355,LOW,202.54,T+1,POS_CARD,Y
MERCH001912,Urban Stores,5541,Service Stations (Fuel),Kochi,KL,2023-11-26,1009,LOW,1334.53,T+1,POS_CARD,Y
MERCH001913,Aster & Co,4722,Travel Agencies,Chennai,TN,2023-07-30,1128,LOW,23093.17,T+1,ONLINE_CHECKOUT,Y
MERCH001914,Vertex Ventures,5541,Service Stations (Fuel),Kolkata,WB,2025-12-16,258,LOW,1781.52,T+1,POS_CARD,Y
MERCH001915,Sagar Hub,7995,Betting / Gaming,Delhi,DL,2022-12-14,1356,HIGH,3678.57,T+2,QR_INSTORE,Y
MERCH001916,Zenith & Co,5814,Fast Food Restaurants,Lucknow,UP,2021-06-05,1913,LOW,247.03,T+1,QR_INSTORE,Y
MERCH001917,Sagar Supply,5999,Miscellaneous Retail,Delhi,DL,2023-03-06,1274,MEDIUM,1341.79,T+1,POS_CARD,Y
MERCH001918,Bharat Services,4121,Taxicabs / Ride Hailing,Chennai,TN,2026-03-25,159,LOW,355.85,T+1,POS_CARD,Y
MERCH001919,Krishna Traders,5651,Family Clothing Stores,Hyderabad,TG,2025-12-16,258,MEDIUM,2189.66,T+1,ONLINE_CHECKOUT,Y
MERCH001920,Sagar Stores,4900,Utilities - Electric/Gas/Water,Guwahati,AS,2022-07-08,1515,LOW,1418.44,T+2,QR_INSTORE,Y
MERCH001921,Aster Mart,5541,Service Stations (Fuel),Jaipur,RJ,2021-06-09,1909,LOW,1513.01,T+1,QR_INSTORE,Y
MERCH001922,Sagar Solutions,5732,Electronics Stores,Nagpur,MH,2024-12-28,611,MEDIUM,16207.79,T+1,QR_INSTORE,Y
MERCH001923,Nova Traders,5814,Fast Food Restaurants,Kolkata,WB,2023-03-05,1275,LOW,293.55,T+1,POS_CARD,Y
MERCH001924,Shree & Co,5541,Service Stations (Fuel),Bengaluru,KA,2024-11-16,653,LOW,1436.04,T+1,ONLINE_CHECKOUT,Y
MERCH001925,Nimbus Ventures,5651,Family Clothing Stores,Kochi,KL,2021-08-04,1853,MEDIUM,1436.8,T+1,ONLINE_CHECKOUT,Y
MERCH001926,Bharat & Co,5651,Family Clothing Stores,Chennai,TN,2020-10-27,2134,MEDIUM,1689.59,T+1,ONLINE_CHECKOUT,Y
MERCH001927,Bharat Depot,7011,Hotels / Lodging,Lucknow,UP,2025-10-28,307,MEDIUM,7468.83,T+1,ONLINE_CHECKOUT,Y
MERCH001928,Nova Solutions,5651,Family Clothing Stores,Chandigarh,CH,2023-05-19,1200,MEDIUM,1756.9,T+1,ONLINE_CHECKOUT,Y
MERCH001929,Sagar Solutions,5411,Grocery Stores / Supermarkets,Chandigarh,CH,2024-01-21,953,LOW,793.03,T+0,QR_INSTORE,Y
MERCH001930,Sagar Supply,4900,Utilities - Electric/Gas/Water,Nagpur,MH,2021-03-18,1992,LOW,2732.37,T+2,QR_INSTORE,Y
MERCH001931,Aster Enterprises,5411,Grocery Stores / Supermarkets,Indore,MP,2021-05-07,1942,LOW,521.93,T+0,ONLINE_CHECKOUT,Y
MERCH001932,Kalpana Ventures,4121,Taxicabs / Ride Hailing,Kolkata,WB,2025-11-07,297,LOW,221.13,T+1,ONLINE_CHECKOUT,Y
MERCH001933,Krishna Stores,5732,Electronics Stores,Chandigarh,CH,2022-12-14,1356,MEDIUM,16871.89,T+2,QR_INSTORE,Y
MERCH001934,Shree Stores,4900,Utilities - Electric/Gas/Water,Chandigarh,CH,2021-05-09,1940,LOW,2448.23,T+1,ONLINE_CHECKOUT,Y
MERCH001935,Shree Solutions,5732,Electronics Stores,Pune,MH,2025-03-26,523,MEDIUM,11541.01,T+1,ONLINE_CHECKOUT,Y
MERCH001936,Vertex Stores,5541,Service Stations (Fuel),Mumbai,MH,2021-09-15,1811,LOW,1173.43,T+1,ONLINE_CHECKOUT,Y
MERCH001937,Nova Hub,5411,Grocery Stores / Supermarkets,Mumbai,MH,2025-11-15,289,LOW,1192.03,T+1,QR_INSTORE,Y
MERCH001938,Sagar Depot,5912,Drug Stores / Pharmacies,Pune,MH,2024-02-09,934,LOW,532.31,T+1,POS_CARD,Y
MERCH001939,Krishna Enterprises,5541,Service Stations (Fuel),Pune,MH,2021-12-10,1725,LOW,1555.39,T+1,ONLINE_CHECKOUT,Y
MERCH001940,Prime Ventures,5541,Service Stations (Fuel),Chennai,TN,2022-01-02,1702,LOW,1086.76,T+1,QR_INSTORE,Y
MERCH001941,Shree Supply,5732,Electronics Stores,Guwahati,AS,2023-04-18,1231,MEDIUM,12454.61,T+2,QR_INSTORE,Y
MERCH001942,Nova Solutions,7011,Hotels / Lodging,Indore,MP,2024-04-09,874,MEDIUM,8222.63,T+1,ONLINE_CHECKOUT,Y
MERCH001943,Nimbus Mart,5999,Miscellaneous Retail,Panaji,GA,2023-07-31,1127,MEDIUM,1011.88,T+0,ONLINE_CHECKOUT,Y
MERCH001944,Rohan Ventures,4722,Travel Agencies,Pune,MH,2024-09-30,700,HIGH,13567.38,T+1,QR_INSTORE,Y
MERCH001945,Metro Retail,5651,Family Clothing Stores,Hyderabad,TG,2025-09-01,364,MEDIUM,1392.91,T+1,QR_INSTORE,Y
MERCH001946,Krishna Hub,5814,Fast Food Restaurants,Pune,MH,2022-02-06,1667,LOW,211.99,T+1,QR_INSTORE,Y
MERCH001947,Anand Stores,5814,Fast Food Restaurants,Indore,MP,2024-03-17,897,LOW,197.4,T+1,ONLINE_CHECKOUT,Y
MERCH001948,Krishna Retail,5651,Family Clothing Stores,Panaji,GA,2026-01-01,242,MEDIUM,1897.28,T+2,ONLINE_CHECKOUT,Y
MERCH001949,Anand Mart,6051,Quasi-Cash / Wallet Load,Ahmedabad,GJ,2022-10-09,1422,HIGH,4141.55,T+1,ONLINE_CHECKOUT,Y
MERCH001950,Krishna Hub,4900,Utilities - Electric/Gas/Water,Pune,MH,2022-08-04,1488,LOW,2339.98,T+2,ONLINE_CHECKOUT,Y
MERCH001951,Metro Traders,5411,Grocery Stores / Supermarkets,Chennai,TN,2026-03-05,179,LOW,925.7,T+2,QR_INSTORE,Y
MERCH001952,Nimbus Traders,5541,Service Stations (Fuel),Kolkata,WB,2022-02-11,1662,MEDIUM,1574.91,T+2,ONLINE_CHECKOUT,Y
MERCH001953,Rohan Retail,5411,Grocery Stores / Supermarkets,Chandigarh,CH,2024-06-11,811,LOW,809.96,T+1,QR_INSTORE,Y
MERCH001954,Shree Supply,5814,Fast Food Restaurants,Panaji,GA,2025-06-24,433,LOW,224.49,T+2,QR_INSTORE,Y
MERCH001955,Bharat Stores,5999,Miscellaneous Retail,Panaji,GA,2024-06-27,795,MEDIUM,1324.21,T+1,QR_INSTORE,Y
MERCH001956,Urban Solutions,5541,Service Stations (Fuel),Lucknow,UP,2024-06-30,792,LOW,1532.31,T+1,ONLINE_CHECKOUT,Y
MERCH001957,Rohan Retail,5411,Grocery Stores / Supermarkets,Mumbai,MH,2024-05-28,825,LOW,1129.55,T+2,POS_CARD,Y
MERCH001958,Zenith Mart,5651,Family Clothing Stores,Indore,MP,2024-09-22,708,MEDIUM,1981.37,T+1,ONLINE_CHECKOUT,Y
MERCH001959,Bharat & Co,4900,Utilities - Electric/Gas/Water,Chandigarh,CH,2025-06-02,455,LOW,2768.02,T+1,QR_INSTORE,Y
MERCH001960,Bharat Supply,4900,Utilities - Electric/Gas/Water,Lucknow,UP,2026-07-18,44,MEDIUM,2763.0,T+2,QR_INSTORE,Y
MERCH001961,Anand Depot,5814,Fast Food Restaurants,Ahmedabad,GJ,2025-10-22,313,LOW,367.94,T+1,QR_INSTORE,Y
MERCH001962,Prime Depot,5732,Electronics Stores,Delhi,DL,2025-03-01,548,MEDIUM,11975.91,T+1,ONLINE_CHECKOUT,Y
MERCH001963,Krishna Mart,5814,Fast Food Restaurants,Jaipur,RJ,2024-10-03,697,LOW,355.07,T+1,ONLINE_CHECKOUT,Y
MERCH001964,Kalpana Ventures,4722,Travel Agencies,Chennai,TN,2024-09-08,722,HIGH,22553.17,T+1,POS_CARD,Y
MERCH001965,Shree Stores,4900,Utilities - Electric/Gas/Water,Chennai,TN,2024-10-25,675,LOW,1376.68,T+1,ONLINE_CHECKOUT,Y
MERCH001966,Urban Hub,4121,Taxicabs / Ride Hailing,Bengaluru,KA,2025-07-04,423,LOW,283.55,T+1,QR_INSTORE,Y
MERCH001967,Anand & Co,4121,Taxicabs / Ride Hailing,Indore,MP,2024-03-10,904,LOW,270.97,T+2,ONLINE_CHECKOUT,Y
MERCH001968,Prime Enterprises,5999,Miscellaneous Retail,Indore,MP,2026-06-02,90,MEDIUM,767.79,T+1,ONLINE_CHECKOUT,Y
MERCH001969,Metro Traders,5732,Electronics Stores,Chandigarh,CH,2024-04-27,856,MEDIUM,17436.93,T+1,QR_INSTORE,Y
MERCH001970,Sagar Solutions,5411,Grocery Stores / Supermarkets,Lucknow,UP,2024-07-09,783,LOW,959.9,T+2,ONLINE_CHECKOUT,Y
MERCH001971,Bharat Retail,5411,Grocery Stores / Supermarkets,Chandigarh,CH,2024-03-15,899,LOW,908.11,T+2,ONLINE_CHECKOUT,Y
MERCH001972,Vertex & Co,5732,Electronics Stores,Hyderabad,TG,2024-01-25,949,MEDIUM,11410.64,T+2,QR_INSTORE,Y
MERCH001973,Metro Traders,5411,Grocery Stores / Supermarkets,Pune,MH,2023-12-05,1000,LOW,1086.48,T+1,ONLINE_CHECKOUT,Y
MERCH001974,Anand Solutions,5999,Miscellaneous Retail,Kochi,KL,2022-11-20,1380,MEDIUM,1304.24,T+1,QR_INSTORE,Y
MERCH001975,Anand Mart,5651,Family Clothing Stores,Hyderabad,TG,2025-01-10,598,MEDIUM,1768.91,T+2,POS_CARD,Y
MERCH001976,Anand Traders,5541,Service Stations (Fuel),Chennai,TN,2022-12-20,1350,LOW,1738.53,T+2,ONLINE_CHECKOUT,Y
MERCH001977,Krishna Mart,7011,Hotels / Lodging,Hyderabad,TG,2024-05-07,846,MEDIUM,7232.55,T+1,QR_INSTORE,Y
MERCH001978,Aster Ventures,5967,Direct Marketing - Inbound,Kolkata,WB,2026-01-22,221,HIGH,2061.0,T+2,ONLINE_CHECKOUT,Y
MERCH001979,Bharat Services,5541,Service Stations (Fuel),Indore,MP,2021-05-30,1919,LOW,1052.8,T+2,ONLINE_CHECKOUT,Y
MERCH001980,Bharat Mart,5541,Service Stations (Fuel),Chennai,TN,2024-12-07,632,LOW,1920.91,T+1,QR_INSTORE,Y
MERCH001981,Sagar Mart,4900,Utilities - Electric/Gas/Water,Indore,MP,2022-09-03,1458,LOW,2522.06,T+1,QR_INSTORE,Y
MERCH001982,Krishna & Co,5541,Service Stations (Fuel),Lucknow,UP,2022-03-07,1638,LOW,1353.83,T+2,ONLINE_CHECKOUT,Y
MERCH001983,Rohan Ventures,4900,Utilities - Electric/Gas/Water,Hyderabad,TG,2026-06-21,71,MEDIUM,1575.79,T+1,ONLINE_CHECKOUT,Y
MERCH001984,Lakshmi Hub,5411,Grocery Stores / Supermarkets,Pune,MH,2022-08-27,1465,LOW,1122.85,T+2,POS_CARD,Y
MERCH001985,Rohan Ventures,5541,Service Stations (Fuel),Chandigarh,CH,2024-03-21,893,LOW,1256.04,T+2,POS_CARD,Y
MERCH001986,Zenith Services,4121,Taxicabs / Ride Hailing,Bengaluru,KA,2023-09-21,1075,LOW,210.21,T+1,ONLINE_CHECKOUT,Y
MERCH001987,Shree Enterprises,5411,Grocery Stores / Supermarkets,Kolkata,WB,2025-02-12,565,LOW,924.59,T+1,ONLINE_CHECKOUT,Y
MERCH001988,Shree Services,5814,Fast Food Restaurants,Nagpur,MH,2022-02-20,1653,LOW,232.74,T+1,QR_INSTORE,Y
MERCH001989,Urban Traders,5651,Family Clothing Stores,Hyderabad,TG,2020-11-22,2108,MEDIUM,2125.4,T+2,ONLINE_CHECKOUT,Y
MERCH001990,Urban Retail,4121,Taxicabs / Ride Hailing,Nagpur,MH,2021-06-12,1906,LOW,347.97,T+1,QR_INSTORE,Y
MERCH001991,Metro Solutions,4121,Taxicabs / Ride Hailing,Nagpur,MH,2022-10-22,1409,LOW,235.39,T+0,QR_INSTORE,Y
MERCH001992,Vertex Depot,5651,Family Clothing Stores,Ahmedabad,GJ,2021-11-19,1746,MEDIUM,1366.0,T+1,QR_INSTORE,Y
MERCH001993,Anand & Co,5999,Miscellaneous Retail,Mumbai,MH,2023-04-11,1238,MEDIUM,1225.76,T+1,ONLINE_CHECKOUT,Y
MERCH001994,Rohan Supply,5999,Miscellaneous Retail,Ahmedabad,GJ,2024-06-03,819,MEDIUM,870.38,T+0,ONLINE_CHECKOUT,Y
MERCH001995,Nimbus Hub,5541,Service Stations (Fuel),Indore,MP,2023-03-13,1267,LOW,1998.74,T+1,ONLINE_CHECKOUT,Y
MERCH001996,Prime Solutions,5814,Fast Food Restaurants,Panaji,GA,2023-05-13,1206,LOW,312.78,T+1,QR_INSTORE,Y
MERCH001997,Vertex & Co,5814,Fast Food Restaurants,Guwahati,AS,2025-02-05,572,LOW,261.77,T+1,QR_INSTORE,Y
MERCH001998,Nimbus Retail,5651,Family Clothing Stores,Kolkata,WB,2020-10-06,2155,MEDIUM,2513.41,T+1,ONLINE_CHECKOUT,Y
MERCH001999,Anand Mart,4900,Utilities - Electric/Gas/Water,Indore,MP,2025-05-11,477,LOW,2283.81,T+1,QR_INSTORE,N
MERCH002000,Anand Hub,5651,Family Clothing Stores,Mumbai,MH,2021-08-11,1846,MEDIUM,2069.35,T+2,ONLINE_CHECKOUT,Y
MERCH002001,Bharat Solutions,5999,Miscellaneous Retail,Indore,MP,2021-07-04,1884,MEDIUM,1113.47,T+2,QR_INSTORE,Y
MERCH002002,Sagar Hub,5732,Electronics Stores,Chennai,TN,2021-07-18,1870,MEDIUM,10147.99,T+0,QR_INSTORE,Y
MERCH002003,Anand Retail,5967,Direct Marketing - Inbound,Chandigarh,CH,2022-09-25,1436,HIGH,1885.69,T+1,QR_INSTORE,Y
MERCH002004,Bharat Solutions,5411,Grocery Stores / Supermarkets,Chennai,TN,2026-05-26,97,LOW,541.01,T+1,POS_CARD,Y
MERCH002005,Kalpana Enterprises,5541,Service Stations (Fuel),Chennai,TN,2021-11-02,1763,LOW,1578.33,T+1,QR_INSTORE,Y
MERCH002006,Metro Mart,5814,Fast Food Restaurants,Kochi,KL,2025-05-11,477,LOW,232.08,T+1,ONLINE_CHECKOUT,Y
MERCH002007,Anand Mart,5411,Grocery Stores / Supermarkets,Hyderabad,TG,2024-08-02,759,LOW,858.65,T+2,ONLINE_CHECKOUT,Y
MERCH002008,Prime Supply,5814,Fast Food Restaurants,Hyderabad,TG,2024-04-12,871,HIGH,302.7,T+0,QR_INSTORE,Y
MERCH002009,Vertex Depot,5814,Fast Food Restaurants,Chandigarh,CH,2021-02-06,2032,LOW,245.36,T+0,POS_CARD,Y
MERCH002010,Metro Mart,4121,Taxicabs / Ride Hailing,Kochi,KL,2021-09-13,1813,LOW,191.61,T+2,QR_INSTORE,Y
MERCH002011,Shree Supply,5912,Drug Stores / Pharmacies,Ahmedabad,GJ,2025-01-19,589,LOW,693.25,T+1,POS_CARD,Y
MERCH002012,Metro Enterprises,5411,Grocery Stores / Supermarkets,Indore,MP,2021-04-12,1967,LOW,989.51,T+0,ONLINE_CHECKOUT,Y
MERCH002013,Metro Traders,5732,Electronics Stores,Mumbai,MH,2023-12-16,989,MEDIUM,7428.96,T+1,ONLINE_CHECKOUT,Y
MERCH002014,Nova Stores,7995,Betting / Gaming,Guwahati,AS,2026-03-08,176,HIGH,4796.77,T+1,QR_INSTORE,Y
MERCH002015,Vertex & Co,5912,Drug Stores / Pharmacies,Ahmedabad,GJ,2023-09-29,1067,HIGH,492.05,T+2,QR_INSTORE,Y
MERCH002016,Sagar & Co,4121,Taxicabs / Ride Hailing,Pune,MH,2026-06-05,87,MEDIUM,288.66,T+0,ONLINE_CHECKOUT,Y
MERCH002017,Nimbus Services,5912,Drug Stores / Pharmacies,Kolkata,WB,2021-01-27,2042,LOW,411.31,T+1,ONLINE_CHECKOUT,Y
MERCH002018,Prime Supply,4900,Utilities - Electric/Gas/Water,Mumbai,MH,2021-06-27,1891,LOW,2809.49,T+1,QR_INSTORE,Y
MERCH002019,Rohan Traders,4722,Travel Agencies,Kolkata,WB,2025-04-03,515,HIGH,19321.62,T+2,QR_INSTORE,Y
MERCH002020,Zenith Enterprises,5814,Fast Food Restaurants,Chandigarh,CH,2025-09-20,345,LOW,296.19,T+1,POS_CARD,Y
MERCH002021,Prime Solutions,5541,Service Stations (Fuel),Chandigarh,CH,2021-01-15,2054,LOW,1210.05,T+0,ONLINE_CHECKOUT,Y
MERCH002022,Bharat Ventures,5651,Family Clothing Stores,Kolkata,WB,2021-01-28,2041,MEDIUM,2127.09,T+1,ONLINE_CHECKOUT,Y
MERCH002023,Vertex Stores,5967,Direct Marketing - Inbound,Kochi,KL,2024-05-06,847,HIGH,2103.37,T+1,POS_CARD,Y
MERCH002024,Zenith Supply,4900,Utilities - Electric/Gas/Water,Bengaluru,KA,2025-01-09,599,LOW,2496.75,T+0,QR_INSTORE,Y
MERCH002025,Vertex Services,4121,Taxicabs / Ride Hailing,Nagpur,MH,2022-01-27,1677,LOW,296.16,T+2,QR_INSTORE,Y
MERCH002026,Nova Traders,5967,Direct Marketing - Inbound,Kolkata,WB,2025-09-02,363,HIGH,1468.49,T+2,QR_INSTORE,Y
MERCH002027,Aster Enterprises,4900,Utilities - Electric/Gas/Water,Guwahati,AS,2022-09-08,1453,LOW,2586.21,T+2,QR_INSTORE,Y
MERCH002028,Lakshmi Stores,5541,Service Stations (Fuel),Guwahati,AS,2023-06-16,1172,LOW,1049.0,T+1,POS_CARD,Y
MERCH002029,Metro Enterprises,5651,Family Clothing Stores,Chandigarh,CH,2024-01-27,947,MEDIUM,2610.72,T+1,POS_CARD,Y
MERCH002030,Kalpana Hub,5814,Fast Food Restaurants,Nagpur,MH,2026-07-27,35,MEDIUM,339.22,T+2,QR_INSTORE,Y
MERCH002031,Anand Mart,5411,Grocery Stores / Supermarkets,Kolkata,WB,2021-02-10,2028,LOW,1240.46,T+1,QR_INSTORE,Y
MERCH002032,Urban Retail,4121,Taxicabs / Ride Hailing,Ahmedabad,GJ,2024-05-03,850,LOW,174.41,T+1,ONLINE_CHECKOUT,Y
MERCH002033,Zenith Services,5912,Drug Stores / Pharmacies,Chennai,TN,2024-08-21,740,LOW,748.37,T+1,QR_INSTORE,Y
MERCH002034,Shree Enterprises,5912,Drug Stores / Pharmacies,Kolkata,WB,2023-04-25,1224,LOW,459.91,T+1,QR_INSTORE,Y
MERCH002035,Lakshmi Retail,7995,Betting / Gaming,Kolkata,WB,2023-02-21,1287,HIGH,4452.13,T+1,POS_CARD,Y
MERCH002036,Krishna Supply,5912,Drug Stores / Pharmacies,Pune,MH,2021-06-05,1913,LOW,485.71,T+1,ONLINE_CHECKOUT,Y
MERCH002037,Urban Enterprises,4121,Taxicabs / Ride Hailing,Pune,MH,2026-02-10,202,LOW,307.28,T+1,QR_INSTORE,Y
MERCH002038,Rohan Ventures,4722,Travel Agencies,Bengaluru,KA,2021-02-03,2035,HIGH,19339.02,T+2,QR_INSTORE,Y
MERCH002039,Krishna Hub,5814,Fast Food Restaurants,Kochi,KL,2023-05-08,1211,LOW,304.72,T+1,QR_INSTORE,Y
MERCH002040,Metro Hub,5651,Family Clothing Stores,Guwahati,AS,2024-09-08,722,MEDIUM,2575.28,T+1,ONLINE_CHECKOUT,Y
MERCH002041,Zenith & Co,5541,Service Stations (Fuel),Hyderabad,TG,2020-09-06,2185,LOW,1343.29,T+1,ONLINE_CHECKOUT,Y
MERCH002042,Urban Services,5732,Electronics Stores,Mumbai,MH,2024-06-01,821,MEDIUM,10825.98,T+1,QR_INSTORE,Y
MERCH002043,Rohan Stores,4900,Utilities - Electric/Gas/Water,Guwahati,AS,2026-01-26,217,LOW,1552.96,T+0,ONLINE_CHECKOUT,Y
MERCH002044,Prime Enterprises,5814,Fast Food Restaurants,Pune,MH,2023-05-23,1196,LOW,311.05,T+2,ONLINE_CHECKOUT,Y
MERCH002045,Shree Retail,5411,Grocery Stores / Supermarkets,Chandigarh,CH,2021-03-22,1988,LOW,812.16,T+1,POS_CARD,Y
MERCH002046,Zenith Supply,5912,Drug Stores / Pharmacies,Hyderabad,TG,2022-01-11,1693,LOW,721.22,T+2,ONLINE_CHECKOUT,Y
MERCH002047,Metro Traders,5411,Grocery Stores / Supermarkets,Kochi,KL,2021-07-30,1858,LOW,796.87,T+1,QR_INSTORE,Y
MERCH002048,Urban Retail,5651,Family Clothing Stores,Indore,MP,2020-10-31,2130,MEDIUM,2583.72,T+1,QR_INSTORE,Y
MERCH002049,Urban Traders,4722,Travel Agencies,Kolkata,WB,2024-01-31,943,HIGH,32258.11,T+1,QR_INSTORE,Y
MERCH002050,Zenith Supply,5967,Direct Marketing - Inbound,Panaji,GA,2025-12-10,264,HIGH,1158.36,T+2,QR_INSTORE,Y
MERCH002051,Zenith Ventures,5912,Drug Stores / Pharmacies,Kochi,KL,2023-02-15,1293,LOW,476.59,T+1,ONLINE_CHECKOUT,Y
MERCH002052,Anand Stores,4121,Taxicabs / Ride Hailing,Hyderabad,TG,2023-10-07,1059,LOW,276.62,T+2,QR_INSTORE,Y
MERCH002053,Zenith Mart,5411,Grocery Stores / Supermarkets,Pune,MH,2023-09-16,1080,LOW,1149.99,T+1,QR_INSTORE,Y
MERCH002054,Lakshmi Retail,5814,Fast Food Restaurants,Delhi,DL,2023-02-26,1282,LOW,271.09,T+1,ONLINE_CHECKOUT,Y
MERCH002055,Prime Supply,5814,Fast Food Restaurants,Kolkata,WB,2021-12-15,1720,LOW,274.49,T+1,ONLINE_CHECKOUT,Y
MERCH002056,Shree & Co,7011,Hotels / Lodging,Guwahati,AS,2024-12-02,637,MEDIUM,8152.38,T+1,QR_INSTORE,Y
MERCH002057,Krishna Traders,5814,Fast Food Restaurants,Jaipur,RJ,2021-01-03,2066,LOW,274.34,T+1,ONLINE_CHECKOUT,Y
MERCH002058,Shree Solutions,5999,Miscellaneous Retail,Mumbai,MH,2023-04-23,1226,MEDIUM,1225.87,T+0,ONLINE_CHECKOUT,Y
MERCH002059,Shree Hub,5411,Grocery Stores / Supermarkets,Pune,MH,2025-10-23,312,LOW,584.8,T+1,ONLINE_CHECKOUT,Y
MERCH002060,Aster Solutions,4121,Taxicabs / Ride Hailing,Pune,MH,2026-04-12,141,LOW,310.79,T+0,QR_INSTORE,Y
MERCH002061,Aster Mart,4900,Utilities - Electric/Gas/Water,Lucknow,UP,2022-08-23,1469,LOW,1903.45,T+1,ONLINE_CHECKOUT,Y
MERCH002062,Nova Stores,5814,Fast Food Restaurants,Kochi,KL,2026-03-30,154,LOW,227.47,T+2,QR_INSTORE,Y
MERCH002063,Kalpana Traders,5541,Service Stations (Fuel),Lucknow,UP,2020-09-08,2183,LOW,1163.08,T+1,POS_CARD,Y
MERCH002064,Sagar Supply,5541,Service Stations (Fuel),Chandigarh,CH,2022-10-14,1417,LOW,1588.06,T+1,POS_CARD,Y
MERCH002065,Krishna Enterprises,7011,Hotels / Lodging,Chennai,TN,2021-08-24,1833,MEDIUM,6022.96,T+1,POS_CARD,Y
MERCH002066,Zenith Depot,4900,Utilities - Electric/Gas/Water,Jaipur,RJ,2022-03-03,1642,LOW,2812.75,T+1,ONLINE_CHECKOUT,Y
MERCH002067,Bharat Stores,5912,Drug Stores / Pharmacies,Chennai,TN,2020-09-08,2183,LOW,339.65,T+1,ONLINE_CHECKOUT,Y
MERCH002068,Bharat Ventures,5732,Electronics Stores,Jaipur,RJ,2023-11-10,1025,MEDIUM,13792.31,T+1,ONLINE_CHECKOUT,Y
MERCH002069,Nimbus Ventures,5541,Service Stations (Fuel),Chandigarh,CH,2024-07-12,780,LOW,1003.1,T+1,QR_INSTORE,Y
MERCH002070,Bharat Enterprises,5814,Fast Food Restaurants,Delhi,DL,2021-11-27,1738,LOW,159.58,T+0,ONLINE_CHECKOUT,Y
MERCH002071,Vertex Enterprises,5814,Fast Food Restaurants,Nagpur,MH,2022-07-03,1520,LOW,334.9,T+1,ONLINE_CHECKOUT,Y
MERCH002072,Bharat Hub,7011,Hotels / Lodging,Nagpur,MH,2025-08-04,392,MEDIUM,8634.76,T+1,ONLINE_CHECKOUT,Y
MERCH002073,Rohan Enterprises,4121,Taxicabs / Ride Hailing,Hyderabad,TG,2021-01-15,2054,LOW,178.99,T+1,POS_CARD,Y
MERCH002074,Nova Solutions,5411,Grocery Stores / Supermarkets,Panaji,GA,2025-10-17,318,LOW,953.45,T+1,POS_CARD,Y
MERCH002075,Sagar Enterprises,5651,Family Clothing Stores,Panaji,GA,2022-05-30,1554,MEDIUM,1437.0,T+1,QR_INSTORE,Y
MERCH002076,Sagar & Co,4121,Taxicabs / Ride Hailing,Hyderabad,TG,2024-09-24,706,LOW,288.91,T+1,QR_INSTORE,Y
MERCH002077,Nova Solutions,5541,Service Stations (Fuel),Hyderabad,TG,2025-10-07,328,LOW,883.61,T+0,POS_CARD,Y
MERCH002078,Nova Traders,5814,Fast Food Restaurants,Chennai,TN,2022-02-09,1664,LOW,244.41,T+1,ONLINE_CHECKOUT,Y
MERCH002079,Prime Solutions,4121,Taxicabs / Ride Hailing,Kochi,KL,2021-10-06,1790,LOW,226.57,T+0,POS_CARD,Y
MERCH002080,Lakshmi Services,5814,Fast Food Restaurants,Ahmedabad,GJ,2026-07-02,60,MEDIUM,206.21,T+1,QR_INSTORE,N
MERCH002081,Krishna Supply,5541,Service Stations (Fuel),Kolkata,WB,2023-09-28,1068,LOW,1363.55,T+1,ONLINE_CHECKOUT,Y
MERCH002082,Kalpana Enterprises,5541,Service Stations (Fuel),Kochi,KL,2025-03-17,532,LOW,1425.49,T+1,ONLINE_CHECKOUT,Y
MERCH002083,Zenith Services,5999,Miscellaneous Retail,Bengaluru,KA,2025-06-19,438,MEDIUM,887.16,T+1,ONLINE_CHECKOUT,Y
MERCH002084,Lakshmi Traders,5814,Fast Food Restaurants,Bengaluru,KA,2023-12-13,992,LOW,218.88,T+1,QR_INSTORE,N
MERCH002085,Anand Ventures,5814,Fast Food Restaurants,Chennai,TN,2024-05-14,839,LOW,212.75,T+1,ONLINE_CHECKOUT,N
MERCH002086,Anand Mart,5411,Grocery Stores / Supermarkets,Mumbai,MH,2024-04-22,861,LOW,1255.29,T+1,POS_CARD,Y
MERCH002087,Nimbus Retail,5411,Grocery Stores / Supermarkets,Lucknow,UP,2023-03-17,1263,LOW,1148.13,T+1,ONLINE_CHECKOUT,Y
MERCH002088,Sagar Supply,5732,Electronics Stores,Lucknow,UP,2023-11-10,1025,MEDIUM,13627.46,T+1,QR_INSTORE,Y
MERCH002089,Nova Depot,5541,Service Stations (Fuel),Jaipur,RJ,2023-11-02,1033,LOW,1141.81,T+1,QR_INSTORE,Y
MERCH002090,Kalpana & Co,5912,Drug Stores / Pharmacies,Hyderabad,TG,2024-10-31,669,LOW,760.0,T+1,POS_CARD,Y
MERCH002091,Lakshmi Traders,5411,Grocery Stores / Supermarkets,Nagpur,MH,2024-12-23,616,LOW,624.66,T+1,ONLINE_CHECKOUT,Y
MERCH002092,Lakshmi & Co,5999,Miscellaneous Retail,Nagpur,MH,2023-07-05,1153,MEDIUM,1305.51,T+1,ONLINE_CHECKOUT,Y
MERCH002093,Prime Stores,5814,Fast Food Restaurants,Chandigarh,CH,2023-08-16,1111,LOW,286.16,T+1,ONLINE_CHECKOUT,Y
MERCH002094,Vertex Stores,5411,Grocery Stores / Supermarkets,Mumbai,MH,2024-07-25,767,LOW,938.81,T+1,POS_CARD,N
MERCH002095,Anand Traders,4900,Utilities - Electric/Gas/Water,Bengaluru,KA,2025-03-16,533,LOW,1636.97,T+1,ONLINE_CHECKOUT,Y
MERCH002096,Zenith Supply,5541,Service Stations (Fuel),Panaji,GA,2026-04-21,132,LOW,1199.09,T+1,POS_CARD,Y
MERCH002097,Lakshmi Services,5411,Grocery Stores / Supermarkets,Nagpur,MH,2023-05-01,1218,LOW,571.15,T+1,QR_INSTORE,Y
MERCH002098,Bharat Stores,5541,Service Stations (Fuel),Hyderabad,TG,2025-05-29,459,LOW,1100.65,T+2,POS_CARD,Y
MERCH002099,Nimbus Supply,4900,Utilities - Electric/Gas/Water,Kolkata,WB,2024-10-01,699,LOW,2642.6,T+1,QR_INSTORE,Y
MERCH002100,Lakshmi Depot,5541,Service Stations (Fuel),Delhi,DL,2023-03-02,1278,LOW,1535.43,T+1,QR_INSTORE,Y
MERCH002101,Rohan Enterprises,5814,Fast Food Restaurants,Hyderabad,TG,2021-11-17,1748,LOW,228.12,T+1,QR_INSTORE,Y
MERCH002102,Lakshmi Depot,5651,Family Clothing Stores,Bengaluru,KA,2021-11-23,1742,MEDIUM,2295.92,T+1,QR_INSTORE,Y
MERCH002103,Rohan & Co,5814,Fast Food Restaurants,Panaji,GA,2022-03-10,1635,LOW,387.84,T+1,ONLINE_CHECKOUT,Y
MERCH002104,Shree Stores,5814,Fast Food Restaurants,Guwahati,AS,2025-03-17,532,LOW,189.33,T+1,POS_CARD,Y
MERCH002105,Krishna Ventures,4900,Utilities - Electric/Gas/Water,Kochi,KL,2024-12-02,637,LOW,2401.5,T+1,QR_INSTORE,Y
MERCH002106,Nova & Co,4722,Travel Agencies,Indore,MP,2024-08-08,753,LOW,19962.17,T+1,POS_CARD,Y
MERCH002107,Kalpana Solutions,5651,Family Clothing Stores,Hyderabad,TG,2022-09-26,1435,MEDIUM,2280.36,T+1,ONLINE_CHECKOUT,Y
MERCH002108,Kalpana Traders,5541,Service Stations (Fuel),Kolkata,WB,2024-08-18,743,LOW,1879.2,T+2,QR_INSTORE,Y
MERCH002109,Urban Mart,5814,Fast Food Restaurants,Guwahati,AS,2021-02-25,2013,LOW,345.99,T+1,QR_INSTORE,Y
MERCH002110,Nimbus Stores,5541,Service Stations (Fuel),Pune,MH,2022-12-11,1359,LOW,2091.51,T+1,ONLINE_CHECKOUT,Y
MERCH002111,Aster Retail,5732,Electronics Stores,Hyderabad,TG,2023-01-13,1326,MEDIUM,7921.25,T+2,ONLINE_CHECKOUT,Y
MERCH002112,Nova Enterprises,4900,Utilities - Electric/Gas/Water,Ahmedabad,GJ,2022-06-26,1527,LOW,2730.4,T+1,QR_INSTORE,Y
MERCH002113,Zenith Enterprises,5814,Fast Food Restaurants,Chandigarh,CH,2024-03-23,891,LOW,252.53,T+1,ONLINE_CHECKOUT,Y
MERCH002114,Nova Stores,4900,Utilities - Electric/Gas/Water,Guwahati,AS,2024-07-20,772,LOW,1495.05,T+2,QR_INSTORE,Y
MERCH002115,Vertex Hub,5814,Fast Food Restaurants,Chandigarh,CH,2024-03-13,901,LOW,207.52,T+1,ONLINE_CHECKOUT,Y
MERCH002116,Metro Services,5999,Miscellaneous Retail,Guwahati,AS,2023-08-01,1126,MEDIUM,884.33,T+1,POS_CARD,Y
MERCH002117,Anand Traders,5411,Grocery Stores / Supermarkets,Chennai,TN,2021-03-22,1988,LOW,812.79,T+1,ONLINE_CHECKOUT,Y
MERCH002118,Metro Retail,5732,Electronics Stores,Bengaluru,KA,2024-01-18,956,MEDIUM,8554.25,T+0,ONLINE_CHECKOUT,Y
MERCH002119,Zenith Enterprises,5999,Miscellaneous Retail,Mumbai,MH,2024-01-21,953,MEDIUM,805.06,T+1,QR_INSTORE,Y
MERCH002120,Urban Mart,4722,Travel Agencies,Pune,MH,2022-02-16,1657,HIGH,14991.31,T+2,ONLINE_CHECKOUT,N
MERCH002121,Kalpana Hub,4900,Utilities - Electric/Gas/Water,Kochi,KL,2022-12-05,1365,LOW,1997.79,T+2,ONLINE_CHECKOUT,Y
MERCH002122,Rohan Stores,7011,Hotels / Lodging,Kochi,KL,2025-03-25,524,MEDIUM,4712.7,T+1,QR_INSTORE,Y
MERCH002123,Urban Solutions,5732,Electronics Stores,Hyderabad,TG,2021-08-09,1848,MEDIUM,16696.25,T+1,QR_INSTORE,Y
MERCH002124,Sagar Services,4900,Utilities - Electric/Gas/Water,Delhi,DL,2022-10-03,1428,LOW,1843.83,T+1,ONLINE_CHECKOUT,Y
MERCH002125,Shree Stores,5411,Grocery Stores / Supermarkets,Hyderabad,TG,2022-08-01,1491,LOW,1004.93,T+1,ONLINE_CHECKOUT,Y
MERCH002126,Metro Stores,5814,Fast Food Restaurants,Hyderabad,TG,2025-04-19,499,MEDIUM,369.21,T+1,QR_INSTORE,Y
MERCH002127,Sagar & Co,7011,Hotels / Lodging,Guwahati,AS,2020-09-29,2162,MEDIUM,7248.34,T+1,POS_CARD,Y
MERCH002128,Metro Mart,4121,Taxicabs / Ride Hailing,Jaipur,RJ,2025-01-16,592,LOW,213.89,T+2,QR_INSTORE,Y
MERCH002129,Bharat Ventures,4121,Taxicabs / Ride Hailing,Nagpur,MH,2025-04-19,499,LOW,265.48,T+1,ONLINE_CHECKOUT,Y
MERCH002130,Prime Mart,4722,Travel Agencies,Delhi,DL,2020-10-31,2130,HIGH,16872.57,T+1,POS_CARD,Y
MERCH002131,Zenith Enterprises,5411,Grocery Stores / Supermarkets,Ahmedabad,GJ,2023-12-18,987,LOW,1225.88,T+1,POS_CARD,Y
MERCH002132,Rohan Hub,5814,Fast Food Restaurants,Kochi,KL,2020-09-17,2174,LOW,357.8,T+1,QR_INSTORE,Y
MERCH002133,Aster Retail,4900,Utilities - Electric/Gas/Water,Indore,MP,2023-08-08,1119,LOW,2535.33,T+1,QR_INSTORE,Y
MERCH002134,Krishna Retail,4121,Taxicabs / Ride Hailing,Mumbai,MH,2021-06-05,1913,LOW,294.12,T+1,QR_INSTORE,Y
MERCH002135,Aster Depot,4121,Taxicabs / Ride Hailing,Delhi,DL,2023-01-14,1325,LOW,209.06,T+2,ONLINE_CHECKOUT,Y
MERCH002136,Nimbus Enterprises,5814,Fast Food Restaurants,Nagpur,MH,2026-05-26,97,LOW,189.77,T+1,QR_INSTORE,Y
MERCH002137,Sagar Depot,5651,Family Clothing Stores,Guwahati,AS,2023-08-17,1110,MEDIUM,2510.82,T+1,POS_CARD,Y
MERCH002138,Sagar Supply,5999,Miscellaneous Retail,Chandigarh,CH,2023-02-26,1282,MEDIUM,1207.27,T+1,ONLINE_CHECKOUT,Y
MERCH002139,Aster Retail,5541,Service Stations (Fuel),Mumbai,MH,2021-12-24,1711,LOW,1068.48,T+1,QR_INSTORE,Y
MERCH002140,Lakshmi Services,4121,Taxicabs / Ride Hailing,Hyderabad,TG,2022-05-25,1559,LOW,322.63,T+1,ONLINE_CHECKOUT,Y
MERCH002141,Shree Ventures,5912,Drug Stores / Pharmacies,Nagpur,MH,2022-08-02,1490,LOW,590.79,T+2,ONLINE_CHECKOUT,Y
MERCH002142,Metro Traders,5999,Miscellaneous Retail,Kochi,KL,2025-09-22,343,MEDIUM,1044.47,T+1,ONLINE_CHECKOUT,Y
MERCH002143,Nimbus Stores,5912,Drug Stores / Pharmacies,Guwahati,AS,2025-04-29,489,LOW,655.98,T+1,QR_INSTORE,Y
MERCH002144,Aster Retail,6051,Quasi-Cash / Wallet Load,Jaipur,RJ,2021-05-26,1923,HIGH,3441.22,T+0,QR_INSTORE,Y
MERCH002145,Anand Services,7011,Hotels / Lodging,Ahmedabad,GJ,2025-10-13,322,MEDIUM,7039.72,T+1,QR_INSTORE,N
MERCH002146,Krishna Stores,5814,Fast Food Restaurants,Chandigarh,CH,2025-08-05,391,LOW,310.78,T+2,QR_INSTORE,Y
MERCH002147,Krishna Enterprises,5541,Service Stations (Fuel),Chennai,TN,2021-07-31,1857,LOW,1791.94,T+2,QR_INSTORE,Y
MERCH002148,Metro Services,4121,Taxicabs / Ride Hailing,Lucknow,UP,2025-01-20,588,LOW,161.83,T+1,QR_INSTORE,Y
MERCH002149,Anand Mart,5411,Grocery Stores / Supermarkets,Indore,MP,2023-01-27,1312,LOW,1126.7,T+0,QR_INSTORE,Y
MERCH002150,Nova Stores,5967,Direct Marketing - Inbound,Indore,MP,2025-05-05,483,HIGH,1829.48,T+1,ONLINE_CHECKOUT,Y
MERCH002151,Vertex Stores,7011,Hotels / Lodging,Ahmedabad,GJ,2023-05-06,1213,HIGH,5056.48,T+1,QR_INSTORE,Y
MERCH002152,Lakshmi Services,4121,Taxicabs / Ride Hailing,Pune,MH,2025-10-25,310,LOW,190.3,T+0,QR_INSTORE,Y
MERCH002153,Bharat & Co,5814,Fast Food Restaurants,Ahmedabad,GJ,2020-11-22,2108,LOW,218.45,T+1,QR_INSTORE,Y
MERCH002154,Nova Stores,5967,Direct Marketing - Inbound,Ahmedabad,GJ,2026-03-14,170,HIGH,2345.64,T+1,POS_CARD,Y
MERCH002155,Anand Enterprises,5541,Service Stations (Fuel),Jaipur,RJ,2022-04-02,1612,LOW,1009.18,T+1,ONLINE_CHECKOUT,Y
MERCH002156,Nimbus Depot,5814,Fast Food Restaurants,Kolkata,WB,2025-01-18,590,LOW,276.54,T+1,QR_INSTORE,Y
MERCH002157,Sagar Hub,7995,Betting / Gaming,Hyderabad,TG,2026-05-04,119,HIGH,2028.86,T+2,QR_INSTORE,Y
MERCH002158,Sagar Depot,5651,Family Clothing Stores,Pune,MH,2022-02-02,1671,MEDIUM,1400.98,T+1,ONLINE_CHECKOUT,Y
MERCH002159,Lakshmi Supply,4121,Taxicabs / Ride Hailing,Pune,MH,2024-09-17,713,LOW,326.98,T+0,QR_INSTORE,Y
MERCH002160,Vertex Services,5732,Electronics Stores,Chennai,TN,2023-12-20,985,MEDIUM,14168.96,T+1,POS_CARD,Y
MERCH002161,Kalpana Mart,5912,Drug Stores / Pharmacies,Ahmedabad,GJ,2025-07-30,397,LOW,524.88,T+1,QR_INSTORE,Y
MERCH002162,Lakshmi Ventures,5999,Miscellaneous Retail,Guwahati,AS,2023-12-03,1002,MEDIUM,1389.16,T+1,ONLINE_CHECKOUT,Y
MERCH002163,Urban Services,7995,Betting / Gaming,Mumbai,MH,2025-08-01,395,HIGH,2808.98,T+2,ONLINE_CHECKOUT,Y
MERCH002164,Urban Solutions,7011,Hotels / Lodging,Delhi,DL,2023-06-18,1170,MEDIUM,8634.25,T+2,ONLINE_CHECKOUT,Y
MERCH002165,Nova Services,5541,Service Stations (Fuel),Nagpur,MH,2026-05-14,109,LOW,1798.1,T+1,POS_CARD,Y
MERCH002166,Anand Stores,5814,Fast Food Restaurants,Panaji,GA,2025-01-06,602,LOW,325.02,T+1,ONLINE_CHECKOUT,Y
MERCH002167,Anand Services,5912,Drug Stores / Pharmacies,Panaji,GA,2020-11-15,2115,LOW,496.27,T+1,QR_INSTORE,Y
MERCH002168,Sagar Retail,5912,Drug Stores / Pharmacies,Panaji,GA,2022-04-24,1590,LOW,779.14,T+2,ONLINE_CHECKOUT,Y
MERCH002169,Zenith Stores,5814,Fast Food Restaurants,Panaji,GA,2025-10-21,314,LOW,299.83,T+1,QR_INSTORE,Y
MERCH002170,Prime Enterprises,5999,Miscellaneous Retail,Mumbai,MH,2022-06-14,1539,MEDIUM,797.4,T+1,QR_INSTORE,Y
MERCH002171,Shree Mart,5651,Family Clothing Stores,Kolkata,WB,2023-11-16,1019,MEDIUM,2565.38,T+1,QR_INSTORE,Y
MERCH002172,Rohan Mart,4121,Taxicabs / Ride Hailing,Chandigarh,CH,2023-03-20,1260,LOW,234.21,T+1,ONLINE_CHECKOUT,Y
MERCH002173,Anand Solutions,5814,Fast Food Restaurants,Lucknow,UP,2024-07-04,788,LOW,192.38,T+1,QR_INSTORE,Y
MERCH002174,Vertex Supply,5814,Fast Food Restaurants,Indore,MP,2025-11-14,290,LOW,299.7,T+2,ONLINE_CHECKOUT,Y
MERCH002175,Prime Stores,5814,Fast Food Restaurants,Ahmedabad,GJ,2025-04-30,488,LOW,302.78,T+1,QR_INSTORE,Y
MERCH002176,Bharat Solutions,5814,Fast Food Restaurants,Mumbai,MH,2022-10-30,1401,LOW,214.88,T+1,QR_INSTORE,Y
MERCH002177,Anand Retail,5411,Grocery Stores / Supermarkets,Lucknow,UP,2023-07-25,1133,LOW,1004.06,T+2,ONLINE_CHECKOUT,Y
MERCH002178,Rohan Stores,5814,Fast Food Restaurants,Ahmedabad,GJ,2026-03-12,172,LOW,220.7,T+1,POS_CARD,Y
MERCH002179,Vertex Stores,5541,Service Stations (Fuel),Nagpur,MH,2021-07-05,1883,LOW,1750.09,T+1,ONLINE_CHECKOUT,Y
MERCH002180,Sagar Depot,5999,Miscellaneous Retail,Mumbai,MH,2021-05-01,1948,MEDIUM,638.18,T+1,QR_INSTORE,Y
MERCH002181,Prime Mart,5814,Fast Food Restaurants,Chandigarh,CH,2021-09-24,1802,LOW,293.97,T+1,QR_INSTORE,Y
MERCH002182,Rohan Ventures,5541,Service Stations (Fuel),Guwahati,AS,2025-02-05,572,LOW,1950.39,T+1,ONLINE_CHECKOUT,Y
MERCH002183,Urban Solutions,4900,Utilities - Electric/Gas/Water,Jaipur,RJ,2024-02-11,932,LOW,1590.25,T+1,QR_INSTORE,Y
MERCH002184,Zenith Services,5541,Service Stations (Fuel),Chennai,TN,2022-09-23,1438,LOW,1733.66,T+1,QR_INSTORE,Y
MERCH002185,Rohan Mart,5541,Service Stations (Fuel),Panaji,GA,2025-08-23,373,LOW,1462.15,T+1,POS_CARD,Y
MERCH002186,Nova Ventures,4900,Utilities - Electric/Gas/Water,Ahmedabad,GJ,2025-06-28,429,LOW,2623.63,T+1,ONLINE_CHECKOUT,Y
MERCH002187,Krishna Supply,5411,Grocery Stores / Supermarkets,Pune,MH,2022-08-14,1478,LOW,937.04,T+1,QR_INSTORE,Y
MERCH002188,Lakshmi Solutions,7011,Hotels / Lodging,Guwahati,AS,2025-10-11,324,MEDIUM,4304.96,T+1,QR_INSTORE,Y
MERCH002189,Rohan Mart,5732,Electronics Stores,Mumbai,MH,2026-03-26,158,MEDIUM,8266.16,T+1,ONLINE_CHECKOUT,Y
MERCH002190,Shree Ventures,5732,Electronics Stores,Pune,MH,2021-10-18,1778,MEDIUM,16563.24,T+1,QR_INSTORE,Y
MERCH002191,Anand Depot,5411,Grocery Stores / Supermarkets,Indore,MP,2024-12-08,631,LOW,885.5,T+2,QR_INSTORE,Y
MERCH002192,Prime Retail,5651,Family Clothing Stores,Delhi,DL,2025-01-23,585,MEDIUM,2170.8,T+0,QR_INSTORE,Y
MERCH002193,Krishna Retail,5814,Fast Food Restaurants,Pune,MH,2022-12-25,1345,LOW,364.62,T+1,QR_INSTORE,Y
MERCH002194,Kalpana Mart,4722,Travel Agencies,Kochi,KL,2025-06-03,454,HIGH,27391.15,T+1,QR_INSTORE,Y
MERCH002195,Rohan Ventures,4722,Travel Agencies,Indore,MP,2026-03-07,177,HIGH,15690.82,T+1,QR_INSTORE,Y
MERCH002196,Bharat Ventures,5651,Family Clothing Stores,Indore,MP,2026-02-23,189,MEDIUM,1666.62,T+1,ONLINE_CHECKOUT,Y
MERCH002197,Metro Services,5541,Service Stations (Fuel),Indore,MP,2022-04-02,1612,LOW,1920.82,T+2,ONLINE_CHECKOUT,Y
MERCH002198,Bharat Retail,5541,Service Stations (Fuel),Jaipur,RJ,2020-09-02,2189,LOW,1604.83,T+1,ONLINE_CHECKOUT,Y
MERCH002199,Vertex Depot,5541,Service Stations (Fuel),Kochi,KL,2021-09-18,1808,LOW,1892.81,T+1,QR_INSTORE,Y
MERCH002200,Zenith Services,5732,Electronics Stores,Jaipur,RJ,2023-09-09,1087,MEDIUM,10567.29,T+1,QR_INSTORE,Y
MERCH002201,Kalpana Mart,5651,Family Clothing Stores,Kochi,KL,2020-11-23,2107,MEDIUM,1950.31,T+1,POS_CARD,Y
MERCH002202,Shree Depot,7011,Hotels / Lodging,Nagpur,MH,2021-04-21,1958,MEDIUM,6332.24,T+1,QR_INSTORE,Y
MERCH002203,Bharat Depot,5912,Drug Stores / Pharmacies,Hyderabad,TG,2024-04-01,882,LOW,447.77,T+2,ONLINE_CHECKOUT,Y
MERCH002204,Zenith Retail,7995,Betting / Gaming,Ahmedabad,GJ,2021-10-22,1774,HIGH,3370.71,T+1,ONLINE_CHECKOUT,Y
MERCH002205,Zenith & Co,5651,Family Clothing Stores,Indore,MP,2021-04-15,1964,MEDIUM,1581.44,T+1,QR_INSTORE,Y
MERCH002206,Anand Mart,5732,Electronics Stores,Mumbai,MH,2023-03-31,1249,MEDIUM,17402.72,T+2,POS_CARD,Y
MERCH002207,Sagar Stores,5541,Service Stations (Fuel),Chennai,TN,2025-08-12,384,LOW,1743.35,T+2,ONLINE_CHECKOUT,Y
MERCH002208,Krishna Retail,5814,Fast Food Restaurants,Pune,MH,2023-08-24,1103,LOW,240.09,T+1,QR_INSTORE,Y
MERCH002209,Metro Depot,4722,Travel Agencies,Kolkata,WB,2021-05-23,1926,HIGH,14654.55,T+1,QR_INSTORE,Y
MERCH002210,Prime Ventures,7011,Hotels / Lodging,Chennai,TN,2022-11-30,1370,MEDIUM,3950.51,T+1,POS_CARD,Y
MERCH002211,Nova Hub,4722,Travel Agencies,Chandigarh,CH,2024-07-13,779,HIGH,16832.31,T+2,ONLINE_CHECKOUT,Y
MERCH002212,Zenith Stores,4722,Travel Agencies,Mumbai,MH,2023-08-09,1118,HIGH,20455.73,T+2,POS_CARD,Y
MERCH002213,Rohan & Co,5814,Fast Food Restaurants,Mumbai,MH,2024-03-01,913,LOW,197.48,T+1,QR_INSTORE,N
MERCH002214,Lakshmi Services,5651,Family Clothing Stores,Nagpur,MH,2022-10-19,1412,MEDIUM,2443.74,T+1,QR_INSTORE,Y
MERCH002215,Nimbus Services,4722,Travel Agencies,Jaipur,RJ,2022-12-07,1363,HIGH,16148.7,T+1,ONLINE_CHECKOUT,Y
MERCH002216,Metro Stores,6051,Quasi-Cash / Wallet Load,Lucknow,UP,2026-04-26,127,HIGH,4754.73,T+1,QR_INSTORE,Y
MERCH002217,Lakshmi Ventures,5912,Drug Stores / Pharmacies,Indore,MP,2022-03-13,1632,LOW,771.47,T+0,POS_CARD,Y
MERCH002218,Urban Mart,5651,Family Clothing Stores,Chennai,TN,2022-08-01,1491,MEDIUM,1408.21,T+1,POS_CARD,Y
MERCH002219,Anand Supply,5411,Grocery Stores / Supermarkets,Chennai,TN,2022-06-11,1542,LOW,616.03,T+1,QR_INSTORE,Y
MERCH002220,Kalpana Stores,5912,Drug Stores / Pharmacies,Kochi,KL,2023-04-26,1223,LOW,515.37,T+2,ONLINE_CHECKOUT,Y
MERCH002221,Sagar Traders,5814,Fast Food Restaurants,Kolkata,WB,2026-03-21,163,LOW,234.06,T+1,QR_INSTORE,Y
MERCH002222,Bharat Depot,5411,Grocery Stores / Supermarkets,Ahmedabad,GJ,2023-09-20,1076,LOW,1080.34,T+2,QR_INSTORE,Y
MERCH002223,Prime Supply,5411,Grocery Stores / Supermarkets,Lucknow,UP,2026-05-04,119,LOW,809.94,T+1,ONLINE_CHECKOUT,Y
MERCH002224,Rohan Services,5814,Fast Food Restaurants,Hyderabad,TG,2024-10-29,671,LOW,310.26,T+2,QR_INSTORE,Y
MERCH002225,Anand Ventures,5541,Service Stations (Fuel),Kolkata,WB,2026-05-29,94,LOW,2007.33,T+2,QR_INSTORE,Y
MERCH002226,Kalpana Services,5411,Grocery Stores / Supermarkets,Delhi,DL,2026-03-21,163,LOW,1213.29,T+0,QR_INSTORE,Y
MERCH002227,Nimbus Supply,5541,Service Stations (Fuel),Ahmedabad,GJ,2025-04-24,494,LOW,1457.09,T+0,ONLINE_CHECKOUT,Y
MERCH002228,Nova Stores,7011,Hotels / Lodging,Bengaluru,KA,2021-06-08,1910,MEDIUM,9116.25,T+1,QR_INSTORE,Y
MERCH002229,Sagar Ventures,5732,Electronics Stores,Kolkata,WB,2021-12-16,1719,MEDIUM,9269.8,T+1,ONLINE_CHECKOUT,Y
MERCH002230,Sagar Ventures,5411,Grocery Stores / Supermarkets,Chennai,TN,2021-05-03,1946,LOW,719.9,T+1,QR_INSTORE,Y
MERCH002231,Sagar Traders,5541,Service Stations (Fuel),Ahmedabad,GJ,2025-06-15,442,LOW,1962.31,T+1,ONLINE_CHECKOUT,Y
MERCH002232,Aster Retail,5541,Service Stations (Fuel),Chennai,TN,2021-06-18,1900,LOW,920.8,T+1,POS_CARD,Y
MERCH002233,Lakshmi Enterprises,5814,Fast Food Restaurants,Pune,MH,2023-07-02,1156,LOW,262.42,T+1,QR_INSTORE,Y
MERCH002234,Shree Stores,5814,Fast Food Restaurants,Kochi,KL,2022-03-12,1633,LOW,202.66,T+2,QR_INSTORE,Y
MERCH002235,Urban Enterprises,5541,Service Stations (Fuel),Kochi,KL,2024-12-01,638,LOW,1909.81,T+1,QR_INSTORE,Y
MERCH002236,Urban Hub,5541,Service Stations (Fuel),Bengaluru,KA,2024-09-21,709,LOW,2039.58,T+1,ONLINE_CHECKOUT,Y
MERCH002237,Krishna Enterprises,5814,Fast Food Restaurants,Chennai,TN,2026-03-31,153,LOW,204.67,T+1,ONLINE_CHECKOUT,Y
MERCH002238,Lakshmi Ventures,5541,Service Stations (Fuel),Bengaluru,KA,2024-08-14,747,HIGH,1054.85,T+1,POS_CARD,Y
MERCH002239,Sagar Mart,4900,Utilities - Electric/Gas/Water,Chandigarh,CH,2022-12-11,1359,LOW,1555.29,T+1,QR_INSTORE,Y
MERCH002240,Nimbus & Co,5541,Service Stations (Fuel),Chandigarh,CH,2022-04-21,1593,LOW,1864.16,T+2,QR_INSTORE,Y
MERCH002241,Prime & Co,5912,Drug Stores / Pharmacies,Indore,MP,2026-05-09,114,LOW,669.86,T+0,QR_INSTORE,Y
MERCH002242,Anand Ventures,5912,Drug Stores / Pharmacies,Kolkata,WB,2024-04-15,868,LOW,641.37,T+1,QR_INSTORE,Y
MERCH002243,Anand & Co,5967,Direct Marketing - Inbound,Mumbai,MH,2024-01-02,972,HIGH,1442.55,T+1,ONLINE_CHECKOUT,Y
MERCH002244,Kalpana Retail,5651,Family Clothing Stores,Jaipur,RJ,2025-03-13,536,MEDIUM,2127.27,T+2,POS_CARD,Y
MERCH002245,Kalpana Solutions,5541,Service Stations (Fuel),Lucknow,UP,2020-10-30,2131,LOW,996.09,T+2,ONLINE_CHECKOUT,Y
MERCH002246,Metro Depot,5912,Drug Stores / Pharmacies,Mumbai,MH,2023-06-24,1164,LOW,543.85,T+1,ONLINE_CHECKOUT,Y
MERCH002247,Kalpana Services,6051,Quasi-Cash / Wallet Load,Nagpur,MH,2024-06-29,793,HIGH,4140.96,T+2,QR_INSTORE,Y
MERCH002248,Metro Retail,5541,Service Stations (Fuel),Bengaluru,KA,2025-10-29,306,LOW,1937.93,T+0,QR_INSTORE,N
MERCH002249,Sagar & Co,5411,Grocery Stores / Supermarkets,Indore,MP,2022-03-22,1623,LOW,538.59,T+1,POS_CARD,Y
MERCH002250,Krishna Traders,4121,Taxicabs / Ride Hailing,Chennai,TN,2021-11-03,1762,LOW,165.65,T+0,POS_CARD,Y
MERCH002251,Anand Ventures,5651,Family Clothing Stores,Kochi,KL,2023-11-02,1033,MEDIUM,1186.23,T+1,QR_INSTORE,Y
MERCH002252,Prime Hub,5411,Grocery Stores / Supermarkets,Pune,MH,2021-01-29,2040,LOW,1257.55,T+1,ONLINE_CHECKOUT,Y
MERCH002253,Nimbus Solutions,5732,Electronics Stores,Mumbai,MH,2024-11-02,667,MEDIUM,10760.42,T+2,QR_INSTORE,Y
MERCH002254,Sagar & Co,5814,Fast Food Restaurants,Kochi,KL,2022-08-13,1479,LOW,270.67,T+1,ONLINE_CHECKOUT,Y
MERCH002255,Zenith Stores,5541,Service Stations (Fuel),Jaipur,RJ,2026-08-05,26,MEDIUM,2054.56,T+1,POS_CARD,Y
MERCH002256,Lakshmi Supply,5912,Drug Stores / Pharmacies,Lucknow,UP,2024-02-24,919,LOW,715.42,T+1,ONLINE_CHECKOUT,Y
MERCH002257,Nova Stores,5411,Grocery Stores / Supermarkets,Panaji,GA,2023-05-26,1193,LOW,1004.17,T+1,QR_INSTORE,Y
MERCH002258,Sagar Enterprises,5732,Electronics Stores,Panaji,GA,2022-05-03,1581,MEDIUM,16729.25,T+1,POS_CARD,Y
MERCH002259,Nimbus Supply,4900,Utilities - Electric/Gas/Water,Mumbai,MH,2022-11-09,1391,LOW,1771.54,T+1,QR_INSTORE,Y
MERCH002260,Urban Traders,5999,Miscellaneous Retail,Bengaluru,KA,2021-09-02,1824,MEDIUM,1405.66,T+0,ONLINE_CHECKOUT,Y
MERCH002261,Urban Solutions,4900,Utilities - Electric/Gas/Water,Bengaluru,KA,2025-06-26,431,LOW,2606.77,T+1,ONLINE_CHECKOUT,N
MERCH002262,Zenith Hub,5999,Miscellaneous Retail,Mumbai,MH,2021-02-04,2034,MEDIUM,1279.47,T+1,ONLINE_CHECKOUT,Y
MERCH002263,Vertex Depot,5912,Drug Stores / Pharmacies,Kochi,KL,2023-04-18,1231,LOW,761.89,T+1,QR_INSTORE,Y
MERCH002264,Nova Solutions,5912,Drug Stores / Pharmacies,Kolkata,WB,2025-12-07,267,LOW,626.12,T+1,QR_INSTORE,Y
MERCH002265,Sagar & Co,4722,Travel Agencies,Delhi,DL,2022-07-22,1501,HIGH,13745.49,T+1,QR_INSTORE,Y
MERCH002266,Anand Enterprises,5912,Drug Stores / Pharmacies,Chandigarh,CH,2021-04-24,1955,HIGH,369.11,T+1,ONLINE_CHECKOUT,Y
MERCH002267,Bharat Traders,5912,Drug Stores / Pharmacies,Indore,MP,2024-10-18,682,LOW,640.68,T+2,POS_CARD,Y
MERCH002268,Prime Mart,5411,Grocery Stores / Supermarkets,Indore,MP,2023-11-14,1021,LOW,552.95,T+1,QR_INSTORE,Y
MERCH002269,Zenith Retail,5411,Grocery Stores / Supermarkets,Pune,MH,2021-09-24,1802,LOW,970.0,T+1,QR_INSTORE,Y
MERCH002270,Shree Traders,5999,Miscellaneous Retail,Guwahati,AS,2023-05-27,1192,MEDIUM,970.09,T+1,QR_INSTORE,Y
MERCH002271,Nova Services,5814,Fast Food Restaurants,Panaji,GA,2022-04-11,1603,LOW,263.0,T+1,QR_INSTORE,Y
MERCH002272,Metro Depot,5912,Drug Stores / Pharmacies,Kolkata,WB,2026-05-03,120,LOW,472.41,T+0,QR_INSTORE,Y
MERCH002273,Bharat Depot,5912,Drug Stores / Pharmacies,Chandigarh,CH,2024-10-14,686,LOW,777.92,T+1,POS_CARD,Y
MERCH002274,Nimbus Stores,7011,Hotels / Lodging,Lucknow,UP,2024-02-06,937,MEDIUM,5827.86,T+1,QR_INSTORE,Y
MERCH002275,Krishna Solutions,4121,Taxicabs / Ride Hailing,Nagpur,MH,2026-02-28,184,LOW,297.05,T+1,QR_INSTORE,Y
MERCH002276,Metro Enterprises,5411,Grocery Stores / Supermarkets,Hyderabad,TG,2020-10-16,2145,LOW,788.32,T+1,QR_INSTORE,Y
MERCH002277,Prime & Co,5541,Service Stations (Fuel),Kolkata,WB,2022-12-20,1350,LOW,935.58,T+1,ONLINE_CHECKOUT,Y
MERCH002278,Prime Ventures,7011,Hotels / Lodging,Kolkata,WB,2023-12-26,979,LOW,6553.79,T+1,QR_INSTORE,Y
MERCH002279,Zenith Enterprises,4121,Taxicabs / Ride Hailing,Chandigarh,CH,2023-11-11,1024,LOW,197.35,T+2,ONLINE_CHECKOUT,Y
MERCH002280,Shree & Co,5814,Fast Food Restaurants,Panaji,GA,2023-01-05,1334,LOW,298.47,T+2,POS_CARD,Y
MERCH002281,Shree Traders,4722,Travel Agencies,Kolkata,WB,2026-01-02,241,HIGH,23936.47,T+0,POS_CARD,Y
MERCH002282,Shree Mart,5912,Drug Stores / Pharmacies,Mumbai,MH,2023-01-02,1337,LOW,674.43,T+1,QR_INSTORE,Y
MERCH002283,Vertex Retail,5411,Grocery Stores / Supermarkets,Bengaluru,KA,2025-09-15,350,LOW,1150.01,T+1,QR_INSTORE,Y
MERCH002284,Urban Ventures,7995,Betting / Gaming,Mumbai,MH,2022-07-20,1503,HIGH,2623.41,T+2,ONLINE_CHECKOUT,Y
MERCH002285,Bharat Services,5814,Fast Food Restaurants,Nagpur,MH,2023-11-05,1030,LOW,347.1,T+1,ONLINE_CHECKOUT,Y
MERCH002286,Shree Ventures,6051,Quasi-Cash / Wallet Load,Chennai,TN,2025-12-25,249,HIGH,4917.78,T+1,QR_INSTORE,Y
MERCH002287,Krishna Stores,5999,Miscellaneous Retail,Chandigarh,CH,2021-01-21,2048,MEDIUM,986.85,T+1,QR_INSTORE,Y
MERCH002288,Urban Depot,5999,Miscellaneous Retail,Jaipur,RJ,2021-08-20,1837,MEDIUM,1374.33,T+1,QR_INSTORE,Y
MERCH002289,Nova Depot,5732,Electronics Stores,Kolkata,WB,2023-10-25,1041,MEDIUM,17843.75,T+1,POS_CARD,Y
MERCH002290,Nimbus Services,5999,Miscellaneous Retail,Mumbai,MH,2023-04-05,1244,MEDIUM,832.75,T+1,QR_INSTORE,Y
MERCH002291,Bharat Traders,5732,Electronics Stores,Jaipur,RJ,2022-07-04,1519,MEDIUM,14481.81,T+1,ONLINE_CHECKOUT,Y
MERCH002292,Shree Traders,6051,Quasi-Cash / Wallet Load,Nagpur,MH,2026-05-02,121,HIGH,5162.23,T+1,QR_INSTORE,Y
MERCH002293,Metro Solutions,5814,Fast Food Restaurants,Kochi,KL,2026-06-13,79,MEDIUM,250.58,T+1,ONLINE_CHECKOUT,Y
MERCH002294,Rohan Solutions,7011,Hotels / Lodging,Hyderabad,TG,2024-07-11,781,MEDIUM,7914.86,T+1,ONLINE_CHECKOUT,Y
MERCH002295,Metro Ventures,5411,Grocery Stores / Supermarkets,Chennai,TN,2025-01-31,577,LOW,604.41,T+1,ONLINE_CHECKOUT,Y
MERCH002296,Nova Mart,5541,Service Stations (Fuel),Delhi,DL,2022-04-25,1589,LOW,1760.75,T+2,QR_INSTORE,Y
MERCH002297,Nova Services,4121,Taxicabs / Ride Hailing,Panaji,GA,2024-02-18,925,LOW,201.15,T+1,QR_INSTORE,Y
MERCH002298,Rohan Stores,5411,Grocery Stores / Supermarkets,Kochi,KL,2020-10-05,2156,LOW,600.91,T+1,ONLINE_CHECKOUT,Y
MERCH002299,Lakshmi Mart,5651,Family Clothing Stores,Hyderabad,TG,2022-12-03,1367,MEDIUM,1133.16,T+1,QR_INSTORE,Y
MERCH002300,Sagar Ventures,7995,Betting / Gaming,Delhi,DL,2023-10-06,1060,HIGH,3732.09,T+2,QR_INSTORE,N
MERCH002301,Shree Ventures,5651,Family Clothing Stores,Panaji,GA,2023-09-26,1070,MEDIUM,1260.07,T+1,ONLINE_CHECKOUT,Y
MERCH002302,Shree Retail,5912,Drug Stores / Pharmacies,Kochi,KL,2023-04-13,1236,LOW,498.14,T+1,QR_INSTORE,Y
MERCH002303,Metro Solutions,4121,Taxicabs / Ride Hailing,Chennai,TN,2026-02-05,207,LOW,167.48,T+1,QR_INSTORE,Y
MERCH002304,Nova Ventures,7011,Hotels / Lodging,Nagpur,MH,2020-09-23,2168,MEDIUM,5466.55,T+1,ONLINE_CHECKOUT,Y
MERCH002305,Shree Solutions,5541,Service Stations (Fuel),Chennai,TN,2021-07-09,1879,LOW,2017.02,T+2,QR_INSTORE,Y
MERCH002306,Nimbus Ventures,5411,Grocery Stores / Supermarkets,Guwahati,AS,2024-10-23,677,LOW,1262.92,T+1,POS_CARD,Y
MERCH002307,Zenith Retail,5814,Fast Food Restaurants,Guwahati,AS,2025-07-22,405,LOW,224.89,T+1,ONLINE_CHECKOUT,Y
MERCH002308,Shree Supply,5999,Miscellaneous Retail,Panaji,GA,2023-08-10,1117,MEDIUM,664.31,T+2,QR_INSTORE,Y
MERCH002309,Vertex & Co,4722,Travel Agencies,Chennai,TN,2022-08-17,1475,HIGH,30509.15,T+2,QR_INSTORE,Y
MERCH002310,Bharat Ventures,5651,Family Clothing Stores,Pune,MH,2024-06-20,802,MEDIUM,2452.05,T+1,QR_INSTORE,Y
MERCH002311,Lakshmi & Co,5541,Service Stations (Fuel),Delhi,DL,2023-05-27,1192,LOW,1379.96,T+2,ONLINE_CHECKOUT,Y
MERCH002312,Kalpana Traders,5411,Grocery Stores / Supermarkets,Jaipur,RJ,2022-07-22,1501,HIGH,1010.85,T+1,ONLINE_CHECKOUT,Y
MERCH002313,Shree & Co,5814,Fast Food Restaurants,Lucknow,UP,2025-07-10,417,LOW,318.55,T+1,ONLINE_CHECKOUT,Y
MERCH002314,Vertex Hub,5541,Service Stations (Fuel),Guwahati,AS,2021-12-07,1728,LOW,895.49,T+1,QR_INSTORE,Y
MERCH002315,Urban & Co,5912,Drug Stores / Pharmacies,Indore,MP,2020-12-12,2088,LOW,363.48,T+1,POS_CARD,Y
MERCH002316,Anand & Co,5651,Family Clothing Stores,Guwahati,AS,2024-02-20,923,MEDIUM,1905.52,T+1,POS_CARD,Y
MERCH002317,Sagar Retail,5651,Family Clothing Stores,Indore,MP,2025-04-13,505,MEDIUM,1936.86,T+1,POS_CARD,Y
MERCH002318,Shree Mart,5732,Electronics Stores,Panaji,GA,2024-12-01,638,MEDIUM,11943.14,T+1,ONLINE_CHECKOUT,Y
MERCH002319,Kalpana Enterprises,5541,Service Stations (Fuel),Mumbai,MH,2021-11-10,1755,LOW,1424.38,T+1,QR_INSTORE,Y
MERCH002320,Metro Hub,5814,Fast Food Restaurants,Guwahati,AS,2024-03-06,908,LOW,239.58,T+1,ONLINE_CHECKOUT,Y
MERCH002321,Urban Depot,7011,Hotels / Lodging,Ahmedabad,GJ,2024-06-07,815,MEDIUM,9444.31,T+1,ONLINE_CHECKOUT,Y
MERCH002322,Urban Services,5651,Family Clothing Stores,Chandigarh,CH,2024-03-08,906,MEDIUM,1147.51,T+1,QR_INSTORE,Y
MERCH002323,Nova & Co,5814,Fast Food Restaurants,Guwahati,AS,2021-11-24,1741,LOW,170.86,T+1,QR_INSTORE,Y
MERCH002324,Krishna Supply,5411,Grocery Stores / Supermarkets,Jaipur,RJ,2026-04-14,139,LOW,1181.24,T+1,QR_INSTORE,Y
MERCH002325,Aster Solutions,5541,Service Stations (Fuel),Nagpur,MH,2024-12-04,635,LOW,1894.88,T+1,ONLINE_CHECKOUT,Y
MERCH002326,Shree Supply,4900,Utilities - Electric/Gas/Water,Hyderabad,TG,2024-11-15,654,LOW,2157.96,T+1,QR_INSTORE,Y
MERCH002327,Nimbus Hub,5732,Electronics Stores,Panaji,GA,2021-11-30,1735,MEDIUM,13030.17,T+1,ONLINE_CHECKOUT,Y
MERCH002328,Sagar Ventures,5411,Grocery Stores / Supermarkets,Indore,MP,2020-12-19,2081,LOW,729.17,T+1,ONLINE_CHECKOUT,Y
MERCH002329,Shree Services,5732,Electronics Stores,Bengaluru,KA,2025-01-10,598,MEDIUM,12460.5,T+2,ONLINE_CHECKOUT,Y
MERCH002330,Shree Depot,5411,Grocery Stores / Supermarkets,Chandigarh,CH,2025-06-24,433,LOW,1239.77,T+1,QR_INSTORE,Y
MERCH002331,Vertex Mart,5814,Fast Food Restaurants,Guwahati,AS,2024-08-11,750,LOW,295.48,T+1,POS_CARD,Y
MERCH002332,Shree Stores,7011,Hotels / Lodging,Delhi,DL,2021-07-24,1864,MEDIUM,6425.65,T+1,QR_INSTORE,Y
MERCH002333,Vertex Depot,5999,Miscellaneous Retail,Nagpur,MH,2022-03-28,1617,MEDIUM,811.37,T+0,ONLINE_CHECKOUT,Y
MERCH002334,Sagar Services,5651,Family Clothing Stores,Lucknow,UP,2024-10-23,677,MEDIUM,1302.67,T+1,ONLINE_CHECKOUT,Y
MERCH002335,Urban Ventures,5999,Miscellaneous Retail,Kolkata,WB,2022-11-04,1396,MEDIUM,819.64,T+1,QR_INSTORE,Y
MERCH002336,Vertex Stores,4722,Travel Agencies,Nagpur,MH,2023-12-03,1002,HIGH,27602.42,T+1,QR_INSTORE,Y
MERCH002337,Prime Traders,5814,Fast Food Restaurants,Jaipur,RJ,2022-05-04,1580,LOW,234.3,T+1,QR_INSTORE,Y
MERCH002338,Metro Traders,5541,Service Stations (Fuel),Mumbai,MH,2021-07-11,1877,LOW,1495.54,T+1,ONLINE_CHECKOUT,Y
MERCH002339,Nova Services,5912,Drug Stores / Pharmacies,Chandigarh,CH,2021-06-12,1906,LOW,423.63,T+1,ONLINE_CHECKOUT,Y
MERCH002340,Rohan Enterprises,5814,Fast Food Restaurants,Jaipur,RJ,2025-09-12,353,LOW,291.51,T+1,POS_CARD,Y
MERCH002341,Kalpana Services,7011,Hotels / Lodging,Indore,MP,2021-05-28,1921,MEDIUM,8334.97,T+1,QR_INSTORE,Y
MERCH002342,Sagar Traders,4121,Taxicabs / Ride Hailing,Indore,MP,2022-02-15,1658,LOW,251.92,T+1,QR_INSTORE,Y
MERCH002343,Nova Hub,5651,Family Clothing Stores,Nagpur,MH,2024-10-31,669,MEDIUM,2087.09,T+2,ONLINE_CHECKOUT,Y
MERCH002344,Nova & Co,5411,Grocery Stores / Supermarkets,Panaji,GA,2022-05-23,1561,LOW,1023.15,T+1,QR_INSTORE,Y
MERCH002345,Urban Traders,5814,Fast Food Restaurants,Panaji,GA,2024-10-26,674,LOW,323.43,T+1,POS_CARD,Y
MERCH002346,Krishna Stores,5411,Grocery Stores / Supermarkets,Bengaluru,KA,2021-08-03,1854,LOW,844.27,T+0,ONLINE_CHECKOUT,Y
MERCH002347,Krishna Depot,5651,Family Clothing Stores,Hyderabad,TG,2020-11-24,2106,MEDIUM,1602.94,T+1,ONLINE_CHECKOUT,Y
MERCH002348,Rohan Retail,5814,Fast Food Restaurants,Kolkata,WB,2026-04-12,141,LOW,315.49,T+1,POS_CARD,Y
MERCH002349,Metro Enterprises,5999,Miscellaneous Retail,Panaji,GA,2020-12-14,2086,MEDIUM,1388.36,T+1,ONLINE_CHECKOUT,Y
MERCH002350,Sagar Stores,5411,Grocery Stores / Supermarkets,Guwahati,AS,2021-07-10,1878,LOW,595.82,T+2,ONLINE_CHECKOUT,Y
MERCH002351,Nova Services,5814,Fast Food Restaurants,Hyderabad,TG,2022-04-25,1589,LOW,185.55,T+2,POS_CARD,Y
MERCH002352,Krishna Solutions,5651,Family Clothing Stores,Panaji,GA,2026-01-20,223,MEDIUM,1991.73,T+1,ONLINE_CHECKOUT,Y
MERCH002353,Zenith Depot,5651,Family Clothing Stores,Panaji,GA,2023-02-10,1298,MEDIUM,1392.27,T+1,POS_CARD,Y
MERCH002354,Prime Services,4121,Taxicabs / Ride Hailing,Nagpur,MH,2024-07-07,785,LOW,321.12,T+2,ONLINE_CHECKOUT,Y
MERCH002355,Kalpana Stores,5912,Drug Stores / Pharmacies,Ahmedabad,GJ,2024-03-09,905,LOW,533.45,T+2,QR_INSTORE,Y
MERCH002356,Anand & Co,5814,Fast Food Restaurants,Panaji,GA,2025-11-16,288,LOW,177.92,T+1,POS_CARD,Y
MERCH002357,Urban Services,7011,Hotels / Lodging,Nagpur,MH,2022-04-20,1594,MEDIUM,8794.76,T+1,QR_INSTORE,Y
MERCH002358,Lakshmi Depot,5411,Grocery Stores / Supermarkets,Kochi,KL,2024-10-28,672,LOW,722.29,T+1,QR_INSTORE,Y
MERCH002359,Urban Stores,5541,Service Stations (Fuel),Bengaluru,KA,2022-09-06,1455,LOW,1008.03,T+1,QR_INSTORE,Y
MERCH002360,Prime Solutions,5732,Electronics Stores,Kochi,KL,2023-04-13,1236,HIGH,12563.92,T+1,ONLINE_CHECKOUT,Y
MERCH002361,Vertex Solutions,5541,Service Stations (Fuel),Mumbai,MH,2025-07-31,396,LOW,1717.12,T+2,ONLINE_CHECKOUT,Y
MERCH002362,Nova Services,5411,Grocery Stores / Supermarkets,Panaji,GA,2021-04-30,1949,LOW,816.19,T+1,ONLINE_CHECKOUT,Y
MERCH002363,Bharat Ventures,4900,Utilities - Electric/Gas/Water,Panaji,GA,2026-08-11,20,MEDIUM,2589.64,T+1,POS_CARD,Y
MERCH002364,Anand Stores,4121,Taxicabs / Ride Hailing,Bengaluru,KA,2024-09-18,712,LOW,278.15,T+1,POS_CARD,Y
MERCH002365,Urban Solutions,4121,Taxicabs / Ride Hailing,Pune,MH,2022-11-13,1387,LOW,287.17,T+1,QR_INSTORE,Y
MERCH002366,Prime Stores,5814,Fast Food Restaurants,Nagpur,MH,2023-07-19,1139,LOW,255.98,T+1,QR_INSTORE,Y
MERCH002367,Shree Enterprises,4121,Taxicabs / Ride Hailing,Hyderabad,TG,2020-11-24,2106,LOW,352.19,T+1,QR_INSTORE,Y
MERCH002368,Shree Depot,5541,Service Stations (Fuel),Chennai,TN,2025-10-04,331,LOW,1684.81,T+1,QR_INSTORE,Y
MERCH002369,Urban Solutions,5967,Direct Marketing - Inbound,Kochi,KL,2020-12-23,2077,HIGH,1555.77,T+1,QR_INSTORE,Y
MERCH002370,Kalpana Depot,5411,Grocery Stores / Supermarkets,Delhi,DL,2020-10-16,2145,LOW,1161.42,T+1,ONLINE_CHECKOUT,Y
MERCH002371,Shree Traders,5912,Drug Stores / Pharmacies,Kochi,KL,2021-11-03,1762,LOW,581.52,T+1,QR_INSTORE,Y
MERCH002372,Rohan Services,5999,Miscellaneous Retail,Mumbai,MH,2026-06-22,70,HIGH,831.36,T+1,ONLINE_CHECKOUT,Y
MERCH002373,Bharat Enterprises,7011,Hotels / Lodging,Chandigarh,CH,2021-11-08,1757,MEDIUM,9401.58,T+1,POS_CARD,Y
MERCH002374,Sagar & Co,5999,Miscellaneous Retail,Lucknow,UP,2022-08-08,1484,MEDIUM,1112.79,T+1,QR_INSTORE,Y
MERCH002375,Krishna Enterprises,5541,Service Stations (Fuel),Ahmedabad,GJ,2021-05-27,1922,LOW,1455.59,T+1,QR_INSTORE,Y
MERCH002376,Zenith & Co,5541,Service Stations (Fuel),Chennai,TN,2026-06-06,86,MEDIUM,1613.56,T+1,ONLINE_CHECKOUT,Y
MERCH002377,Rohan Traders,4121,Taxicabs / Ride Hailing,Lucknow,UP,2024-10-29,671,MEDIUM,248.42,T+1,QR_INSTORE,Y
MERCH002378,Anand Services,7011,Hotels / Lodging,Guwahati,AS,2026-01-16,227,MEDIUM,6147.82,T+1,QR_INSTORE,Y
MERCH002379,Krishna Mart,5814,Fast Food Restaurants,Delhi,DL,2021-02-02,2036,LOW,330.71,T+1,POS_CARD,Y
MERCH002380,Bharat Supply,5814,Fast Food Restaurants,Chandigarh,CH,2024-08-26,735,LOW,197.1,T+2,POS_CARD,Y
MERCH002381,Bharat Stores,7011,Hotels / Lodging,Ahmedabad,GJ,2025-06-26,431,MEDIUM,8610.4,T+1,POS_CARD,Y
MERCH002382,Urban Ventures,5814,Fast Food Restaurants,Chandigarh,CH,2024-08-21,740,LOW,260.21,T+1,ONLINE_CHECKOUT,Y
MERCH002383,Sagar Hub,5651,Family Clothing Stores,Delhi,DL,2025-08-08,388,MEDIUM,2491.82,T+1,ONLINE_CHECKOUT,Y
MERCH002384,Zenith Stores,5814,Fast Food Restaurants,Panaji,GA,2022-12-04,1366,LOW,373.76,T+1,ONLINE_CHECKOUT,Y
MERCH002385,Krishna Enterprises,4121,Taxicabs / Ride Hailing,Jaipur,RJ,2020-10-21,2140,LOW,294.93,T+1,ONLINE_CHECKOUT,Y
MERCH002386,Lakshmi & Co,5541,Service Stations (Fuel),Kochi,KL,2025-03-29,520,LOW,1618.21,T+1,QR_INSTORE,Y
MERCH002387,Lakshmi Mart,5411,Grocery Stores / Supermarkets,Guwahati,AS,2023-09-16,1080,LOW,668.67,T+1,ONLINE_CHECKOUT,Y
MERCH002388,Sagar Stores,5541,Service Stations (Fuel),Kochi,KL,2022-03-13,1632,LOW,1908.67,T+1,QR_INSTORE,Y
MERCH002389,Urban Services,5967,Direct Marketing - Inbound,Chandigarh,CH,2024-06-17,805,HIGH,2341.98,T+0,ONLINE_CHECKOUT,Y
MERCH002390,Sagar Depot,5411,Grocery Stores / Supermarkets,Jaipur,RJ,2024-07-29,763,LOW,650.78,T+1,QR_INSTORE,Y
MERCH002391,Bharat Supply,5814,Fast Food Restaurants,Jaipur,RJ,2022-06-01,1552,LOW,184.95,T+1,QR_INSTORE,Y
MERCH002392,Nimbus Retail,5912,Drug Stores / Pharmacies,Chennai,TN,2025-12-18,256,LOW,600.97,T+2,POS_CARD,Y
MERCH002393,Lakshmi & Co,5541,Service Stations (Fuel),Kolkata,WB,2025-02-01,576,LOW,1721.17,T+2,QR_INSTORE,Y
MERCH002394,Urban Enterprises,7011,Hotels / Lodging,Ahmedabad,GJ,2026-01-24,219,MEDIUM,8386.76,T+1,QR_INSTORE,Y
MERCH002395,Vertex Supply,7995,Betting / Gaming,Chandigarh,CH,2026-06-26,66,HIGH,3811.52,T+1,ONLINE_CHECKOUT,Y
MERCH002396,Metro Solutions,5411,Grocery Stores / Supermarkets,Kochi,KL,2025-05-14,474,LOW,1223.63,T+1,QR_INSTORE,Y
MERCH002397,Metro Mart,5814,Fast Food Restaurants,Hyderabad,TG,2024-03-28,886,LOW,211.53,T+1,QR_INSTORE,Y
MERCH002398,Prime & Co,4900,Utilities - Electric/Gas/Water,Nagpur,MH,2026-06-02,90,LOW,2100.71,T+1,ONLINE_CHECKOUT,Y
MERCH002399,Zenith Ventures,5999,Miscellaneous Retail,Lucknow,UP,2023-04-28,1221,MEDIUM,1165.63,T+1,ONLINE_CHECKOUT,Y
MERCH002400,Lakshmi Stores,5814,Fast Food Restaurants,Delhi,DL,2021-07-11,1877,LOW,240.68,T+1,ONLINE_CHECKOUT,Y
MERCH002401,Aster Hub,5411,Grocery Stores / Supermarkets,Bengaluru,KA,2022-04-12,1602,LOW,888.06,T+1,QR_INSTORE,Y
MERCH002402,Urban Solutions,5814,Fast Food Restaurants,Indore,MP,2023-05-11,1208,LOW,207.15,T+1,ONLINE_CHECKOUT,Y
MERCH002403,Prime & Co,5912,Drug Stores / Pharmacies,Pune,MH,2021-02-14,2024,LOW,402.54,T+1,ONLINE_CHECKOUT,Y
MERCH002404,Sagar Ventures,4722,Travel Agencies,Chennai,TN,2022-05-16,1568,HIGH,16188.77,T+1,QR_INSTORE,Y
MERCH002405,Rohan Solutions,5411,Grocery Stores / Supermarkets,Panaji,GA,2023-02-04,1304,LOW,610.91,T+2,QR_INSTORE,Y
MERCH002406,Nimbus Stores,5814,Fast Food Restaurants,Chandigarh,CH,2022-08-30,1462,LOW,259.38,T+1,QR_INSTORE,Y
MERCH002407,Kalpana Supply,5411,Grocery Stores / Supermarkets,Delhi,DL,2025-03-09,540,LOW,635.66,T+0,ONLINE_CHECKOUT,Y
MERCH002408,Zenith Supply,5541,Service Stations (Fuel),Lucknow,UP,2021-05-08,1941,LOW,1234.29,T+1,QR_INSTORE,Y
MERCH002409,Sagar Services,5651,Family Clothing Stores,Ahmedabad,GJ,2024-12-25,614,MEDIUM,2587.59,T+2,QR_INSTORE,Y
MERCH002410,Aster Traders,5912,Drug Stores / Pharmacies,Panaji,GA,2023-07-28,1130,LOW,489.2,T+1,ONLINE_CHECKOUT,Y
MERCH002411,Nimbus & Co,6051,Quasi-Cash / Wallet Load,Guwahati,AS,2025-12-05,269,HIGH,5566.2,T+1,QR_INSTORE,Y
MERCH002412,Lakshmi & Co,5541,Service Stations (Fuel),Chennai,TN,2023-03-17,1263,LOW,1278.86,T+2,QR_INSTORE,Y
MERCH002413,Zenith Services,4722,Travel Agencies,Delhi,DL,2023-11-26,1009,HIGH,18072.74,T+2,ONLINE_CHECKOUT,Y
MERCH002414,Sagar Supply,5814,Fast Food Restaurants,Panaji,GA,2020-11-19,2111,LOW,200.02,T+1,QR_INSTORE,N
MERCH002415,Shree Traders,5814,Fast Food Restaurants,Nagpur,MH,2022-01-04,1700,LOW,292.21,T+1,QR_INSTORE,Y
MERCH002416,Vertex Retail,4900,Utilities - Electric/Gas/Water,Chandigarh,CH,2022-03-14,1631,LOW,1501.01,T+1,QR_INSTORE,Y
MERCH002417,Urban Hub,4121,Taxicabs / Ride Hailing,Chennai,TN,2023-12-19,986,LOW,259.15,T+1,ONLINE_CHECKOUT,Y
MERCH002418,Aster Supply,7011,Hotels / Lodging,Nagpur,MH,2024-10-28,672,MEDIUM,7852.36,T+1,QR_INSTORE,Y
MERCH002419,Lakshmi Hub,5912,Drug Stores / Pharmacies,Kolkata,WB,2026-03-29,155,LOW,580.9,T+1,QR_INSTORE,Y
MERCH002420,Kalpana Stores,5541,Service Stations (Fuel),Hyderabad,TG,2021-08-11,1846,LOW,1221.71,T+1,QR_INSTORE,Y
MERCH002421,Krishna & Co,7995,Betting / Gaming,Jaipur,RJ,2020-12-12,2088,HIGH,4543.99,T+1,QR_INSTORE,Y
MERCH002422,Rohan Retail,5541,Service Stations (Fuel),Chennai,TN,2022-07-20,1503,LOW,1528.7,T+1,ONLINE_CHECKOUT,Y
MERCH002423,Bharat Solutions,5411,Grocery Stores / Supermarkets,Guwahati,AS,2021-06-02,1916,LOW,605.6,T+1,ONLINE_CHECKOUT,Y
MERCH002424,Nova Enterprises,4900,Utilities - Electric/Gas/Water,Chandigarh,CH,2022-12-24,1346,LOW,2095.84,T+0,QR_INSTORE,Y
MERCH002425,Prime & Co,4900,Utilities - Electric/Gas/Water,Chennai,TN,2023-10-23,1043,LOW,1566.74,T+2,POS_CARD,Y
MERCH002426,Aster Supply,5411,Grocery Stores / Supermarkets,Mumbai,MH,2021-03-28,1982,LOW,1214.69,T+2,ONLINE_CHECKOUT,Y
MERCH002427,Aster Traders,4121,Taxicabs / Ride Hailing,Indore,MP,2023-09-29,1067,HIGH,212.13,T+1,QR_INSTORE,Y
MERCH002428,Nova Retail,5541,Service Stations (Fuel),Ahmedabad,GJ,2024-08-25,736,LOW,1710.38,T+1,ONLINE_CHECKOUT,N
MERCH002429,Rohan Retail,5999,Miscellaneous Retail,Kochi,KL,2022-02-02,1671,MEDIUM,1070.7,T+1,ONLINE_CHECKOUT,Y
MERCH002430,Urban Solutions,5541,Service Stations (Fuel),Kolkata,WB,2022-02-23,1650,LOW,1545.63,T+1,QR_INSTORE,Y
MERCH002431,Sagar Ventures,5411,Grocery Stores / Supermarkets,Bengaluru,KA,2024-04-21,862,LOW,1092.51,T+2,ONLINE_CHECKOUT,Y
MERCH002432,Metro Hub,5732,Electronics Stores,Chennai,TN,2021-12-18,1717,MEDIUM,11011.98,T+1,ONLINE_CHECKOUT,Y
MERCH002433,Urban Traders,5541,Service Stations (Fuel),Jaipur,RJ,2021-06-12,1906,LOW,2004.98,T+1,POS_CARD,Y
MERCH002434,Krishna Solutions,7995,Betting / Gaming,Pune,MH,2024-01-09,965,HIGH,3842.34,T+1,POS_CARD,Y
MERCH002435,Metro Hub,5814,Fast Food Restaurants,Nagpur,MH,2026-06-19,73,MEDIUM,273.93,T+0,POS_CARD,Y
MERCH002436,Anand Supply,4900,Utilities - Electric/Gas/Water,Hyderabad,TG,2021-06-17,1901,LOW,2087.1,T+1,ONLINE_CHECKOUT,Y
MERCH002437,Aster Services,4722,Travel Agencies,Hyderabad,TG,2023-02-14,1294,HIGH,27671.67,T+1,ONLINE_CHECKOUT,N
MERCH002438,Kalpana Hub,4121,Taxicabs / Ride Hailing,Mumbai,MH,2023-03-25,1255,LOW,222.14,T+1,QR_INSTORE,Y
MERCH002439,Krishna Retail,5999,Miscellaneous Retail,Chandigarh,CH,2021-12-24,1711,MEDIUM,1421.94,T+1,QR_INSTORE,Y
MERCH002440,Metro Enterprises,5967,Direct Marketing - Inbound,Jaipur,RJ,2026-04-17,136,HIGH,1503.29,T+1,ONLINE_CHECKOUT,Y
MERCH002441,Kalpana Enterprises,5411,Grocery Stores / Supermarkets,Nagpur,MH,2026-03-22,162,LOW,1146.35,T+1,QR_INSTORE,Y
MERCH002442,Sagar Traders,5411,Grocery Stores / Supermarkets,Kolkata,WB,2021-08-04,1853,LOW,828.88,T+1,QR_INSTORE,Y
MERCH002443,Metro Stores,5814,Fast Food Restaurants,Kochi,KL,2025-09-21,344,LOW,261.86,T+1,QR_INSTORE,Y
MERCH002444,Zenith Hub,5541,Service Stations (Fuel),Panaji,GA,2024-07-29,763,HIGH,938.86,T+1,QR_INSTORE,Y
MERCH002445,Anand & Co,5651,Family Clothing Stores,Bengaluru,KA,2024-10-27,673,MEDIUM,2337.45,T+1,ONLINE_CHECKOUT,Y
MERCH002446,Krishna Retail,5999,Miscellaneous Retail,Bengaluru,KA,2024-07-25,767,MEDIUM,1035.21,T+1,POS_CARD,Y
MERCH002447,Zenith Mart,5999,Miscellaneous Retail,Indore,MP,2023-06-16,1172,MEDIUM,1041.33,T+1,ONLINE_CHECKOUT,Y
MERCH002448,Aster Supply,5999,Miscellaneous Retail,Jaipur,RJ,2024-05-06,847,MEDIUM,921.57,T+1,ONLINE_CHECKOUT,N
MERCH002449,Kalpana Supply,4121,Taxicabs / Ride Hailing,Hyderabad,TG,2022-12-03,1367,LOW,309.17,T+0,ONLINE_CHECKOUT,Y
MERCH002450,Metro Enterprises,5411,Grocery Stores / Supermarkets,Jaipur,RJ,2021-07-24,1864,LOW,760.77,T+0,QR_INSTORE,Y
MERCH002451,Aster & Co,5732,Electronics Stores,Indore,MP,2021-07-08,1880,MEDIUM,10007.19,T+0,ONLINE_CHECKOUT,Y
MERCH002452,Vertex Services,5814,Fast Food Restaurants,Delhi,DL,2021-12-25,1710,LOW,325.72,T+1,QR_INSTORE,Y
MERCH002453,Rohan Solutions,5411,Grocery Stores / Supermarkets,Nagpur,MH,2020-12-30,2070,LOW,1095.15,T+1,QR_INSTORE,Y
MERCH002454,Krishna Solutions,5814,Fast Food Restaurants,Kolkata,WB,2022-11-29,1371,LOW,263.38,T+1,QR_INSTORE,Y
MERCH002455,Rohan Mart,5541,Service Stations (Fuel),Ahmedabad,GJ,2023-12-23,982,LOW,1610.25,T+1,ONLINE_CHECKOUT,Y
MERCH002456,Zenith Stores,5732,Electronics Stores,Hyderabad,TG,2021-07-12,1876,MEDIUM,12427.19,T+1,QR_INSTORE,Y
MERCH002457,Aster Ventures,4900,Utilities - Electric/Gas/Water,Chandigarh,CH,2023-01-26,1313,LOW,2097.82,T+2,ONLINE_CHECKOUT,Y
MERCH002458,Kalpana Traders,4722,Travel Agencies,Kolkata,WB,2021-10-14,1782,HIGH,30591.15,T+1,POS_CARD,Y
MERCH002459,Nova Enterprises,5541,Service Stations (Fuel),Ahmedabad,GJ,2024-02-20,923,LOW,1904.6,T+1,ONLINE_CHECKOUT,Y
MERCH002460,Prime Ventures,5651,Family Clothing Stores,Guwahati,AS,2024-02-05,938,MEDIUM,1341.79,T+1,QR_INSTORE,Y
MERCH002461,Anand Mart,5411,Grocery Stores / Supermarkets,Lucknow,UP,2021-02-01,2037,LOW,616.39,T+1,QR_INSTORE,Y
MERCH002462,Urban Supply,5541,Service Stations (Fuel),Chennai,TN,2025-06-29,428,LOW,1668.56,T+1,ONLINE_CHECKOUT,Y
MERCH002463,Sagar Supply,5912,Drug Stores / Pharmacies,Lucknow,UP,2026-01-02,241,LOW,327.55,T+1,ONLINE_CHECKOUT,Y
MERCH002464,Krishna Services,5732,Electronics Stores,Kolkata,WB,2022-04-01,1613,MEDIUM,17985.02,T+1,POS_CARD,Y
MERCH002465,Krishna Traders,5814,Fast Food Restaurants,Jaipur,RJ,2024-02-29,914,LOW,344.88,T+1,ONLINE_CHECKOUT,Y
MERCH002466,Anand Retail,5411,Grocery Stores / Supermarkets,Jaipur,RJ,2025-12-13,261,LOW,1170.3,T+1,ONLINE_CHECKOUT,Y
MERCH002467,Shree & Co,7011,Hotels / Lodging,Pune,MH,2022-11-30,1370,MEDIUM,4919.09,T+0,QR_INSTORE,Y
MERCH002468,Zenith & Co,5651,Family Clothing Stores,Jaipur,RJ,2021-09-03,1823,MEDIUM,1248.09,T+1,ONLINE_CHECKOUT,Y
MERCH002469,Vertex Hub,5651,Family Clothing Stores,Lucknow,UP,2026-01-18,225,MEDIUM,2681.12,T+1,ONLINE_CHECKOUT,Y
MERCH002470,Metro Mart,6051,Quasi-Cash / Wallet Load,Guwahati,AS,2024-02-25,918,HIGH,5191.24,T+1,POS_CARD,Y
MERCH002471,Bharat Supply,5651,Family Clothing Stores,Indore,MP,2025-10-01,334,MEDIUM,1782.94,T+2,ONLINE_CHECKOUT,Y
MERCH002472,Sagar Hub,5541,Service Stations (Fuel),Chennai,TN,2026-05-26,97,LOW,1916.5,T+2,ONLINE_CHECKOUT,Y
MERCH002473,Zenith Enterprises,5814,Fast Food Restaurants,Bengaluru,KA,2024-10-06,694,LOW,181.89,T+1,ONLINE_CHECKOUT,Y
MERCH002474,Kalpana Enterprises,5912,Drug Stores / Pharmacies,Chennai,TN,2021-10-07,1789,LOW,551.39,T+1,QR_INSTORE,Y
MERCH002475,Nimbus Services,5411,Grocery Stores / Supermarkets,Lucknow,UP,2020-12-15,2085,LOW,732.61,T+0,POS_CARD,N
MERCH002476,Krishna Traders,5541,Service Stations (Fuel),Chennai,TN,2022-01-08,1696,LOW,1786.05,T+1,ONLINE_CHECKOUT,Y
MERCH002477,Metro Depot,5814,Fast Food Restaurants,Indore,MP,2024-05-26,827,LOW,175.79,T+1,QR_INSTORE,Y
MERCH002478,Zenith Solutions,6051,Quasi-Cash / Wallet Load,Indore,MP,2025-07-29,398,HIGH,3581.39,T+1,QR_INSTORE,Y
MERCH002479,Krishna Services,5651,Family Clothing Stores,Kolkata,WB,2021-02-24,2014,MEDIUM,2586.33,T+1,QR_INSTORE,Y
MERCH002480,Lakshmi Depot,5411,Grocery Stores / Supermarkets,Panaji,GA,2023-09-01,1095,LOW,578.75,T+1,POS_CARD,Y
MERCH002481,Bharat Services,5999,Miscellaneous Retail,Guwahati,AS,2021-07-16,1872,MEDIUM,1195.51,T+1,ONLINE_CHECKOUT,Y
MERCH002482,Krishna Supply,4121,Taxicabs / Ride Hailing,Bengaluru,KA,2023-04-30,1219,LOW,348.87,T+1,QR_INSTORE,Y
MERCH002483,Sagar Traders,5411,Grocery Stores / Supermarkets,Delhi,DL,2021-07-09,1879,LOW,572.55,T+1,QR_INSTORE,N
MERCH002484,Urban Enterprises,5814,Fast Food Restaurants,Indore,MP,2022-08-25,1467,LOW,338.91,T+2,QR_INSTORE,Y
MERCH002485,Nimbus Solutions,4900,Utilities - Electric/Gas/Water,Panaji,GA,2022-04-06,1608,LOW,2122.21,T+2,POS_CARD,Y
MERCH002486,Krishna Supply,5541,Service Stations (Fuel),Mumbai,MH,2021-04-21,1958,LOW,1021.58,T+1,QR_INSTORE,Y
MERCH002487,Shree Solutions,5651,Family Clothing Stores,Ahmedabad,GJ,2020-10-10,2151,MEDIUM,2273.36,T+2,QR_INSTORE,Y
MERCH002488,Aster Services,5411,Grocery Stores / Supermarkets,Delhi,DL,2023-10-31,1035,LOW,545.54,T+2,QR_INSTORE,Y
MERCH002489,Shree Supply,5411,Grocery Stores / Supermarkets,Ahmedabad,GJ,2025-01-04,604,LOW,532.77,T+1,ONLINE_CHECKOUT,Y
MERCH002490,Krishna Enterprises,7011,Hotels / Lodging,Kochi,KL,2022-09-10,1451,MEDIUM,7188.85,T+1,ONLINE_CHECKOUT,Y
MERCH002491,Lakshmi Depot,5411,Grocery Stores / Supermarkets,Pune,MH,2025-05-07,481,LOW,978.83,T+2,QR_INSTORE,Y
MERCH002492,Rohan Enterprises,4900,Utilities - Electric/Gas/Water,Nagpur,MH,2025-08-30,366,LOW,1854.12,T+1,QR_INSTORE,Y
MERCH002493,Rohan Supply,4900,Utilities - Electric/Gas/Water,Guwahati,AS,2022-06-23,1530,LOW,1573.27,T+1,QR_INSTORE,Y
MERCH002494,Nova Solutions,5541,Service Stations (Fuel),Ahmedabad,GJ,2022-11-12,1388,LOW,1979.48,T+1,QR_INSTORE,Y
MERCH002495,Anand & Co,5732,Electronics Stores,Hyderabad,TG,2021-07-15,1873,MEDIUM,16080.58,T+1,ONLINE_CHECKOUT,Y
MERCH002496,Shree Stores,5411,Grocery Stores / Supermarkets,Guwahati,AS,2023-03-03,1277,LOW,790.14,T+1,POS_CARD,Y
MERCH002497,Aster Hub,5732,Electronics Stores,Delhi,DL,2023-02-22,1286,MEDIUM,12517.67,T+1,QR_INSTORE,Y
MERCH002498,Krishna Enterprises,5999,Miscellaneous Retail,Chandigarh,CH,2024-07-30,762,MEDIUM,687.11,T+1,POS_CARD,Y
MERCH002499,Kalpana Depot,5651,Family Clothing Stores,Chandigarh,CH,2024-05-12,841,MEDIUM,2181.27,T+1,ONLINE_CHECKOUT,Y
MERCH002500,Prime & Co,4900,Utilities - Electric/Gas/Water,Jaipur,RJ,2024-10-19,681,LOW,2810.09,T+1,ONLINE_CHECKOUT,Y
MERCH002501,Lakshmi Services,4722,Travel Agencies,Bengaluru,KA,2022-06-26,1527,HIGH,16222.56,T+1,QR_INSTORE,Y
MERCH002502,Urban Mart,7011,Hotels / Lodging,Ahmedabad,GJ,2021-02-27,2011,MEDIUM,6469.05,T+1,ONLINE_CHECKOUT,Y
MERCH002503,Bharat Depot,4121,Taxicabs / Ride Hailing,Chandigarh,CH,2023-05-16,1203,LOW,322.54,T+2,POS_CARD,Y
MERCH002504,Prime Solutions,5814,Fast Food Restaurants,Guwahati,AS,2021-08-15,1842,LOW,371.38,T+1,QR_INSTORE,Y
MERCH002505,Aster & Co,4900,Utilities - Electric/Gas/Water,Delhi,DL,2024-12-25,614,LOW,1349.8,T+1,ONLINE_CHECKOUT,Y
MERCH002506,Sagar Enterprises,5411,Grocery Stores / Supermarkets,Delhi,DL,2023-10-01,1065,LOW,532.94,T+2,QR_INSTORE,Y
MERCH002507,Metro Hub,7011,Hotels / Lodging,Kochi,KL,2024-05-20,833,MEDIUM,6888.16,T+2,QR_INSTORE,Y
MERCH002508,Nova Supply,5732,Electronics Stores,Ahmedabad,GJ,2026-02-04,208,MEDIUM,13160.41,T+1,POS_CARD,Y
MERCH002509,Metro Supply,5814,Fast Food Restaurants,Ahmedabad,GJ,2022-08-11,1481,LOW,173.55,T+0,QR_INSTORE,Y
MERCH002510,Nimbus & Co,5912,Drug Stores / Pharmacies,Guwahati,AS,2023-08-11,1116,LOW,711.31,T+1,QR_INSTORE,Y
MERCH002511,Lakshmi Stores,7011,Hotels / Lodging,Jaipur,RJ,2022-11-08,1392,MEDIUM,8982.16,T+1,POS_CARD,Y
MERCH002512,Prime Ventures,7011,Hotels / Lodging,Jaipur,RJ,2022-03-29,1616,MEDIUM,6386.61,T+2,QR_INSTORE,Y
MERCH002513,Shree Retail,4121,Taxicabs / Ride Hailing,Guwahati,AS,2021-10-22,1774,LOW,145.67,T+2,POS_CARD,Y
MERCH002514,Rohan & Co,5411,Grocery Stores / Supermarkets,Chandigarh,CH,2021-04-22,1957,LOW,809.86,T+2,POS_CARD,Y
MERCH002515,Bharat Solutions,5411,Grocery Stores / Supermarkets,Panaji,GA,2025-02-22,555,LOW,960.82,T+1,POS_CARD,Y
MERCH002516,Rohan Depot,5912,Drug Stores / Pharmacies,Ahmedabad,GJ,2021-10-23,1773,MEDIUM,313.25,T+2,QR_INSTORE,Y
MERCH002517,Lakshmi Enterprises,5411,Grocery Stores / Supermarkets,Jaipur,RJ,2024-03-26,888,LOW,969.92,T+1,ONLINE_CHECKOUT,Y
MERCH002518,Aster & Co,4121,Taxicabs / Ride Hailing,Hyderabad,TG,2025-03-02,547,LOW,241.85,T+1,POS_CARD,Y
MERCH002519,Rohan Supply,5411,Grocery Stores / Supermarkets,Delhi,DL,2024-03-28,886,LOW,1070.38,T+1,ONLINE_CHECKOUT,Y
MERCH002520,Nimbus Traders,5814,Fast Food Restaurants,Guwahati,AS,2023-04-03,1246,LOW,168.81,T+1,ONLINE_CHECKOUT,Y
MERCH002521,Krishna Retail,5814,Fast Food Restaurants,Chennai,TN,2024-10-01,699,LOW,221.48,T+1,QR_INSTORE,N
MERCH002522,Vertex Depot,7995,Betting / Gaming,Nagpur,MH,2021-09-04,1822,LOW,1982.52,T+2,ONLINE_CHECKOUT,Y
MERCH002523,Nova Retail,5411,Grocery Stores / Supermarkets,Jaipur,RJ,2020-11-25,2105,LOW,1173.64,T+0,POS_CARD,Y
MERCH002524,Urban Ventures,4900,Utilities - Electric/Gas/Water,Kochi,KL,2025-11-07,297,LOW,2186.17,T+1,ONLINE_CHECKOUT,Y
MERCH002525,Vertex Retail,4722,Travel Agencies,Lucknow,UP,2023-10-03,1063,HIGH,24668.97,T+1,ONLINE_CHECKOUT,Y
MERCH002526,Lakshmi Stores,5541,Service Stations (Fuel),Bengaluru,KA,2022-06-30,1523,LOW,1980.25,T+1,ONLINE_CHECKOUT,Y
MERCH002527,Nova & Co,5541,Service Stations (Fuel),Guwahati,AS,2023-02-14,1294,LOW,2029.18,T+1,QR_INSTORE,Y
MERCH002528,Prime Supply,5912,Drug Stores / Pharmacies,Pune,MH,2025-09-18,347,LOW,758.87,T+2,QR_INSTORE,Y
MERCH002529,Kalpana & Co,5411,Grocery Stores / Supermarkets,Ahmedabad,GJ,2026-05-27,96,LOW,1157.57,T+2,ONLINE_CHECKOUT,Y
MERCH002530,Sagar Retail,5814,Fast Food Restaurants,Ahmedabad,GJ,2024-03-10,904,LOW,375.31,T+2,POS_CARD,Y
MERCH002531,Krishna Retail,5814,Fast Food Restaurants,Pune,MH,2020-09-04,2187,LOW,368.45,T+0,ONLINE_CHECKOUT,Y
MERCH002532,Metro Mart,5814,Fast Food Restaurants,Jaipur,RJ,2024-06-21,801,LOW,220.14,T+2,ONLINE_CHECKOUT,Y
MERCH002533,Metro Supply,5732,Electronics Stores,Lucknow,UP,2026-01-29,214,MEDIUM,12487.27,T+1,ONLINE_CHECKOUT,Y
MERCH002534,Prime Retail,5651,Family Clothing Stores,Chennai,TN,2020-09-24,2167,MEDIUM,1697.08,T+1,POS_CARD,Y
MERCH002535,Nova Mart,5912,Drug Stores / Pharmacies,Delhi,DL,2021-04-09,1970,LOW,540.08,T+1,QR_INSTORE,Y
MERCH002536,Shree Depot,5814,Fast Food Restaurants,Chandigarh,CH,2025-08-08,388,LOW,192.69,T+2,ONLINE_CHECKOUT,Y
MERCH002537,Krishna & Co,5541,Service Stations (Fuel),Jaipur,RJ,2022-01-08,1696,LOW,1671.95,T+2,QR_INSTORE,Y
MERCH002538,Zenith & Co,7011,Hotels / Lodging,Kolkata,WB,2022-03-25,1620,MEDIUM,4204.03,T+1,QR_INSTORE,Y
MERCH002539,Lakshmi Solutions,5541,Service Stations (Fuel),Chennai,TN,2021-12-30,1705,LOW,1143.82,T+2,POS_CARD,Y
MERCH002540,Kalpana Depot,7011,Hotels / Lodging,Kochi,KL,2021-11-07,1758,MEDIUM,9459.56,T+0,ONLINE_CHECKOUT,Y
MERCH002541,Metro Mart,5912,Drug Stores / Pharmacies,Jaipur,RJ,2021-01-28,2041,LOW,586.89,T+1,QR_INSTORE,Y
MERCH002542,Anand Depot,4121,Taxicabs / Ride Hailing,Bengaluru,KA,2025-11-16,288,LOW,344.89,T+1,ONLINE_CHECKOUT,Y
MERCH002543,Nova Enterprises,5912,Drug Stores / Pharmacies,Indore,MP,2024-06-22,800,LOW,580.39,T+2,QR_INSTORE,Y
MERCH002544,Metro Traders,5814,Fast Food Restaurants,Hyderabad,TG,2021-08-17,1840,LOW,211.44,T+2,ONLINE_CHECKOUT,Y
MERCH002545,Krishna Traders,5814,Fast Food Restaurants,Indore,MP,2025-04-15,503,MEDIUM,171.0,T+1,QR_INSTORE,Y
MERCH002546,Urban Solutions,5967,Direct Marketing - Inbound,Pune,MH,2022-12-20,1350,HIGH,1695.29,T+1,QR_INSTORE,Y
MERCH002547,Bharat & Co,5912,Drug Stores / Pharmacies,Lucknow,UP,2025-08-26,370,LOW,766.11,T+2,POS_CARD,Y
MERCH002548,Urban & Co,5411,Grocery Stores / Supermarkets,Jaipur,RJ,2020-10-29,2132,LOW,852.35,T+1,ONLINE_CHECKOUT,Y
MERCH002549,Rohan Hub,5814,Fast Food Restaurants,Nagpur,MH,2026-03-22,162,HIGH,245.72,T+1,ONLINE_CHECKOUT,Y
MERCH002550,Prime Ventures,4900,Utilities - Electric/Gas/Water,Chandigarh,CH,2023-07-25,1133,LOW,2750.83,T+1,ONLINE_CHECKOUT,Y
MERCH002551,Zenith Retail,5814,Fast Food Restaurants,Lucknow,UP,2022-01-26,1678,LOW,378.76,T+1,QR_INSTORE,Y
MERCH002552,Aster Services,7995,Betting / Gaming,Ahmedabad,GJ,2022-06-02,1551,MEDIUM,4199.39,T+1,QR_INSTORE,Y
MERCH002553,Aster Enterprises,5411,Grocery Stores / Supermarkets,Indore,MP,2021-07-20,1868,LOW,806.49,T+1,POS_CARD,Y
MERCH002554,Urban Supply,4900,Utilities - Electric/Gas/Water,Kolkata,WB,2025-06-09,448,LOW,1922.36,T+1,QR_INSTORE,Y
MERCH002555,Vertex Enterprises,7011,Hotels / Lodging,Indore,MP,2023-04-17,1232,MEDIUM,6747.78,T+2,ONLINE_CHECKOUT,Y
MERCH002556,Vertex Enterprises,5814,Fast Food Restaurants,Hyderabad,TG,2023-06-16,1172,LOW,243.55,T+0,POS_CARD,Y
MERCH002557,Shree Enterprises,4722,Travel Agencies,Chennai,TN,2024-08-04,757,HIGH,20350.72,T+0,ONLINE_CHECKOUT,Y
MERCH002558,Vertex Mart,5999,Miscellaneous Retail,Chandigarh,CH,2025-03-27,522,MEDIUM,710.5,T+2,POS_CARD,Y
MERCH002559,Nimbus Retail,5732,Electronics Stores,Chennai,TN,2022-02-19,1654,MEDIUM,8947.27,T+1,POS_CARD,Y
MERCH002560,Nimbus & Co,5411,Grocery Stores / Supermarkets,Bengaluru,KA,2021-07-20,1868,LOW,666.2,T+1,QR_INSTORE,Y
MERCH002561,Bharat & Co,5541,Service Stations (Fuel),Mumbai,MH,2022-12-02,1368,LOW,1590.33,T+1,QR_INSTORE,Y
MERCH002562,Anand Ventures,5732,Electronics Stores,Bengaluru,KA,2023-02-26,1282,MEDIUM,11671.08,T+1,POS_CARD,Y
MERCH002563,Sagar Hub,4900,Utilities - Electric/Gas/Water,Nagpur,MH,2024-10-04,696,LOW,1413.47,T+1,ONLINE_CHECKOUT,Y
MERCH002564,Nimbus Services,5411,Grocery Stores / Supermarkets,Kolkata,WB,2024-06-22,800,LOW,799.01,T+1,ONLINE_CHECKOUT,Y
MERCH002565,Kalpana Ventures,5814,Fast Food Restaurants,Pune,MH,2021-05-07,1942,MEDIUM,275.46,T+1,QR_INSTORE,Y
MERCH002566,Nova Traders,7011,Hotels / Lodging,Pune,MH,2024-05-08,845,MEDIUM,8849.46,T+1,QR_INSTORE,Y
MERCH002567,Sagar Depot,4121,Taxicabs / Ride Hailing,Ahmedabad,GJ,2025-03-03,546,LOW,205.42,T+2,POS_CARD,Y
MERCH002568,Lakshmi Depot,5651,Family Clothing Stores,Delhi,DL,2025-11-09,295,MEDIUM,1609.92,T+2,QR_INSTORE,Y
MERCH002569,Rohan Hub,5999,Miscellaneous Retail,Bengaluru,KA,2025-05-20,468,MEDIUM,862.41,T+1,QR_INSTORE,Y
MERCH002570,Prime Hub,5411,Grocery Stores / Supermarkets,Pune,MH,2023-02-27,1281,LOW,1165.37,T+1,ONLINE_CHECKOUT,Y
MERCH002571,Krishna Hub,5912,Drug Stores / Pharmacies,Chennai,TN,2026-05-15,108,LOW,436.58,T+1,ONLINE_CHECKOUT,N
MERCH002572,Prime Supply,7995,Betting / Gaming,Kolkata,WB,2021-08-01,1856,HIGH,2540.58,T+2,QR_INSTORE,Y
MERCH002573,Anand Solutions,5814,Fast Food Restaurants,Panaji,GA,2020-09-29,2162,LOW,223.74,T+2,ONLINE_CHECKOUT,Y
MERCH002574,Bharat Retail,5999,Miscellaneous Retail,Chandigarh,CH,2023-06-26,1162,MEDIUM,1204.87,T+1,ONLINE_CHECKOUT,Y
MERCH002575,Shree Stores,5411,Grocery Stores / Supermarkets,Jaipur,RJ,2022-05-20,1564,LOW,636.75,T+1,QR_INSTORE,Y
MERCH002576,Sagar Stores,5732,Electronics Stores,Lucknow,UP,2026-03-23,161,MEDIUM,17637.46,T+1,POS_CARD,Y
MERCH002577,Vertex Stores,7011,Hotels / Lodging,Chennai,TN,2025-01-30,578,MEDIUM,6042.48,T+1,QR_INSTORE,Y
MERCH002578,Krishna Ventures,5411,Grocery Stores / Supermarkets,Hyderabad,TG,2025-07-08,419,LOW,1209.95,T+1,QR_INSTORE,Y
MERCH002579,Kalpana Enterprises,5732,Electronics Stores,Chandigarh,CH,2021-03-19,1991,MEDIUM,12774.5,T+1,ONLINE_CHECKOUT,Y
MERCH002580,Metro Hub,5999,Miscellaneous Retail,Indore,MP,2024-04-16,867,MEDIUM,787.74,T+0,ONLINE_CHECKOUT,Y
MERCH002581,Vertex Stores,7011,Hotels / Lodging,Ahmedabad,GJ,2025-11-14,290,MEDIUM,5834.33,T+2,ONLINE_CHECKOUT,Y
MERCH002582,Lakshmi Solutions,5814,Fast Food Restaurants,Pune,MH,2024-09-06,724,LOW,201.09,T+1,QR_INSTORE,Y
MERCH002583,Nimbus & Co,4900,Utilities - Electric/Gas/Water,Chandigarh,CH,2023-10-08,1058,LOW,2009.05,T+1,ONLINE_CHECKOUT,Y
MERCH002584,Shree Ventures,5411,Grocery Stores / Supermarkets,Pune,MH,2024-09-20,710,LOW,1051.17,T+1,QR_INSTORE,Y
MERCH002585,Sagar Retail,5912,Drug Stores / Pharmacies,Bengaluru,KA,2026-06-18,74,MEDIUM,511.28,T+2,POS_CARD,Y
MERCH002586,Sagar Services,4722,Travel Agencies,Kochi,KL,2023-06-12,1176,HIGH,31873.17,T+1,ONLINE_CHECKOUT,Y
MERCH002587,Krishna Mart,5912,Drug Stores / Pharmacies,Ahmedabad,GJ,2022-02-08,1665,LOW,443.38,T+1,ONLINE_CHECKOUT,Y
MERCH002588,Kalpana Services,5411,Grocery Stores / Supermarkets,Kolkata,WB,2020-11-30,2100,LOW,1143.0,T+0,ONLINE_CHECKOUT,Y
MERCH002589,Kalpana Retail,5732,Electronics Stores,Bengaluru,KA,2024-01-03,971,MEDIUM,7267.93,T+2,QR_INSTORE,Y
MERCH002590,Nimbus Retail,5732,Electronics Stores,Mumbai,MH,2025-04-05,513,MEDIUM,9041.13,T+1,ONLINE_CHECKOUT,Y
MERCH002591,Nova Enterprises,5651,Family Clothing Stores,Chandigarh,CH,2025-03-08,541,MEDIUM,1309.29,T+1,QR_INSTORE,Y
MERCH002592,Prime Solutions,5999,Miscellaneous Retail,Pune,MH,2025-07-03,424,MEDIUM,614.3,T+0,QR_INSTORE,Y
MERCH002593,Zenith Ventures,5411,Grocery Stores / Supermarkets,Jaipur,RJ,2023-07-30,1128,LOW,895.53,T+1,QR_INSTORE,Y
MERCH002594,Vertex Services,5411,Grocery Stores / Supermarkets,Guwahati,AS,2024-10-09,691,LOW,811.05,T+1,QR_INSTORE,Y
MERCH002595,Vertex Solutions,4722,Travel Agencies,Indore,MP,2026-05-27,96,HIGH,23051.8,T+2,QR_INSTORE,Y
MERCH002596,Kalpana Retail,5411,Grocery Stores / Supermarkets,Chennai,TN,2025-11-18,286,LOW,669.34,T+0,QR_INSTORE,Y
MERCH002597,Kalpana Mart,5732,Electronics Stores,Pune,MH,2020-12-17,2083,MEDIUM,13753.58,T+2,ONLINE_CHECKOUT,Y
MERCH002598,Zenith Mart,5541,Service Stations (Fuel),Hyderabad,TG,2026-07-05,57,LOW,1333.55,T+1,ONLINE_CHECKOUT,Y
MERCH002599,Metro Hub,5732,Electronics Stores,Chennai,TN,2023-04-03,1246,MEDIUM,9172.68,T+1,QR_INSTORE,Y
MERCH002600,Nimbus Mart,5411,Grocery Stores / Supermarkets,Jaipur,RJ,2023-05-13,1206,LOW,924.76,T+1,QR_INSTORE,Y
MERCH002601,Urban Enterprises,5651,Family Clothing Stores,Lucknow,UP,2026-02-24,188,MEDIUM,1738.9,T+1,QR_INSTORE,Y
MERCH002602,Vertex Hub,5651,Family Clothing Stores,Chandigarh,CH,2020-10-04,2157,MEDIUM,2612.43,T+1,POS_CARD,Y
MERCH002603,Shree Solutions,5411,Grocery Stores / Supermarkets,Ahmedabad,GJ,2025-08-13,383,MEDIUM,1003.14,T+1,POS_CARD,Y
MERCH002604,Shree Supply,5411,Grocery Stores / Supermarkets,Jaipur,RJ,2023-09-29,1067,LOW,652.76,T+1,POS_CARD,Y
MERCH002605,Aster Enterprises,5999,Miscellaneous Retail,Chandigarh,CH,2026-03-24,160,MEDIUM,1257.25,T+2,ONLINE_CHECKOUT,Y
MERCH002606,Aster & Co,5651,Family Clothing Stores,Indore,MP,2022-02-07,1666,MEDIUM,2496.01,T+1,QR_INSTORE,Y
MERCH002607,Krishna Hub,6051,Quasi-Cash / Wallet Load,Kolkata,WB,2022-11-02,1398,HIGH,4044.09,T+1,ONLINE_CHECKOUT,Y
MERCH002608,Lakshmi Solutions,7011,Hotels / Lodging,Indore,MP,2026-02-04,208,MEDIUM,6637.74,T+2,POS_CARD,Y
MERCH002609,Nimbus Hub,5541,Service Stations (Fuel),Kolkata,WB,2021-05-28,1921,LOW,2085.16,T+1,QR_INSTORE,Y
MERCH002610,Rohan & Co,5814,Fast Food Restaurants,Bengaluru,KA,2023-05-20,1199,LOW,163.8,T+2,ONLINE_CHECKOUT,Y
MERCH002611,Nimbus & Co,5411,Grocery Stores / Supermarkets,Pune,MH,2022-08-02,1490,LOW,1161.57,T+0,QR_INSTORE,Y
MERCH002612,Rohan Ventures,5814,Fast Food Restaurants,Nagpur,MH,2023-11-12,1023,LOW,178.84,T+1,ONLINE_CHECKOUT,Y
MERCH002613,Lakshmi Mart,5541,Service Stations (Fuel),Indore,MP,2024-01-08,966,LOW,908.12,T+1,QR_INSTORE,Y
MERCH002614,Anand Services,5411,Grocery Stores / Supermarkets,Chandigarh,CH,2024-12-31,608,LOW,1102.54,T+2,QR_INSTORE,Y
MERCH002615,Bharat Hub,4121,Taxicabs / Ride Hailing,Chandigarh,CH,2023-10-08,1058,LOW,326.81,T+1,QR_INSTORE,Y
MERCH002616,Sagar Enterprises,5814,Fast Food Restaurants,Indore,MP,2022-12-23,1347,LOW,174.75,T+1,QR_INSTORE,Y
MERCH002617,Aster Enterprises,5814,Fast Food Restaurants,Hyderabad,TG,2024-12-23,616,LOW,383.22,T+0,QR_INSTORE,Y
MERCH002618,Nova Ventures,5732,Electronics Stores,Kolkata,WB,2025-01-28,580,MEDIUM,11927.76,T+2,QR_INSTORE,Y
MERCH002619,Prime Mart,5912,Drug Stores / Pharmacies,Indore,MP,2022-09-10,1451,LOW,736.15,T+1,ONLINE_CHECKOUT,Y
MERCH002620,Lakshmi Services,5999,Miscellaneous Retail,Ahmedabad,GJ,2022-04-07,1607,MEDIUM,1201.71,T+1,ONLINE_CHECKOUT,Y
MERCH002621,Nova Hub,5651,Family Clothing Stores,Ahmedabad,GJ,2026-01-01,242,MEDIUM,2434.46,T+1,ONLINE_CHECKOUT,Y
MERCH002622,Krishna Solutions,5999,Miscellaneous Retail,Bengaluru,KA,2024-05-15,838,MEDIUM,824.44,T+1,QR_INSTORE,Y
MERCH002623,Zenith Stores,4900,Utilities - Electric/Gas/Water,Guwahati,AS,2020-08-25,2197,LOW,2068.32,T+1,ONLINE_CHECKOUT,Y
MERCH002624,Krishna Enterprises,5541,Service Stations (Fuel),Mumbai,MH,2021-10-20,1776,LOW,1411.43,T+1,QR_INSTORE,Y
MERCH002625,Nimbus Supply,5814,Fast Food Restaurants,Lucknow,UP,2020-11-16,2114,LOW,328.41,T+0,ONLINE_CHECKOUT,Y
MERCH002626,Zenith Ventures,5814,Fast Food Restaurants,Delhi,DL,2024-12-10,629,LOW,161.87,T+2,QR_INSTORE,Y
MERCH002627,Metro Stores,5651,Family Clothing Stores,Nagpur,MH,2024-04-21,862,MEDIUM,1150.58,T+1,QR_INSTORE,Y
MERCH002628,Lakshmi Hub,5814,Fast Food Restaurants,Jaipur,RJ,2024-12-30,609,LOW,307.71,T+1,POS_CARD,Y
MERCH002629,Anand Depot,4722,Travel Agencies,Pune,MH,2021-02-01,2037,HIGH,25098.93,T+2,ONLINE_CHECKOUT,Y
MERCH002630,Vertex Stores,5912,Drug Stores / Pharmacies,Ahmedabad,GJ,2023-11-12,1023,LOW,419.25,T+1,ONLINE_CHECKOUT,Y
MERCH002631,Rohan Ventures,5411,Grocery Stores / Supermarkets,Pune,MH,2026-03-25,159,LOW,1092.35,T+1,ONLINE_CHECKOUT,Y
MERCH002632,Rohan & Co,5411,Grocery Stores / Supermarkets,Indore,MP,2021-02-03,2035,LOW,880.59,T+1,ONLINE_CHECKOUT,Y
MERCH002633,Anand Services,5541,Service Stations (Fuel),Delhi,DL,2023-05-22,1197,LOW,1751.53,T+1,POS_CARD,Y
MERCH002634,Nova Supply,5814,Fast Food Restaurants,Jaipur,RJ,2024-12-19,620,LOW,265.12,T+1,QR_INSTORE,Y
MERCH002635,Vertex Hub,5541,Service Stations (Fuel),Jaipur,RJ,2026-05-11,112,LOW,910.02,T+1,QR_INSTORE,Y
MERCH002636,Anand Stores,4900,Utilities - Electric/Gas/Water,Kolkata,WB,2024-01-07,967,LOW,1907.95,T+0,POS_CARD,Y
MERCH002637,Aster & Co,4900,Utilities - Electric/Gas/Water,Lucknow,UP,2021-09-29,1797,LOW,1754.24,T+1,QR_INSTORE,Y
MERCH002638,Anand Depot,5411,Grocery Stores / Supermarkets,Pune,MH,2022-08-16,1476,LOW,668.44,T+1,QR_INSTORE,Y
MERCH002639,Urban & Co,5814,Fast Food Restaurants,Kochi,KL,2025-12-12,262,LOW,161.47,T+1,QR_INSTORE,Y
MERCH002640,Nova & Co,4900,Utilities - Electric/Gas/Water,Ahmedabad,GJ,2023-12-07,998,LOW,2085.85,T+1,POS_CARD,Y
MERCH002641,Urban Traders,5732,Electronics Stores,Nagpur,MH,2025-02-17,560,MEDIUM,10357.41,T+1,ONLINE_CHECKOUT,Y
MERCH002642,Vertex & Co,5814,Fast Food Restaurants,Lucknow,UP,2025-05-23,465,LOW,340.47,T+1,POS_CARD,Y
MERCH002643,Vertex Ventures,5732,Electronics Stores,Kolkata,WB,2022-05-21,1563,MEDIUM,10852.77,T+1,POS_CARD,Y
MERCH002644,Kalpana Enterprises,5814,Fast Food Restaurants,Mumbai,MH,2023-05-16,1203,LOW,373.3,T+1,POS_CARD,Y
MERCH002645,Vertex Supply,5912,Drug Stores / Pharmacies,Mumbai,MH,2023-09-30,1066,LOW,315.19,T+1,ONLINE_CHECKOUT,Y
MERCH002646,Rohan Supply,5814,Fast Food Restaurants,Chandigarh,CH,2025-04-08,510,LOW,167.21,T+1,QR_INSTORE,Y
MERCH002647,Rohan Ventures,6051,Quasi-Cash / Wallet Load,Mumbai,MH,2025-02-08,569,HIGH,5322.38,T+1,ONLINE_CHECKOUT,Y
MERCH002648,Bharat Hub,7011,Hotels / Lodging,Guwahati,AS,2020-11-08,2122,MEDIUM,6952.06,T+1,POS_CARD,Y
MERCH002649,Sagar Retail,4900,Utilities - Electric/Gas/Water,Mumbai,MH,2021-05-15,1934,LOW,2183.75,T+2,ONLINE_CHECKOUT,Y
MERCH002650,Aster Hub,5411,Grocery Stores / Supermarkets,Panaji,GA,2022-05-08,1576,LOW,850.26,T+2,ONLINE_CHECKOUT,Y
MERCH002651,Nimbus Stores,5651,Family Clothing Stores,Panaji,GA,2023-01-22,1317,MEDIUM,2212.15,T+1,QR_INSTORE,Y
MERCH002652,Urban Mart,5411,Grocery Stores / Supermarkets,Indore,MP,2021-11-09,1756,LOW,571.25,T+1,QR_INSTORE,Y
MERCH002653,Bharat Stores,5541,Service Stations (Fuel),Guwahati,AS,2026-06-18,74,MEDIUM,981.66,T+1,QR_INSTORE,Y
MERCH002654,Urban Hub,4900,Utilities - Electric/Gas/Water,Ahmedabad,GJ,2024-06-24,798,LOW,2233.2,T+1,POS_CARD,Y
MERCH002655,Urban Retail,4900,Utilities - Electric/Gas/Water,Hyderabad,TG,2021-09-01,1825,LOW,2303.05,T+2,ONLINE_CHECKOUT,Y
MERCH002656,Nova Solutions,5912,Drug Stores / Pharmacies,Chennai,TN,2026-04-30,123,LOW,371.34,T+1,QR_INSTORE,Y
MERCH002657,Bharat & Co,5912,Drug Stores / Pharmacies,Panaji,GA,2023-02-02,1306,LOW,672.24,T+1,ONLINE_CHECKOUT,Y
MERCH002658,Rohan Depot,5814,Fast Food Restaurants,Panaji,GA,2023-01-26,1313,LOW,329.62,T+1,ONLINE_CHECKOUT,Y
MERCH002659,Metro Ventures,5541,Service Stations (Fuel),Lucknow,UP,2024-11-06,663,LOW,1943.47,T+1,ONLINE_CHECKOUT,Y
MERCH002660,Rohan Ventures,6051,Quasi-Cash / Wallet Load,Guwahati,AS,2025-08-16,380,HIGH,6199.92,T+1,ONLINE_CHECKOUT,Y
MERCH002661,Metro Stores,5651,Family Clothing Stores,Chennai,TN,2024-09-17,713,MEDIUM,1878.48,T+2,POS_CARD,Y
MERCH002662,Kalpana Traders,5732,Electronics Stores,Guwahati,AS,2024-01-10,964,MEDIUM,12592.1,T+1,QR_INSTORE,Y
MERCH002663,Prime Stores,7011,Hotels / Lodging,Chennai,TN,2025-12-08,266,MEDIUM,5936.79,T+2,QR_INSTORE,Y
MERCH002664,Bharat Hub,6051,Quasi-Cash / Wallet Load,Kolkata,WB,2024-03-14,900,HIGH,3790.72,T+2,QR_INSTORE,Y
MERCH002665,Krishna Stores,5651,Family Clothing Stores,Nagpur,MH,2026-02-16,196,MEDIUM,1545.65,T+1,ONLINE_CHECKOUT,Y
MERCH002666,Nova Solutions,5912,Drug Stores / Pharmacies,Mumbai,MH,2022-08-11,1481,LOW,427.35,T+1,ONLINE_CHECKOUT,Y
MERCH002667,Krishna Solutions,5912,Drug Stores / Pharmacies,Mumbai,MH,2022-02-21,1652,LOW,388.2,T+1,ONLINE_CHECKOUT,Y
MERCH002668,Urban Solutions,5814,Fast Food Restaurants,Pune,MH,2026-02-09,203,LOW,173.71,T+1,ONLINE_CHECKOUT,Y
MERCH002669,Kalpana Hub,5814,Fast Food Restaurants,Delhi,DL,2022-03-06,1639,LOW,226.8,T+1,ONLINE_CHECKOUT,Y
MERCH002670,Urban & Co,5912,Drug Stores / Pharmacies,Nagpur,MH,2023-10-11,1055,LOW,663.11,T+2,QR_INSTORE,Y
MERCH002671,Shree Retail,4900,Utilities - Electric/Gas/Water,Indore,MP,2024-09-22,708,LOW,2595.61,T+1,QR_INSTORE,N
MERCH002672,Zenith Traders,4900,Utilities - Electric/Gas/Water,Jaipur,RJ,2025-08-25,371,LOW,1998.38,T+1,POS_CARD,Y
MERCH002673,Vertex Retail,5541,Service Stations (Fuel),Hyderabad,TG,2025-08-17,379,LOW,1238.2,T+1,QR_INSTORE,Y
MERCH002674,Vertex Solutions,4121,Taxicabs / Ride Hailing,Kochi,KL,2026-06-18,74,MEDIUM,355.55,T+1,ONLINE_CHECKOUT,Y
MERCH002675,Vertex Mart,5411,Grocery Stores / Supermarkets,Lucknow,UP,2025-11-11,293,LOW,608.07,T+1,QR_INSTORE,Y
MERCH002676,Bharat Solutions,5651,Family Clothing Stores,Delhi,DL,2021-02-26,2012,MEDIUM,2456.5,T+2,QR_INSTORE,Y
MERCH002677,Prime Ventures,5651,Family Clothing Stores,Kolkata,WB,2025-07-16,411,MEDIUM,1808.12,T+2,QR_INSTORE,Y
MERCH002678,Vertex Depot,5814,Fast Food Restaurants,Pune,MH,2024-02-06,937,LOW,344.09,T+2,QR_INSTORE,Y
MERCH002679,Lakshmi Enterprises,5912,Drug Stores / Pharmacies,Nagpur,MH,2025-01-11,597,LOW,419.89,T+0,ONLINE_CHECKOUT,Y
MERCH002680,Rohan Supply,5411,Grocery Stores / Supermarkets,Mumbai,MH,2021-05-23,1926,LOW,823.05,T+0,QR_INSTORE,N
MERCH002681,Anand Traders,5732,Electronics Stores,Chennai,TN,2025-06-27,430,MEDIUM,9862.31,T+1,QR_INSTORE,Y
MERCH002682,Sagar Mart,5541,Service Stations (Fuel),Delhi,DL,2025-01-11,597,LOW,1714.31,T+2,QR_INSTORE,Y
MERCH002683,Nimbus Stores,5912,Drug Stores / Pharmacies,Bengaluru,KA,2022-02-22,1651,LOW,680.7,T+1,QR_INSTORE,Y
MERCH002684,Kalpana Stores,5999,Miscellaneous Retail,Hyderabad,TG,2022-06-05,1548,MEDIUM,1231.53,T+2,POS_CARD,Y
MERCH002685,Lakshmi Supply,4722,Travel Agencies,Chennai,TN,2026-04-01,152,HIGH,14375.52,T+1,ONLINE_CHECKOUT,Y
MERCH002686,Bharat Supply,4121,Taxicabs / Ride Hailing,Chennai,TN,2022-06-17,1536,LOW,152.51,T+1,ONLINE_CHECKOUT,Y
MERCH002687,Aster Enterprises,4900,Utilities - Electric/Gas/Water,Nagpur,MH,2021-08-16,1841,LOW,2597.87,T+2,QR_INSTORE,Y
MERCH002688,Zenith Stores,5814,Fast Food Restaurants,Chennai,TN,2023-05-01,1218,LOW,336.51,T+1,POS_CARD,Y
MERCH002689,Shree Supply,5411,Grocery Stores / Supermarkets,Mumbai,MH,2022-12-27,1343,LOW,1224.61,T+1,QR_INSTORE,Y
MERCH002690,Nimbus Services,5732,Electronics Stores,Panaji,GA,2022-06-04,1549,MEDIUM,7506.62,T+1,POS_CARD,Y
MERCH002691,Nova Mart,4900,Utilities - Electric/Gas/Water,Lucknow,UP,2022-01-11,1693,LOW,1764.65,T+1,QR_INSTORE,Y
MERCH002692,Vertex Hub,4900,Utilities - Electric/Gas/Water,Pune,MH,2026-07-26,36,MEDIUM,2329.85,T+1,ONLINE_CHECKOUT,Y
MERCH002693,Bharat Enterprises,4900,Utilities - Electric/Gas/Water,Pune,MH,2023-05-27,1192,LOW,2405.79,T+1,QR_INSTORE,Y
MERCH002694,Zenith Stores,5999,Miscellaneous Retail,Guwahati,AS,2026-06-20,72,HIGH,575.05,T+1,QR_INSTORE,Y
MERCH002695,Bharat Retail,5651,Family Clothing Stores,Pune,MH,2022-08-17,1475,MEDIUM,2211.03,T+1,ONLINE_CHECKOUT,Y
MERCH002696,Lakshmi Supply,4722,Travel Agencies,Delhi,DL,2022-04-03,1611,HIGH,28607.9,T+0,ONLINE_CHECKOUT,Y
MERCH002697,Nimbus Mart,5999,Miscellaneous Retail,Kolkata,WB,2024-09-09,721,MEDIUM,1408.46,T+1,POS_CARD,Y
MERCH002698,Krishna Depot,5912,Drug Stores / Pharmacies,Ahmedabad,GJ,2026-07-16,46,MEDIUM,687.55,T+1,ONLINE_CHECKOUT,Y
MERCH002699,Vertex & Co,5732,Electronics Stores,Guwahati,AS,2020-12-14,2086,MEDIUM,15249.96,T+1,ONLINE_CHECKOUT,Y
MERCH002700,Metro Stores,5541,Service Stations (Fuel),Indore,MP,2024-04-29,854,LOW,1717.26,T+2,QR_INSTORE,Y
MERCH002701,Vertex Enterprises,5814,Fast Food Restaurants,Delhi,DL,2026-04-13,140,LOW,246.87,T+1,ONLINE_CHECKOUT,Y
MERCH002702,Rohan Depot,5912,Drug Stores / Pharmacies,Guwahati,AS,2022-01-15,1689,LOW,569.76,T+2,POS_CARD,Y
MERCH002703,Urban Solutions,5651,Family Clothing Stores,Guwahati,AS,2021-04-04,1975,MEDIUM,2022.28,T+1,QR_INSTORE,Y
MERCH002704,Aster Ventures,5732,Electronics Stores,Chennai,TN,2025-05-07,481,MEDIUM,7586.93,T+2,QR_INSTORE,Y
MERCH002705,Zenith Ventures,5814,Fast Food Restaurants,Ahmedabad,GJ,2026-03-29,155,LOW,289.35,T+1,QR_INSTORE,Y
MERCH002706,Nimbus Stores,5541,Service Stations (Fuel),Delhi,DL,2021-05-07,1942,LOW,1011.12,T+2,POS_CARD,Y
MERCH002707,Zenith Stores,5912,Drug Stores / Pharmacies,Guwahati,AS,2021-12-14,1721,LOW,640.51,T+1,ONLINE_CHECKOUT,Y
MERCH002708,Sagar Ventures,7011,Hotels / Lodging,Jaipur,RJ,2023-07-13,1145,MEDIUM,5924.53,T+1,QR_INSTORE,Y
MERCH002709,Metro Enterprises,5541,Service Stations (Fuel),Panaji,GA,2023-06-08,1180,LOW,1693.27,T+1,ONLINE_CHECKOUT,Y
MERCH002710,Anand Stores,4121,Taxicabs / Ride Hailing,Mumbai,MH,2021-06-06,1912,LOW,202.08,T+1,ONLINE_CHECKOUT,Y
MERCH002711,Metro Hub,5999,Miscellaneous Retail,Jaipur,RJ,2026-03-27,157,MEDIUM,1227.53,T+1,ONLINE_CHECKOUT,Y
MERCH002712,Krishna Solutions,4900,Utilities - Electric/Gas/Water,Pune,MH,2024-09-10,720,LOW,1885.75,T+1,POS_CARD,Y
MERCH002713,Vertex Supply,5814,Fast Food Restaurants,Pune,MH,2022-03-25,1620,LOW,342.09,T+2,ONLINE_CHECKOUT,Y
MERCH002714,Lakshmi Mart,4121,Taxicabs / Ride Hailing,Kochi,KL,2026-05-27,96,LOW,231.35,T+1,POS_CARD,Y
MERCH002715,Kalpana & Co,5732,Electronics Stores,Ahmedabad,GJ,2025-07-25,402,MEDIUM,12073.56,T+1,ONLINE_CHECKOUT,Y
MERCH002716,Urban Enterprises,5814,Fast Food Restaurants,Panaji,GA,2023-09-12,1084,LOW,208.33,T+1,ONLINE_CHECKOUT,Y
MERCH002717,Prime Retail,5999,Miscellaneous Retail,Kochi,KL,2023-03-31,1249,MEDIUM,1267.87,T+1,POS_CARD,Y
MERCH002718,Nova Solutions,7011,Hotels / Lodging,Nagpur,MH,2024-02-22,921,LOW,4339.33,T+2,POS_CARD,Y
MERCH002719,Bharat Traders,5912,Drug Stores / Pharmacies,Pune,MH,2022-08-20,1472,LOW,730.6,T+1,QR_INSTORE,Y
MERCH002720,Rohan Mart,5651,Family Clothing Stores,Nagpur,MH,2022-05-08,1576,MEDIUM,1826.24,T+1,ONLINE_CHECKOUT,Y
MERCH002721,Bharat Traders,5999,Miscellaneous Retail,Pune,MH,2021-04-25,1954,MEDIUM,675.4,T+1,ONLINE_CHECKOUT,Y
MERCH002722,Anand Retail,5541,Service Stations (Fuel),Jaipur,RJ,2023-03-05,1275,LOW,1635.2,T+2,ONLINE_CHECKOUT,Y
MERCH002723,Bharat Solutions,5814,Fast Food Restaurants,Hyderabad,TG,2022-05-22,1562,LOW,226.62,T+1,POS_CARD,Y
MERCH002724,Prime Depot,5814,Fast Food Restaurants,Pune,MH,2025-11-17,287,LOW,364.1,T+1,POS_CARD,Y
MERCH002725,Kalpana Ventures,5651,Family Clothing Stores,Delhi,DL,2021-01-28,2041,MEDIUM,1615.86,T+1,QR_INSTORE,Y
MERCH002726,Rohan Supply,5814,Fast Food Restaurants,Kolkata,WB,2020-10-23,2138,LOW,328.88,T+0,POS_CARD,Y
MERCH002727,Prime Ventures,5999,Miscellaneous Retail,Delhi,DL,2026-08-04,27,HIGH,680.84,T+2,POS_CARD,Y
MERCH002728,Shree Supply,5411,Grocery Stores / Supermarkets,Hyderabad,TG,2025-01-10,598,LOW,857.01,T+1,POS_CARD,Y
MERCH002729,Nimbus Stores,5814,Fast Food Restaurants,Mumbai,MH,2022-06-21,1532,LOW,314.63,T+1,POS_CARD,Y
MERCH002730,Urban Supply,5732,Electronics Stores,Jaipur,RJ,2024-02-10,933,MEDIUM,14994.88,T+1,ONLINE_CHECKOUT,Y
MERCH002731,Lakshmi Depot,5814,Fast Food Restaurants,Panaji,GA,2023-02-05,1303,LOW,286.96,T+1,QR_INSTORE,Y
MERCH002732,Nimbus Hub,4722,Travel Agencies,Guwahati,AS,2023-10-02,1064,HIGH,32239.79,T+1,QR_INSTORE,Y
MERCH002733,Shree Retail,4121,Taxicabs / Ride Hailing,Nagpur,MH,2022-12-11,1359,LOW,213.19,T+0,QR_INSTORE,Y
MERCH002734,Rohan & Co,6051,Quasi-Cash / Wallet Load,Chennai,TN,2022-08-02,1490,HIGH,7072.46,T+1,QR_INSTORE,Y
MERCH002735,Vertex Hub,4900,Utilities - Electric/Gas/Water,Delhi,DL,2023-12-17,988,LOW,2815.17,T+2,POS_CARD,Y
MERCH002736,Bharat Supply,7011,Hotels / Lodging,Lucknow,UP,2023-12-30,975,MEDIUM,7432.81,T+1,ONLINE_CHECKOUT,Y
MERCH002737,Sagar Traders,4900,Utilities - Electric/Gas/Water,Jaipur,RJ,2023-04-20,1229,LOW,1371.47,T+1,ONLINE_CHECKOUT,Y
MERCH002738,Nova & Co,5814,Fast Food Restaurants,Chandigarh,CH,2024-12-19,620,LOW,307.32,T+1,QR_INSTORE,Y
MERCH002739,Aster Solutions,4900,Utilities - Electric/Gas/Water,Lucknow,UP,2021-03-26,1984,LOW,1173.77,T+1,QR_INSTORE,Y
MERCH002740,Sagar Mart,5541,Service Stations (Fuel),Pune,MH,2023-07-16,1142,LOW,978.66,T+1,QR_INSTORE,Y
MERCH002741,Lakshmi Traders,5814,Fast Food Restaurants,Pune,MH,2025-11-10,294,LOW,383.84,T+0,QR_INSTORE,Y
MERCH002742,Kalpana Depot,5541,Service Stations (Fuel),Delhi,DL,2021-02-25,2013,LOW,1825.0,T+1,ONLINE_CHECKOUT,Y
MERCH002743,Bharat Hub,5732,Electronics Stores,Indore,MP,2021-11-29,1736,MEDIUM,14622.93,T+1,POS_CARD,Y
MERCH002744,Nimbus Hub,5411,Grocery Stores / Supermarkets,Hyderabad,TG,2026-07-29,33,MEDIUM,827.77,T+1,POS_CARD,Y
MERCH002745,Nova Enterprises,5651,Family Clothing Stores,Delhi,DL,2024-10-20,680,MEDIUM,2552.27,T+1,QR_INSTORE,Y
MERCH002746,Kalpana Supply,4121,Taxicabs / Ride Hailing,Kolkata,WB,2025-03-16,533,LOW,218.08,T+1,ONLINE_CHECKOUT,Y
MERCH002747,Krishna Traders,5541,Service Stations (Fuel),Pune,MH,2020-09-02,2189,LOW,934.28,T+1,POS_CARD,Y
MERCH002748,Nimbus Traders,5541,Service Stations (Fuel),Nagpur,MH,2024-10-22,678,LOW,1169.78,T+1,QR_INSTORE,Y
MERCH002749,Prime Ventures,5651,Family Clothing Stores,Indore,MP,2023-06-09,1179,MEDIUM,1753.77,T+1,ONLINE_CHECKOUT,Y
MERCH002750,Shree Retail,5411,Grocery Stores / Supermarkets,Kolkata,WB,2024-03-08,906,LOW,967.65,T+1,ONLINE_CHECKOUT,Y
MERCH002751,Sagar Supply,5999,Miscellaneous Retail,Indore,MP,2022-05-12,1572,MEDIUM,805.18,T+1,QR_INSTORE,Y
MERCH002752,Sagar & Co,5814,Fast Food Restaurants,Nagpur,MH,2025-09-20,345,LOW,354.64,T+2,ONLINE_CHECKOUT,Y
MERCH002753,Prime & Co,4722,Travel Agencies,Pune,MH,2023-05-23,1196,HIGH,14840.5,T+1,QR_INSTORE,Y
MERCH002754,Lakshmi Enterprises,4900,Utilities - Electric/Gas/Water,Nagpur,MH,2024-04-21,862,LOW,1697.34,T+1,QR_INSTORE,Y
MERCH002755,Rohan Retail,4722,Travel Agencies,Guwahati,AS,2021-02-11,2027,HIGH,24230.49,T+1,ONLINE_CHECKOUT,Y
MERCH002756,Krishna Mart,5411,Grocery Stores / Supermarkets,Guwahati,AS,2026-07-25,37,MEDIUM,761.33,T+1,QR_INSTORE,Y
MERCH002757,Shree Supply,5999,Miscellaneous Retail,Jaipur,RJ,2021-08-31,1826,MEDIUM,877.1,T+0,QR_INSTORE,Y
MERCH002758,Krishna Stores,5651,Family Clothing Stores,Guwahati,AS,2021-03-05,2005,MEDIUM,2189.13,T+1,ONLINE_CHECKOUT,Y
MERCH002759,Krishna Services,5411,Grocery Stores / Supermarkets,Indore,MP,2023-08-05,1122,LOW,794.02,T+1,QR_INSTORE,Y
MERCH002760,Anand Hub,5967,Direct Marketing - Inbound,Pune,MH,2024-06-06,816,HIGH,1689.3,T+2,QR_INSTORE,Y
MERCH002761,Nimbus Stores,4900,Utilities - Electric/Gas/Water,Kolkata,WB,2025-10-29,306,LOW,2521.73,T+1,QR_INSTORE,Y
MERCH002762,Aster Depot,5814,Fast Food Restaurants,Nagpur,MH,2020-09-07,2184,LOW,260.24,T+1,QR_INSTORE,Y
MERCH002763,Aster Enterprises,5411,Grocery Stores / Supermarkets,Kochi,KL,2022-12-28,1342,LOW,1208.56,T+2,QR_INSTORE,Y
MERCH002764,Rohan Stores,5651,Family Clothing Stores,Jaipur,RJ,2023-03-02,1278,MEDIUM,2186.66,T+1,QR_INSTORE,Y
MERCH002765,Bharat & Co,5814,Fast Food Restaurants,Mumbai,MH,2023-03-04,1276,LOW,284.1,T+1,QR_INSTORE,Y
MERCH002766,Metro Stores,7011,Hotels / Lodging,Delhi,DL,2023-12-08,997,MEDIUM,9100.98,T+1,QR_INSTORE,Y
MERCH002767,Vertex Stores,5651,Family Clothing Stores,Bengaluru,KA,2022-07-06,1517,MEDIUM,1637.0,T+1,QR_INSTORE,Y
MERCH002768,Rohan Hub,5732,Electronics Stores,Kolkata,WB,2023-09-08,1088,MEDIUM,15398.88,T+1,ONLINE_CHECKOUT,Y
MERCH002769,Zenith Supply,5814,Fast Food Restaurants,Bengaluru,KA,2025-11-07,297,LOW,302.02,T+2,ONLINE_CHECKOUT,Y
MERCH002770,Krishna Depot,4121,Taxicabs / Ride Hailing,Lucknow,UP,2021-10-18,1778,LOW,300.13,T+1,POS_CARD,Y
MERCH002771,Vertex & Co,5411,Grocery Stores / Supermarkets,Kolkata,WB,2021-04-23,1956,LOW,1245.11,T+1,QR_INSTORE,Y
MERCH002772,Sagar Traders,5732,Electronics Stores,Bengaluru,KA,2025-07-22,405,MEDIUM,10653.45,T+1,QR_INSTORE,Y
MERCH002773,Anand Supply,5411,Grocery Stores / Supermarkets,Mumbai,MH,2023-05-08,1211,LOW,1046.85,T+2,ONLINE_CHECKOUT,Y
MERCH002774,Bharat Traders,5411,Grocery Stores / Supermarkets,Indore,MP,2023-08-15,1112,LOW,630.01,T+1,POS_CARD,Y
MERCH002775,Sagar Services,5651,Family Clothing Stores,Lucknow,UP,2024-11-17,652,MEDIUM,2541.71,T+1,ONLINE_CHECKOUT,Y
MERCH002776,Aster Mart,5999,Miscellaneous Retail,Mumbai,MH,2023-07-25,1133,MEDIUM,822.62,T+1,POS_CARD,Y
MERCH002777,Prime Mart,5541,Service Stations (Fuel),Chennai,TN,2020-12-08,2092,LOW,1538.15,T+2,QR_INSTORE,Y
MERCH002778,Shree Ventures,5912,Drug Stores / Pharmacies,Bengaluru,KA,2020-12-09,2091,LOW,325.93,T+1,QR_INSTORE,Y
MERCH002779,Vertex Supply,4722,Travel Agencies,Kolkata,WB,2021-02-06,2032,HIGH,14601.99,T+1,ONLINE_CHECKOUT,Y
MERCH002780,Metro Retail,5732,Electronics Stores,Indore,MP,2024-09-05,725,MEDIUM,12287.63,T+1,QR_INSTORE,Y
MERCH002781,Aster Services,5814,Fast Food Restaurants,Lucknow,UP,2026-05-27,96,LOW,198.89,T+2,ONLINE_CHECKOUT,Y
MERCH002782,Krishna Supply,5732,Electronics Stores,Bengaluru,KA,2021-10-17,1779,MEDIUM,9357.59,T+2,QR_INSTORE,Y
MERCH002783,Nimbus Hub,4900,Utilities - Electric/Gas/Water,Ahmedabad,GJ,2025-02-13,564,LOW,2824.16,T+1,QR_INSTORE,Y
MERCH002784,Rohan Services,5999,Miscellaneous Retail,Chandigarh,CH,2026-01-04,239,MEDIUM,941.55,T+2,ONLINE_CHECKOUT,Y
MERCH002785,Lakshmi Services,7011,Hotels / Lodging,Panaji,GA,2022-11-19,1381,MEDIUM,9046.87,T+2,ONLINE_CHECKOUT,Y
MERCH002786,Urban Traders,6051,Quasi-Cash / Wallet Load,Hyderabad,TG,2022-11-14,1386,HIGH,6819.14,T+2,QR_INSTORE,Y
MERCH002787,Prime & Co,5814,Fast Food Restaurants,Kolkata,WB,2021-06-18,1900,LOW,245.74,T+0,POS_CARD,Y
MERCH002788,Sagar Enterprises,5912,Drug Stores / Pharmacies,Kochi,KL,2024-11-07,662,LOW,531.83,T+0,QR_INSTORE,Y
MERCH002789,Nova Services,4900,Utilities - Electric/Gas/Water,Mumbai,MH,2021-01-22,2047,LOW,2511.06,T+1,ONLINE_CHECKOUT,Y
MERCH002790,Bharat Enterprises,5411,Grocery Stores / Supermarkets,Nagpur,MH,2022-11-11,1389,LOW,979.82,T+1,QR_INSTORE,Y
MERCH002791,Lakshmi Traders,5411,Grocery Stores / Supermarkets,Jaipur,RJ,2024-09-20,710,LOW,580.59,T+0,QR_INSTORE,Y
MERCH002792,Prime Stores,5912,Drug Stores / Pharmacies,Indore,MP,2025-02-27,550,LOW,743.32,T+1,ONLINE_CHECKOUT,Y
MERCH002793,Zenith Ventures,5541,Service Stations (Fuel),Panaji,GA,2024-07-06,786,LOW,969.69,T+1,QR_INSTORE,Y
MERCH002794,Rohan Hub,5912,Drug Stores / Pharmacies,Delhi,DL,2026-03-29,155,LOW,340.92,T+1,QR_INSTORE,Y
MERCH002795,Kalpana Services,5541,Service Stations (Fuel),Hyderabad,TG,2026-02-23,189,LOW,1691.43,T+2,POS_CARD,Y
MERCH002796,Sagar & Co,7011,Hotels / Lodging,Kochi,KL,2021-10-30,1766,MEDIUM,9253.79,T+1,POS_CARD,Y
MERCH002797,Kalpana Services,5912,Drug Stores / Pharmacies,Jaipur,RJ,2023-04-27,1222,LOW,386.32,T+1,QR_INSTORE,Y
MERCH002798,Prime Mart,4722,Travel Agencies,Pune,MH,2021-02-13,2025,HIGH,18747.93,T+1,ONLINE_CHECKOUT,Y
MERCH002799,Nimbus Hub,4121,Taxicabs / Ride Hailing,Delhi,DL,2022-09-28,1433,LOW,298.73,T+1,POS_CARD,Y
MERCH002800,Metro Hub,4900,Utilities - Electric/Gas/Water,Nagpur,MH,2024-01-16,958,LOW,2751.52,T+1,ONLINE_CHECKOUT,Y
MERCH002801,Sagar Stores,5814,Fast Food Restaurants,Bengaluru,KA,2025-06-19,438,LOW,301.03,T+1,ONLINE_CHECKOUT,Y
MERCH002802,Rohan Traders,5814,Fast Food Restaurants,Nagpur,MH,2020-09-09,2182,LOW,193.27,T+1,POS_CARD,Y
MERCH002803,Urban Solutions,4121,Taxicabs / Ride Hailing,Nagpur,MH,2024-07-04,788,LOW,295.54,T+1,ONLINE_CHECKOUT,Y
MERCH002804,Shree Enterprises,4900,Utilities - Electric/Gas/Water,Panaji,GA,2026-03-01,183,LOW,1432.99,T+1,ONLINE_CHECKOUT,Y
MERCH002805,Nova Enterprises,5999,Miscellaneous Retail,Chandigarh,CH,2024-11-27,642,MEDIUM,1078.04,T+2,QR_INSTORE,Y
MERCH002806,Krishna Stores,5999,Miscellaneous Retail,Hyderabad,TG,2023-08-28,1099,MEDIUM,1172.25,T+1,QR_INSTORE,N
MERCH002807,Anand Services,5411,Grocery Stores / Supermarkets,Pune,MH,2020-10-01,2160,LOW,1258.96,T+1,QR_INSTORE,Y
MERCH002808,Vertex Retail,6051,Quasi-Cash / Wallet Load,Lucknow,UP,2025-06-26,431,HIGH,6953.29,T+1,ONLINE_CHECKOUT,Y
MERCH002809,Bharat Enterprises,4722,Travel Agencies,Nagpur,MH,2024-04-30,853,HIGH,16910.44,T+2,QR_INSTORE,Y
MERCH002810,Shree Retail,5411,Grocery Stores / Supermarkets,Bengaluru,KA,2026-04-30,123,LOW,842.79,T+1,QR_INSTORE,N
MERCH002811,Nova Retail,5814,Fast Food Restaurants,Kochi,KL,2026-04-07,146,LOW,212.0,T+1,POS_CARD,Y
MERCH002812,Krishna Solutions,5912,Drug Stores / Pharmacies,Chandigarh,CH,2022-07-22,1501,LOW,365.86,T+1,QR_INSTORE,Y
MERCH002813,Prime Hub,5411,Grocery Stores / Supermarkets,Ahmedabad,GJ,2024-08-30,731,LOW,1108.75,T+1,QR_INSTORE,Y
MERCH002814,Aster Services,5411,Grocery Stores / Supermarkets,Jaipur,RJ,2025-04-17,501,LOW,683.38,T+2,ONLINE_CHECKOUT,Y
MERCH002815,Aster Retail,5411,Grocery Stores / Supermarkets,Pune,MH,2025-04-10,508,LOW,1038.2,T+0,QR_INSTORE,Y
MERCH002816,Bharat Hub,5411,Grocery Stores / Supermarkets,Panaji,GA,2025-05-08,480,LOW,910.12,T+1,POS_CARD,Y
MERCH002817,Metro Services,5541,Service Stations (Fuel),Bengaluru,KA,2025-08-09,387,LOW,1944.39,T+1,ONLINE_CHECKOUT,Y
MERCH002818,Urban Solutions,7011,Hotels / Lodging,Mumbai,MH,2021-05-31,1918,MEDIUM,5466.61,T+1,QR_INSTORE,Y
MERCH002819,Krishna Hub,5912,Drug Stores / Pharmacies,Kolkata,WB,2021-04-15,1964,LOW,639.56,T+1,ONLINE_CHECKOUT,Y
MERCH002820,Prime Traders,5651,Family Clothing Stores,Hyderabad,TG,2021-07-08,1880,MEDIUM,1639.04,T+1,ONLINE_CHECKOUT,Y
MERCH002821,Urban Traders,4121,Taxicabs / Ride Hailing,Chandigarh,CH,2022-01-28,1676,LOW,245.83,T+1,QR_INSTORE,Y
MERCH002822,Prime Mart,5814,Fast Food Restaurants,Chennai,TN,2026-07-22,40,MEDIUM,359.91,T+1,ONLINE_CHECKOUT,Y
MERCH002823,Shree Traders,4722,Travel Agencies,Mumbai,MH,2021-08-27,1830,HIGH,20174.13,T+1,QR_INSTORE,Y
MERCH002824,Rohan Hub,4121,Taxicabs / Ride Hailing,Kolkata,WB,2021-12-29,1706,LOW,212.72,T+1,ONLINE_CHECKOUT,Y
MERCH002825,Kalpana Enterprises,5411,Grocery Stores / Supermarkets,Pune,MH,2025-01-30,578,LOW,858.69,T+1,POS_CARD,Y
MERCH002826,Krishna Hub,5651,Family Clothing Stores,Delhi,DL,2021-07-19,1869,MEDIUM,1135.51,T+1,ONLINE_CHECKOUT,Y
MERCH002827,Metro Enterprises,5411,Grocery Stores / Supermarkets,Guwahati,AS,2025-09-13,352,LOW,1005.89,T+1,QR_INSTORE,Y
MERCH002828,Urban Supply,5999,Miscellaneous Retail,Ahmedabad,GJ,2021-12-31,1704,MEDIUM,970.99,T+1,ONLINE_CHECKOUT,Y
MERCH002829,Shree Solutions,5814,Fast Food Restaurants,Guwahati,AS,2025-10-26,309,LOW,388.89,T+1,QR_INSTORE,Y
MERCH002830,Krishna Stores,5912,Drug Stores / Pharmacies,Chandigarh,CH,2022-03-02,1643,LOW,708.53,T+1,ONLINE_CHECKOUT,Y
MERCH002831,Prime Solutions,6051,Quasi-Cash / Wallet Load,Ahmedabad,GJ,2020-11-15,2115,HIGH,4096.61,T+1,QR_INSTORE,Y
MERCH002832,Lakshmi Services,5999,Miscellaneous Retail,Mumbai,MH,2020-09-02,2189,MEDIUM,861.6,T+1,POS_CARD,Y
MERCH002833,Shree Stores,5999,Miscellaneous Retail,Kochi,KL,2020-12-23,2077,MEDIUM,736.44,T+1,POS_CARD,Y
MERCH002834,Nova Hub,5732,Electronics Stores,Lucknow,UP,2021-03-22,1988,MEDIUM,16245.18,T+1,POS_CARD,N
MERCH002835,Bharat Services,5411,Grocery Stores / Supermarkets,Indore,MP,2024-05-26,827,LOW,1173.9,T+1,ONLINE_CHECKOUT,Y
MERCH002836,Kalpana Traders,4121,Taxicabs / Ride Hailing,Ahmedabad,GJ,2024-05-23,830,LOW,279.73,T+1,ONLINE_CHECKOUT,Y
MERCH002837,Krishna Retail,4121,Taxicabs / Ride Hailing,Chennai,TN,2024-12-25,614,LOW,320.37,T+1,ONLINE_CHECKOUT,Y
MERCH002838,Kalpana & Co,4900,Utilities - Electric/Gas/Water,Chennai,TN,2026-04-02,151,LOW,2652.33,T+1,POS_CARD,Y
MERCH002839,Aster Hub,5999,Miscellaneous Retail,Hyderabad,TG,2022-08-28,1464,MEDIUM,689.35,T+1,POS_CARD,Y
MERCH002840,Lakshmi Traders,4121,Taxicabs / Ride Hailing,Nagpur,MH,2022-11-21,1379,LOW,329.64,T+1,QR_INSTORE,Y
MERCH002841,Kalpana Solutions,5411,Grocery Stores / Supermarkets,Kochi,KL,2025-10-07,328,LOW,1091.58,T+1,QR_INSTORE,Y
MERCH002842,Nimbus & Co,5411,Grocery Stores / Supermarkets,Bengaluru,KA,2023-12-25,980,LOW,870.21,T+1,ONLINE_CHECKOUT,Y
MERCH002843,Nimbus Mart,5411,Grocery Stores / Supermarkets,Panaji,GA,2022-08-27,1465,LOW,985.05,T+1,ONLINE_CHECKOUT,Y
MERCH002844,Aster Supply,6051,Quasi-Cash / Wallet Load,Kochi,KL,2023-06-25,1163,HIGH,5198.97,T+1,QR_INSTORE,Y
MERCH002845,Anand Stores,4121,Taxicabs / Ride Hailing,Ahmedabad,GJ,2024-01-18,956,LOW,188.4,T+1,QR_INSTORE,Y
MERCH002846,Prime Solutions,7995,Betting / Gaming,Kochi,KL,2020-11-25,2105,HIGH,2224.41,T+1,QR_INSTORE,Y
MERCH002847,Kalpana & Co,4900,Utilities - Electric/Gas/Water,Bengaluru,KA,2025-01-12,596,LOW,1392.15,T+1,QR_INSTORE,Y
MERCH002848,Shree Solutions,5411,Grocery Stores / Supermarkets,Guwahati,AS,2023-05-20,1199,LOW,1014.26,T+1,QR_INSTORE,Y
MERCH002849,Vertex Mart,5541,Service Stations (Fuel),Hyderabad,TG,2022-06-16,1537,LOW,1985.61,T+1,QR_INSTORE,Y
MERCH002850,Urban Solutions,7995,Betting / Gaming,Kolkata,WB,2023-11-05,1030,HIGH,4696.31,T+2,ONLINE_CHECKOUT,Y
MERCH002851,Urban Solutions,4900,Utilities - Electric/Gas/Water,Kolkata,WB,2021-12-18,1717,LOW,1982.24,T+2,POS_CARD,Y
MERCH002852,Metro Enterprises,7011,Hotels / Lodging,Guwahati,AS,2021-04-20,1959,MEDIUM,7027.32,T+2,QR_INSTORE,Y
MERCH002853,Sagar Mart,5651,Family Clothing Stores,Delhi,DL,2023-12-22,983,MEDIUM,1237.84,T+0,ONLINE_CHECKOUT,Y
MERCH002854,Vertex Hub,4722,Travel Agencies,Hyderabad,TG,2021-07-06,1882,HIGH,25739.49,T+1,POS_CARD,Y
MERCH002855,Kalpana Enterprises,5814,Fast Food Restaurants,Chennai,TN,2023-07-13,1145,LOW,185.09,T+0,ONLINE_CHECKOUT,Y
MERCH002856,Prime Hub,5912,Drug Stores / Pharmacies,Nagpur,MH,2023-12-06,999,LOW,630.31,T+2,QR_INSTORE,Y
MERCH002857,Aster Solutions,5912,Drug Stores / Pharmacies,Chennai,TN,2023-03-20,1260,LOW,367.91,T+2,QR_INSTORE,Y
MERCH002858,Nova Traders,4900,Utilities - Electric/Gas/Water,Lucknow,UP,2022-09-28,1433,LOW,2134.68,T+2,POS_CARD,Y
MERCH002859,Bharat & Co,5411,Grocery Stores / Supermarkets,Lucknow,UP,2022-09-01,1460,LOW,1108.39,T+2,QR_INSTORE,Y
MERCH002860,Lakshmi Solutions,4900,Utilities - Electric/Gas/Water,Lucknow,UP,2026-03-11,173,LOW,1915.19,T+2,QR_INSTORE,Y
MERCH002861,Rohan Depot,7011,Hotels / Lodging,Lucknow,UP,2025-07-15,412,MEDIUM,7806.98,T+1,QR_INSTORE,Y
MERCH002862,Vertex Solutions,4900,Utilities - Electric/Gas/Water,Chennai,TN,2021-05-23,1926,LOW,1632.06,T+2,POS_CARD,Y
MERCH002863,Anand Enterprises,5651,Family Clothing Stores,Mumbai,MH,2024-12-24,615,MEDIUM,2524.68,T+1,QR_INSTORE,Y
MERCH002864,Nova Traders,5411,Grocery Stores / Supermarkets,Lucknow,UP,2025-10-26,309,LOW,807.36,T+1,ONLINE_CHECKOUT,Y
MERCH002865,Anand Enterprises,5814,Fast Food Restaurants,Ahmedabad,GJ,2021-06-15,1903,LOW,357.68,T+1,ONLINE_CHECKOUT,Y
MERCH002866,Anand Depot,5912,Drug Stores / Pharmacies,Nagpur,MH,2024-04-11,872,LOW,675.63,T+1,POS_CARD,N
MERCH002867,Rohan Mart,5732,Electronics Stores,Kolkata,WB,2026-06-18,74,HIGH,10473.31,T+2,QR_INSTORE,N
MERCH002868,Urban & Co,5411,Grocery Stores / Supermarkets,Panaji,GA,2021-07-12,1876,LOW,848.81,T+0,POS_CARD,Y
MERCH002869,Sagar Solutions,5541,Service Stations (Fuel),Nagpur,MH,2025-04-16,502,LOW,2002.45,T+1,QR_INSTORE,Y
MERCH002870,Urban Retail,5912,Drug Stores / Pharmacies,Hyderabad,TG,2024-10-19,681,LOW,639.49,T+1,QR_INSTORE,Y
MERCH002871,Krishna Traders,4900,Utilities - Electric/Gas/Water,Chennai,TN,2024-11-29,640,LOW,1812.96,T+1,QR_INSTORE,Y
MERCH002872,Vertex Ventures,7995,Betting / Gaming,Nagpur,MH,2021-06-03,1915,HIGH,4177.79,T+2,QR_INSTORE,Y
MERCH002873,Kalpana Stores,5912,Drug Stores / Pharmacies,Guwahati,AS,2025-09-19,346,LOW,777.19,T+2,ONLINE_CHECKOUT,Y
MERCH002874,Vertex Retail,5541,Service Stations (Fuel),Chennai,TN,2022-03-01,1644,LOW,2046.25,T+1,QR_INSTORE,Y
MERCH002875,Krishna Depot,5411,Grocery Stores / Supermarkets,Panaji,GA,2026-04-26,127,LOW,697.14,T+1,ONLINE_CHECKOUT,Y
MERCH002876,Zenith Solutions,5999,Miscellaneous Retail,Chandigarh,CH,2024-03-27,887,MEDIUM,772.81,T+0,QR_INSTORE,Y
MERCH002877,Vertex Stores,4722,Travel Agencies,Jaipur,RJ,2024-08-20,741,HIGH,18018.7,T+1,QR_INSTORE,Y
MERCH002878,Kalpana Supply,4121,Taxicabs / Ride Hailing,Guwahati,AS,2021-09-25,1801,LOW,287.92,T+2,ONLINE_CHECKOUT,Y
MERCH002879,Rohan & Co,5541,Service Stations (Fuel),Kochi,KL,2024-06-30,792,LOW,2010.31,T+1,POS_CARD,Y
MERCH002880,Urban Traders,4121,Taxicabs / Ride Hailing,Kolkata,WB,2025-08-12,384,LOW,334.38,T+1,QR_INSTORE,Y
MERCH002881,Aster Solutions,5541,Service Stations (Fuel),Lucknow,UP,2023-07-13,1145,LOW,1330.67,T+1,QR_INSTORE,Y
MERCH002882,Nova Supply,5732,Electronics Stores,Hyderabad,TG,2022-12-19,1351,MEDIUM,17694.88,T+1,ONLINE_CHECKOUT,Y
MERCH002883,Bharat Supply,5814,Fast Food Restaurants,Kolkata,WB,2026-07-22,40,MEDIUM,376.96,T+0,POS_CARD,Y
MERCH002884,Bharat Solutions,7011,Hotels / Lodging,Jaipur,RJ,2021-11-23,1742,MEDIUM,7394.71,T+1,ONLINE_CHECKOUT,Y
MERCH002885,Aster Solutions,5912,Drug Stores / Pharmacies,Guwahati,AS,2022-07-16,1507,LOW,671.79,T+1,QR_INSTORE,Y
MERCH002886,Nova Depot,5541,Service Stations (Fuel),Indore,MP,2022-03-02,1643,LOW,970.04,T+1,ONLINE_CHECKOUT,Y
MERCH002887,Aster Enterprises,5999,Miscellaneous Retail,Kolkata,WB,2021-11-09,1756,MEDIUM,1272.95,T+1,QR_INSTORE,Y
MERCH002888,Rohan Supply,5541,Service Stations (Fuel),Hyderabad,TG,2023-10-11,1055,LOW,1640.92,T+1,ONLINE_CHECKOUT,Y
MERCH002889,Prime Mart,5912,Drug Stores / Pharmacies,Guwahati,AS,2024-12-23,616,LOW,372.52,T+2,POS_CARD,Y
MERCH002890,Aster Ventures,5732,Electronics Stores,Ahmedabad,GJ,2022-04-20,1594,MEDIUM,9751.98,T+1,ONLINE_CHECKOUT,Y
MERCH002891,Urban Enterprises,5411,Grocery Stores / Supermarkets,Chandigarh,CH,2025-12-23,251,LOW,805.05,T+2,QR_INSTORE,Y
MERCH002892,Lakshmi Stores,5814,Fast Food Restaurants,Hyderabad,TG,2025-12-10,264,LOW,206.86,T+1,QR_INSTORE,Y
MERCH002893,Shree Services,5999,Miscellaneous Retail,Guwahati,AS,2021-02-11,2027,MEDIUM,1238.93,T+2,ONLINE_CHECKOUT,Y
MERCH002894,Shree Solutions,5411,Grocery Stores / Supermarkets,Lucknow,UP,2022-08-13,1479,LOW,982.71,T+1,QR_INSTORE,Y
MERCH002895,Aster Hub,4121,Taxicabs / Ride Hailing,Ahmedabad,GJ,2026-05-28,95,LOW,248.02,T+1,QR_INSTORE,Y
MERCH002896,Aster Retail,6051,Quasi-Cash / Wallet Load,Guwahati,AS,2023-08-01,1126,HIGH,5318.4,T+1,QR_INSTORE,Y
MERCH002897,Vertex Hub,4900,Utilities - Electric/Gas/Water,Nagpur,MH,2024-12-04,635,LOW,1359.28,T+1,POS_CARD,Y
MERCH002898,Bharat Hub,5912,Drug Stores / Pharmacies,Mumbai,MH,2022-05-03,1581,LOW,642.6,T+1,ONLINE_CHECKOUT,Y
MERCH002899,Krishna & Co,5411,Grocery Stores / Supermarkets,Chandigarh,CH,2024-01-18,956,LOW,1165.8,T+1,ONLINE_CHECKOUT,Y
MERCH002900,Nova Traders,4722,Travel Agencies,Jaipur,RJ,2023-03-14,1266,HIGH,28555.35,T+1,ONLINE_CHECKOUT,Y
MERCH002901,Metro Enterprises,5814,Fast Food Restaurants,Mumbai,MH,2024-11-02,667,LOW,161.02,T+1,POS_CARD,Y
MERCH002902,Krishna Depot,4900,Utilities - Electric/Gas/Water,Chennai,TN,2021-01-05,2064,LOW,2848.49,T+2,ONLINE_CHECKOUT,Y
MERCH002903,Nimbus Depot,5814,Fast Food Restaurants,Kolkata,WB,2022-08-31,1461,LOW,211.98,T+2,QR_INSTORE,Y
MERCH002904,Rohan Enterprises,5541,Service Stations (Fuel),Chandigarh,CH,2022-06-14,1539,LOW,1572.87,T+2,ONLINE_CHECKOUT,Y
MERCH002905,Nimbus Traders,4900,Utilities - Electric/Gas/Water,Kolkata,WB,2023-03-23,1257,LOW,2695.95,T+1,QR_INSTORE,Y
MERCH002906,Bharat Depot,5651,Family Clothing Stores,Pune,MH,2022-11-05,1395,MEDIUM,1710.87,T+1,ONLINE_CHECKOUT,Y
MERCH002907,Aster Enterprises,5411,Grocery Stores / Supermarkets,Bengaluru,KA,2022-03-25,1620,LOW,1189.65,T+1,POS_CARD,Y
MERCH002908,Nova Ventures,5814,Fast Food Restaurants,Ahmedabad,GJ,2021-01-30,2039,LOW,363.23,T+1,ONLINE_CHECKOUT,Y
MERCH002909,Nimbus Traders,5912,Drug Stores / Pharmacies,Mumbai,MH,2025-11-05,299,LOW,587.48,T+1,ONLINE_CHECKOUT,Y
MERCH002910,Zenith & Co,5411,Grocery Stores / Supermarkets,Mumbai,MH,2021-12-13,1722,LOW,1162.18,T+2,QR_INSTORE,Y
MERCH002911,Sagar Retail,4722,Travel Agencies,Panaji,GA,2023-09-28,1068,HIGH,24845.46,T+1,POS_CARD,Y
MERCH002912,Krishna Hub,5541,Service Stations (Fuel),Kochi,KL,2022-03-19,1626,LOW,1720.98,T+2,POS_CARD,Y
MERCH002913,Nimbus Mart,7011,Hotels / Lodging,Mumbai,MH,2022-09-28,1433,MEDIUM,5220.33,T+1,QR_INSTORE,Y
MERCH002914,Vertex Retail,4722,Travel Agencies,Guwahati,AS,2024-05-07,846,HIGH,16006.88,T+1,QR_INSTORE,Y
MERCH002915,Lakshmi Depot,5814,Fast Food Restaurants,Kochi,KL,2026-08-10,21,MEDIUM,341.18,T+1,QR_INSTORE,Y
MERCH002916,Anand Mart,5912,Drug Stores / Pharmacies,Bengaluru,KA,2025-02-01,576,LOW,560.39,T+2,QR_INSTORE,Y
MERCH002917,Krishna & Co,5814,Fast Food Restaurants,Guwahati,AS,2024-06-21,801,LOW,230.11,T+1,POS_CARD,Y
MERCH002918,Prime Traders,5814,Fast Food Restaurants,Kolkata,WB,2024-10-11,689,LOW,384.14,T+1,ONLINE_CHECKOUT,Y
MERCH002919,Urban Services,7011,Hotels / Lodging,Guwahati,AS,2021-04-06,1973,MEDIUM,8496.29,T+2,ONLINE_CHECKOUT,Y
MERCH002920,Shree Enterprises,5651,Family Clothing Stores,Bengaluru,KA,2021-05-21,1928,MEDIUM,2367.99,T+2,QR_INSTORE,Y
MERCH002921,Shree Retail,4900,Utilities - Electric/Gas/Water,Pune,MH,2025-07-13,414,LOW,1596.87,T+2,QR_INSTORE,N
MERCH002922,Rohan Ventures,5814,Fast Food Restaurants,Bengaluru,KA,2022-01-23,1681,LOW,349.85,T+2,QR_INSTORE,Y
MERCH002923,Kalpana Ventures,4121,Taxicabs / Ride Hailing,Jaipur,RJ,2022-06-25,1528,LOW,345.37,T+1,QR_INSTORE,Y
MERCH002924,Zenith Hub,4121,Taxicabs / Ride Hailing,Mumbai,MH,2026-04-14,139,LOW,346.23,T+1,QR_INSTORE,Y
MERCH002925,Bharat Retail,5999,Miscellaneous Retail,Jaipur,RJ,2023-07-22,1136,MEDIUM,801.73,T+1,ONLINE_CHECKOUT,Y
MERCH002926,Nimbus & Co,4121,Taxicabs / Ride Hailing,Chennai,TN,2026-03-05,179,LOW,234.48,T+2,QR_INSTORE,Y
MERCH002927,Lakshmi Depot,4900,Utilities - Electric/Gas/Water,Chandigarh,CH,2021-02-08,2030,LOW,2563.14,T+2,ONLINE_CHECKOUT,Y
MERCH002928,Nova Depot,5814,Fast Food Restaurants,Kolkata,WB,2022-09-05,1456,HIGH,346.44,T+2,QR_INSTORE,Y
MERCH002929,Bharat Ventures,5411,Grocery Stores / Supermarkets,Jaipur,RJ,2026-04-23,130,LOW,873.56,T+1,QR_INSTORE,Y
MERCH002930,Prime Mart,5651,Family Clothing Stores,Kochi,KL,2024-03-28,886,MEDIUM,1892.55,T+1,QR_INSTORE,Y
MERCH002931,Vertex Enterprises,4900,Utilities - Electric/Gas/Water,Delhi,DL,2022-09-10,1451,LOW,1992.79,T+2,QR_INSTORE,Y
MERCH002932,Lakshmi Enterprises,4900,Utilities - Electric/Gas/Water,Chennai,TN,2025-07-28,399,LOW,1184.87,T+1,QR_INSTORE,Y
MERCH002933,Bharat Traders,5411,Grocery Stores / Supermarkets,Bengaluru,KA,2024-08-17,744,LOW,801.47,T+1,ONLINE_CHECKOUT,Y
MERCH002934,Metro & Co,5411,Grocery Stores / Supermarkets,Kochi,KL,2025-01-03,605,LOW,1217.21,T+1,QR_INSTORE,Y
MERCH002935,Nimbus Mart,5814,Fast Food Restaurants,Nagpur,MH,2020-09-30,2161,LOW,164.29,T+2,ONLINE_CHECKOUT,Y
MERCH002936,Nova Supply,5912,Drug Stores / Pharmacies,Guwahati,AS,2021-08-06,1851,LOW,537.29,T+1,ONLINE_CHECKOUT,Y
MERCH002937,Vertex & Co,5651,Family Clothing Stores,Pune,MH,2023-11-11,1024,MEDIUM,2379.82,T+1,ONLINE_CHECKOUT,Y
MERCH002938,Zenith Traders,5814,Fast Food Restaurants,Delhi,DL,2022-01-19,1685,LOW,370.4,T+2,QR_INSTORE,Y
MERCH002939,Krishna Supply,5912,Drug Stores / Pharmacies,Delhi,DL,2024-06-07,815,LOW,452.02,T+1,QR_INSTORE,Y
MERCH002940,Anand Depot,5967,Direct Marketing - Inbound,Panaji,GA,2022-11-15,1385,HIGH,1931.1,T+1,ONLINE_CHECKOUT,Y
MERCH002941,Aster Mart,4900,Utilities - Electric/Gas/Water,Bengaluru,KA,2024-12-02,637,LOW,1922.25,T+1,QR_INSTORE,Y
MERCH002942,Rohan Depot,5541,Service Stations (Fuel),Indore,MP,2023-07-02,1156,LOW,1406.74,T+1,QR_INSTORE,Y
MERCH002943,Urban Ventures,5732,Electronics Stores,Delhi,DL,2024-08-22,739,MEDIUM,17293.82,T+2,QR_INSTORE,Y
MERCH002944,Rohan Supply,5411,Grocery Stores / Supermarkets,Jaipur,RJ,2021-11-30,1735,LOW,959.61,T+1,POS_CARD,Y
MERCH002945,Vertex Traders,5411,Grocery Stores / Supermarkets,Pune,MH,2022-12-16,1354,LOW,1083.35,T+1,QR_INSTORE,Y
MERCH002946,Rohan Stores,5732,Electronics Stores,Kochi,KL,2021-06-20,1898,MEDIUM,8086.38,T+2,ONLINE_CHECKOUT,Y
MERCH002947,Nimbus & Co,4722,Travel Agencies,Chandigarh,CH,2025-01-08,600,HIGH,29408.73,T+0,ONLINE_CHECKOUT,Y
MERCH002948,Metro Services,7995,Betting / Gaming,Chennai,TN,2025-06-07,450,HIGH,3209.97,T+0,ONLINE_CHECKOUT,Y
MERCH002949,Aster Ventures,5967,Direct Marketing - Inbound,Chennai,TN,2025-05-09,479,HIGH,1492.59,T+1,ONLINE_CHECKOUT,Y
MERCH002950,Rohan Traders,4722,Travel Agencies,Bengaluru,KA,2022-06-06,1547,HIGH,30059.06,T+0,ONLINE_CHECKOUT,Y
MERCH002951,Aster Supply,5814,Fast Food Restaurants,Mumbai,MH,2020-11-30,2100,LOW,364.78,T+1,QR_INSTORE,Y
MERCH002952,Metro Ventures,5814,Fast Food Restaurants,Kolkata,WB,2024-09-12,718,LOW,256.85,T+2,ONLINE_CHECKOUT,Y
MERCH002953,Bharat Hub,5814,Fast Food Restaurants,Indore,MP,2025-11-23,281,LOW,190.89,T+0,ONLINE_CHECKOUT,Y
MERCH002954,Anand Services,4121,Taxicabs / Ride Hailing,Panaji,GA,2021-01-25,2044,LOW,259.58,T+1,QR_INSTORE,Y
MERCH002955,Nova Ventures,4121,Taxicabs / Ride Hailing,Mumbai,MH,2020-09-17,2174,LOW,306.15,T+1,ONLINE_CHECKOUT,Y
MERCH002956,Kalpana Traders,7011,Hotels / Lodging,Nagpur,MH,2023-01-21,1318,MEDIUM,7963.79,T+1,QR_INSTORE,Y
MERCH002957,Sagar Mart,5541,Service Stations (Fuel),Chennai,TN,2021-04-10,1969,LOW,1955.82,T+1,ONLINE_CHECKOUT,Y
MERCH002958,Lakshmi Mart,5732,Electronics Stores,Indore,MP,2022-02-10,1663,MEDIUM,16666.17,T+1,ONLINE_CHECKOUT,Y
MERCH002959,Metro Ventures,5411,Grocery Stores / Supermarkets,Mumbai,MH,2026-02-24,188,LOW,578.75,T+1,QR_INSTORE,Y
MERCH002960,Nimbus Supply,5814,Fast Food Restaurants,Panaji,GA,2021-04-02,1977,LOW,243.02,T+2,ONLINE_CHECKOUT,Y
MERCH002961,Krishna Mart,5814,Fast Food Restaurants,Nagpur,MH,2025-01-11,597,LOW,373.01,T+1,ONLINE_CHECKOUT,Y
MERCH002962,Anand Stores,5732,Electronics Stores,Chennai,TN,2023-04-13,1236,MEDIUM,7640.94,T+0,QR_INSTORE,N
MERCH002963,Nova Solutions,5967,Direct Marketing - Inbound,Indore,MP,2021-04-21,1958,HIGH,1757.99,T+1,QR_INSTORE,Y
MERCH002964,Nimbus Supply,5411,Grocery Stores / Supermarkets,Jaipur,RJ,2021-12-29,1706,LOW,1153.38,T+1,QR_INSTORE,Y
MERCH002965,Anand Ventures,5814,Fast Food Restaurants,Panaji,GA,2026-07-17,45,MEDIUM,198.88,T+1,POS_CARD,Y
MERCH002966,Shree Stores,5912,Drug Stores / Pharmacies,Kolkata,WB,2025-11-13,291,LOW,516.46,T+0,QR_INSTORE,Y
MERCH002967,Bharat Mart,5999,Miscellaneous Retail,Lucknow,UP,2020-12-19,2081,MEDIUM,604.7,T+1,QR_INSTORE,Y
MERCH002968,Prime Retail,4121,Taxicabs / Ride Hailing,Jaipur,RJ,2025-09-19,346,LOW,231.96,T+1,ONLINE_CHECKOUT,Y
MERCH002969,Zenith Enterprises,5967,Direct Marketing - Inbound,Hyderabad,TG,2021-09-19,1807,HIGH,1563.57,T+1,ONLINE_CHECKOUT,Y
MERCH002970,Krishna Stores,4900,Utilities - Electric/Gas/Water,Chandigarh,CH,2025-02-22,555,LOW,2248.45,T+1,QR_INSTORE,Y
MERCH002971,Sagar Depot,4900,Utilities - Electric/Gas/Water,Panaji,GA,2021-01-23,2046,LOW,1909.07,T+2,POS_CARD,Y
MERCH002972,Prime Mart,5541,Service Stations (Fuel),Jaipur,RJ,2026-03-25,159,LOW,1207.37,T+2,QR_INSTORE,Y
MERCH002973,Kalpana Supply,5651,Family Clothing Stores,Lucknow,UP,2022-12-20,1350,MEDIUM,1355.02,T+2,QR_INSTORE,Y
MERCH002974,Metro Depot,5411,Grocery Stores / Supermarkets,Pune,MH,2021-03-01,2009,LOW,892.32,T+2,ONLINE_CHECKOUT,Y
MERCH002975,Bharat Retail,5999,Miscellaneous Retail,Ahmedabad,GJ,2021-11-16,1749,MEDIUM,1055.05,T+1,ONLINE_CHECKOUT,Y
MERCH002976,Metro Ventures,6051,Quasi-Cash / Wallet Load,Indore,MP,2022-05-11,1573,HIGH,6975.11,T+1,ONLINE_CHECKOUT,Y
MERCH002977,Zenith Stores,4722,Travel Agencies,Nagpur,MH,2023-10-08,1058,HIGH,27902.06,T+2,ONLINE_CHECKOUT,Y
MERCH002978,Prime Enterprises,5912,Drug Stores / Pharmacies,Bengaluru,KA,2025-12-09,265,LOW,624.14,T+1,POS_CARD,Y
MERCH002979,Anand Mart,4121,Taxicabs / Ride Hailing,Pune,MH,2023-07-07,1151,LOW,272.14,T+1,ONLINE_CHECKOUT,Y
MERCH002980,Metro Solutions,5541,Service Stations (Fuel),Chandigarh,CH,2021-11-18,1747,LOW,883.13,T+1,POS_CARD,Y
MERCH002981,Shree Solutions,5541,Service Stations (Fuel),Lucknow,UP,2025-09-19,346,LOW,1849.78,T+0,POS_CARD,Y
MERCH002982,Zenith Hub,5814,Fast Food Restaurants,Hyderabad,TG,2021-07-04,1884,LOW,220.33,T+1,ONLINE_CHECKOUT,Y
MERCH002983,Nimbus Hub,5651,Family Clothing Stores,Kolkata,WB,2025-03-23,526,MEDIUM,2473.2,T+1,QR_INSTORE,Y
MERCH002984,Lakshmi Mart,5999,Miscellaneous Retail,Nagpur,MH,2021-08-06,1851,MEDIUM,1089.39,T+1,QR_INSTORE,Y
MERCH002985,Shree Enterprises,5814,Fast Food Restaurants,Ahmedabad,GJ,2026-02-06,206,LOW,355.66,T+1,POS_CARD,Y
MERCH002986,Lakshmi Services,5732,Electronics Stores,Delhi,DL,2020-12-03,2097,MEDIUM,10694.07,T+0,QR_INSTORE,Y
MERCH002987,Lakshmi Supply,5541,Service Stations (Fuel),Hyderabad,TG,2025-02-15,562,LOW,1547.84,T+1,QR_INSTORE,Y
MERCH002988,Vertex Stores,4121,Taxicabs / Ride Hailing,Kochi,KL,2022-01-31,1673,LOW,295.8,T+2,ONLINE_CHECKOUT,Y
MERCH002989,Zenith Services,4121,Taxicabs / Ride Hailing,Mumbai,MH,2026-01-02,241,LOW,201.12,T+1,ONLINE_CHECKOUT,Y
MERCH002990,Kalpana & Co,5651,Family Clothing Stores,Panaji,GA,2022-01-18,1686,MEDIUM,2253.4,T+1,QR_INSTORE,Y
MERCH002991,Aster Solutions,7011,Hotels / Lodging,Ahmedabad,GJ,2021-05-21,1928,MEDIUM,7473.86,T+1,QR_INSTORE,Y
MERCH002992,Aster Services,5651,Family Clothing Stores,Ahmedabad,GJ,2023-05-15,1204,MEDIUM,1568.27,T+1,ONLINE_CHECKOUT,Y
MERCH002993,Shree Supply,7011,Hotels / Lodging,Hyderabad,TG,2022-11-06,1394,MEDIUM,5573.49,T+2,ONLINE_CHECKOUT,Y
MERCH002994,Prime Depot,4900,Utilities - Electric/Gas/Water,Bengaluru,KA,2025-07-19,408,LOW,2716.78,T+1,ONLINE_CHECKOUT,Y
MERCH002995,Urban & Co,5814,Fast Food Restaurants,Kochi,KL,2021-04-17,1962,LOW,360.18,T+1,QR_INSTORE,Y
MERCH002996,Rohan Services,5999,Miscellaneous Retail,Kolkata,WB,2025-09-28,337,MEDIUM,833.6,T+1,ONLINE_CHECKOUT,Y
MERCH002997,Prime Services,5541,Service Stations (Fuel),Hyderabad,TG,2026-01-21,222,LOW,1089.11,T+1,ONLINE_CHECKOUT,Y
MERCH002998,Kalpana Mart,6051,Quasi-Cash / Wallet Load,Kolkata,WB,2021-09-09,1817,HIGH,4892.31,T+1,POS_CARD,Y
MERCH002999,Bharat Solutions,4900,Utilities - Electric/Gas/Water,Ahmedabad,GJ,2024-12-27,612,LOW,1829.65,T+2,QR_INSTORE,Y
MERCH003000,Nova Supply,5411,Grocery Stores / Supermarkets,Chennai,TN,2025-12-24,250,LOW,1266.83,T+2,QR_INSTORE,Y
MERCH003001,Vertex & Co,5732,Electronics Stores,Mumbai,MH,2022-08-20,1472,MEDIUM,11864.23,T+1,ONLINE_CHECKOUT,Y
MERCH003002,Kalpana Depot,4121,Taxicabs / Ride Hailing,Pune,MH,2024-10-22,678,LOW,333.11,T+2,QR_INSTORE,Y
MERCH003003,Sagar Services,5814,Fast Food Restaurants,Guwahati,AS,2024-09-19,711,LOW,242.23,T+1,QR_INSTORE,Y
MERCH003004,Metro & Co,5732,Electronics Stores,Kolkata,WB,2022-10-10,1421,MEDIUM,15666.93,T+1,POS_CARD,Y
MERCH003005,Lakshmi Mart,5541,Service Stations (Fuel),Ahmedabad,GJ,2025-09-15,350,LOW,2043.15,T+1,QR_INSTORE,Y
MERCH003006,Lakshmi & Co,4900,Utilities - Electric/Gas/Water,Jaipur,RJ,2025-04-23,495,LOW,2471.68,T+2,ONLINE_CHECKOUT,Y
MERCH003007,Prime & Co,5912,Drug Stores / Pharmacies,Lucknow,UP,2022-11-02,1398,LOW,417.99,T+1,QR_INSTORE,Y
MERCH003008,Aster Services,4121,Taxicabs / Ride Hailing,Nagpur,MH,2025-04-17,501,LOW,247.63,T+2,ONLINE_CHECKOUT,Y
MERCH003009,Shree Hub,4900,Utilities - Electric/Gas/Water,Jaipur,RJ,2025-04-14,504,LOW,2716.75,T+1,ONLINE_CHECKOUT,Y
MERCH003010,Rohan Depot,5814,Fast Food Restaurants,Kochi,KL,2024-03-16,898,LOW,202.86,T+1,POS_CARD,Y
MERCH003011,Metro & Co,4900,Utilities - Electric/Gas/Water,Panaji,GA,2020-11-28,2102,LOW,2776.26,T+1,QR_INSTORE,Y
MERCH003012,Anand Depot,5814,Fast Food Restaurants,Pune,MH,2023-04-16,1233,LOW,225.93,T+1,QR_INSTORE,Y
MERCH003013,Prime Solutions,4722,Travel Agencies,Chennai,TN,2023-01-24,1315,HIGH,16872.31,T+0,ONLINE_CHECKOUT,Y
MERCH003014,Nova Services,5732,Electronics Stores,Kochi,KL,2025-12-18,256,MEDIUM,14624.37,T+1,QR_INSTORE,Y
MERCH003015,Lakshmi Supply,5411,Grocery Stores / Supermarkets,Hyderabad,TG,2023-06-27,1161,LOW,887.43,T+1,ONLINE_CHECKOUT,Y
MERCH003016,Nova Mart,5732,Electronics Stores,Guwahati,AS,2023-08-23,1104,MEDIUM,14397.17,T+2,ONLINE_CHECKOUT,Y
MERCH003017,Nova Ventures,4121,Taxicabs / Ride Hailing,Mumbai,MH,2022-10-09,1422,LOW,188.85,T+0,QR_INSTORE,Y
MERCH003018,Nimbus Ventures,5411,Grocery Stores / Supermarkets,Bengaluru,KA,2021-07-01,1887,LOW,813.86,T+2,ONLINE_CHECKOUT,Y
MERCH003019,Prime Supply,5411,Grocery Stores / Supermarkets,Guwahati,AS,2021-03-18,1992,LOW,874.92,T+1,ONLINE_CHECKOUT,Y
MERCH003020,Anand Enterprises,5912,Drug Stores / Pharmacies,Nagpur,MH,2020-10-21,2140,LOW,334.49,T+2,QR_INSTORE,Y
MERCH003021,Bharat Stores,7011,Hotels / Lodging,Delhi,DL,2024-10-10,690,MEDIUM,4575.25,T+1,QR_INSTORE,Y
MERCH003022,Rohan Stores,5541,Service Stations (Fuel),Hyderabad,TG,2022-10-01,1430,LOW,912.47,T+1,ONLINE_CHECKOUT,Y
MERCH003023,Lakshmi & Co,4900,Utilities - Electric/Gas/Water,Panaji,GA,2020-12-21,2079,LOW,1641.27,T+1,QR_INSTORE,Y
MERCH003024,Urban Mart,4722,Travel Agencies,Lucknow,UP,2023-07-22,1136,HIGH,27466.79,T+1,QR_INSTORE,Y
MERCH003025,Rohan Services,5814,Fast Food Restaurants,Chandigarh,CH,2022-08-14,1478,LOW,370.85,T+1,QR_INSTORE,Y
MERCH003026,Kalpana Retail,5814,Fast Food Restaurants,Kolkata,WB,2021-06-28,1890,LOW,198.94,T+1,QR_INSTORE,Y
MERCH003027,Kalpana Depot,5732,Electronics Stores,Nagpur,MH,2023-06-24,1164,MEDIUM,13204.39,T+0,ONLINE_CHECKOUT,Y
MERCH003028,Metro Depot,5999,Miscellaneous Retail,Chennai,TN,2022-10-09,1422,MEDIUM,1127.61,T+1,ONLINE_CHECKOUT,Y
MERCH003029,Sagar Mart,5541,Service Stations (Fuel),Bengaluru,KA,2024-09-05,725,LOW,1282.99,T+2,ONLINE_CHECKOUT,Y
MERCH003030,Nova Depot,5912,Drug Stores / Pharmacies,Guwahati,AS,2023-05-05,1214,LOW,509.39,T+1,ONLINE_CHECKOUT,Y
MERCH003031,Kalpana Traders,5541,Service Stations (Fuel),Hyderabad,TG,2023-05-04,1215,LOW,1263.63,T+1,QR_INSTORE,Y
MERCH003032,Lakshmi Services,5814,Fast Food Restaurants,Mumbai,MH,2023-05-24,1195,LOW,308.79,T+1,POS_CARD,Y
MERCH003033,Metro Ventures,4900,Utilities - Electric/Gas/Water,Indore,MP,2021-08-24,1833,LOW,2231.67,T+1,QR_INSTORE,Y
MERCH003034,Nimbus Retail,5732,Electronics Stores,Hyderabad,TG,2024-12-20,619,MEDIUM,15563.95,T+0,QR_INSTORE,Y
MERCH003035,Kalpana Enterprises,5411,Grocery Stores / Supermarkets,Guwahati,AS,2024-11-22,647,LOW,679.54,T+1,QR_INSTORE,N
MERCH003036,Urban Stores,5411,Grocery Stores / Supermarkets,Kolkata,WB,2025-10-16,319,LOW,665.61,T+2,ONLINE_CHECKOUT,Y
MERCH003037,Nimbus Stores,4121,Taxicabs / Ride Hailing,Pune,MH,2025-01-23,585,LOW,233.78,T+1,QR_INSTORE,Y
MERCH003038,Shree Retail,5651,Family Clothing Stores,Chandigarh,CH,2023-03-03,1277,MEDIUM,2115.4,T+1,ONLINE_CHECKOUT,Y
MERCH003039,Zenith Depot,5814,Fast Food Restaurants,Indore,MP,2023-03-13,1267,LOW,317.95,T+1,ONLINE_CHECKOUT,Y
MERCH003040,Vertex Services,5912,Drug Stores / Pharmacies,Jaipur,RJ,2026-02-15,197,LOW,515.45,T+1,POS_CARD,Y
MERCH003041,Urban Services,5814,Fast Food Restaurants,Nagpur,MH,2024-05-16,837,LOW,256.99,T+1,QR_INSTORE,Y
MERCH003042,Vertex Stores,5999,Miscellaneous Retail,Bengaluru,KA,2023-11-11,1024,MEDIUM,1337.13,T+1,ONLINE_CHECKOUT,Y
MERCH003043,Aster Enterprises,7011,Hotels / Lodging,Pune,MH,2022-03-21,1624,MEDIUM,9045.13,T+2,ONLINE_CHECKOUT,Y
MERCH003044,Urban & Co,5999,Miscellaneous Retail,Chandigarh,CH,2021-11-17,1748,MEDIUM,1061.84,T+1,QR_INSTORE,Y
MERCH003045,Kalpana Supply,5411,Grocery Stores / Supermarkets,Delhi,DL,2022-06-21,1532,LOW,666.82,T+2,QR_INSTORE,Y
MERCH003046,Metro & Co,7011,Hotels / Lodging,Hyderabad,TG,2026-02-27,185,MEDIUM,9054.41,T+1,QR_INSTORE,Y
MERCH003047,Bharat Hub,5651,Family Clothing Stores,Chennai,TN,2020-10-10,2151,MEDIUM,1285.36,T+1,ONLINE_CHECKOUT,N
MERCH003048,Lakshmi & Co,5912,Drug Stores / Pharmacies,Kolkata,WB,2025-01-19,589,LOW,698.77,T+1,POS_CARD,Y
MERCH003049,Sagar & Co,5814,Fast Food Restaurants,Kochi,KL,2024-02-11,932,LOW,259.34,T+1,ONLINE_CHECKOUT,Y
MERCH003050,Metro Traders,4900,Utilities - Electric/Gas/Water,Pune,MH,2021-02-21,2017,LOW,1236.92,T+2,ONLINE_CHECKOUT,Y
MERCH003051,Metro Services,6051,Quasi-Cash / Wallet Load,Kochi,KL,2022-05-08,1576,HIGH,3819.08,T+2,QR_INSTORE,Y
MERCH003052,Vertex Traders,5814,Fast Food Restaurants,Kochi,KL,2020-08-31,2191,LOW,211.15,T+1,POS_CARD,Y
MERCH003053,Sagar Ventures,5541,Service Stations (Fuel),Mumbai,MH,2023-10-24,1042,LOW,1321.86,T+1,ONLINE_CHECKOUT,Y
MERCH003054,Urban & Co,5541,Service Stations (Fuel),Chandigarh,CH,2022-08-23,1469,LOW,883.32,T+1,POS_CARD,Y
MERCH003055,Lakshmi Traders,5912,Drug Stores / Pharmacies,Hyderabad,TG,2024-06-26,796,LOW,570.73,T+2,ONLINE_CHECKOUT,Y
MERCH003056,Lakshmi Ventures,5814,Fast Food Restaurants,Panaji,GA,2021-08-07,1850,LOW,352.68,T+1,QR_INSTORE,Y
MERCH003057,Aster Retail,5651,Family Clothing Stores,Jaipur,RJ,2020-08-28,2194,MEDIUM,1420.38,T+2,ONLINE_CHECKOUT,Y
MERCH003058,Prime & Co,5814,Fast Food Restaurants,Kolkata,WB,2024-06-22,800,LOW,257.14,T+2,POS_CARD,Y
MERCH003059,Vertex Hub,5912,Drug Stores / Pharmacies,Delhi,DL,2025-10-22,313,LOW,610.3,T+1,ONLINE_CHECKOUT,Y
MERCH003060,Aster Retail,4722,Travel Agencies,Mumbai,MH,2021-06-10,1908,HIGH,28010.05,T+1,POS_CARD,Y
MERCH003061,Zenith Services,5411,Grocery Stores / Supermarkets,Pune,MH,2021-08-25,1832,LOW,898.86,T+2,QR_INSTORE,Y
MERCH003062,Nova Mart,4722,Travel Agencies,Delhi,DL,2024-05-01,852,LOW,31330.64,T+2,ONLINE_CHECKOUT,Y
MERCH003063,Nimbus Retail,5814,Fast Food Restaurants,Chandigarh,CH,2026-01-15,228,LOW,216.25,T+1,ONLINE_CHECKOUT,Y
MERCH003064,Urban Supply,5732,Electronics Stores,Kolkata,WB,2023-07-08,1150,MEDIUM,16369.44,T+1,POS_CARD,Y
MERCH003065,Rohan Retail,4121,Taxicabs / Ride Hailing,Lucknow,UP,2025-08-15,381,LOW,331.74,T+1,ONLINE_CHECKOUT,Y
MERCH003066,Rohan Retail,5912,Drug Stores / Pharmacies,Lucknow,UP,2024-08-05,756,MEDIUM,442.67,T+1,ONLINE_CHECKOUT,Y
MERCH003067,Nova Solutions,5912,Drug Stores / Pharmacies,Chennai,TN,2021-06-19,1899,LOW,481.17,T+1,QR_INSTORE,Y
MERCH003068,Sagar Retail,5732,Electronics Stores,Pune,MH,2021-08-10,1847,MEDIUM,15020.2,T+1,POS_CARD,Y
MERCH003069,Vertex Supply,4900,Utilities - Electric/Gas/Water,Kolkata,WB,2025-09-01,364,LOW,1832.11,T+1,QR_INSTORE,Y
MERCH003070,Aster Stores,5651,Family Clothing Stores,Indore,MP,2026-06-15,77,HIGH,1098.43,T+1,ONLINE_CHECKOUT,Y
MERCH003071,Shree Services,5411,Grocery Stores / Supermarkets,Hyderabad,TG,2025-12-06,268,LOW,511.62,T+1,ONLINE_CHECKOUT,Y
MERCH003072,Rohan Enterprises,5912,Drug Stores / Pharmacies,Guwahati,AS,2025-03-17,532,LOW,690.1,T+1,ONLINE_CHECKOUT,Y
MERCH003073,Urban Traders,5999,Miscellaneous Retail,Delhi,DL,2022-11-12,1388,MEDIUM,1383.24,T+2,POS_CARD,Y
MERCH003074,Nova Mart,5541,Service Stations (Fuel),Panaji,GA,2025-01-11,597,LOW,1650.65,T+2,ONLINE_CHECKOUT,Y
MERCH003075,Rohan Stores,5651,Family Clothing Stores,Ahmedabad,GJ,2022-10-20,1411,MEDIUM,1721.65,T+2,ONLINE_CHECKOUT,Y
MERCH003076,Nimbus Depot,4121,Taxicabs / Ride Hailing,Kolkata,WB,2025-03-15,534,LOW,257.39,T+2,ONLINE_CHECKOUT,Y
MERCH003077,Kalpana Enterprises,5411,Grocery Stores / Supermarkets,Ahmedabad,GJ,2021-08-05,1852,LOW,719.16,T+1,ONLINE_CHECKOUT,Y
MERCH003078,Zenith Traders,5411,Grocery Stores / Supermarkets,Nagpur,MH,2025-07-02,425,LOW,929.59,T+1,QR_INSTORE,Y
MERCH003079,Vertex Solutions,6051,Quasi-Cash / Wallet Load,Chennai,TN,2021-01-12,2057,HIGH,5961.62,T+1,POS_CARD,Y
MERCH003080,Metro Stores,5541,Service Stations (Fuel),Mumbai,MH,2026-04-08,145,LOW,1028.57,T+1,ONLINE_CHECKOUT,Y
MERCH003081,Prime Retail,7011,Hotels / Lodging,Ahmedabad,GJ,2021-06-22,1896,MEDIUM,9404.0,T+1,QR_INSTORE,Y
MERCH003082,Lakshmi Ventures,5732,Electronics Stores,Ahmedabad,GJ,2022-05-23,1561,MEDIUM,7544.49,T+1,POS_CARD,Y
MERCH003083,Kalpana Traders,5814,Fast Food Restaurants,Chandigarh,CH,2024-09-08,722,LOW,333.18,T+1,QR_INSTORE,Y
MERCH003084,Rohan Depot,5411,Grocery Stores / Supermarkets,Ahmedabad,GJ,2024-07-14,778,LOW,708.59,T+1,QR_INSTORE,Y
MERCH003085,Nimbus Services,5411,Grocery Stores / Supermarkets,Indore,MP,2021-06-23,1895,LOW,812.52,T+1,ONLINE_CHECKOUT,Y
MERCH003086,Metro Services,5541,Service Stations (Fuel),Nagpur,MH,2021-11-13,1752,LOW,1950.63,T+1,ONLINE_CHECKOUT,Y
MERCH003087,Shree Supply,5411,Grocery Stores / Supermarkets,Chennai,TN,2020-09-25,2166,LOW,1258.73,T+2,QR_INSTORE,Y
MERCH003088,Aster Enterprises,5411,Grocery Stores / Supermarkets,Hyderabad,TG,2025-05-19,469,LOW,1128.81,T+1,ONLINE_CHECKOUT,Y
MERCH003089,Bharat Stores,5541,Service Stations (Fuel),Kolkata,WB,2021-03-30,1980,LOW,1251.09,T+0,QR_INSTORE,Y
MERCH003090,Sagar Depot,5814,Fast Food Restaurants,Kolkata,WB,2021-09-15,1811,LOW,257.26,T+1,ONLINE_CHECKOUT,Y
MERCH003091,Bharat Enterprises,5411,Grocery Stores / Supermarkets,Chennai,TN,2025-01-14,594,LOW,1006.16,T+2,POS_CARD,Y
MERCH003092,Sagar Ventures,5814,Fast Food Restaurants,Nagpur,MH,2025-08-09,387,LOW,334.65,T+1,QR_INSTORE,Y
MERCH003093,Vertex Traders,5541,Service Stations (Fuel),Kolkata,WB,2024-07-01,791,LOW,1457.42,T+1,QR_INSTORE,Y
MERCH003094,Kalpana & Co,4121,Taxicabs / Ride Hailing,Kolkata,WB,2022-07-03,1520,LOW,211.25,T+1,POS_CARD,Y
MERCH003095,Sagar Enterprises,5411,Grocery Stores / Supermarkets,Kochi,KL,2022-08-30,1462,LOW,938.36,T+1,QR_INSTORE,Y
MERCH003096,Krishna Supply,5814,Fast Food Restaurants,Bengaluru,KA,2023-05-12,1207,LOW,340.65,T+2,QR_INSTORE,Y
MERCH003097,Anand Solutions,4900,Utilities - Electric/Gas/Water,Delhi,DL,2024-12-23,616,LOW,2251.67,T+2,POS_CARD,Y
MERCH003098,Metro Supply,4121,Taxicabs / Ride Hailing,Bengaluru,KA,2024-07-04,788,LOW,189.79,T+1,QR_INSTORE,Y
MERCH003099,Prime Supply,5814,Fast Food Restaurants,Chandigarh,CH,2022-04-16,1598,LOW,253.41,T+0,QR_INSTORE,Y
MERCH003100,Lakshmi Enterprises,5814,Fast Food Restaurants,Bengaluru,KA,2021-09-14,1812,LOW,231.76,T+1,QR_INSTORE,Y
MERCH003101,Lakshmi Mart,5814,Fast Food Restaurants,Kochi,KL,2022-10-23,1408,LOW,307.44,T+1,ONLINE_CHECKOUT,Y
MERCH003102,Vertex Traders,5541,Service Stations (Fuel),Ahmedabad,GJ,2021-06-07,1911,LOW,1362.38,T+1,ONLINE_CHECKOUT,Y
MERCH003103,Metro Supply,4900,Utilities - Electric/Gas/Water,Lucknow,UP,2022-01-09,1695,LOW,1712.0,T+2,ONLINE_CHECKOUT,Y
MERCH003104,Anand Traders,4900,Utilities - Electric/Gas/Water,Jaipur,RJ,2022-01-25,1679,LOW,1798.5,T+1,QR_INSTORE,Y
MERCH003105,Krishna Retail,5732,Electronics Stores,Panaji,GA,2022-02-19,1654,MEDIUM,9298.39,T+1,ONLINE_CHECKOUT,Y
MERCH003106,Vertex Enterprises,5999,Miscellaneous Retail,Mumbai,MH,2025-01-09,599,MEDIUM,1062.18,T+2,QR_INSTORE,Y
MERCH003107,Anand Retail,7011,Hotels / Lodging,Delhi,DL,2022-07-19,1504,MEDIUM,5560.92,T+2,ONLINE_CHECKOUT,Y
MERCH003108,Nimbus Hub,5541,Service Stations (Fuel),Ahmedabad,GJ,2025-05-16,472,LOW,1723.28,T+2,ONLINE_CHECKOUT,Y
MERCH003109,Krishna & Co,5814,Fast Food Restaurants,Delhi,DL,2022-01-19,1685,LOW,242.12,T+2,QR_INSTORE,Y
MERCH003110,Lakshmi Ventures,4121,Taxicabs / Ride Hailing,Hyderabad,TG,2026-02-05,207,LOW,345.06,T+1,QR_INSTORE,Y
MERCH003111,Krishna Enterprises,5814,Fast Food Restaurants,Lucknow,UP,2023-10-09,1057,LOW,380.68,T+1,POS_CARD,Y
MERCH003112,Bharat Supply,5814,Fast Food Restaurants,Mumbai,MH,2021-04-30,1949,LOW,302.64,T+0,ONLINE_CHECKOUT,Y
MERCH003113,Rohan Depot,5967,Direct Marketing - Inbound,Panaji,GA,2021-03-06,2004,HIGH,1727.82,T+1,ONLINE_CHECKOUT,Y
MERCH003114,Rohan & Co,5411,Grocery Stores / Supermarkets,Chennai,TN,2024-10-10,690,LOW,522.26,T+1,POS_CARD,Y
MERCH003115,Zenith Depot,4121,Taxicabs / Ride Hailing,Chennai,TN,2025-08-09,387,LOW,154.71,T+0,QR_INSTORE,Y
MERCH003116,Shree Enterprises,5814,Fast Food Restaurants,Hyderabad,TG,2022-07-21,1502,LOW,203.09,T+1,ONLINE_CHECKOUT,Y
MERCH003117,Nova Solutions,5967,Direct Marketing - Inbound,Jaipur,RJ,2020-08-24,2198,HIGH,1559.29,T+1,ONLINE_CHECKOUT,Y
MERCH003118,Nimbus Traders,4900,Utilities - Electric/Gas/Water,Hyderabad,TG,2021-08-27,1830,LOW,2161.06,T+1,QR_INSTORE,Y
MERCH003119,Anand Ventures,5732,Electronics Stores,Lucknow,UP,2026-01-25,218,MEDIUM,10215.07,T+2,QR_INSTORE,Y
MERCH003120,Shree Retail,5999,Miscellaneous Retail,Chennai,TN,2021-11-05,1760,MEDIUM,1381.79,T+1,ONLINE_CHECKOUT,Y
MERCH003121,Nova Depot,7011,Hotels / Lodging,Lucknow,UP,2024-03-17,897,MEDIUM,5399.04,T+2,ONLINE_CHECKOUT,Y
MERCH003122,Nova Enterprises,5814,Fast Food Restaurants,Kolkata,WB,2025-09-25,340,LOW,289.34,T+1,POS_CARD,Y
MERCH003123,Rohan Hub,4121,Taxicabs / Ride Hailing,Guwahati,AS,2021-05-09,1940,LOW,247.46,T+1,QR_INSTORE,Y
MERCH003124,Vertex Mart,5814,Fast Food Restaurants,Lucknow,UP,2026-05-19,104,LOW,267.74,T+1,QR_INSTORE,Y
MERCH003125,Prime Services,5411,Grocery Stores / Supermarkets,Hyderabad,TG,2025-03-05,544,LOW,588.49,T+1,POS_CARD,Y
MERCH003126,Aster Supply,5541,Service Stations (Fuel),Panaji,GA,2023-04-03,1246,LOW,1126.37,T+1,QR_INSTORE,Y
MERCH003127,Lakshmi Depot,6051,Quasi-Cash / Wallet Load,Chandigarh,CH,2022-10-08,1423,HIGH,2952.79,T+1,QR_INSTORE,Y
MERCH003128,Rohan Solutions,5541,Service Stations (Fuel),Kolkata,WB,2022-08-12,1480,LOW,1581.17,T+0,QR_INSTORE,Y
MERCH003129,Bharat Retail,4900,Utilities - Electric/Gas/Water,Ahmedabad,GJ,2025-12-26,248,LOW,1509.39,T+1,ONLINE_CHECKOUT,Y
MERCH003130,Anand Ventures,4121,Taxicabs / Ride Hailing,Lucknow,UP,2022-01-02,1702,LOW,154.69,T+1,ONLINE_CHECKOUT,Y
MERCH003131,Bharat Depot,5411,Grocery Stores / Supermarkets,Guwahati,AS,2022-04-02,1612,LOW,668.94,T+1,QR_INSTORE,Y
MERCH003132,Metro Hub,4121,Taxicabs / Ride Hailing,Kochi,KL,2026-05-12,111,LOW,327.05,T+2,ONLINE_CHECKOUT,Y
MERCH003133,Nimbus Traders,5999,Miscellaneous Retail,Kochi,KL,2024-04-27,856,MEDIUM,820.65,T+0,ONLINE_CHECKOUT,Y
MERCH003134,Nova Mart,5541,Service Stations (Fuel),Kochi,KL,2025-03-28,521,LOW,1430.81,T+1,QR_INSTORE,Y
MERCH003135,Nimbus Supply,5411,Grocery Stores / Supermarkets,Kolkata,WB,2023-11-01,1034,LOW,1004.16,T+1,ONLINE_CHECKOUT,Y
MERCH003136,Sagar Retail,5411,Grocery Stores / Supermarkets,Nagpur,MH,2026-01-14,229,LOW,851.2,T+1,ONLINE_CHECKOUT,Y
MERCH003137,Vertex Traders,5814,Fast Food Restaurants,Indore,MP,2022-02-09,1664,LOW,336.92,T+2,QR_INSTORE,Y
MERCH003138,Anand Mart,5814,Fast Food Restaurants,Bengaluru,KA,2024-11-13,656,LOW,237.43,T+1,ONLINE_CHECKOUT,Y
MERCH003139,Anand Mart,5814,Fast Food Restaurants,Kochi,KL,2022-07-14,1509,LOW,281.03,T+1,ONLINE_CHECKOUT,Y
MERCH003140,Kalpana Services,4121,Taxicabs / Ride Hailing,Indore,MP,2024-11-30,639,LOW,281.76,T+1,QR_INSTORE,Y
MERCH003141,Shree Mart,5411,Grocery Stores / Supermarkets,Guwahati,AS,2022-09-20,1441,LOW,519.88,T+0,ONLINE_CHECKOUT,Y
MERCH003142,Metro Supply,5814,Fast Food Restaurants,Kochi,KL,2025-11-09,295,LOW,362.52,T+2,ONLINE_CHECKOUT,Y
MERCH003143,Kalpana Ventures,5411,Grocery Stores / Supermarkets,Panaji,GA,2025-10-15,320,LOW,1212.33,T+0,QR_INSTORE,Y
MERCH003144,Rohan Mart,5411,Grocery Stores / Supermarkets,Kochi,KL,2020-11-23,2107,LOW,799.21,T+1,ONLINE_CHECKOUT,Y
MERCH003145,Vertex Mart,5651,Family Clothing Stores,Hyderabad,TG,2021-07-29,1859,MEDIUM,2099.29,T+1,QR_INSTORE,Y
MERCH003146,Rohan Stores,5814,Fast Food Restaurants,Delhi,DL,2024-08-20,741,LOW,164.9,T+1,ONLINE_CHECKOUT,Y
MERCH003147,Anand Stores,5999,Miscellaneous Retail,Kochi,KL,2023-09-06,1090,MEDIUM,939.04,T+1,QR_INSTORE,Y
MERCH003148,Lakshmi Stores,5411,Grocery Stores / Supermarkets,Delhi,DL,2022-10-19,1412,LOW,884.75,T+1,QR_INSTORE,Y
MERCH003149,Vertex Enterprises,6051,Quasi-Cash / Wallet Load,Kochi,KL,2020-12-24,2076,HIGH,4321.24,T+1,ONLINE_CHECKOUT,Y
MERCH003150,Vertex & Co,5411,Grocery Stores / Supermarkets,Panaji,GA,2021-04-02,1977,LOW,983.99,T+1,QR_INSTORE,Y
MERCH003151,Kalpana Depot,5411,Grocery Stores / Supermarkets,Ahmedabad,GJ,2023-02-01,1307,LOW,1055.52,T+1,QR_INSTORE,Y
MERCH003152,Zenith Stores,5541,Service Stations (Fuel),Lucknow,UP,2024-10-07,693,LOW,1695.34,T+1,QR_INSTORE,Y
MERCH003153,Rohan & Co,5541,Service Stations (Fuel),Kochi,KL,2025-09-22,343,LOW,1920.03,T+2,POS_CARD,Y
MERCH003154,Nova Services,5912,Drug Stores / Pharmacies,Hyderabad,TG,2023-03-30,1250,LOW,661.87,T+1,ONLINE_CHECKOUT,Y
MERCH003155,Lakshmi Retail,5814,Fast Food Restaurants,Kolkata,WB,2025-05-10,478,LOW,206.84,T+1,POS_CARD,Y
MERCH003156,Lakshmi Supply,5541,Service Stations (Fuel),Kochi,KL,2020-11-14,2116,LOW,1360.35,T+1,QR_INSTORE,Y
MERCH003157,Nova Enterprises,5411,Grocery Stores / Supermarkets,Guwahati,AS,2020-12-19,2081,LOW,540.09,T+1,QR_INSTORE,Y
MERCH003158,Krishna Hub,5651,Family Clothing Stores,Delhi,DL,2023-01-30,1309,MEDIUM,1575.88,T+1,POS_CARD,Y
MERCH003159,Nimbus Enterprises,4900,Utilities - Electric/Gas/Water,Ahmedabad,GJ,2025-08-05,391,LOW,2104.53,T+0,QR_INSTORE,Y
MERCH003160,Aster Supply,7011,Hotels / Lodging,Jaipur,RJ,2023-11-05,1030,MEDIUM,7035.28,T+1,ONLINE_CHECKOUT,N
MERCH003161,Krishna Mart,5999,Miscellaneous Retail,Indore,MP,2026-06-08,84,HIGH,852.7,T+2,QR_INSTORE,N
MERCH003162,Metro Stores,5814,Fast Food Restaurants,Delhi,DL,2023-10-08,1058,LOW,275.79,T+0,ONLINE_CHECKOUT,Y
MERCH003163,Bharat Services,5541,Service Stations (Fuel),Pune,MH,2024-05-01,852,LOW,1025.46,T+2,QR_INSTORE,Y
MERCH003164,Nova Solutions,5912,Drug Stores / Pharmacies,Hyderabad,TG,2022-07-18,1505,LOW,474.81,T+2,QR_INSTORE,Y
MERCH003165,Zenith Ventures,7011,Hotels / Lodging,Pune,MH,2022-03-22,1623,MEDIUM,7318.12,T+1,QR_INSTORE,Y
MERCH003166,Bharat Hub,5814,Fast Food Restaurants,Pune,MH,2024-06-29,793,LOW,283.88,T+0,QR_INSTORE,Y
MERCH003167,Nimbus Enterprises,5814,Fast Food Restaurants,Chandigarh,CH,2022-02-02,1671,LOW,219.2,T+1,POS_CARD,Y
MERCH003168,Nimbus Solutions,5411,Grocery Stores / Supermarkets,Nagpur,MH,2022-08-18,1474,LOW,828.23,T+0,ONLINE_CHECKOUT,Y
MERCH003169,Vertex Traders,4722,Travel Agencies,Bengaluru,KA,2025-10-15,320,HIGH,19397.03,T+1,ONLINE_CHECKOUT,Y
MERCH003170,Anand Depot,5541,Service Stations (Fuel),Bengaluru,KA,2020-09-01,2190,LOW,1229.14,T+2,QR_INSTORE,Y
MERCH003171,Rohan Solutions,5541,Service Stations (Fuel),Lucknow,UP,2025-11-11,293,LOW,938.4,T+1,QR_INSTORE,Y
MERCH003172,Prime Supply,4900,Utilities - Electric/Gas/Water,Chandigarh,CH,2021-11-24,1741,LOW,2479.59,T+1,ONLINE_CHECKOUT,Y
MERCH003173,Krishna Ventures,4121,Taxicabs / Ride Hailing,Jaipur,RJ,2023-08-02,1125,LOW,328.54,T+1,POS_CARD,Y
MERCH003174,Prime Mart,5541,Service Stations (Fuel),Ahmedabad,GJ,2022-07-06,1517,LOW,918.45,T+1,QR_INSTORE,Y
MERCH003175,Nova Supply,7011,Hotels / Lodging,Pune,MH,2021-10-10,1786,MEDIUM,6736.61,T+1,ONLINE_CHECKOUT,Y
MERCH003176,Kalpana & Co,5912,Drug Stores / Pharmacies,Nagpur,MH,2023-04-28,1221,LOW,763.47,T+1,ONLINE_CHECKOUT,Y
MERCH003177,Krishna Services,6051,Quasi-Cash / Wallet Load,Guwahati,AS,2024-10-05,695,HIGH,4963.84,T+1,ONLINE_CHECKOUT,Y
MERCH003178,Shree Services,5814,Fast Food Restaurants,Lucknow,UP,2024-12-25,614,LOW,173.79,T+1,QR_INSTORE,Y
MERCH003179,Aster Retail,5651,Family Clothing Stores,Nagpur,MH,2023-09-12,1084,MEDIUM,2261.13,T+1,QR_INSTORE,Y
MERCH003180,Shree Supply,5912,Drug Stores / Pharmacies,Chennai,TN,2026-01-22,221,LOW,420.95,T+1,ONLINE_CHECKOUT,Y
MERCH003181,Urban Ventures,5814,Fast Food Restaurants,Chennai,TN,2021-07-02,1886,LOW,175.87,T+1,ONLINE_CHECKOUT,Y
MERCH003182,Urban Retail,5999,Miscellaneous Retail,Chennai,TN,2021-06-26,1892,MEDIUM,811.41,T+1,QR_INSTORE,Y
MERCH003183,Nova Services,5541,Service Stations (Fuel),Indore,MP,2026-06-19,73,MEDIUM,1167.42,T+0,QR_INSTORE,Y
MERCH003184,Rohan Services,5541,Service Stations (Fuel),Chandigarh,CH,2026-06-24,68,MEDIUM,1943.65,T+0,QR_INSTORE,Y
MERCH003185,Kalpana Solutions,4900,Utilities - Electric/Gas/Water,Delhi,DL,2021-09-28,1798,LOW,1480.53,T+2,QR_INSTORE,Y
MERCH003186,Vertex Mart,4900,Utilities - Electric/Gas/Water,Delhi,DL,2026-02-01,211,LOW,1774.3,T+1,ONLINE_CHECKOUT,Y
MERCH003187,Zenith Ventures,5541,Service Stations (Fuel),Kolkata,WB,2020-10-06,2155,LOW,1054.32,T+1,POS_CARD,Y
MERCH003188,Metro Mart,5814,Fast Food Restaurants,Chandigarh,CH,2023-04-25,1224,LOW,195.34,T+1,ONLINE_CHECKOUT,Y
MERCH003189,Bharat Solutions,4121,Taxicabs / Ride Hailing,Lucknow,UP,2023-12-20,985,LOW,193.86,T+1,QR_INSTORE,Y
MERCH003190,Bharat Supply,5732,Electronics Stores,Chennai,TN,2024-10-27,673,MEDIUM,12312.76,T+1,POS_CARD,Y
MERCH003191,Nimbus Enterprises,5814,Fast Food Restaurants,Pune,MH,2024-12-18,621,LOW,372.14,T+1,QR_INSTORE,Y
MERCH003192,Rohan Services,4121,Taxicabs / Ride Hailing,Bengaluru,KA,2021-05-24,1925,LOW,153.0,T+1,ONLINE_CHECKOUT,Y
MERCH003193,Metro Ventures,5732,Electronics Stores,Indore,MP,2025-02-13,564,MEDIUM,12610.1,T+1,ONLINE_CHECKOUT,Y
MERCH003194,Metro Services,5999,Miscellaneous Retail,Mumbai,MH,2023-12-18,987,MEDIUM,616.43,T+1,POS_CARD,Y
MERCH003195,Rohan Ventures,7995,Betting / Gaming,Delhi,DL,2025-06-22,435,HIGH,4031.31,T+2,QR_INSTORE,Y
MERCH003196,Kalpana Retail,5814,Fast Food Restaurants,Ahmedabad,GJ,2020-12-27,2073,LOW,172.65,T+2,POS_CARD,Y
MERCH003197,Krishna Retail,5732,Electronics Stores,Mumbai,MH,2023-09-04,1092,MEDIUM,12895.17,T+1,ONLINE_CHECKOUT,Y
MERCH003198,Kalpana Solutions,5541,Service Stations (Fuel),Delhi,DL,2024-02-05,938,LOW,1081.04,T+2,ONLINE_CHECKOUT,Y
MERCH003199,Urban Ventures,4900,Utilities - Electric/Gas/Water,Pune,MH,2020-12-31,2069,LOW,2392.08,T+1,QR_INSTORE,Y
MERCH003200,Nova Ventures,5651,Family Clothing Stores,Delhi,DL,2021-09-08,1818,MEDIUM,1475.99,T+1,ONLINE_CHECKOUT,Y
MERCH003201,Krishna Supply,4121,Taxicabs / Ride Hailing,Bengaluru,KA,2023-02-08,1300,LOW,165.1,T+1,QR_INSTORE,Y
MERCH003202,Lakshmi Solutions,5967,Direct Marketing - Inbound,Panaji,GA,2026-08-02,29,HIGH,1214.99,T+1,QR_INSTORE,Y
MERCH003203,Prime Enterprises,5651,Family Clothing Stores,Jaipur,RJ,2025-03-27,522,MEDIUM,2213.77,T+1,ONLINE_CHECKOUT,Y
MERCH003204,Zenith Hub,4722,Travel Agencies,Chennai,TN,2024-11-21,648,HIGH,30411.86,T+1,ONLINE_CHECKOUT,Y
MERCH003205,Rohan Solutions,5814,Fast Food Restaurants,Chennai,TN,2022-09-09,1452,LOW,196.37,T+2,ONLINE_CHECKOUT,Y
MERCH003206,Nimbus Retail,5541,Service Stations (Fuel),Panaji,GA,2024-06-12,810,LOW,2007.23,T+1,QR_INSTORE,Y
MERCH003207,Metro Hub,5411,Grocery Stores / Supermarkets,Chennai,TN,2025-04-03,515,LOW,930.45,T+1,ONLINE_CHECKOUT,Y
MERCH003208,Prime Mart,4121,Taxicabs / Ride Hailing,Guwahati,AS,2026-05-31,92,LOW,324.67,T+1,ONLINE_CHECKOUT,Y
MERCH003209,Bharat Services,6051,Quasi-Cash / Wallet Load,Delhi,DL,2026-05-13,110,HIGH,6217.18,T+1,ONLINE_CHECKOUT,Y
MERCH003210,Aster & Co,4900,Utilities - Electric/Gas/Water,Chandigarh,CH,2025-05-30,458,MEDIUM,1905.1,T+2,ONLINE_CHECKOUT,Y
MERCH003211,Shree Ventures,5411,Grocery Stores / Supermarkets,Chandigarh,CH,2021-09-05,1821,LOW,699.33,T+1,ONLINE_CHECKOUT,Y
MERCH003212,Prime Hub,5814,Fast Food Restaurants,Hyderabad,TG,2021-01-01,2068,LOW,365.3,T+1,ONLINE_CHECKOUT,Y
MERCH003213,Urban & Co,4121,Taxicabs / Ride Hailing,Kolkata,WB,2025-06-21,436,LOW,269.48,T+1,ONLINE_CHECKOUT,Y
MERCH003214,Lakshmi Depot,5999,Miscellaneous Retail,Jaipur,RJ,2024-05-15,838,MEDIUM,1069.66,T+1,ONLINE_CHECKOUT,Y
MERCH003215,Krishna Services,5541,Service Stations (Fuel),Guwahati,AS,2020-10-21,2140,LOW,1474.18,T+1,ONLINE_CHECKOUT,Y
MERCH003216,Kalpana Stores,4900,Utilities - Electric/Gas/Water,Panaji,GA,2023-04-02,1247,LOW,2513.9,T+1,ONLINE_CHECKOUT,Y
MERCH003217,Prime Traders,4900,Utilities - Electric/Gas/Water,Chennai,TN,2022-06-29,1524,LOW,2338.18,T+1,QR_INSTORE,Y
MERCH003218,Prime Ventures,5814,Fast Food Restaurants,Kolkata,WB,2024-01-08,966,LOW,158.26,T+2,QR_INSTORE,Y
MERCH003219,Nimbus Hub,5411,Grocery Stores / Supermarkets,Jaipur,RJ,2023-09-28,1068,LOW,1117.4,T+1,POS_CARD,Y
MERCH003220,Nimbus Services,5411,Grocery Stores / Supermarkets,Ahmedabad,GJ,2026-04-26,127,LOW,1156.33,T+1,QR_INSTORE,Y
MERCH003221,Sagar Enterprises,5541,Service Stations (Fuel),Kochi,KL,2023-02-04,1304,LOW,1070.18,T+1,QR_INSTORE,Y
MERCH003222,Shree Enterprises,5541,Service Stations (Fuel),Indore,MP,2024-03-30,884,LOW,1090.91,T+2,POS_CARD,Y
MERCH003223,Vertex Hub,5814,Fast Food Restaurants,Mumbai,MH,2024-07-20,772,LOW,285.22,T+1,ONLINE_CHECKOUT,Y
MERCH003224,Zenith Services,6051,Quasi-Cash / Wallet Load,Hyderabad,TG,2025-12-03,271,HIGH,3844.6,T+1,POS_CARD,Y
MERCH003225,Kalpana Stores,5814,Fast Food Restaurants,Lucknow,UP,2023-06-23,1165,LOW,298.13,T+1,ONLINE_CHECKOUT,Y
MERCH003226,Zenith Stores,4900,Utilities - Electric/Gas/Water,Mumbai,MH,2022-02-05,1668,LOW,1200.61,T+0,QR_INSTORE,Y
MERCH003227,Zenith Depot,5814,Fast Food Restaurants,Nagpur,MH,2024-06-05,817,LOW,186.92,T+2,QR_INSTORE,Y
MERCH003228,Krishna Services,4121,Taxicabs / Ride Hailing,Jaipur,RJ,2023-12-02,1003,LOW,209.37,T+2,ONLINE_CHECKOUT,Y
MERCH003229,Prime Supply,5411,Grocery Stores / Supermarkets,Pune,MH,2022-11-29,1371,LOW,1127.48,T+1,QR_INSTORE,Y
MERCH003230,Krishna Mart,5541,Service Stations (Fuel),Panaji,GA,2026-02-14,198,LOW,1551.78,T+1,QR_INSTORE,N
MERCH003231,Prime Mart,4900,Utilities - Electric/Gas/Water,Mumbai,MH,2021-10-23,1773,LOW,1860.62,T+0,POS_CARD,Y
MERCH003232,Nova & Co,5541,Service Stations (Fuel),Indore,MP,2025-07-01,426,LOW,1051.73,T+1,QR_INSTORE,Y
MERCH003233,Nimbus Stores,5411,Grocery Stores / Supermarkets,Delhi,DL,2024-04-19,864,LOW,1021.59,T+1,ONLINE_CHECKOUT,Y
MERCH003234,Aster Depot,5411,Grocery Stores / Supermarkets,Pune,MH,2023-05-24,1195,LOW,1004.63,T+1,QR_INSTORE,Y
MERCH003235,Sagar Ventures,5814,Fast Food Restaurants,Nagpur,MH,2020-12-08,2092,LOW,246.82,T+1,ONLINE_CHECKOUT,Y
MERCH003236,Urban Enterprises,5541,Service Stations (Fuel),Nagpur,MH,2024-08-22,739,LOW,1807.76,T+2,ONLINE_CHECKOUT,Y
MERCH003237,Krishna Solutions,7011,Hotels / Lodging,Chennai,TN,2020-12-26,2074,MEDIUM,7578.33,T+1,ONLINE_CHECKOUT,Y
MERCH003238,Metro Mart,5651,Family Clothing Stores,Kochi,KL,2023-12-26,979,MEDIUM,2595.97,T+1,ONLINE_CHECKOUT,Y
MERCH003239,Lakshmi Supply,4900,Utilities - Electric/Gas/Water,Delhi,DL,2023-04-21,1228,LOW,1208.32,T+1,POS_CARD,Y
MERCH003240,Krishna Services,5541,Service Stations (Fuel),Delhi,DL,2024-11-17,652,LOW,1668.62,T+2,QR_INSTORE,Y
MERCH003241,Krishna Stores,5732,Electronics Stores,Indore,MP,2026-02-27,185,MEDIUM,17242.59,T+1,QR_INSTORE,Y
MERCH003242,Anand Hub,5814,Fast Food Restaurants,Kochi,KL,2023-10-12,1054,LOW,270.27,T+0,ONLINE_CHECKOUT,Y
MERCH003243,Krishna & Co,5411,Grocery Stores / Supermarkets,Ahmedabad,GJ,2024-03-04,910,LOW,1180.98,T+1,QR_INSTORE,Y
MERCH003244,Metro Services,5541,Service Stations (Fuel),Bengaluru,KA,2025-11-15,289,HIGH,930.04,T+1,QR_INSTORE,Y
MERCH003245,Kalpana Ventures,5541,Service Stations (Fuel),Kolkata,WB,2020-12-20,2080,LOW,865.91,T+1,POS_CARD,Y
MERCH003246,Metro & Co,5541,Service Stations (Fuel),Kolkata,WB,2026-02-02,210,LOW,1740.46,T+1,ONLINE_CHECKOUT,Y
MERCH003247,Vertex Mart,4121,Taxicabs / Ride Hailing,Kochi,KL,2022-09-29,1432,LOW,274.28,T+2,ONLINE_CHECKOUT,Y
MERCH003248,Zenith Services,4722,Travel Agencies,Kochi,KL,2021-06-12,1906,HIGH,27758.29,T+0,QR_INSTORE,Y
MERCH003249,Sagar Hub,5814,Fast Food Restaurants,Lucknow,UP,2022-09-05,1456,LOW,238.23,T+0,QR_INSTORE,Y
MERCH003250,Zenith Mart,5814,Fast Food Restaurants,Panaji,GA,2026-02-01,211,LOW,192.37,T+2,ONLINE_CHECKOUT,Y
MERCH003251,Shree Ventures,4722,Travel Agencies,Chennai,TN,2024-04-19,864,HIGH,14641.3,T+0,QR_INSTORE,Y
MERCH003252,Urban Hub,5912,Drug Stores / Pharmacies,Guwahati,AS,2023-04-05,1244,LOW,661.26,T+1,QR_INSTORE,Y
MERCH003253,Prime Hub,5814,Fast Food Restaurants,Nagpur,MH,2023-11-19,1016,LOW,206.38,T+0,QR_INSTORE,Y
MERCH003254,Bharat Enterprises,5912,Drug Stores / Pharmacies,Lucknow,UP,2022-06-09,1544,LOW,412.35,T+1,QR_INSTORE,Y
MERCH003255,Prime Ventures,5912,Drug Stores / Pharmacies,Mumbai,MH,2024-12-24,615,LOW,320.75,T+1,ONLINE_CHECKOUT,Y
MERCH003256,Vertex Depot,5912,Drug Stores / Pharmacies,Lucknow,UP,2022-08-18,1474,LOW,706.61,T+2,QR_INSTORE,Y
MERCH003257,Shree Retail,5411,Grocery Stores / Supermarkets,Pune,MH,2022-06-28,1525,LOW,748.64,T+0,ONLINE_CHECKOUT,Y
MERCH003258,Anand Stores,4900,Utilities - Electric/Gas/Water,Delhi,DL,2022-07-21,1502,LOW,2538.66,T+1,QR_INSTORE,Y
MERCH003259,Zenith Enterprises,5814,Fast Food Restaurants,Panaji,GA,2020-09-22,2169,LOW,341.89,T+1,QR_INSTORE,Y
MERCH003260,Aster Depot,5541,Service Stations (Fuel),Delhi,DL,2023-07-22,1136,LOW,1514.69,T+2,QR_INSTORE,Y
MERCH003261,Urban Ventures,5912,Drug Stores / Pharmacies,Kolkata,WB,2021-11-28,1737,LOW,720.75,T+1,ONLINE_CHECKOUT,Y
MERCH003262,Lakshmi Solutions,5411,Grocery Stores / Supermarkets,Kolkata,WB,2020-12-16,2084,LOW,736.72,T+1,ONLINE_CHECKOUT,N
MERCH003263,Shree Services,4722,Travel Agencies,Kochi,KL,2023-04-07,1242,HIGH,31317.97,T+1,QR_INSTORE,Y
MERCH003264,Bharat & Co,5814,Fast Food Restaurants,Ahmedabad,GJ,2020-12-25,2075,LOW,291.58,T+1,ONLINE_CHECKOUT,Y
MERCH003265,Shree Retail,5732,Electronics Stores,Delhi,DL,2025-03-11,538,MEDIUM,14065.23,T+2,POS_CARD,Y
MERCH003266,Vertex Ventures,6051,Quasi-Cash / Wallet Load,Guwahati,AS,2023-06-05,1183,HIGH,6264.32,T+2,QR_INSTORE,Y
MERCH003267,Zenith Supply,7995,Betting / Gaming,Guwahati,AS,2022-10-21,1410,HIGH,3759.19,T+2,POS_CARD,Y
MERCH003268,Zenith Solutions,5732,Electronics Stores,Kochi,KL,2021-07-13,1875,MEDIUM,17892.71,T+1,POS_CARD,Y
MERCH003269,Anand Solutions,5411,Grocery Stores / Supermarkets,Kochi,KL,2023-09-16,1080,LOW,1033.99,T+1,QR_INSTORE,Y
MERCH003270,Shree Retail,4121,Taxicabs / Ride Hailing,Panaji,GA,2022-07-24,1499,LOW,213.87,T+1,QR_INSTORE,Y
MERCH003271,Vertex Retail,4900,Utilities - Electric/Gas/Water,Lucknow,UP,2022-11-02,1398,LOW,2588.88,T+1,POS_CARD,Y
MERCH003272,Urban Enterprises,4900,Utilities - Electric/Gas/Water,Lucknow,UP,2023-01-27,1312,LOW,1592.24,T+1,QR_INSTORE,Y
MERCH003273,Kalpana Services,5541,Service Stations (Fuel),Ahmedabad,GJ,2022-09-11,1450,LOW,1790.36,T+1,QR_INSTORE,Y
MERCH003274,Metro Solutions,5814,Fast Food Restaurants,Panaji,GA,2023-11-08,1027,LOW,261.41,T+1,ONLINE_CHECKOUT,Y
MERCH003275,Vertex Depot,4900,Utilities - Electric/Gas/Water,Indore,MP,2023-05-12,1207,LOW,1770.48,T+1,ONLINE_CHECKOUT,Y
MERCH003276,Krishna Services,5912,Drug Stores / Pharmacies,Kochi,KL,2026-02-15,197,LOW,512.25,T+1,ONLINE_CHECKOUT,Y
MERCH003277,Nimbus Enterprises,7995,Betting / Gaming,Kolkata,WB,2021-04-30,1949,HIGH,3316.92,T+1,QR_INSTORE,Y
MERCH003278,Shree Enterprises,5651,Family Clothing Stores,Kochi,KL,2025-05-11,477,MEDIUM,1189.81,T+1,QR_INSTORE,Y
MERCH003279,Nova Mart,5732,Electronics Stores,Lucknow,UP,2025-03-23,526,MEDIUM,17907.25,T+0,QR_INSTORE,Y
MERCH003280,Rohan Stores,5732,Electronics Stores,Ahmedabad,GJ,2023-03-17,1263,MEDIUM,11458.71,T+1,QR_INSTORE,Y
MERCH003281,Lakshmi Depot,5541,Service Stations (Fuel),Bengaluru,KA,2025-03-08,541,LOW,1234.9,T+1,POS_CARD,Y
MERCH003282,Nova Stores,5814,Fast Food Restaurants,Indore,MP,2021-04-09,1970,LOW,176.29,T+1,ONLINE_CHECKOUT,Y
MERCH003283,Kalpana Ventures,5814,Fast Food Restaurants,Indore,MP,2025-08-16,380,LOW,159.49,T+1,QR_INSTORE,Y
MERCH003284,Anand Depot,5541,Service Stations (Fuel),Kolkata,WB,2020-09-11,2180,LOW,1788.38,T+1,QR_INSTORE,Y
MERCH003285,Bharat Depot,4121,Taxicabs / Ride Hailing,Bengaluru,KA,2021-09-01,1825,LOW,347.15,T+1,POS_CARD,Y
MERCH003286,Metro Mart,5999,Miscellaneous Retail,Kochi,KL,2025-12-15,259,MEDIUM,1142.35,T+1,QR_INSTORE,Y
MERCH003287,Prime & Co,5814,Fast Food Restaurants,Nagpur,MH,2022-09-19,1442,LOW,179.59,T+1,QR_INSTORE,Y
MERCH003288,Rohan Depot,5411,Grocery Stores / Supermarkets,Mumbai,MH,2021-08-06,1851,LOW,1159.68,T+1,QR_INSTORE,Y
MERCH003289,Kalpana Services,5732,Electronics Stores,Guwahati,AS,2022-04-28,1586,MEDIUM,7902.86,T+2,ONLINE_CHECKOUT,Y
MERCH003290,Bharat Retail,5411,Grocery Stores / Supermarkets,Chennai,TN,2022-12-18,1352,LOW,1077.17,T+1,ONLINE_CHECKOUT,Y
MERCH003291,Nimbus Solutions,5814,Fast Food Restaurants,Guwahati,AS,2024-08-29,732,LOW,339.82,T+1,QR_INSTORE,Y
MERCH003292,Bharat & Co,5411,Grocery Stores / Supermarkets,Hyderabad,TG,2021-05-25,1924,LOW,800.2,T+1,QR_INSTORE,Y
MERCH003293,Krishna Hub,7011,Hotels / Lodging,Lucknow,UP,2023-08-11,1116,MEDIUM,4366.42,T+2,ONLINE_CHECKOUT,Y
MERCH003294,Krishna Enterprises,7011,Hotels / Lodging,Lucknow,UP,2021-11-18,1747,MEDIUM,6275.09,T+1,QR_INSTORE,Y
MERCH003295,Aster Depot,5999,Miscellaneous Retail,Kolkata,WB,2024-05-24,829,MEDIUM,1042.22,T+1,QR_INSTORE,Y
MERCH003296,Vertex Mart,4121,Taxicabs / Ride Hailing,Panaji,GA,2024-12-07,632,LOW,290.86,T+1,ONLINE_CHECKOUT,Y
MERCH003297,Anand Enterprises,5912,Drug Stores / Pharmacies,Kolkata,WB,2024-02-22,921,LOW,440.87,T+1,POS_CARD,Y
MERCH003298,Kalpana Depot,5541,Service Stations (Fuel),Kolkata,WB,2021-09-21,1805,LOW,2028.85,T+1,ONLINE_CHECKOUT,Y
MERCH003299,Bharat Traders,7011,Hotels / Lodging,Mumbai,MH,2024-01-09,965,MEDIUM,5787.51,T+1,QR_INSTORE,Y
MERCH003300,Nimbus Enterprises,4900,Utilities - Electric/Gas/Water,Mumbai,MH,2023-09-08,1088,LOW,1401.63,T+1,POS_CARD,Y
MERCH003301,Nova Services,5814,Fast Food Restaurants,Delhi,DL,2023-11-23,1012,LOW,209.66,T+1,POS_CARD,Y
MERCH003302,Bharat Mart,5541,Service Stations (Fuel),Nagpur,MH,2024-10-12,688,LOW,1321.17,T+2,QR_INSTORE,Y
MERCH003303,Lakshmi Hub,5814,Fast Food Restaurants,Hyderabad,TG,2021-02-04,2034,LOW,218.06,T+2,ONLINE_CHECKOUT,Y
MERCH003304,Rohan Hub,5814,Fast Food Restaurants,Lucknow,UP,2023-05-17,1202,LOW,237.72,T+1,ONLINE_CHECKOUT,Y
MERCH003305,Vertex Solutions,5411,Grocery Stores / Supermarkets,Panaji,GA,2021-05-11,1938,LOW,1238.58,T+1,ONLINE_CHECKOUT,Y
MERCH003306,Urban Stores,4900,Utilities - Electric/Gas/Water,Chennai,TN,2021-03-25,1985,LOW,1606.57,T+1,QR_INSTORE,Y
MERCH003307,Nimbus Hub,5814,Fast Food Restaurants,Bengaluru,KA,2023-02-18,1290,LOW,269.37,T+1,QR_INSTORE,Y
MERCH003308,Shree Depot,5651,Family Clothing Stores,Hyderabad,TG,2026-07-24,38,HIGH,2301.78,T+1,ONLINE_CHECKOUT,Y
MERCH003309,Zenith Services,7011,Hotels / Lodging,Kolkata,WB,2025-07-30,397,MEDIUM,8742.72,T+1,ONLINE_CHECKOUT,Y
MERCH003310,Rohan Ventures,5999,Miscellaneous Retail,Chandigarh,CH,2026-04-07,146,MEDIUM,609.37,T+2,POS_CARD,Y
MERCH003311,Rohan Stores,4900,Utilities - Electric/Gas/Water,Indore,MP,2023-08-03,1124,LOW,2458.73,T+1,QR_INSTORE,Y
MERCH003312,Metro Supply,4121,Taxicabs / Ride Hailing,Chennai,TN,2021-09-07,1819,LOW,193.89,T+2,QR_INSTORE,Y
MERCH003313,Anand Ventures,5541,Service Stations (Fuel),Ahmedabad,GJ,2020-12-03,2097,LOW,1101.1,T+1,QR_INSTORE,Y
MERCH003314,Shree Depot,5912,Drug Stores / Pharmacies,Bengaluru,KA,2021-04-10,1969,LOW,649.47,T+1,ONLINE_CHECKOUT,Y
MERCH003315,Shree Mart,5411,Grocery Stores / Supermarkets,Chandigarh,CH,2025-10-04,331,LOW,1067.12,T+1,QR_INSTORE,Y
MERCH003316,Sagar Retail,5732,Electronics Stores,Lucknow,UP,2021-08-15,1842,MEDIUM,13170.01,T+0,QR_INSTORE,Y
MERCH003317,Krishna Solutions,5411,Grocery Stores / Supermarkets,Mumbai,MH,2022-05-09,1575,LOW,673.58,T+1,POS_CARD,Y
MERCH003318,Shree Ventures,4900,Utilities - Electric/Gas/Water,Chennai,TN,2025-02-27,550,LOW,2249.65,T+1,QR_INSTORE,N
MERCH003319,Anand Supply,5541,Service Stations (Fuel),Chandigarh,CH,2024-02-06,937,LOW,1122.12,T+1,QR_INSTORE,Y
MERCH003320,Lakshmi Supply,5411,Grocery Stores / Supermarkets,Nagpur,MH,2026-01-04,239,LOW,520.57,T+1,QR_INSTORE,Y
MERCH003321,Rohan Solutions,5541,Service Stations (Fuel),Delhi,DL,2022-02-05,1668,LOW,1225.37,T+1,QR_INSTORE,Y
MERCH003322,Lakshmi Enterprises,5541,Service Stations (Fuel),Delhi,DL,2021-06-06,1912,LOW,962.37,T+1,ONLINE_CHECKOUT,Y
MERCH003323,Krishna Hub,5411,Grocery Stores / Supermarkets,Panaji,GA,2026-06-08,84,MEDIUM,1121.14,T+2,QR_INSTORE,Y
MERCH003324,Vertex Hub,4121,Taxicabs / Ride Hailing,Panaji,GA,2023-03-19,1261,LOW,314.52,T+1,QR_INSTORE,Y
MERCH003325,Rohan Ventures,5541,Service Stations (Fuel),Pune,MH,2024-10-20,680,LOW,1462.29,T+1,POS_CARD,Y
MERCH003326,Aster Traders,5411,Grocery Stores / Supermarkets,Jaipur,RJ,2023-04-29,1220,LOW,843.79,T+1,QR_INSTORE,Y
MERCH003327,Nimbus Retail,5967,Direct Marketing - Inbound,Delhi,DL,2026-07-29,33,HIGH,1163.74,T+1,QR_INSTORE,Y
MERCH003328,Kalpana Retail,5651,Family Clothing Stores,Nagpur,MH,2023-02-21,1287,MEDIUM,1899.61,T+2,POS_CARD,Y
MERCH003329,Vertex Hub,5912,Drug Stores / Pharmacies,Delhi,DL,2020-09-15,2176,LOW,487.91,T+1,QR_INSTORE,Y
MERCH003330,Lakshmi Services,5732,Electronics Stores,Guwahati,AS,2026-01-27,216,MEDIUM,11924.03,T+1,QR_INSTORE,Y
MERCH003331,Kalpana Enterprises,5912,Drug Stores / Pharmacies,Delhi,DL,2025-06-26,431,LOW,526.11,T+2,ONLINE_CHECKOUT,Y
MERCH003332,Rohan Hub,5651,Family Clothing Stores,Delhi,DL,2023-01-24,1315,MEDIUM,1795.77,T+0,ONLINE_CHECKOUT,Y
MERCH003333,Anand Depot,5541,Service Stations (Fuel),Mumbai,MH,2020-10-02,2159,LOW,1073.67,T+1,QR_INSTORE,Y
MERCH003334,Urban Traders,4900,Utilities - Electric/Gas/Water,Nagpur,MH,2022-07-24,1499,LOW,1310.47,T+2,QR_INSTORE,Y
MERCH003335,Aster Hub,5411,Grocery Stores / Supermarkets,Kolkata,WB,2023-09-03,1093,HIGH,1248.49,T+1,QR_INSTORE,Y
MERCH003336,Nova Ventures,5814,Fast Food Restaurants,Pune,MH,2021-06-28,1890,LOW,176.64,T+1,QR_INSTORE,Y
MERCH003337,Nimbus Ventures,4121,Taxicabs / Ride Hailing,Panaji,GA,2026-07-26,36,MEDIUM,335.68,T+1,ONLINE_CHECKOUT,Y
MERCH003338,Kalpana Ventures,5814,Fast Food Restaurants,Kochi,KL,2023-06-13,1175,LOW,215.13,T+2,QR_INSTORE,Y
MERCH003339,Urban Mart,5999,Miscellaneous Retail,Pune,MH,2022-08-04,1488,MEDIUM,729.86,T+1,QR_INSTORE,N
MERCH003340,Shree Ventures,4900,Utilities - Electric/Gas/Water,Ahmedabad,GJ,2024-06-07,815,LOW,2572.44,T+1,QR_INSTORE,Y
MERCH003341,Lakshmi Mart,5814,Fast Food Restaurants,Bengaluru,KA,2024-02-27,916,LOW,228.75,T+1,ONLINE_CHECKOUT,Y
MERCH003342,Aster Depot,5814,Fast Food Restaurants,Bengaluru,KA,2020-10-29,2132,LOW,333.44,T+2,ONLINE_CHECKOUT,Y
MERCH003343,Rohan Mart,4722,Travel Agencies,Jaipur,RJ,2022-12-18,1352,HIGH,14648.01,T+1,ONLINE_CHECKOUT,Y
MERCH003344,Vertex Services,5999,Miscellaneous Retail,Ahmedabad,GJ,2021-01-11,2058,MEDIUM,1194.1,T+0,ONLINE_CHECKOUT,Y
MERCH003345,Shree Enterprises,5541,Service Stations (Fuel),Bengaluru,KA,2022-12-09,1361,LOW,1060.26,T+0,QR_INSTORE,Y
MERCH003346,Nova Traders,5732,Electronics Stores,Nagpur,MH,2024-11-10,659,MEDIUM,10804.52,T+1,QR_INSTORE,Y
MERCH003347,Anand Enterprises,5814,Fast Food Restaurants,Mumbai,MH,2024-06-21,801,LOW,188.72,T+2,QR_INSTORE,Y
MERCH003348,Rohan Solutions,4121,Taxicabs / Ride Hailing,Kochi,KL,2025-11-08,296,LOW,259.45,T+1,ONLINE_CHECKOUT,Y
MERCH003349,Lakshmi Services,5912,Drug Stores / Pharmacies,Mumbai,MH,2025-03-27,522,LOW,486.85,T+0,POS_CARD,Y
MERCH003350,Nova Enterprises,5814,Fast Food Restaurants,Guwahati,AS,2026-08-07,24,HIGH,375.96,T+1,POS_CARD,Y
MERCH003351,Rohan & Co,7011,Hotels / Lodging,Chandigarh,CH,2023-08-19,1108,MEDIUM,8777.35,T+1,QR_INSTORE,N
MERCH003352,Aster Stores,5814,Fast Food Restaurants,Delhi,DL,2022-02-16,1657,LOW,279.35,T+1,ONLINE_CHECKOUT,Y
MERCH003353,Metro Enterprises,5814,Fast Food Restaurants,Kolkata,WB,2023-05-30,1189,LOW,321.93,T+1,POS_CARD,Y
MERCH003354,Lakshmi Retail,4722,Travel Agencies,Indore,MP,2024-07-28,764,HIGH,31186.92,T+1,QR_INSTORE,Y
MERCH003355,Bharat Enterprises,5732,Electronics Stores,Panaji,GA,2025-06-14,443,MEDIUM,16715.62,T+1,ONLINE_CHECKOUT,Y
MERCH003356,Zenith Solutions,5912,Drug Stores / Pharmacies,Jaipur,RJ,2022-12-15,1355,LOW,318.41,T+1,QR_INSTORE,Y
MERCH003357,Prime Stores,5541,Service Stations (Fuel),Chennai,TN,2026-03-22,162,LOW,1986.29,T+1,QR_INSTORE,Y
MERCH003358,Sagar Services,5814,Fast Food Restaurants,Guwahati,AS,2024-07-19,773,LOW,173.16,T+2,QR_INSTORE,Y
MERCH003359,Sagar Services,4121,Taxicabs / Ride Hailing,Kolkata,WB,2024-08-28,733,LOW,291.06,T+0,QR_INSTORE,Y
MERCH003360,Urban & Co,5732,Electronics Stores,Panaji,GA,2021-03-04,2006,MEDIUM,15758.61,T+2,ONLINE_CHECKOUT,Y
MERCH003361,Sagar Hub,5541,Service Stations (Fuel),Guwahati,AS,2022-05-13,1571,LOW,1851.05,T+1,QR_INSTORE,Y
MERCH003362,Nova Ventures,5651,Family Clothing Stores,Chandigarh,CH,2025-09-23,342,MEDIUM,1462.25,T+1,QR_INSTORE,Y
MERCH003363,Anand Mart,5411,Grocery Stores / Supermarkets,Nagpur,MH,2021-01-09,2060,LOW,651.56,T+1,QR_INSTORE,Y
MERCH003364,Metro Services,5814,Fast Food Restaurants,Bengaluru,KA,2020-10-08,2153,LOW,221.08,T+2,POS_CARD,Y
MERCH003365,Sagar Retail,5651,Family Clothing Stores,Hyderabad,TG,2025-06-09,448,MEDIUM,2491.73,T+1,QR_INSTORE,Y
MERCH003366,Bharat Stores,5541,Service Stations (Fuel),Chennai,TN,2025-03-24,525,LOW,1676.48,T+1,ONLINE_CHECKOUT,Y
MERCH003367,Lakshmi Supply,5814,Fast Food Restaurants,Kolkata,WB,2022-07-28,1495,LOW,250.49,T+1,QR_INSTORE,Y
MERCH003368,Aster Retail,5541,Service Stations (Fuel),Kolkata,WB,2020-08-31,2191,LOW,881.51,T+0,QR_INSTORE,Y
MERCH003369,Rohan Depot,5912,Drug Stores / Pharmacies,Indore,MP,2026-02-12,200,LOW,497.19,T+1,QR_INSTORE,Y
MERCH003370,Lakshmi Supply,7995,Betting / Gaming,Guwahati,AS,2021-06-19,1899,HIGH,4045.18,T+1,POS_CARD,N
MERCH003371,Vertex Mart,5541,Service Stations (Fuel),Guwahati,AS,2025-09-02,363,LOW,1180.65,T+1,ONLINE_CHECKOUT,Y
MERCH003372,Kalpana Ventures,5541,Service Stations (Fuel),Kochi,KL,2022-10-20,1411,LOW,2014.14,T+1,ONLINE_CHECKOUT,Y
MERCH003373,Vertex Enterprises,6051,Quasi-Cash / Wallet Load,Panaji,GA,2021-09-09,1817,HIGH,3647.85,T+1,ONLINE_CHECKOUT,N
MERCH003374,Lakshmi Retail,4900,Utilities - Electric/Gas/Water,Guwahati,AS,2023-01-27,1312,LOW,1641.06,T+1,QR_INSTORE,Y
MERCH003375,Metro Hub,4121,Taxicabs / Ride Hailing,Delhi,DL,2023-06-05,1183,LOW,164.68,T+2,QR_INSTORE,Y
MERCH003376,Vertex & Co,5541,Service Stations (Fuel),Bengaluru,KA,2021-06-20,1898,LOW,1778.75,T+1,ONLINE_CHECKOUT,Y
MERCH003377,Aster Hub,4722,Travel Agencies,Pune,MH,2025-05-06,482,HIGH,13307.55,T+0,ONLINE_CHECKOUT,Y
MERCH003378,Prime Enterprises,5814,Fast Food Restaurants,Lucknow,UP,2022-04-09,1605,LOW,331.84,T+2,QR_INSTORE,Y
MERCH003379,Aster Stores,5999,Miscellaneous Retail,Mumbai,MH,2024-10-22,678,MEDIUM,893.52,T+1,QR_INSTORE,Y
MERCH003380,Sagar Mart,5732,Electronics Stores,Panaji,GA,2023-11-20,1015,MEDIUM,10115.56,T+2,QR_INSTORE,Y
MERCH003381,Sagar Mart,7995,Betting / Gaming,Jaipur,RJ,2022-03-06,1639,HIGH,4054.17,T+2,ONLINE_CHECKOUT,Y
MERCH003382,Metro Depot,5912,Drug Stores / Pharmacies,Jaipur,RJ,2022-03-10,1635,LOW,580.59,T+1,POS_CARD,Y
MERCH003383,Kalpana Retail,6051,Quasi-Cash / Wallet Load,Chandigarh,CH,2025-05-26,462,MEDIUM,3432.27,T+1,QR_INSTORE,N
MERCH003384,Nimbus Traders,4900,Utilities - Electric/Gas/Water,Lucknow,UP,2023-05-06,1213,LOW,2462.53,T+1,ONLINE_CHECKOUT,Y
MERCH003385,Kalpana Enterprises,5814,Fast Food Restaurants,Delhi,DL,2021-12-16,1719,LOW,184.78,T+1,ONLINE_CHECKOUT,Y
MERCH003386,Sagar Stores,5651,Family Clothing Stores,Chandigarh,CH,2023-07-22,1136,MEDIUM,1196.17,T+2,QR_INSTORE,Y
MERCH003387,Krishna Ventures,5732,Electronics Stores,Mumbai,MH,2020-09-22,2169,MEDIUM,10001.66,T+1,POS_CARD,Y
MERCH003388,Krishna Depot,5912,Drug Stores / Pharmacies,Hyderabad,TG,2022-11-15,1385,LOW,456.89,T+1,POS_CARD,Y
MERCH003389,Anand Hub,5814,Fast Food Restaurants,Bengaluru,KA,2024-05-22,831,LOW,320.22,T+1,QR_INSTORE,Y
MERCH003390,Krishna Mart,5541,Service Stations (Fuel),Pune,MH,2022-05-06,1578,LOW,1220.65,T+0,ONLINE_CHECKOUT,Y
MERCH003391,Prime Retail,5411,Grocery Stores / Supermarkets,Pune,MH,2022-12-16,1354,LOW,937.78,T+1,ONLINE_CHECKOUT,Y
MERCH003392,Nimbus & Co,5814,Fast Food Restaurants,Kolkata,WB,2021-04-26,1953,LOW,208.26,T+2,QR_INSTORE,Y
MERCH003393,Rohan Mart,5814,Fast Food Restaurants,Chennai,TN,2022-06-17,1536,LOW,307.82,T+2,QR_INSTORE,Y
MERCH003394,Krishna Hub,5912,Drug Stores / Pharmacies,Nagpur,MH,2023-01-11,1328,LOW,314.01,T+1,QR_INSTORE,Y
MERCH003395,Nova Retail,7011,Hotels / Lodging,Nagpur,MH,2022-06-25,1528,MEDIUM,6718.26,T+2,QR_INSTORE,Y
MERCH003396,Prime Depot,5411,Grocery Stores / Supermarkets,Guwahati,AS,2024-11-06,663,LOW,525.29,T+1,QR_INSTORE,Y
MERCH003397,Vertex Stores,7995,Betting / Gaming,Bengaluru,KA,2025-07-21,406,LOW,2927.81,T+1,QR_INSTORE,Y
MERCH003398,Kalpana Services,5814,Fast Food Restaurants,Jaipur,RJ,2023-01-04,1335,LOW,161.92,T+2,ONLINE_CHECKOUT,Y
MERCH003399,Sagar Traders,5999,Miscellaneous Retail,Kochi,KL,2023-12-17,988,MEDIUM,1142.3,T+1,QR_INSTORE,Y
MERCH003400,Krishna Hub,5814,Fast Food Restaurants,Pune,MH,2024-12-13,626,LOW,299.43,T+1,ONLINE_CHECKOUT,Y
MERCH003401,Bharat Supply,5814,Fast Food Restaurants,Ahmedabad,GJ,2021-05-29,1920,LOW,201.79,T+1,QR_INSTORE,Y
MERCH003402,Bharat Retail,5912,Drug Stores / Pharmacies,Pune,MH,2023-06-28,1160,LOW,475.42,T+1,POS_CARD,Y
MERCH003403,Rohan Retail,5912,Drug Stores / Pharmacies,Pune,MH,2021-01-11,2058,LOW,565.7,T+1,ONLINE_CHECKOUT,Y
MERCH003404,Anand Traders,5999,Miscellaneous Retail,Jaipur,RJ,2021-04-06,1973,MEDIUM,612.84,T+1,ONLINE_CHECKOUT,Y
MERCH003405,Krishna Ventures,5411,Grocery Stores / Supermarkets,Chandigarh,CH,2023-08-22,1105,LOW,1012.97,T+2,POS_CARD,Y
MERCH003406,Rohan Mart,5411,Grocery Stores / Supermarkets,Indore,MP,2022-02-17,1656,LOW,903.41,T+1,ONLINE_CHECKOUT,Y
MERCH003407,Anand Retail,5541,Service Stations (Fuel),Indore,MP,2021-03-21,1989,LOW,1114.7,T+0,POS_CARD,Y
MERCH003408,Prime Mart,4900,Utilities - Electric/Gas/Water,Kochi,KL,2022-11-01,1399,LOW,2264.01,T+1,ONLINE_CHECKOUT,Y
MERCH003409,Aster Supply,5999,Miscellaneous Retail,Pune,MH,2023-02-08,1300,MEDIUM,1404.82,T+1,ONLINE_CHECKOUT,Y
MERCH003410,Krishna Services,5411,Grocery Stores / Supermarkets,Ahmedabad,GJ,2026-01-17,226,LOW,1057.39,T+0,QR_INSTORE,Y
MERCH003411,Rohan Ventures,5814,Fast Food Restaurants,Ahmedabad,GJ,2026-03-01,183,LOW,271.17,T+1,POS_CARD,N
MERCH003412,Nova Solutions,5651,Family Clothing Stores,Guwahati,AS,2022-08-14,1478,MEDIUM,1591.0,T+1,POS_CARD,Y
MERCH003413,Zenith Stores,5999,Miscellaneous Retail,Indore,MP,2024-01-03,971,MEDIUM,1279.43,T+1,QR_INSTORE,Y
MERCH003414,Urban Mart,5541,Service Stations (Fuel),Bengaluru,KA,2023-01-14,1325,LOW,1448.14,T+1,ONLINE_CHECKOUT,Y
MERCH003415,Sagar Solutions,6051,Quasi-Cash / Wallet Load,Kolkata,WB,2026-07-16,46,HIGH,3398.39,T+1,QR_INSTORE,N
MERCH003416,Urban Mart,5411,Grocery Stores / Supermarkets,Chennai,TN,2023-04-01,1248,LOW,1153.67,T+1,QR_INSTORE,Y
MERCH003417,Krishna Services,6051,Quasi-Cash / Wallet Load,Lucknow,UP,2020-10-30,2131,HIGH,6876.88,T+2,QR_INSTORE,N
MERCH003418,Urban Supply,5411,Grocery Stores / Supermarkets,Kolkata,WB,2023-05-13,1206,LOW,836.2,T+1,QR_INSTORE,Y
MERCH003419,Bharat Supply,4121,Taxicabs / Ride Hailing,Ahmedabad,GJ,2021-02-17,2021,LOW,159.18,T+1,QR_INSTORE,Y
MERCH003420,Zenith Stores,4900,Utilities - Electric/Gas/Water,Lucknow,UP,2025-03-27,522,LOW,2741.63,T+1,ONLINE_CHECKOUT,Y
MERCH003421,Metro Stores,5732,Electronics Stores,Chennai,TN,2023-12-19,986,MEDIUM,8812.69,T+1,ONLINE_CHECKOUT,Y
MERCH003422,Nova Supply,4121,Taxicabs / Ride Hailing,Nagpur,MH,2020-12-19,2081,LOW,236.45,T+1,POS_CARD,Y
MERCH003423,Kalpana Supply,5411,Grocery Stores / Supermarkets,Hyderabad,TG,2022-09-13,1448,LOW,539.03,T+1,POS_CARD,Y
MERCH003424,Metro Depot,5541,Service Stations (Fuel),Chandigarh,CH,2021-02-26,2012,LOW,1047.56,T+1,ONLINE_CHECKOUT,Y
MERCH003425,Zenith Traders,4121,Taxicabs / Ride Hailing,Delhi,DL,2025-05-24,464,LOW,304.17,T+2,ONLINE_CHECKOUT,Y
MERCH003426,Zenith Ventures,7011,Hotels / Lodging,Kochi,KL,2024-12-30,609,MEDIUM,7188.9,T+1,ONLINE_CHECKOUT,Y
MERCH003427,Krishna Traders,7995,Betting / Gaming,Delhi,DL,2023-09-09,1087,HIGH,4362.86,T+1,ONLINE_CHECKOUT,Y
MERCH003428,Aster Supply,5967,Direct Marketing - Inbound,Delhi,DL,2026-06-22,70,HIGH,1347.05,T+1,ONLINE_CHECKOUT,Y
MERCH003429,Krishna Stores,5814,Fast Food Restaurants,Jaipur,RJ,2024-10-22,678,LOW,384.09,T+0,QR_INSTORE,Y
MERCH003430,Zenith Hub,5814,Fast Food Restaurants,Mumbai,MH,2020-09-04,2187,LOW,324.68,T+1,ONLINE_CHECKOUT,Y
MERCH003431,Vertex Mart,5732,Electronics Stores,Ahmedabad,GJ,2022-09-11,1450,MEDIUM,11004.44,T+1,ONLINE_CHECKOUT,Y
MERCH003432,Lakshmi Services,5651,Family Clothing Stores,Guwahati,AS,2025-04-21,497,LOW,2597.09,T+1,QR_INSTORE,Y
MERCH003433,Sagar Enterprises,7011,Hotels / Lodging,Guwahati,AS,2022-05-12,1572,MEDIUM,9106.21,T+1,QR_INSTORE,Y
MERCH003434,Bharat Mart,5732,Electronics Stores,Chennai,TN,2021-12-09,1726,MEDIUM,11708.05,T+2,QR_INSTORE,Y
MERCH003435,Krishna Stores,4900,Utilities - Electric/Gas/Water,Mumbai,MH,2024-11-20,649,LOW,2810.79,T+1,POS_CARD,Y
MERCH003436,Sagar Retail,5814,Fast Food Restaurants,Jaipur,RJ,2024-11-18,651,LOW,295.8,T+1,ONLINE_CHECKOUT,Y
MERCH003437,Bharat & Co,5912,Drug Stores / Pharmacies,Kochi,KL,2025-02-22,555,LOW,564.88,T+1,QR_INSTORE,Y
MERCH003438,Nimbus Supply,5541,Service Stations (Fuel),Ahmedabad,GJ,2023-11-21,1014,LOW,1997.74,T+1,QR_INSTORE,Y
MERCH003439,Anand Services,4900,Utilities - Electric/Gas/Water,Indore,MP,2023-09-25,1071,LOW,2450.21,T+2,ONLINE_CHECKOUT,Y
MERCH003440,Kalpana Depot,5541,Service Stations (Fuel),Nagpur,MH,2025-01-10,598,LOW,1786.42,T+1,POS_CARD,Y
MERCH003441,Anand Depot,5411,Grocery Stores / Supermarkets,Jaipur,RJ,2021-12-10,1725,LOW,1030.8,T+0,ONLINE_CHECKOUT,Y
MERCH003442,Rohan Stores,4722,Travel Agencies,Hyderabad,TG,2025-12-25,249,HIGH,28806.97,T+2,QR_INSTORE,Y
MERCH003443,Prime Retail,5411,Grocery Stores / Supermarkets,Kochi,KL,2021-12-26,1709,LOW,919.64,T+1,POS_CARD,Y
MERCH003444,Urban Solutions,5732,Electronics Stores,Kochi,KL,2026-04-02,151,MEDIUM,14406.08,T+1,QR_INSTORE,Y
MERCH003445,Metro Stores,5912,Drug Stores / Pharmacies,Panaji,GA,2021-05-12,1937,MEDIUM,703.41,T+1,ONLINE_CHECKOUT,Y
MERCH003446,Krishna Services,5541,Service Stations (Fuel),Nagpur,MH,2022-04-07,1607,LOW,1798.92,T+2,QR_INSTORE,Y
MERCH003447,Bharat Solutions,5732,Electronics Stores,Pune,MH,2025-05-17,471,MEDIUM,13247.62,T+1,QR_INSTORE,Y
MERCH003448,Metro Supply,4121,Taxicabs / Ride Hailing,Chandigarh,CH,2022-07-02,1521,LOW,147.18,T+2,ONLINE_CHECKOUT,Y
MERCH003449,Nimbus Supply,5999,Miscellaneous Retail,Hyderabad,TG,2025-07-06,421,MEDIUM,1104.37,T+1,ONLINE_CHECKOUT,Y
MERCH003450,Zenith Solutions,5814,Fast Food Restaurants,Ahmedabad,GJ,2026-05-25,98,LOW,317.56,T+1,QR_INSTORE,Y
MERCH003451,Kalpana Solutions,5411,Grocery Stores / Supermarkets,Mumbai,MH,2026-07-22,40,MEDIUM,1086.95,T+1,QR_INSTORE,Y
MERCH003452,Nimbus Retail,4900,Utilities - Electric/Gas/Water,Chandigarh,CH,2023-03-20,1260,LOW,2164.06,T+1,POS_CARD,Y
MERCH003453,Prime Ventures,5814,Fast Food Restaurants,Pune,MH,2024-01-10,964,LOW,349.73,T+1,POS_CARD,Y
MERCH003454,Urban Retail,5967,Direct Marketing - Inbound,Kolkata,WB,2023-10-30,1036,HIGH,1053.34,T+1,ONLINE_CHECKOUT,Y
MERCH003455,Kalpana Mart,5912,Drug Stores / Pharmacies,Jaipur,RJ,2024-09-01,729,LOW,312.1,T+1,QR_INSTORE,Y
MERCH003456,Zenith Solutions,5814,Fast Food Restaurants,Pune,MH,2020-11-27,2103,LOW,179.77,T+1,ONLINE_CHECKOUT,Y
MERCH003457,Lakshmi Enterprises,5912,Drug Stores / Pharmacies,Lucknow,UP,2021-12-13,1722,LOW,471.35,T+1,QR_INSTORE,Y
MERCH003458,Krishna Retail,5912,Drug Stores / Pharmacies,Kochi,KL,2022-06-30,1523,LOW,535.1,T+1,QR_INSTORE,Y
MERCH003459,Aster Traders,5814,Fast Food Restaurants,Indore,MP,2024-09-04,726,LOW,385.13,T+2,ONLINE_CHECKOUT,Y
MERCH003460,Lakshmi Services,5814,Fast Food Restaurants,Chandigarh,CH,2025-11-23,281,LOW,253.15,T+1,ONLINE_CHECKOUT,Y
MERCH003461,Sagar Enterprises,5411,Grocery Stores / Supermarkets,Delhi,DL,2022-06-30,1523,LOW,964.97,T+1,ONLINE_CHECKOUT,Y
MERCH003462,Sagar Retail,6051,Quasi-Cash / Wallet Load,Indore,MP,2023-06-07,1181,HIGH,5792.32,T+1,ONLINE_CHECKOUT,Y
MERCH003463,Metro Retail,5541,Service Stations (Fuel),Indore,MP,2026-03-18,166,LOW,1833.1,T+1,ONLINE_CHECKOUT,Y
MERCH003464,Metro Hub,5912,Drug Stores / Pharmacies,Ahmedabad,GJ,2021-11-02,1763,LOW,353.87,T+2,QR_INSTORE,Y
MERCH003465,Aster Solutions,5651,Family Clothing Stores,Indore,MP,2022-01-28,1676,MEDIUM,2546.22,T+1,ONLINE_CHECKOUT,Y
MERCH003466,Vertex Retail,6051,Quasi-Cash / Wallet Load,Chandigarh,CH,2022-05-11,1573,HIGH,6255.77,T+1,ONLINE_CHECKOUT,Y
MERCH003467,Rohan Enterprises,5912,Drug Stores / Pharmacies,Lucknow,UP,2024-04-01,882,LOW,421.81,T+1,ONLINE_CHECKOUT,N
MERCH003468,Krishna Depot,4900,Utilities - Electric/Gas/Water,Indore,MP,2021-06-15,1903,LOW,1998.68,T+2,ONLINE_CHECKOUT,Y
MERCH003469,Krishna Enterprises,5732,Electronics Stores,Nagpur,MH,2022-02-07,1666,MEDIUM,9114.36,T+2,ONLINE_CHECKOUT,Y
MERCH003470,Krishna Hub,4121,Taxicabs / Ride Hailing,Panaji,GA,2025-06-21,436,MEDIUM,330.71,T+1,ONLINE_CHECKOUT,Y
MERCH003471,Urban Hub,5541,Service Stations (Fuel),Delhi,DL,2024-04-29,854,LOW,2012.49,T+1,ONLINE_CHECKOUT,Y
MERCH003472,Metro Stores,5732,Electronics Stores,Nagpur,MH,2025-01-11,597,MEDIUM,7900.32,T+0,ONLINE_CHECKOUT,Y
MERCH003473,Zenith Enterprises,5814,Fast Food Restaurants,Indore,MP,2025-04-09,509,LOW,213.26,T+1,POS_CARD,Y
MERCH003474,Nimbus Solutions,5411,Grocery Stores / Supermarkets,Lucknow,UP,2021-07-04,1884,LOW,805.59,T+2,POS_CARD,Y
MERCH003475,Krishna Enterprises,5541,Service Stations (Fuel),Delhi,DL,2021-03-08,2002,LOW,1451.45,T+0,ONLINE_CHECKOUT,Y
MERCH003476,Nova Traders,5732,Electronics Stores,Panaji,GA,2023-10-06,1060,MEDIUM,15994.08,T+1,ONLINE_CHECKOUT,Y
MERCH003477,Metro & Co,4900,Utilities - Electric/Gas/Water,Guwahati,AS,2025-11-24,280,LOW,1365.97,T+1,QR_INSTORE,Y
MERCH003478,Rohan Retail,5814,Fast Food Restaurants,Guwahati,AS,2025-10-18,317,LOW,184.16,T+1,ONLINE_CHECKOUT,Y
MERCH003479,Vertex Retail,5411,Grocery Stores / Supermarkets,Lucknow,UP,2025-04-05,513,LOW,685.7,T+1,ONLINE_CHECKOUT,Y
MERCH003480,Bharat Stores,6051,Quasi-Cash / Wallet Load,Kolkata,WB,2026-01-15,228,HIGH,6372.05,T+1,ONLINE_CHECKOUT,Y
MERCH003481,Krishna & Co,5651,Family Clothing Stores,Kolkata,WB,2022-12-06,1364,MEDIUM,1295.26,T+1,ONLINE_CHECKOUT,Y
MERCH003482,Shree Services,5541,Service Stations (Fuel),Pune,MH,2021-09-15,1811,LOW,1471.13,T+1,QR_INSTORE,Y
MERCH003483,Metro Traders,4722,Travel Agencies,Mumbai,MH,2022-05-10,1574,HIGH,21704.29,T+2,QR_INSTORE,Y
MERCH003484,Lakshmi Depot,7995,Betting / Gaming,Lucknow,UP,2026-05-06,117,HIGH,2641.29,T+1,ONLINE_CHECKOUT,Y
MERCH003485,Rohan Depot,5732,Electronics Stores,Kochi,KL,2021-08-29,1828,MEDIUM,13894.79,T+0,ONLINE_CHECKOUT,Y
MERCH003486,Aster Enterprises,5411,Grocery Stores / Supermarkets,Kolkata,WB,2022-05-25,1559,LOW,843.41,T+1,QR_INSTORE,Y
MERCH003487,Zenith Traders,5651,Family Clothing Stores,Guwahati,AS,2022-07-07,1516,MEDIUM,1953.59,T+1,QR_INSTORE,Y
MERCH003488,Anand Hub,5814,Fast Food Restaurants,Mumbai,MH,2024-05-31,822,LOW,244.16,T+0,QR_INSTORE,Y
MERCH003489,Krishna Ventures,5912,Drug Stores / Pharmacies,Ahmedabad,GJ,2021-11-18,1747,LOW,667.49,T+1,POS_CARD,Y
MERCH003490,Sagar Depot,5999,Miscellaneous Retail,Lucknow,UP,2022-03-19,1626,MEDIUM,1407.42,T+1,QR_INSTORE,Y
MERCH003491,Vertex Mart,5814,Fast Food Restaurants,Jaipur,RJ,2025-11-20,284,LOW,292.71,T+1,ONLINE_CHECKOUT,Y
MERCH003492,Metro Solutions,4722,Travel Agencies,Bengaluru,KA,2023-03-02,1278,HIGH,15858.03,T+1,QR_INSTORE,Y
MERCH003493,Shree Ventures,5541,Service Stations (Fuel),Pune,MH,2023-12-10,995,LOW,1811.52,T+1,QR_INSTORE,Y
MERCH003494,Rohan Services,5541,Service Stations (Fuel),Nagpur,MH,2024-03-13,901,LOW,970.95,T+1,QR_INSTORE,Y
MERCH003495,Shree Services,4900,Utilities - Electric/Gas/Water,Kolkata,WB,2020-08-22,2200,LOW,2251.27,T+1,QR_INSTORE,Y
MERCH003496,Lakshmi Enterprises,5912,Drug Stores / Pharmacies,Ahmedabad,GJ,2024-03-22,892,LOW,649.85,T+1,QR_INSTORE,Y
MERCH003497,Bharat Supply,5411,Grocery Stores / Supermarkets,Mumbai,MH,2021-03-14,1996,LOW,598.8,T+1,ONLINE_CHECKOUT,Y
MERCH003498,Kalpana Supply,5541,Service Stations (Fuel),Lucknow,UP,2025-12-19,255,LOW,1755.31,T+1,QR_INSTORE,Y
MERCH003499,Krishna Supply,4121,Taxicabs / Ride Hailing,Kolkata,WB,2023-08-16,1111,LOW,181.42,T+2,QR_INSTORE,Y
MERCH003500,Zenith Solutions,5814,Fast Food Restaurants,Chandigarh,CH,2021-10-11,1785,LOW,184.68,T+1,QR_INSTORE,Y
MERCH003501,Nimbus Hub,4722,Travel Agencies,Chandigarh,CH,2024-06-17,805,HIGH,22948.11,T+2,ONLINE_CHECKOUT,Y
MERCH003502,Rohan Solutions,5814,Fast Food Restaurants,Nagpur,MH,2024-02-27,916,LOW,263.96,T+2,QR_INSTORE,Y
MERCH003503,Shree Mart,7011,Hotels / Lodging,Hyderabad,TG,2025-06-08,449,MEDIUM,8017.09,T+1,POS_CARD,Y
MERCH003504,Nimbus Services,7011,Hotels / Lodging,Chennai,TN,2022-05-26,1558,MEDIUM,7093.1,T+1,QR_INSTORE,N
MERCH003505,Krishna Retail,4722,Travel Agencies,Jaipur,RJ,2026-04-03,150,HIGH,24003.94,T+1,QR_INSTORE,Y
MERCH003506,Zenith Mart,5411,Grocery Stores / Supermarkets,Hyderabad,TG,2023-08-27,1100,LOW,632.72,T+1,QR_INSTORE,Y
MERCH003507,Lakshmi & Co,5814,Fast Food Restaurants,Bengaluru,KA,2022-03-12,1633,LOW,383.57,T+1,ONLINE_CHECKOUT,Y
MERCH003508,Nimbus Hub,5967,Direct Marketing - Inbound,Indore,MP,2025-09-07,358,HIGH,977.4,T+1,ONLINE_CHECKOUT,Y
MERCH003509,Krishna Stores,5541,Service Stations (Fuel),Panaji,GA,2022-11-28,1372,LOW,1112.08,T+1,POS_CARD,Y
MERCH003510,Metro Hub,5411,Grocery Stores / Supermarkets,Hyderabad,TG,2021-05-01,1948,LOW,919.31,T+1,ONLINE_CHECKOUT,Y
MERCH003511,Urban Solutions,5411,Grocery Stores / Supermarkets,Pune,MH,2026-05-20,103,LOW,849.13,T+1,QR_INSTORE,Y
MERCH003512,Vertex Mart,5814,Fast Food Restaurants,Indore,MP,2023-11-02,1033,LOW,170.32,T+1,POS_CARD,Y
MERCH003513,Shree Solutions,4121,Taxicabs / Ride Hailing,Indore,MP,2022-02-12,1661,LOW,305.62,T+2,ONLINE_CHECKOUT,Y
MERCH003514,Aster Hub,4900,Utilities - Electric/Gas/Water,Guwahati,AS,2024-01-22,952,LOW,1911.7,T+1,QR_INSTORE,Y
MERCH003515,Anand Depot,5814,Fast Food Restaurants,Chandigarh,CH,2022-10-27,1404,LOW,275.78,T+1,POS_CARD,Y
MERCH003516,Nimbus Enterprises,5732,Electronics Stores,Guwahati,AS,2024-01-20,954,MEDIUM,10062.25,T+2,QR_INSTORE,Y
MERCH003517,Aster Services,5732,Electronics Stores,Chandigarh,CH,2023-11-15,1020,MEDIUM,11223.69,T+1,ONLINE_CHECKOUT,Y
MERCH003518,Sagar Depot,6051,Quasi-Cash / Wallet Load,Pune,MH,2024-08-29,732,HIGH,3591.61,T+1,QR_INSTORE,Y
MERCH003519,Metro Ventures,4900,Utilities - Electric/Gas/Water,Hyderabad,TG,2023-04-24,1225,LOW,1960.22,T+1,ONLINE_CHECKOUT,Y
MERCH003520,Metro Services,5999,Miscellaneous Retail,Chennai,TN,2021-05-05,1944,MEDIUM,1357.39,T+1,QR_INSTORE,Y
MERCH003521,Metro Retail,5912,Drug Stores / Pharmacies,Kochi,KL,2021-11-22,1743,LOW,533.73,T+2,ONLINE_CHECKOUT,Y
MERCH003522,Nova Solutions,4900,Utilities - Electric/Gas/Water,Lucknow,UP,2022-02-03,1670,LOW,1615.92,T+0,ONLINE_CHECKOUT,Y
MERCH003523,Bharat Ventures,5814,Fast Food Restaurants,Hyderabad,TG,2026-03-19,165,LOW,295.81,T+1,ONLINE_CHECKOUT,Y
MERCH003524,Aster Retail,4121,Taxicabs / Ride Hailing,Mumbai,MH,2022-05-15,1569,LOW,263.43,T+1,POS_CARD,Y
MERCH003525,Kalpana Ventures,5732,Electronics Stores,Chennai,TN,2021-08-18,1839,MEDIUM,15273.12,T+1,QR_INSTORE,Y
MERCH003526,Anand Stores,5411,Grocery Stores / Supermarkets,Jaipur,RJ,2021-09-19,1807,LOW,817.69,T+2,ONLINE_CHECKOUT,Y
MERCH003527,Metro Enterprises,4900,Utilities - Electric/Gas/Water,Ahmedabad,GJ,2023-11-09,1026,LOW,1595.64,T+0,ONLINE_CHECKOUT,Y
MERCH003528,Sagar Ventures,5814,Fast Food Restaurants,Jaipur,RJ,2025-02-04,573,LOW,356.02,T+1,ONLINE_CHECKOUT,Y
MERCH003529,Urban & Co,5541,Service Stations (Fuel),Kolkata,WB,2020-12-26,2074,LOW,1123.42,T+2,POS_CARD,Y
MERCH003530,Nimbus Supply,7011,Hotels / Lodging,Mumbai,MH,2022-12-12,1358,MEDIUM,4249.2,T+1,ONLINE_CHECKOUT,Y
MERCH003531,Zenith & Co,6051,Quasi-Cash / Wallet Load,Hyderabad,TG,2024-06-10,812,LOW,5887.73,T+1,QR_INSTORE,Y
MERCH003532,Bharat Enterprises,5814,Fast Food Restaurants,Indore,MP,2020-10-25,2136,LOW,180.08,T+1,QR_INSTORE,Y
MERCH003533,Kalpana Depot,4900,Utilities - Electric/Gas/Water,Kochi,KL,2023-12-03,1002,LOW,2326.44,T+1,ONLINE_CHECKOUT,Y
MERCH003534,Vertex Traders,5541,Service Stations (Fuel),Panaji,GA,2026-04-22,131,LOW,1568.24,T+1,ONLINE_CHECKOUT,Y
MERCH003535,Metro Hub,5814,Fast Food Restaurants,Nagpur,MH,2021-02-15,2023,LOW,358.22,T+1,POS_CARD,Y
MERCH003536,Vertex Depot,5541,Service Stations (Fuel),Guwahati,AS,2023-02-21,1287,LOW,1288.86,T+2,POS_CARD,Y
MERCH003537,Nova Ventures,5541,Service Stations (Fuel),Mumbai,MH,2023-03-05,1275,LOW,1511.2,T+2,QR_INSTORE,Y
MERCH003538,Krishna Depot,5814,Fast Food Restaurants,Nagpur,MH,2026-04-21,132,LOW,283.44,T+1,QR_INSTORE,Y
MERCH003539,Anand Depot,5999,Miscellaneous Retail,Chandigarh,CH,2021-02-20,2018,MEDIUM,1230.03,T+1,ONLINE_CHECKOUT,Y
MERCH003540,Urban & Co,4900,Utilities - Electric/Gas/Water,Mumbai,MH,2022-08-22,1470,LOW,2803.94,T+1,QR_INSTORE,Y
MERCH003541,Bharat Hub,5732,Electronics Stores,Kolkata,WB,2026-01-30,213,MEDIUM,13456.43,T+0,ONLINE_CHECKOUT,Y
MERCH003542,Urban Enterprises,4722,Travel Agencies,Chandigarh,CH,2022-06-12,1541,HIGH,15078.79,T+1,ONLINE_CHECKOUT,Y
MERCH003543,Nimbus Solutions,5541,Service Stations (Fuel),Panaji,GA,2024-12-16,623,LOW,1793.08,T+2,QR_INSTORE,Y
MERCH003544,Rohan Supply,5912,Drug Stores / Pharmacies,Mumbai,MH,2021-07-26,1862,LOW,726.37,T+1,ONLINE_CHECKOUT,Y
MERCH003545,Sagar Traders,5732,Electronics Stores,Panaji,GA,2025-02-09,568,MEDIUM,15986.29,T+1,QR_INSTORE,Y
MERCH003546,Prime & Co,5411,Grocery Stores / Supermarkets,Pune,MH,2025-04-01,517,LOW,940.78,T+2,POS_CARD,Y
MERCH003547,Sagar Traders,7011,Hotels / Lodging,Hyderabad,TG,2024-08-13,748,MEDIUM,4121.87,T+2,POS_CARD,N
MERCH003548,Anand Hub,4900,Utilities - Electric/Gas/Water,Ahmedabad,GJ,2024-08-06,755,LOW,1516.38,T+1,ONLINE_CHECKOUT,Y
MERCH003549,Aster & Co,4121,Taxicabs / Ride Hailing,Chandigarh,CH,2024-11-27,642,LOW,250.78,T+1,ONLINE_CHECKOUT,Y
MERCH003550,Aster Mart,5541,Service Stations (Fuel),Delhi,DL,2025-04-26,492,LOW,1652.44,T+1,ONLINE_CHECKOUT,Y
MERCH003551,Kalpana & Co,5651,Family Clothing Stores,Indore,MP,2026-05-10,113,MEDIUM,1445.96,T+1,ONLINE_CHECKOUT,Y
MERCH003552,Kalpana Retail,4900,Utilities - Electric/Gas/Water,Mumbai,MH,2025-06-01,456,LOW,1202.45,T+1,ONLINE_CHECKOUT,Y
MERCH003553,Aster Services,5814,Fast Food Restaurants,Chandigarh,CH,2023-01-26,1313,LOW,160.56,T+1,QR_INSTORE,Y
MERCH003554,Bharat & Co,5814,Fast Food Restaurants,Lucknow,UP,2024-10-23,677,LOW,172.78,T+1,QR_INSTORE,Y
MERCH003555,Sagar Depot,5651,Family Clothing Stores,Delhi,DL,2025-12-23,251,MEDIUM,1140.06,T+1,ONLINE_CHECKOUT,Y
MERCH003556,Metro Enterprises,5651,Family Clothing Stores,Panaji,GA,2022-02-05,1668,MEDIUM,2305.99,T+1,QR_INSTORE,Y
MERCH003557,Shree Stores,4900,Utilities - Electric/Gas/Water,Nagpur,MH,2026-07-11,51,MEDIUM,1318.65,T+1,ONLINE_CHECKOUT,Y
MERCH003558,Metro Services,5999,Miscellaneous Retail,Guwahati,AS,2025-01-26,582,MEDIUM,1085.74,T+1,QR_INSTORE,Y
MERCH003559,Krishna Depot,5411,Grocery Stores / Supermarkets,Pune,MH,2026-04-05,148,LOW,680.57,T+1,POS_CARD,Y
MERCH003560,Prime Mart,4900,Utilities - Electric/Gas/Water,Nagpur,MH,2024-11-27,642,LOW,1432.03,T+1,POS_CARD,Y
MERCH003561,Lakshmi Mart,5411,Grocery Stores / Supermarkets,Chandigarh,CH,2024-05-23,830,LOW,928.96,T+1,ONLINE_CHECKOUT,Y
MERCH003562,Krishna Enterprises,5912,Drug Stores / Pharmacies,Nagpur,MH,2024-03-10,904,LOW,628.81,T+2,POS_CARD,Y
MERCH003563,Kalpana Mart,5912,Drug Stores / Pharmacies,Lucknow,UP,2025-06-11,446,LOW,769.55,T+1,QR_INSTORE,Y
MERCH003564,Shree Ventures,4900,Utilities - Electric/Gas/Water,Chandigarh,CH,2022-01-21,1683,LOW,1261.03,T+1,ONLINE_CHECKOUT,Y
MERCH003565,Urban Solutions,5651,Family Clothing Stores,Bengaluru,KA,2024-08-03,758,MEDIUM,1461.48,T+1,ONLINE_CHECKOUT,Y
MERCH003566,Krishna Mart,4900,Utilities - Electric/Gas/Water,Indore,MP,2021-05-31,1918,LOW,1470.81,T+1,POS_CARD,Y
MERCH003567,Nova & Co,5651,Family Clothing Stores,Delhi,DL,2026-04-27,126,MEDIUM,2318.54,T+1,QR_INSTORE,Y
MERCH003568,Nimbus Retail,7011,Hotels / Lodging,Chandigarh,CH,2024-09-13,717,MEDIUM,7044.84,T+1,ONLINE_CHECKOUT,Y
MERCH003569,Zenith & Co,5411,Grocery Stores / Supermarkets,Nagpur,MH,2024-06-22,800,LOW,740.74,T+1,ONLINE_CHECKOUT,Y
MERCH003570,Urban Depot,5541,Service Stations (Fuel),Kochi,KL,2022-01-08,1696,LOW,1182.9,T+2,QR_INSTORE,Y
MERCH003571,Zenith Enterprises,5814,Fast Food Restaurants,Kochi,KL,2025-05-25,463,LOW,316.3,T+1,ONLINE_CHECKOUT,Y
MERCH003572,Bharat Retail,5651,Family Clothing Stores,Chennai,TN,2024-05-28,825,MEDIUM,2282.03,T+1,POS_CARD,Y
MERCH003573,Anand Solutions,5411,Grocery Stores / Supermarkets,Kochi,KL,2024-02-12,931,LOW,962.75,T+1,ONLINE_CHECKOUT,Y
MERCH003574,Metro Mart,5651,Family Clothing Stores,Lucknow,UP,2022-10-26,1405,MEDIUM,1341.63,T+2,QR_INSTORE,Y
MERCH003575,Urban Enterprises,5732,Electronics Stores,Ahmedabad,GJ,2025-03-13,536,MEDIUM,16192.6,T+1,POS_CARD,Y
MERCH003576,Metro Solutions,4900,Utilities - Electric/Gas/Water,Chennai,TN,2023-12-08,997,LOW,2565.25,T+1,QR_INSTORE,Y
MERCH003577,Urban Depot,5912,Drug Stores / Pharmacies,Hyderabad,TG,2023-11-25,1010,LOW,516.2,T+2,POS_CARD,N
MERCH003578,Krishna Solutions,4900,Utilities - Electric/Gas/Water,Panaji,GA,2021-10-27,1769,LOW,2516.24,T+1,POS_CARD,Y
MERCH003579,Krishna Services,4900,Utilities - Electric/Gas/Water,Pune,MH,2025-04-13,505,LOW,2142.33,T+1,ONLINE_CHECKOUT,Y
MERCH003580,Rohan Supply,5651,Family Clothing Stores,Indore,MP,2023-04-02,1247,MEDIUM,1648.82,T+1,QR_INSTORE,Y
MERCH003581,Rohan Supply,5411,Grocery Stores / Supermarkets,Ahmedabad,GJ,2025-02-14,563,LOW,980.04,T+1,ONLINE_CHECKOUT,Y
MERCH003582,Rohan Ventures,4722,Travel Agencies,Mumbai,MH,2026-03-14,170,HIGH,31230.77,T+1,ONLINE_CHECKOUT,Y
MERCH003583,Nova & Co,5912,Drug Stores / Pharmacies,Chennai,TN,2022-08-01,1491,LOW,714.62,T+2,POS_CARD,Y
MERCH003584,Vertex & Co,4900,Utilities - Electric/Gas/Water,Ahmedabad,GJ,2021-10-04,1792,LOW,2148.84,T+1,QR_INSTORE,Y
MERCH003585,Bharat Solutions,5541,Service Stations (Fuel),Delhi,DL,2021-02-21,2017,LOW,853.69,T+0,ONLINE_CHECKOUT,Y
MERCH003586,Kalpana Solutions,5541,Service Stations (Fuel),Jaipur,RJ,2024-05-17,836,LOW,1111.38,T+1,ONLINE_CHECKOUT,Y
MERCH003587,Nova Traders,7011,Hotels / Lodging,Guwahati,AS,2026-01-17,226,MEDIUM,9640.36,T+1,ONLINE_CHECKOUT,Y
MERCH003588,Anand Enterprises,4722,Travel Agencies,Indore,MP,2024-08-26,735,HIGH,22086.95,T+1,QR_INSTORE,Y
MERCH003589,Krishna Solutions,5814,Fast Food Restaurants,Delhi,DL,2024-08-06,755,LOW,355.11,T+2,POS_CARD,Y
MERCH003590,Urban & Co,5732,Electronics Stores,Indore,MP,2024-02-13,930,MEDIUM,13478.8,T+2,POS_CARD,Y
MERCH003591,Shree Supply,5814,Fast Food Restaurants,Jaipur,RJ,2025-12-20,254,LOW,363.54,T+1,ONLINE_CHECKOUT,Y
MERCH003592,Shree Supply,4900,Utilities - Electric/Gas/Water,Mumbai,MH,2025-10-25,310,LOW,1924.81,T+1,QR_INSTORE,Y
MERCH003593,Nimbus Depot,4121,Taxicabs / Ride Hailing,Bengaluru,KA,2021-10-18,1778,LOW,196.93,T+1,POS_CARD,Y
MERCH003594,Kalpana Solutions,4121,Taxicabs / Ride Hailing,Delhi,DL,2026-05-23,100,LOW,343.54,T+1,ONLINE_CHECKOUT,Y
MERCH003595,Zenith Solutions,5814,Fast Food Restaurants,Kochi,KL,2022-01-10,1694,LOW,326.79,T+1,QR_INSTORE,Y
MERCH003596,Rohan Services,6051,Quasi-Cash / Wallet Load,Hyderabad,TG,2025-07-31,396,HIGH,4398.25,T+1,ONLINE_CHECKOUT,Y
MERCH003597,Nova Supply,4900,Utilities - Electric/Gas/Water,Panaji,GA,2022-01-25,1679,LOW,2133.78,T+1,ONLINE_CHECKOUT,Y
MERCH003598,Anand Traders,5411,Grocery Stores / Supermarkets,Pune,MH,2022-04-28,1586,LOW,1052.81,T+1,ONLINE_CHECKOUT,Y
MERCH003599,Sagar Retail,5541,Service Stations (Fuel),Bengaluru,KA,2025-08-22,374,LOW,1552.43,T+1,QR_INSTORE,Y
MERCH003600,Metro Solutions,7995,Betting / Gaming,Ahmedabad,GJ,2022-06-14,1539,HIGH,2877.15,T+1,QR_INSTORE,Y
MERCH003601,Prime Stores,5541,Service Stations (Fuel),Mumbai,MH,2026-01-18,225,LOW,1042.94,T+1,ONLINE_CHECKOUT,Y
MERCH003602,Prime Supply,5814,Fast Food Restaurants,Nagpur,MH,2025-01-26,582,LOW,213.67,T+1,QR_INSTORE,Y
MERCH003603,Rohan Solutions,5411,Grocery Stores / Supermarkets,Mumbai,MH,2024-06-11,811,LOW,915.53,T+1,QR_INSTORE,Y
MERCH003604,Aster Solutions,5732,Electronics Stores,Indore,MP,2025-11-14,290,MEDIUM,16791.37,T+1,QR_INSTORE,Y
MERCH003605,Rohan Hub,5411,Grocery Stores / Supermarkets,Chandigarh,CH,2023-03-13,1267,LOW,626.17,T+2,QR_INSTORE,Y
MERCH003606,Zenith Traders,5411,Grocery Stores / Supermarkets,Kolkata,WB,2024-06-15,807,LOW,1044.95,T+0,QR_INSTORE,Y
MERCH003607,Urban Supply,4900,Utilities - Electric/Gas/Water,Mumbai,MH,2022-11-10,1390,LOW,1654.48,T+2,ONLINE_CHECKOUT,Y
MERCH003608,Nova Traders,5411,Grocery Stores / Supermarkets,Kolkata,WB,2022-06-01,1552,LOW,704.18,T+2,POS_CARD,Y
MERCH003609,Sagar Traders,4900,Utilities - Electric/Gas/Water,Bengaluru,KA,2020-10-25,2136,LOW,2782.25,T+2,QR_INSTORE,Y
MERCH003610,Kalpana Enterprises,5814,Fast Food Restaurants,Kochi,KL,2022-07-29,1494,LOW,231.21,T+1,ONLINE_CHECKOUT,Y
MERCH003611,Zenith Solutions,5411,Grocery Stores / Supermarkets,Panaji,GA,2021-02-26,2012,LOW,1076.71,T+1,QR_INSTORE,Y
MERCH003612,Anand Enterprises,4121,Taxicabs / Ride Hailing,Hyderabad,TG,2026-06-03,89,MEDIUM,191.29,T+1,POS_CARD,Y
MERCH003613,Sagar Depot,5912,Drug Stores / Pharmacies,Hyderabad,TG,2020-09-20,2171,LOW,319.83,T+1,ONLINE_CHECKOUT,Y
MERCH003614,Vertex Services,5814,Fast Food Restaurants,Chennai,TN,2021-04-22,1957,LOW,388.74,T+1,QR_INSTORE,Y
MERCH003615,Prime Mart,5411,Grocery Stores / Supermarkets,Lucknow,UP,2022-09-28,1433,LOW,819.99,T+1,QR_INSTORE,Y
MERCH003616,Nova Enterprises,5651,Family Clothing Stores,Chennai,TN,2025-11-27,277,MEDIUM,1174.26,T+1,QR_INSTORE,Y
MERCH003617,Rohan Mart,5541,Service Stations (Fuel),Kochi,KL,2025-07-27,400,LOW,1439.49,T+1,ONLINE_CHECKOUT,Y
MERCH003618,Sagar Services,5999,Miscellaneous Retail,Chandigarh,CH,2025-09-23,342,MEDIUM,1167.26,T+0,QR_INSTORE,Y
MERCH003619,Zenith Enterprises,4900,Utilities - Electric/Gas/Water,Hyderabad,TG,2021-12-09,1726,LOW,2061.76,T+1,QR_INSTORE,Y
MERCH003620,Urban Mart,4121,Taxicabs / Ride Hailing,Guwahati,AS,2023-09-06,1090,LOW,160.86,T+2,QR_INSTORE,Y
MERCH003621,Nova Hub,5411,Grocery Stores / Supermarkets,Indore,MP,2026-07-15,47,MEDIUM,598.33,T+1,ONLINE_CHECKOUT,Y
MERCH003622,Nimbus Traders,5541,Service Stations (Fuel),Kolkata,WB,2024-03-24,890,LOW,1479.72,T+1,ONLINE_CHECKOUT,N
MERCH003623,Prime Solutions,5541,Service Stations (Fuel),Hyderabad,TG,2020-08-22,2200,LOW,1263.26,T+2,ONLINE_CHECKOUT,Y
MERCH003624,Nova Services,4722,Travel Agencies,Bengaluru,KA,2022-05-26,1558,HIGH,17600.86,T+2,POS_CARD,Y
MERCH003625,Shree Solutions,5732,Electronics Stores,Kolkata,WB,2020-09-03,2188,MEDIUM,13692.65,T+1,POS_CARD,Y
MERCH003626,Anand & Co,5411,Grocery Stores / Supermarkets,Kochi,KL,2024-11-13,656,LOW,1013.73,T+0,ONLINE_CHECKOUT,Y
MERCH003627,Prime & Co,4900,Utilities - Electric/Gas/Water,Ahmedabad,GJ,2025-05-23,465,LOW,2158.0,T+0,QR_INSTORE,Y
MERCH003628,Nova Traders,5814,Fast Food Restaurants,Chennai,TN,2026-04-18,135,LOW,349.86,T+1,ONLINE_CHECKOUT,Y
MERCH003629,Nova & Co,5814,Fast Food Restaurants,Kochi,KL,2021-11-24,1741,LOW,179.53,T+1,ONLINE_CHECKOUT,Y
MERCH003630,Shree Hub,7011,Hotels / Lodging,Kolkata,WB,2023-12-17,988,MEDIUM,7142.9,T+1,POS_CARD,Y
MERCH003631,Urban Ventures,5651,Family Clothing Stores,Indore,MP,2020-08-30,2192,MEDIUM,1325.3,T+0,ONLINE_CHECKOUT,Y
MERCH003632,Krishna Depot,5999,Miscellaneous Retail,Guwahati,AS,2026-05-21,102,MEDIUM,803.93,T+1,QR_INSTORE,Y
MERCH003633,Vertex Retail,5967,Direct Marketing - Inbound,Kolkata,WB,2025-08-11,385,HIGH,1843.79,T+1,ONLINE_CHECKOUT,Y
MERCH003634,Urban Depot,5999,Miscellaneous Retail,Kochi,KL,2024-09-23,707,MEDIUM,657.46,T+1,POS_CARD,Y
MERCH003635,Vertex Depot,5651,Family Clothing Stores,Lucknow,UP,2023-09-04,1092,MEDIUM,2600.82,T+1,ONLINE_CHECKOUT,Y
MERCH003636,Prime Enterprises,4121,Taxicabs / Ride Hailing,Chennai,TN,2023-02-18,1290,LOW,217.35,T+0,ONLINE_CHECKOUT,Y
MERCH003637,Nimbus Retail,5541,Service Stations (Fuel),Pune,MH,2026-03-14,170,LOW,883.51,T+1,ONLINE_CHECKOUT,Y
MERCH003638,Shree Solutions,5814,Fast Food Restaurants,Bengaluru,KA,2021-02-21,2017,LOW,266.34,T+1,POS_CARD,Y
MERCH003639,Bharat Ventures,5814,Fast Food Restaurants,Chandigarh,CH,2022-04-09,1605,LOW,389.86,T+1,QR_INSTORE,Y
MERCH003640,Vertex Enterprises,5651,Family Clothing Stores,Chandigarh,CH,2021-04-02,1977,MEDIUM,2511.87,T+1,QR_INSTORE,Y
MERCH003641,Metro Retail,4121,Taxicabs / Ride Hailing,Ahmedabad,GJ,2022-04-01,1613,LOW,275.39,T+1,POS_CARD,Y
MERCH003642,Lakshmi Traders,5814,Fast Food Restaurants,Delhi,DL,2022-07-08,1515,LOW,312.12,T+1,QR_INSTORE,Y
MERCH003643,Bharat Mart,4722,Travel Agencies,Hyderabad,TG,2023-07-30,1128,HIGH,29134.35,T+1,ONLINE_CHECKOUT,Y
MERCH003644,Bharat Mart,5411,Grocery Stores / Supermarkets,Kolkata,WB,2022-02-10,1663,LOW,930.21,T+1,ONLINE_CHECKOUT,Y
MERCH003645,Kalpana & Co,5541,Service Stations (Fuel),Panaji,GA,2021-08-20,1837,LOW,1599.17,T+1,QR_INSTORE,Y
MERCH003646,Lakshmi Mart,4900,Utilities - Electric/Gas/Water,Kochi,KL,2021-12-15,1720,LOW,2506.74,T+1,QR_INSTORE,Y
MERCH003647,Sagar Enterprises,5912,Drug Stores / Pharmacies,Chennai,TN,2022-08-16,1476,LOW,396.45,T+1,ONLINE_CHECKOUT,N
MERCH003648,Anand Solutions,5814,Fast Food Restaurants,Panaji,GA,2023-08-02,1125,LOW,180.24,T+0,POS_CARD,Y
MERCH003649,Urban Mart,4121,Taxicabs / Ride Hailing,Delhi,DL,2024-01-05,969,LOW,168.16,T+1,ONLINE_CHECKOUT,Y
MERCH003650,Kalpana Supply,5411,Grocery Stores / Supermarkets,Kochi,KL,2026-04-16,137,MEDIUM,1062.9,T+0,QR_INSTORE,Y
MERCH003651,Vertex Hub,5411,Grocery Stores / Supermarkets,Chandigarh,CH,2024-07-06,786,LOW,1269.62,T+1,ONLINE_CHECKOUT,Y
MERCH003652,Zenith Depot,5999,Miscellaneous Retail,Mumbai,MH,2021-12-15,1720,MEDIUM,912.08,T+1,ONLINE_CHECKOUT,Y
MERCH003653,Bharat Retail,5732,Electronics Stores,Pune,MH,2025-03-31,518,MEDIUM,12154.56,T+1,ONLINE_CHECKOUT,Y
MERCH003654,Shree Traders,5912,Drug Stores / Pharmacies,Lucknow,UP,2020-10-17,2144,LOW,632.61,T+1,QR_INSTORE,Y
MERCH003655,Krishna Hub,4121,Taxicabs / Ride Hailing,Lucknow,UP,2025-09-24,341,LOW,259.93,T+2,ONLINE_CHECKOUT,Y
MERCH003656,Nova Depot,5814,Fast Food Restaurants,Mumbai,MH,2024-12-23,616,LOW,242.13,T+1,ONLINE_CHECKOUT,Y
MERCH003657,Urban Retail,5814,Fast Food Restaurants,Panaji,GA,2021-12-09,1726,LOW,253.59,T+1,QR_INSTORE,Y
MERCH003658,Bharat Stores,5814,Fast Food Restaurants,Guwahati,AS,2024-09-05,725,LOW,272.27,T+1,POS_CARD,Y
MERCH003659,Aster & Co,4900,Utilities - Electric/Gas/Water,Chandigarh,CH,2023-06-19,1169,LOW,2529.89,T+1,QR_INSTORE,Y
MERCH003660,Rohan Retail,5541,Service Stations (Fuel),Chandigarh,CH,2025-05-26,462,LOW,1740.81,T+2,QR_INSTORE,Y
MERCH003661,Metro Enterprises,5814,Fast Food Restaurants,Chennai,TN,2025-05-27,461,LOW,352.59,T+1,POS_CARD,Y
MERCH003662,Urban Stores,5814,Fast Food Restaurants,Ahmedabad,GJ,2024-01-26,948,LOW,163.07,T+1,ONLINE_CHECKOUT,Y
MERCH003663,Kalpana & Co,5732,Electronics Stores,Mumbai,MH,2021-12-22,1713,MEDIUM,12196.23,T+2,ONLINE_CHECKOUT,Y
MERCH003664,Vertex Ventures,5967,Direct Marketing - Inbound,Panaji,GA,2021-07-20,1868,HIGH,1807.16,T+1,ONLINE_CHECKOUT,Y
MERCH003665,Prime Traders,4900,Utilities - Electric/Gas/Water,Delhi,DL,2025-12-19,255,LOW,1809.86,T+0,QR_INSTORE,N
MERCH003666,Anand Stores,5814,Fast Food Restaurants,Indore,MP,2022-04-18,1596,LOW,341.64,T+1,POS_CARD,Y
MERCH003667,Prime Services,4121,Taxicabs / Ride Hailing,Mumbai,MH,2023-07-06,1152,LOW,229.85,T+1,ONLINE_CHECKOUT,Y
MERCH003668,Anand Retail,4722,Travel Agencies,Bengaluru,KA,2026-04-07,146,HIGH,32406.32,T+1,QR_INSTORE,Y
MERCH003669,Sagar & Co,5411,Grocery Stores / Supermarkets,Hyderabad,TG,2024-09-23,707,LOW,515.79,T+1,QR_INSTORE,Y
MERCH003670,Bharat Services,5411,Grocery Stores / Supermarkets,Kolkata,WB,2026-08-02,29,MEDIUM,1086.09,T+1,ONLINE_CHECKOUT,Y
MERCH003671,Zenith & Co,4722,Travel Agencies,Mumbai,MH,2021-07-31,1857,HIGH,23123.92,T+1,ONLINE_CHECKOUT,Y
MERCH003672,Prime & Co,5912,Drug Stores / Pharmacies,Pune,MH,2026-03-01,183,LOW,690.31,T+1,ONLINE_CHECKOUT,Y
MERCH003673,Anand Supply,4900,Utilities - Electric/Gas/Water,Kolkata,WB,2021-10-02,1794,LOW,2141.06,T+2,ONLINE_CHECKOUT,Y
MERCH003674,Bharat Depot,5912,Drug Stores / Pharmacies,Kochi,KL,2021-04-20,1959,LOW,699.36,T+1,ONLINE_CHECKOUT,Y
MERCH003675,Sagar Enterprises,4900,Utilities - Electric/Gas/Water,Ahmedabad,GJ,2022-10-07,1424,LOW,1946.38,T+1,ONLINE_CHECKOUT,N
MERCH003676,Shree & Co,7011,Hotels / Lodging,Hyderabad,TG,2023-08-02,1125,MEDIUM,5692.57,T+2,ONLINE_CHECKOUT,Y
MERCH003677,Urban Stores,5912,Drug Stores / Pharmacies,Nagpur,MH,2023-11-12,1023,LOW,414.46,T+1,POS_CARD,Y
MERCH003678,Zenith Stores,5541,Service Stations (Fuel),Panaji,GA,2023-08-30,1097,LOW,1853.3,T+1,ONLINE_CHECKOUT,Y
MERCH003679,Anand Enterprises,5411,Grocery Stores / Supermarkets,Delhi,DL,2022-12-25,1345,LOW,922.38,T+1,ONLINE_CHECKOUT,Y
MERCH003680,Anand Enterprises,4121,Taxicabs / Ride Hailing,Chennai,TN,2024-10-23,677,LOW,323.41,T+1,ONLINE_CHECKOUT,Y
MERCH003681,Nova Stores,4121,Taxicabs / Ride Hailing,Panaji,GA,2024-07-18,774,LOW,204.88,T+0,ONLINE_CHECKOUT,Y
MERCH003682,Zenith Services,5999,Miscellaneous Retail,Chennai,TN,2023-09-08,1088,MEDIUM,1170.17,T+0,QR_INSTORE,Y
MERCH003683,Bharat Solutions,5541,Service Stations (Fuel),Pune,MH,2021-02-28,2010,LOW,965.35,T+1,ONLINE_CHECKOUT,N
MERCH003684,Metro Traders,5541,Service Stations (Fuel),Indore,MP,2025-12-20,254,LOW,1750.05,T+1,ONLINE_CHECKOUT,Y
MERCH003685,Zenith Retail,5541,Service Stations (Fuel),Panaji,GA,2025-04-13,505,LOW,1066.64,T+1,QR_INSTORE,N
MERCH003686,Sagar Hub,5967,Direct Marketing - Inbound,Indore,MP,2021-10-18,1778,MEDIUM,1165.45,T+1,QR_INSTORE,Y
MERCH003687,Bharat Services,5814,Fast Food Restaurants,Kochi,KL,2023-09-11,1085,LOW,194.14,T+0,ONLINE_CHECKOUT,Y
MERCH003688,Krishna Traders,4722,Travel Agencies,Chennai,TN,2025-03-11,538,HIGH,31211.91,T+1,ONLINE_CHECKOUT,Y
MERCH003689,Sagar Hub,5999,Miscellaneous Retail,Mumbai,MH,2023-10-19,1047,MEDIUM,1348.06,T+1,POS_CARD,Y
MERCH003690,Urban & Co,5999,Miscellaneous Retail,Bengaluru,KA,2022-01-23,1681,MEDIUM,676.49,T+1,ONLINE_CHECKOUT,Y
MERCH003691,Sagar Supply,4722,Travel Agencies,Delhi,DL,2022-11-09,1391,HIGH,25715.35,T+1,QR_INSTORE,Y
MERCH003692,Nimbus Traders,4900,Utilities - Electric/Gas/Water,Nagpur,MH,2022-07-21,1502,LOW,1930.77,T+1,QR_INSTORE,Y
MERCH003693,Shree Mart,4121,Taxicabs / Ride Hailing,Delhi,DL,2026-04-22,131,LOW,355.86,T+1,POS_CARD,Y
MERCH003694,Nimbus Ventures,5814,Fast Food Restaurants,Nagpur,MH,2022-08-02,1490,LOW,283.08,T+1,QR_INSTORE,Y
MERCH003695,Aster Depot,5732,Electronics Stores,Kochi,KL,2020-09-15,2176,MEDIUM,10963.0,T+2,POS_CARD,Y
MERCH003696,Metro Enterprises,5732,Electronics Stores,Kolkata,WB,2022-03-20,1625,MEDIUM,16746.59,T+2,QR_INSTORE,Y
MERCH003697,Prime Hub,5814,Fast Food Restaurants,Indore,MP,2025-11-13,291,LOW,250.59,T+1,QR_INSTORE,Y
MERCH003698,Shree Hub,5732,Electronics Stores,Indore,MP,2024-12-16,623,MEDIUM,9933.47,T+1,ONLINE_CHECKOUT,Y
MERCH003699,Lakshmi Supply,5912,Drug Stores / Pharmacies,Bengaluru,KA,2021-10-26,1770,LOW,558.68,T+1,QR_INSTORE,Y
MERCH003700,Krishna Stores,5814,Fast Food Restaurants,Nagpur,MH,2020-11-04,2126,LOW,306.78,T+1,QR_INSTORE,Y
MERCH003701,Anand Enterprises,4722,Travel Agencies,Bengaluru,KA,2021-11-14,1751,HIGH,19107.38,T+1,POS_CARD,Y
MERCH003702,Anand Enterprises,5999,Miscellaneous Retail,Indore,MP,2025-11-19,285,MEDIUM,897.43,T+1,ONLINE_CHECKOUT,Y
MERCH003703,Metro Ventures,5411,Grocery Stores / Supermarkets,Mumbai,MH,2023-07-27,1131,LOW,896.83,T+1,ONLINE_CHECKOUT,Y
MERCH003704,Rohan Supply,5732,Electronics Stores,Indore,MP,2024-10-28,672,MEDIUM,13973.62,T+0,QR_INSTORE,Y
MERCH003705,Vertex Supply,5411,Grocery Stores / Supermarkets,Kochi,KL,2022-01-24,1680,LOW,1075.22,T+1,ONLINE_CHECKOUT,Y
MERCH003706,Urban Supply,5814,Fast Food Restaurants,Chennai,TN,2022-02-03,1670,LOW,218.86,T+0,POS_CARD,Y
MERCH003707,Kalpana Solutions,6051,Quasi-Cash / Wallet Load,Kochi,KL,2023-05-14,1205,HIGH,4579.42,T+2,QR_INSTORE,Y
MERCH003708,Lakshmi Stores,5912,Drug Stores / Pharmacies,Chennai,TN,2022-05-08,1576,LOW,514.04,T+1,POS_CARD,Y
MERCH003709,Urban Depot,4900,Utilities - Electric/Gas/Water,Pune,MH,2023-02-16,1292,LOW,2153.37,T+1,QR_INSTORE,Y
MERCH003710,Kalpana & Co,4900,Utilities - Electric/Gas/Water,Delhi,DL,2023-03-12,1268,LOW,1905.25,T+1,POS_CARD,Y
MERCH003711,Vertex Stores,7011,Hotels / Lodging,Ahmedabad,GJ,2025-03-18,531,MEDIUM,5619.7,T+1,POS_CARD,Y
MERCH003712,Metro & Co,4900,Utilities - Electric/Gas/Water,Delhi,DL,2023-04-23,1226,LOW,1369.02,T+2,POS_CARD,Y
MERCH003713,Shree Depot,4900,Utilities - Electric/Gas/Water,Kochi,KL,2026-08-02,29,MEDIUM,2405.04,T+1,QR_INSTORE,Y
MERCH003714,Metro Ventures,5411,Grocery Stores / Supermarkets,Jaipur,RJ,2025-11-13,291,LOW,1047.66,T+1,QR_INSTORE,Y
MERCH003715,Lakshmi Solutions,5651,Family Clothing Stores,Chandigarh,CH,2022-11-17,1383,MEDIUM,1979.95,T+1,QR_INSTORE,Y
MERCH003716,Zenith Stores,5541,Service Stations (Fuel),Mumbai,MH,2022-12-15,1355,LOW,1346.35,T+2,ONLINE_CHECKOUT,Y
MERCH003717,Vertex Services,7011,Hotels / Lodging,Delhi,DL,2023-10-13,1053,MEDIUM,6913.32,T+1,QR_INSTORE,N
MERCH003718,Shree Depot,4722,Travel Agencies,Panaji,GA,2026-06-15,77,HIGH,27973.46,T+2,ONLINE_CHECKOUT,Y
MERCH003719,Nova Ventures,4900,Utilities - Electric/Gas/Water,Ahmedabad,GJ,2025-02-05,572,LOW,1554.69,T+1,QR_INSTORE,Y
MERCH003720,Nimbus Retail,5651,Family Clothing Stores,Kochi,KL,2022-06-24,1529,MEDIUM,2696.54,T+0,ONLINE_CHECKOUT,Y
MERCH003721,Urban Ventures,5541,Service Stations (Fuel),Nagpur,MH,2026-05-05,118,LOW,2068.72,T+1,ONLINE_CHECKOUT,Y
MERCH003722,Kalpana Services,5814,Fast Food Restaurants,Nagpur,MH,2026-02-04,208,LOW,322.12,T+2,QR_INSTORE,Y
MERCH003723,Nova Depot,5411,Grocery Stores / Supermarkets,Pune,MH,2025-05-26,462,LOW,1135.33,T+2,QR_INSTORE,Y
MERCH003724,Aster Solutions,5912,Drug Stores / Pharmacies,Guwahati,AS,2026-08-11,20,MEDIUM,745.49,T+1,ONLINE_CHECKOUT,Y
MERCH003725,Anand Solutions,5541,Service Stations (Fuel),Jaipur,RJ,2025-10-14,321,LOW,2048.59,T+2,ONLINE_CHECKOUT,Y
MERCH003726,Anand Retail,5411,Grocery Stores / Supermarkets,Lucknow,UP,2026-01-24,219,LOW,541.69,T+1,QR_INSTORE,Y
MERCH003727,Zenith Mart,5814,Fast Food Restaurants,Pune,MH,2021-06-10,1908,LOW,285.14,T+2,QR_INSTORE,Y
MERCH003728,Bharat Hub,5541,Service Stations (Fuel),Bengaluru,KA,2025-12-29,245,HIGH,1780.72,T+1,QR_INSTORE,Y
MERCH003729,Lakshmi Hub,5732,Electronics Stores,Kolkata,WB,2023-12-31,974,MEDIUM,12021.15,T+1,QR_INSTORE,Y
MERCH003730,Sagar & Co,5651,Family Clothing Stores,Hyderabad,TG,2026-02-22,190,MEDIUM,2588.61,T+2,ONLINE_CHECKOUT,Y
MERCH003731,Urban Supply,4121,Taxicabs / Ride Hailing,Chennai,TN,2023-09-28,1068,LOW,304.4,T+1,QR_INSTORE,Y
MERCH003732,Nova Hub,7995,Betting / Gaming,Jaipur,RJ,2024-07-24,768,HIGH,4716.61,T+1,ONLINE_CHECKOUT,Y
MERCH003733,Sagar Mart,5411,Grocery Stores / Supermarkets,Mumbai,MH,2022-10-02,1429,LOW,781.33,T+0,ONLINE_CHECKOUT,Y
MERCH003734,Nova & Co,4900,Utilities - Electric/Gas/Water,Indore,MP,2022-10-03,1428,LOW,1612.92,T+1,ONLINE_CHECKOUT,Y
MERCH003735,Kalpana Hub,5912,Drug Stores / Pharmacies,Kochi,KL,2020-08-23,2199,LOW,633.51,T+0,QR_INSTORE,Y
MERCH003736,Krishna Mart,5999,Miscellaneous Retail,Panaji,GA,2021-06-07,1911,MEDIUM,575.01,T+1,POS_CARD,Y
MERCH003737,Zenith Depot,5541,Service Stations (Fuel),Pune,MH,2025-12-22,252,LOW,1664.31,T+1,QR_INSTORE,Y
MERCH003738,Krishna Hub,5814,Fast Food Restaurants,Mumbai,MH,2022-11-20,1380,LOW,278.88,T+1,ONLINE_CHECKOUT,Y
MERCH003739,Zenith Enterprises,4121,Taxicabs / Ride Hailing,Kochi,KL,2023-08-19,1108,LOW,230.69,T+1,QR_INSTORE,Y
MERCH003740,Nimbus Enterprises,4121,Taxicabs / Ride Hailing,Jaipur,RJ,2021-09-19,1807,LOW,179.82,T+2,POS_CARD,Y
MERCH003741,Prime Supply,4900,Utilities - Electric/Gas/Water,Kolkata,WB,2025-10-01,334,LOW,1566.44,T+2,POS_CARD,N
MERCH003742,Krishna Retail,5411,Grocery Stores / Supermarkets,Pune,MH,2026-01-28,215,LOW,1164.31,T+2,ONLINE_CHECKOUT,Y
MERCH003743,Urban Ventures,5732,Electronics Stores,Ahmedabad,GJ,2021-11-23,1742,MEDIUM,9956.21,T+2,ONLINE_CHECKOUT,Y
MERCH003744,Zenith Supply,5814,Fast Food Restaurants,Panaji,GA,2022-06-12,1541,LOW,261.67,T+0,QR_INSTORE,Y
MERCH003745,Urban Ventures,5411,Grocery Stores / Supermarkets,Bengaluru,KA,2023-06-04,1184,LOW,626.44,T+2,POS_CARD,Y
MERCH003746,Zenith Stores,4722,Travel Agencies,Hyderabad,TG,2024-02-02,941,LOW,23514.21,T+1,ONLINE_CHECKOUT,Y
MERCH003747,Nova Hub,5999,Miscellaneous Retail,Panaji,GA,2022-08-13,1479,MEDIUM,1187.05,T+1,QR_INSTORE,Y
MERCH003748,Aster Enterprises,5651,Family Clothing Stores,Panaji,GA,2024-12-31,608,MEDIUM,1401.65,T+1,POS_CARD,Y
MERCH003749,Krishna Retail,5541,Service Stations (Fuel),Ahmedabad,GJ,2026-05-19,104,LOW,1887.95,T+2,QR_INSTORE,Y
MERCH003750,Rohan Mart,5814,Fast Food Restaurants,Kochi,KL,2020-10-26,2135,LOW,312.95,T+1,QR_INSTORE,Y
MERCH003751,Kalpana Mart,4121,Taxicabs / Ride Hailing,Indore,MP,2023-11-12,1023,LOW,230.24,T+1,QR_INSTORE,Y
MERCH003752,Krishna Traders,5999,Miscellaneous Retail,Delhi,DL,2021-11-15,1750,MEDIUM,1301.79,T+1,QR_INSTORE,Y
MERCH003753,Prime Mart,5411,Grocery Stores / Supermarkets,Mumbai,MH,2021-09-23,1803,LOW,1156.69,T+1,ONLINE_CHECKOUT,Y
MERCH003754,Aster Traders,5814,Fast Food Restaurants,Nagpur,MH,2024-06-03,819,LOW,167.25,T+1,ONLINE_CHECKOUT,Y
MERCH003755,Krishna Depot,5541,Service Stations (Fuel),Pune,MH,2021-12-25,1710,LOW,1403.51,T+2,QR_INSTORE,Y
MERCH003756,Lakshmi Solutions,5411,Grocery Stores / Supermarkets,Chandigarh,CH,2020-10-10,2151,LOW,995.2,T+2,QR_INSTORE,Y
MERCH003757,Rohan Solutions,4121,Taxicabs / Ride Hailing,Chandigarh,CH,2021-09-23,1803,LOW,291.18,T+1,QR_INSTORE,Y
MERCH003758,Shree Solutions,5651,Family Clothing Stores,Mumbai,MH,2024-08-31,730,MEDIUM,2281.16,T+1,POS_CARD,Y
MERCH003759,Anand Retail,7011,Hotels / Lodging,Chennai,TN,2024-02-29,914,MEDIUM,6294.52,T+0,ONLINE_CHECKOUT,Y
MERCH003760,Metro Traders,5732,Electronics Stores,Delhi,DL,2021-11-11,1754,MEDIUM,8793.14,T+1,POS_CARD,Y
MERCH003761,Aster & Co,5541,Service Stations (Fuel),Chennai,TN,2024-12-25,614,LOW,1525.97,T+1,QR_INSTORE,Y
MERCH003762,Krishna Traders,5411,Grocery Stores / Supermarkets,Bengaluru,KA,2025-06-17,440,LOW,1005.32,T+1,ONLINE_CHECKOUT,Y
MERCH003763,Shree Retail,5651,Family Clothing Stores,Jaipur,RJ,2021-12-31,1704,MEDIUM,1521.75,T+1,ONLINE_CHECKOUT,N
MERCH003764,Metro & Co,5541,Service Stations (Fuel),Hyderabad,TG,2020-11-09,2121,LOW,1317.11,T+0,QR_INSTORE,Y
MERCH003765,Krishna Traders,5541,Service Stations (Fuel),Indore,MP,2023-03-05,1275,LOW,1238.87,T+1,POS_CARD,Y
MERCH003766,Aster Depot,5411,Grocery Stores / Supermarkets,Bengaluru,KA,2024-06-03,819,LOW,1135.69,T+1,QR_INSTORE,Y
MERCH003767,Krishna Stores,5411,Grocery Stores / Supermarkets,Chennai,TN,2022-09-05,1456,LOW,790.74,T+1,QR_INSTORE,Y
MERCH003768,Rohan Enterprises,5732,Electronics Stores,Hyderabad,TG,2024-02-10,933,MEDIUM,12396.84,T+1,POS_CARD,Y
MERCH003769,Urban Ventures,5999,Miscellaneous Retail,Chennai,TN,2021-12-10,1725,MEDIUM,876.94,T+2,QR_INSTORE,Y
MERCH003770,Anand Ventures,5732,Electronics Stores,Indore,MP,2022-02-04,1669,MEDIUM,16754.19,T+1,POS_CARD,Y
MERCH003771,Nimbus Retail,5814,Fast Food Restaurants,Mumbai,MH,2023-02-14,1294,LOW,310.68,T+1,QR_INSTORE,Y
MERCH003772,Urban Enterprises,4121,Taxicabs / Ride Hailing,Mumbai,MH,2024-02-04,939,LOW,341.35,T+1,QR_INSTORE,Y
MERCH003773,Lakshmi Ventures,5814,Fast Food Restaurants,Indore,MP,2023-10-30,1036,LOW,261.95,T+1,QR_INSTORE,Y
MERCH003774,Nova Depot,5814,Fast Food Restaurants,Pune,MH,2023-07-24,1134,LOW,158.06,T+2,QR_INSTORE,N
MERCH003775,Kalpana Retail,5541,Service Stations (Fuel),Hyderabad,TG,2024-04-18,865,LOW,1361.88,T+1,POS_CARD,Y
MERCH003776,Zenith Stores,5541,Service Stations (Fuel),Pune,MH,2025-10-18,317,LOW,1237.65,T+1,ONLINE_CHECKOUT,Y
MERCH003777,Sagar Depot,5814,Fast Food Restaurants,Mumbai,MH,2021-09-07,1819,LOW,159.38,T+1,ONLINE_CHECKOUT,Y
MERCH003778,Metro Supply,7011,Hotels / Lodging,Jaipur,RJ,2025-04-19,499,MEDIUM,4499.69,T+1,QR_INSTORE,Y
MERCH003779,Anand Supply,5541,Service Stations (Fuel),Kolkata,WB,2026-02-04,208,LOW,1680.82,T+1,ONLINE_CHECKOUT,Y
MERCH003780,Metro & Co,4722,Travel Agencies,Delhi,DL,2024-01-04,970,HIGH,23896.4,T+1,ONLINE_CHECKOUT,N
MERCH003781,Prime & Co,6051,Quasi-Cash / Wallet Load,Chennai,TN,2023-09-04,1092,HIGH,4174.2,T+1,ONLINE_CHECKOUT,Y
MERCH003782,Zenith Hub,5814,Fast Food Restaurants,Indore,MP,2020-08-23,2199,LOW,356.64,T+1,ONLINE_CHECKOUT,Y
MERCH003783,Bharat Mart,5732,Electronics Stores,Pune,MH,2023-12-29,976,MEDIUM,8949.36,T+2,ONLINE_CHECKOUT,Y
MERCH003784,Kalpana Mart,5999,Miscellaneous Retail,Indore,MP,2023-06-29,1159,MEDIUM,853.28,T+1,QR_INSTORE,N
MERCH003785,Aster & Co,5541,Service Stations (Fuel),Indore,MP,2021-12-22,1713,LOW,1013.82,T+1,ONLINE_CHECKOUT,Y
MERCH003786,Shree & Co,5814,Fast Food Restaurants,Pune,MH,2024-07-17,775,LOW,350.56,T+1,QR_INSTORE,Y
MERCH003787,Nova Hub,5912,Drug Stores / Pharmacies,Indore,MP,2025-02-18,559,LOW,559.25,T+1,QR_INSTORE,Y
MERCH003788,Anand Supply,5967,Direct Marketing - Inbound,Jaipur,RJ,2020-10-20,2141,HIGH,1692.46,T+1,ONLINE_CHECKOUT,Y
MERCH003789,Metro Depot,7011,Hotels / Lodging,Pune,MH,2024-02-09,934,MEDIUM,6955.04,T+1,POS_CARD,Y
MERCH003790,Prime & Co,5651,Family Clothing Stores,Pune,MH,2022-05-24,1560,MEDIUM,2205.74,T+1,ONLINE_CHECKOUT,Y
MERCH003791,Lakshmi Enterprises,5541,Service Stations (Fuel),Chandigarh,CH,2021-12-01,1734,LOW,959.88,T+1,QR_INSTORE,Y
MERCH003792,Kalpana Retail,7011,Hotels / Lodging,Chennai,TN,2025-11-13,291,MEDIUM,4660.83,T+1,ONLINE_CHECKOUT,Y
MERCH003793,Metro Ventures,5814,Fast Food Restaurants,Ahmedabad,GJ,2021-02-11,2027,LOW,289.19,T+1,ONLINE_CHECKOUT,Y
MERCH003794,Bharat Enterprises,5814,Fast Food Restaurants,Guwahati,AS,2025-07-22,405,LOW,183.86,T+1,QR_INSTORE,Y
MERCH003795,Aster Depot,4121,Taxicabs / Ride Hailing,Panaji,GA,2020-10-27,2134,LOW,337.75,T+1,QR_INSTORE,Y
MERCH003796,Bharat Mart,5651,Family Clothing Stores,Nagpur,MH,2023-08-09,1118,MEDIUM,2360.9,T+1,POS_CARD,Y
MERCH003797,Prime Ventures,4121,Taxicabs / Ride Hailing,Delhi,DL,2023-12-03,1002,LOW,290.48,T+0,ONLINE_CHECKOUT,Y
MERCH003798,Shree Hub,5967,Direct Marketing - Inbound,Indore,MP,2020-12-30,2070,HIGH,2013.57,T+1,ONLINE_CHECKOUT,Y
MERCH003799,Bharat & Co,5814,Fast Food Restaurants,Kochi,KL,2024-09-23,707,LOW,216.51,T+1,QR_INSTORE,Y
MERCH003800,Anand Hub,7011,Hotels / Lodging,Ahmedabad,GJ,2025-04-14,504,MEDIUM,8685.48,T+1,ONLINE_CHECKOUT,Y
MERCH003801,Aster & Co,5411,Grocery Stores / Supermarkets,Nagpur,MH,2023-05-26,1193,LOW,1046.63,T+1,QR_INSTORE,Y
MERCH003802,Vertex Ventures,5912,Drug Stores / Pharmacies,Ahmedabad,GJ,2026-01-16,227,LOW,430.83,T+1,ONLINE_CHECKOUT,Y
MERCH003803,Aster Hub,5814,Fast Food Restaurants,Indore,MP,2020-11-11,2119,LOW,247.13,T+2,POS_CARD,Y
MERCH003804,Bharat Stores,4121,Taxicabs / Ride Hailing,Chennai,TN,2023-01-19,1320,LOW,293.51,T+1,ONLINE_CHECKOUT,Y
MERCH003805,Nimbus Stores,5651,Family Clothing Stores,Bengaluru,KA,2026-03-21,163,MEDIUM,2679.22,T+1,ONLINE_CHECKOUT,Y
MERCH003806,Nova Services,5732,Electronics Stores,Panaji,GA,2026-01-30,213,MEDIUM,12994.6,T+1,QR_INSTORE,Y
MERCH003807,Zenith Supply,4121,Taxicabs / Ride Hailing,Chandigarh,CH,2022-10-29,1402,LOW,170.38,T+1,QR_INSTORE,Y
MERCH003808,Zenith Stores,5999,Miscellaneous Retail,Lucknow,UP,2025-08-22,374,MEDIUM,1400.08,T+2,QR_INSTORE,Y
MERCH003809,Anand Solutions,5411,Grocery Stores / Supermarkets,Indore,MP,2023-04-28,1221,LOW,845.65,T+1,POS_CARD,Y
MERCH003810,Zenith Ventures,5651,Family Clothing Stores,Panaji,GA,2025-05-06,482,MEDIUM,2376.89,T+1,QR_INSTORE,Y
MERCH003811,Sagar Enterprises,4121,Taxicabs / Ride Hailing,Lucknow,UP,2023-07-11,1147,LOW,167.53,T+1,QR_INSTORE,Y
MERCH003812,Aster Stores,4121,Taxicabs / Ride Hailing,Hyderabad,TG,2022-11-20,1380,LOW,198.2,T+1,QR_INSTORE,Y
MERCH003813,Nimbus Solutions,4900,Utilities - Electric/Gas/Water,Nagpur,MH,2022-05-11,1573,LOW,2555.25,T+2,ONLINE_CHECKOUT,Y
MERCH003814,Nimbus Retail,5541,Service Stations (Fuel),Jaipur,RJ,2022-02-02,1671,LOW,1628.67,T+1,ONLINE_CHECKOUT,Y
MERCH003815,Nimbus Ventures,5814,Fast Food Restaurants,Mumbai,MH,2021-05-06,1943,LOW,206.14,T+1,QR_INSTORE,Y
MERCH003816,Nova Depot,4900,Utilities - Electric/Gas/Water,Mumbai,MH,2026-07-13,49,MEDIUM,1651.85,T+1,ONLINE_CHECKOUT,Y
MERCH003817,Lakshmi Retail,5732,Electronics Stores,Guwahati,AS,2022-07-23,1500,MEDIUM,14892.49,T+1,QR_INSTORE,Y
MERCH003818,Zenith Depot,5732,Electronics Stores,Jaipur,RJ,2025-05-29,459,MEDIUM,9530.11,T+1,QR_INSTORE,Y
MERCH003819,Shree Traders,5814,Fast Food Restaurants,Mumbai,MH,2023-07-01,1157,LOW,165.5,T+0,ONLINE_CHECKOUT,Y
MERCH003820,Nimbus Traders,4900,Utilities - Electric/Gas/Water,Panaji,GA,2025-11-19,285,LOW,2098.5,T+0,POS_CARD,Y
MERCH003821,Urban Traders,5651,Family Clothing Stores,Delhi,DL,2024-09-19,711,MEDIUM,1661.4,T+1,QR_INSTORE,Y
MERCH003822,Zenith Stores,5651,Family Clothing Stores,Delhi,DL,2025-06-19,438,MEDIUM,1360.53,T+1,QR_INSTORE,Y
MERCH003823,Zenith Supply,4900,Utilities - Electric/Gas/Water,Jaipur,RJ,2025-08-16,380,LOW,1579.99,T+1,QR_INSTORE,Y
MERCH003824,Metro Retail,5814,Fast Food Restaurants,Indore,MP,2020-11-06,2124,LOW,339.28,T+0,POS_CARD,Y
MERCH003825,Zenith Enterprises,5912,Drug Stores / Pharmacies,Hyderabad,TG,2026-06-04,88,MEDIUM,396.83,T+1,ONLINE_CHECKOUT,Y
MERCH003826,Prime Services,5814,Fast Food Restaurants,Nagpur,MH,2024-10-27,673,LOW,160.35,T+1,QR_INSTORE,Y
MERCH003827,Nimbus Solutions,5541,Service Stations (Fuel),Chandigarh,CH,2026-03-06,178,LOW,2014.19,T+1,ONLINE_CHECKOUT,Y
MERCH003828,Lakshmi Solutions,5967,Direct Marketing - Inbound,Pune,MH,2021-04-09,1970,HIGH,1678.73,T+1,QR_INSTORE,Y
MERCH003829,Anand Mart,4900,Utilities - Electric/Gas/Water,Panaji,GA,2025-04-10,508,LOW,1419.94,T+1,POS_CARD,Y
MERCH003830,Lakshmi Retail,4900,Utilities - Electric/Gas/Water,Delhi,DL,2024-01-06,968,LOW,2257.57,T+1,ONLINE_CHECKOUT,Y
MERCH003831,Kalpana Hub,5732,Electronics Stores,Bengaluru,KA,2021-08-10,1847,MEDIUM,14103.65,T+1,POS_CARD,Y
MERCH003832,Shree Solutions,5912,Drug Stores / Pharmacies,Lucknow,UP,2025-10-23,312,LOW,436.85,T+1,QR_INSTORE,Y
MERCH003833,Urban Supply,5814,Fast Food Restaurants,Bengaluru,KA,2023-04-18,1231,LOW,384.62,T+1,ONLINE_CHECKOUT,Y
MERCH003834,Krishna Mart,5541,Service Stations (Fuel),Indore,MP,2024-04-14,869,LOW,1090.47,T+1,POS_CARD,Y
MERCH003835,Kalpana Retail,5912,Drug Stores / Pharmacies,Nagpur,MH,2024-10-29,671,LOW,762.77,T+1,ONLINE_CHECKOUT,Y
MERCH003836,Metro Services,5541,Service Stations (Fuel),Chandigarh,CH,2021-12-09,1726,LOW,1133.63,T+1,QR_INSTORE,Y
MERCH003837,Lakshmi Enterprises,5814,Fast Food Restaurants,Mumbai,MH,2022-11-07,1393,LOW,285.22,T+1,ONLINE_CHECKOUT,Y
MERCH003838,Prime Depot,5814,Fast Food Restaurants,Lucknow,UP,2023-01-06,1333,LOW,230.54,T+1,ONLINE_CHECKOUT,Y
MERCH003839,Rohan & Co,7011,Hotels / Lodging,Mumbai,MH,2023-01-07,1332,MEDIUM,8437.6,T+1,ONLINE_CHECKOUT,Y
MERCH003840,Aster Stores,5651,Family Clothing Stores,Delhi,DL,2024-08-13,748,MEDIUM,2144.45,T+1,QR_INSTORE,Y
MERCH003841,Metro Traders,5411,Grocery Stores / Supermarkets,Kochi,KL,2022-05-10,1574,LOW,940.12,T+1,QR_INSTORE,Y
MERCH003842,Zenith Mart,5651,Family Clothing Stores,Pune,MH,2021-12-04,1731,MEDIUM,2195.84,T+1,QR_INSTORE,Y
MERCH003843,Aster Hub,5912,Drug Stores / Pharmacies,Pune,MH,2023-03-18,1262,LOW,446.09,T+1,QR_INSTORE,Y
MERCH003844,Urban Stores,5999,Miscellaneous Retail,Panaji,GA,2023-09-06,1090,MEDIUM,738.34,T+1,ONLINE_CHECKOUT,Y
MERCH003845,Nimbus Retail,5541,Service Stations (Fuel),Hyderabad,TG,2026-07-26,36,MEDIUM,2023.79,T+1,POS_CARD,Y
MERCH003846,Prime Stores,5411,Grocery Stores / Supermarkets,Indore,MP,2023-05-17,1202,LOW,874.84,T+1,QR_INSTORE,N
MERCH003847,Kalpana Stores,4722,Travel Agencies,Bengaluru,KA,2024-01-29,945,HIGH,19790.96,T+1,QR_INSTORE,Y
MERCH003848,Prime Ventures,5912,Drug Stores / Pharmacies,Kochi,KL,2022-05-22,1562,LOW,697.45,T+1,QR_INSTORE,N
MERCH003849,Anand Hub,5732,Electronics Stores,Hyderabad,TG,2025-12-21,253,MEDIUM,17091.69,T+1,ONLINE_CHECKOUT,Y
MERCH003850,Zenith Supply,7011,Hotels / Lodging,Lucknow,UP,2022-02-09,1664,MEDIUM,9346.03,T+1,QR_INSTORE,Y
MERCH003851,Zenith Stores,5814,Fast Food Restaurants,Bengaluru,KA,2022-09-20,1441,LOW,255.12,T+1,POS_CARD,Y
MERCH003852,Zenith Depot,5411,Grocery Stores / Supermarkets,Chandigarh,CH,2022-10-13,1418,LOW,1210.9,T+2,POS_CARD,Y
MERCH003853,Anand Solutions,5411,Grocery Stores / Supermarkets,Bengaluru,KA,2023-09-13,1083,LOW,1054.98,T+1,ONLINE_CHECKOUT,Y
MERCH003854,Vertex Services,4121,Taxicabs / Ride Hailing,Mumbai,MH,2026-05-05,118,LOW,218.65,T+2,POS_CARD,Y
MERCH003855,Metro Enterprises,4900,Utilities - Electric/Gas/Water,Ahmedabad,GJ,2021-10-18,1778,LOW,1709.1,T+1,POS_CARD,Y
MERCH003856,Nimbus & Co,4900,Utilities - Electric/Gas/Water,Pune,MH,2022-12-05,1365,LOW,2208.75,T+1,QR_INSTORE,Y
MERCH003857,Urban Traders,5541,Service Stations (Fuel),Kochi,KL,2025-12-11,263,LOW,1012.05,T+2,QR_INSTORE,Y
MERCH003858,Kalpana Traders,5912,Drug Stores / Pharmacies,Chandigarh,CH,2024-02-11,932,LOW,433.77,T+0,QR_INSTORE,Y
MERCH003859,Zenith Ventures,4722,Travel Agencies,Nagpur,MH,2023-02-12,1296,HIGH,28402.9,T+1,POS_CARD,Y
MERCH003860,Rohan Enterprises,5411,Grocery Stores / Supermarkets,Ahmedabad,GJ,2024-01-03,971,LOW,1106.27,T+1,POS_CARD,Y
MERCH003861,Shree Supply,5411,Grocery Stores / Supermarkets,Mumbai,MH,2025-11-04,300,LOW,633.03,T+1,POS_CARD,Y
MERCH003862,Krishna Depot,5967,Direct Marketing - Inbound,Chandigarh,CH,2021-12-29,1706,HIGH,1740.6,T+1,ONLINE_CHECKOUT,Y
MERCH003863,Vertex Traders,5999,Miscellaneous Retail,Nagpur,MH,2023-12-19,986,MEDIUM,677.19,T+1,ONLINE_CHECKOUT,Y
MERCH003864,Nimbus Retail,5814,Fast Food Restaurants,Panaji,GA,2021-05-23,1926,LOW,191.2,T+1,QR_INSTORE,Y
MERCH003865,Sagar Hub,5814,Fast Food Restaurants,Indore,MP,2026-02-04,208,LOW,379.76,T+0,ONLINE_CHECKOUT,Y
MERCH003866,Lakshmi Mart,4900,Utilities - Electric/Gas/Water,Hyderabad,TG,2024-06-06,816,LOW,2040.67,T+2,ONLINE_CHECKOUT,Y
MERCH003867,Sagar Enterprises,5651,Family Clothing Stores,Lucknow,UP,2024-03-06,908,MEDIUM,2215.71,T+2,QR_INSTORE,Y
MERCH003868,Urban Mart,5999,Miscellaneous Retail,Bengaluru,KA,2026-06-02,90,MEDIUM,1189.97,T+1,QR_INSTORE,Y
MERCH003869,Krishna Ventures,5541,Service Stations (Fuel),Bengaluru,KA,2023-01-28,1311,LOW,1409.01,T+2,QR_INSTORE,Y
MERCH003870,Zenith Solutions,5411,Grocery Stores / Supermarkets,Panaji,GA,2021-05-02,1947,LOW,1099.93,T+2,ONLINE_CHECKOUT,Y
MERCH003871,Sagar Solutions,4900,Utilities - Electric/Gas/Water,Panaji,GA,2023-12-16,989,LOW,1214.83,T+2,QR_INSTORE,Y
MERCH003872,Nova Solutions,6051,Quasi-Cash / Wallet Load,Indore,MP,2024-03-29,885,HIGH,6816.83,T+1,ONLINE_CHECKOUT,Y
MERCH003873,Shree Mart,5814,Fast Food Restaurants,Delhi,DL,2026-01-17,226,LOW,268.63,T+1,QR_INSTORE,Y
MERCH003874,Anand Enterprises,7011,Hotels / Lodging,Panaji,GA,2025-02-18,559,MEDIUM,6203.63,T+2,ONLINE_CHECKOUT,Y
MERCH003875,Lakshmi Enterprises,5999,Miscellaneous Retail,Chandigarh,CH,2022-11-18,1382,MEDIUM,1089.87,T+1,QR_INSTORE,Y
MERCH003876,Anand Traders,5999,Miscellaneous Retail,Chandigarh,CH,2025-01-23,585,MEDIUM,680.04,T+1,QR_INSTORE,Y
MERCH003877,Nimbus Retail,4121,Taxicabs / Ride Hailing,Ahmedabad,GJ,2026-03-06,178,LOW,189.46,T+1,QR_INSTORE,Y
MERCH003878,Prime Solutions,5651,Family Clothing Stores,Indore,MP,2022-07-24,1499,MEDIUM,2223.48,T+1,POS_CARD,Y
MERCH003879,Metro Supply,4121,Taxicabs / Ride Hailing,Indore,MP,2024-09-09,721,LOW,269.08,T+1,QR_INSTORE,Y
MERCH003880,Zenith Stores,5541,Service Stations (Fuel),Panaji,GA,2024-11-13,656,LOW,1956.52,T+1,POS_CARD,Y
MERCH003881,Zenith Enterprises,5814,Fast Food Restaurants,Bengaluru,KA,2020-09-06,2185,LOW,319.78,T+1,POS_CARD,Y
MERCH003882,Kalpana Retail,5814,Fast Food Restaurants,Bengaluru,KA,2023-03-26,1254,LOW,177.1,T+2,ONLINE_CHECKOUT,Y
MERCH003883,Zenith & Co,5541,Service Stations (Fuel),Kochi,KL,2020-11-26,2104,LOW,1650.69,T+1,QR_INSTORE,Y
MERCH003884,Bharat Stores,4900,Utilities - Electric/Gas/Water,Kolkata,WB,2026-06-07,85,MEDIUM,2584.68,T+1,ONLINE_CHECKOUT,Y
MERCH003885,Shree Ventures,5814,Fast Food Restaurants,Panaji,GA,2026-06-14,78,MEDIUM,218.88,T+2,POS_CARD,Y
MERCH003886,Nimbus Enterprises,5814,Fast Food Restaurants,Panaji,GA,2021-05-31,1918,LOW,163.03,T+1,QR_INSTORE,Y
MERCH003887,Sagar Hub,4722,Travel Agencies,Chennai,TN,2022-07-19,1504,HIGH,28991.79,T+1,ONLINE_CHECKOUT,Y
MERCH003888,Urban Traders,4900,Utilities - Electric/Gas/Water,Lucknow,UP,2020-12-17,2083,LOW,1586.72,T+1,QR_INSTORE,Y
MERCH003889,Kalpana Depot,5967,Direct Marketing - Inbound,Lucknow,UP,2024-07-15,777,HIGH,1391.63,T+1,ONLINE_CHECKOUT,Y
MERCH003890,Kalpana Depot,5411,Grocery Stores / Supermarkets,Lucknow,UP,2024-05-15,838,LOW,1188.51,T+0,POS_CARD,Y
MERCH003891,Kalpana Solutions,5541,Service Stations (Fuel),Chennai,TN,2025-10-18,317,LOW,1143.88,T+1,QR_INSTORE,Y
MERCH003892,Prime Traders,4121,Taxicabs / Ride Hailing,Delhi,DL,2024-06-11,811,LOW,215.64,T+1,QR_INSTORE,Y
MERCH003893,Lakshmi Enterprises,5411,Grocery Stores / Supermarkets,Jaipur,RJ,2023-12-22,983,LOW,1085.19,T+1,POS_CARD,Y
MERCH003894,Shree & Co,7011,Hotels / Lodging,Delhi,DL,2023-05-24,1195,MEDIUM,4789.98,T+2,QR_INSTORE,Y
MERCH003895,Zenith Depot,5411,Grocery Stores / Supermarkets,Kochi,KL,2024-03-30,884,LOW,728.22,T+1,POS_CARD,Y
MERCH003896,Lakshmi Services,5732,Electronics Stores,Chandigarh,CH,2023-08-01,1126,MEDIUM,16178.33,T+2,QR_INSTORE,Y
MERCH003897,Aster Services,5912,Drug Stores / Pharmacies,Jaipur,RJ,2026-01-18,225,LOW,689.33,T+2,QR_INSTORE,Y
MERCH003898,Nova Stores,5814,Fast Food Restaurants,Guwahati,AS,2021-07-06,1882,LOW,290.11,T+1,ONLINE_CHECKOUT,Y
MERCH003899,Sagar Ventures,5999,Miscellaneous Retail,Chennai,TN,2022-06-11,1542,MEDIUM,683.22,T+2,ONLINE_CHECKOUT,Y
MERCH003900,Bharat Ventures,5411,Grocery Stores / Supermarkets,Indore,MP,2026-04-12,141,LOW,1121.36,T+1,QR_INSTORE,Y
MERCH003901,Metro Hub,5732,Electronics Stores,Pune,MH,2024-04-21,862,MEDIUM,11610.29,T+0,ONLINE_CHECKOUT,Y
MERCH003902,Anand Retail,6051,Quasi-Cash / Wallet Load,Chandigarh,CH,2025-03-20,529,HIGH,3396.17,T+1,QR_INSTORE,Y
MERCH003903,Aster Services,5814,Fast Food Restaurants,Hyderabad,TG,2021-04-07,1972,LOW,321.28,T+1,ONLINE_CHECKOUT,Y
MERCH003904,Bharat Mart,5651,Family Clothing Stores,Guwahati,AS,2026-08-10,21,HIGH,1803.84,T+1,QR_INSTORE,Y
MERCH003905,Zenith Supply,5411,Grocery Stores / Supermarkets,Kolkata,WB,2022-07-15,1508,LOW,580.04,T+2,QR_INSTORE,Y
MERCH003906,Anand Ventures,5912,Drug Stores / Pharmacies,Hyderabad,TG,2026-04-04,149,LOW,645.1,T+1,ONLINE_CHECKOUT,Y
MERCH003907,Kalpana Depot,5411,Grocery Stores / Supermarkets,Lucknow,UP,2025-11-12,292,LOW,510.68,T+1,POS_CARD,Y
MERCH003908,Kalpana Enterprises,4900,Utilities - Electric/Gas/Water,Delhi,DL,2025-03-01,548,LOW,1894.1,T+1,QR_INSTORE,Y
MERCH003909,Bharat Traders,5814,Fast Food Restaurants,Indore,MP,2021-07-30,1858,LOW,169.87,T+1,ONLINE_CHECKOUT,Y
MERCH003910,Rohan Ventures,5814,Fast Food Restaurants,Mumbai,MH,2024-05-16,837,LOW,161.07,T+0,POS_CARD,Y
MERCH003911,Aster Services,4722,Travel Agencies,Nagpur,MH,2024-06-28,794,HIGH,17979.74,T+2,QR_INSTORE,Y
MERCH003912,Shree Enterprises,5814,Fast Food Restaurants,Delhi,DL,2021-11-27,1738,LOW,370.16,T+0,ONLINE_CHECKOUT,Y
MERCH003913,Aster Retail,5967,Direct Marketing - Inbound,Pune,MH,2020-10-06,2155,HIGH,1956.37,T+1,QR_INSTORE,Y
MERCH003914,Sagar Stores,5732,Electronics Stores,Mumbai,MH,2020-12-14,2086,MEDIUM,11125.24,T+2,QR_INSTORE,Y
MERCH003915,Vertex Stores,5814,Fast Food Restaurants,Indore,MP,2025-03-07,542,LOW,379.06,T+2,ONLINE_CHECKOUT,Y
MERCH003916,Nova Services,5967,Direct Marketing - Inbound,Delhi,DL,2024-06-23,799,HIGH,1302.4,T+2,POS_CARD,Y
MERCH003917,Kalpana Mart,5814,Fast Food Restaurants,Nagpur,MH,2022-12-10,1360,LOW,247.27,T+1,ONLINE_CHECKOUT,Y
MERCH003918,Zenith Services,5411,Grocery Stores / Supermarkets,Ahmedabad,GJ,2023-06-15,1173,LOW,732.24,T+1,ONLINE_CHECKOUT,Y
MERCH003919,Lakshmi Ventures,5651,Family Clothing Stores,Lucknow,UP,2023-04-12,1237,MEDIUM,1986.53,T+1,QR_INSTORE,Y
MERCH003920,Zenith Ventures,7011,Hotels / Lodging,Chennai,TN,2024-04-27,856,MEDIUM,6640.7,T+1,ONLINE_CHECKOUT,Y
MERCH003921,Shree Retail,5411,Grocery Stores / Supermarkets,Hyderabad,TG,2024-04-25,858,LOW,1127.25,T+1,QR_INSTORE,Y
MERCH003922,Lakshmi Services,5541,Service Stations (Fuel),Guwahati,AS,2026-04-27,126,LOW,1642.47,T+1,QR_INSTORE,Y
MERCH003923,Sagar Enterprises,5541,Service Stations (Fuel),Kolkata,WB,2026-04-05,148,LOW,970.64,T+1,POS_CARD,Y
MERCH003924,Shree Supply,5411,Grocery Stores / Supermarkets,Delhi,DL,2023-02-02,1306,LOW,569.41,T+0,POS_CARD,Y
MERCH003925,Nova Retail,5541,Service Stations (Fuel),Lucknow,UP,2021-04-04,1975,LOW,1352.73,T+1,ONLINE_CHECKOUT,Y
MERCH003926,Urban Solutions,5411,Grocery Stores / Supermarkets,Hyderabad,TG,2022-12-09,1361,LOW,713.85,T+1,QR_INSTORE,Y
MERCH003927,Bharat Services,5541,Service Stations (Fuel),Jaipur,RJ,2022-03-03,1642,LOW,2000.99,T+1,QR_INSTORE,Y
MERCH003928,Rohan Services,7995,Betting / Gaming,Kochi,KL,2024-07-28,764,HIGH,2913.64,T+2,ONLINE_CHECKOUT,Y
MERCH003929,Lakshmi Services,5814,Fast Food Restaurants,Pune,MH,2026-03-05,179,LOW,384.86,T+1,ONLINE_CHECKOUT,N
MERCH003930,Rohan Stores,5814,Fast Food Restaurants,Delhi,DL,2023-09-03,1093,LOW,370.11,T+1,ONLINE_CHECKOUT,Y
MERCH003931,Metro Retail,5541,Service Stations (Fuel),Guwahati,AS,2024-07-09,783,LOW,1420.12,T+1,ONLINE_CHECKOUT,Y
MERCH003932,Kalpana Supply,4121,Taxicabs / Ride Hailing,Indore,MP,2022-09-10,1451,LOW,175.35,T+2,QR_INSTORE,Y
MERCH003933,Lakshmi Solutions,4900,Utilities - Electric/Gas/Water,Nagpur,MH,2023-11-18,1017,LOW,2725.17,T+1,ONLINE_CHECKOUT,Y
MERCH003934,Sagar Retail,5814,Fast Food Restaurants,Nagpur,MH,2025-03-30,519,LOW,304.22,T+1,POS_CARD,N
MERCH003935,Bharat Mart,4121,Taxicabs / Ride Hailing,Chennai,TN,2021-04-10,1969,LOW,322.91,T+1,ONLINE_CHECKOUT,Y
MERCH003936,Zenith Ventures,4121,Taxicabs / Ride Hailing,Delhi,DL,2024-04-01,882,LOW,259.48,T+2,ONLINE_CHECKOUT,Y
MERCH003937,Nimbus Ventures,5541,Service Stations (Fuel),Nagpur,MH,2021-10-03,1793,LOW,1574.68,T+1,ONLINE_CHECKOUT,Y
MERCH003938,Nova Services,5651,Family Clothing Stores,Jaipur,RJ,2024-07-27,765,MEDIUM,1583.42,T+2,QR_INSTORE,Y
MERCH003939,Krishna Enterprises,5732,Electronics Stores,Kolkata,WB,2023-12-04,1001,MEDIUM,9610.73,T+1,QR_INSTORE,Y
MERCH003940,Metro Stores,4900,Utilities - Electric/Gas/Water,Chandigarh,CH,2023-08-24,1103,LOW,1920.83,T+2,ONLINE_CHECKOUT,Y
MERCH003941,Metro Stores,5732,Electronics Stores,Chennai,TN,2020-08-23,2199,MEDIUM,12683.8,T+1,ONLINE_CHECKOUT,Y
MERCH003942,Vertex Stores,5814,Fast Food Restaurants,Delhi,DL,2022-07-12,1511,LOW,381.33,T+2,QR_INSTORE,Y
MERCH003943,Bharat Traders,5411,Grocery Stores / Supermarkets,Guwahati,AS,2025-12-10,264,LOW,976.37,T+1,ONLINE_CHECKOUT,Y
MERCH003944,Metro & Co,4121,Taxicabs / Ride Hailing,Jaipur,RJ,2023-06-07,1181,LOW,286.04,T+2,ONLINE_CHECKOUT,N
MERCH003945,Kalpana Hub,4121,Taxicabs / Ride Hailing,Kochi,KL,2024-02-01,942,LOW,145.63,T+0,QR_INSTORE,Y
MERCH003946,Lakshmi Retail,5541,Service Stations (Fuel),Lucknow,UP,2026-02-02,210,LOW,1627.63,T+1,QR_INSTORE,Y
MERCH003947,Nova Hub,5814,Fast Food Restaurants,Chennai,TN,2025-03-24,525,LOW,337.95,T+1,QR_INSTORE,Y
MERCH003948,Aster Enterprises,4900,Utilities - Electric/Gas/Water,Chennai,TN,2021-10-05,1791,LOW,1551.88,T+2,ONLINE_CHECKOUT,Y
MERCH003949,Shree & Co,5814,Fast Food Restaurants,Chennai,TN,2026-01-04,239,LOW,369.2,T+1,POS_CARD,Y
MERCH003950,Vertex Retail,5814,Fast Food Restaurants,Mumbai,MH,2026-01-10,233,LOW,257.35,T+1,ONLINE_CHECKOUT,Y
MERCH003951,Kalpana & Co,5411,Grocery Stores / Supermarkets,Jaipur,RJ,2025-12-02,272,LOW,759.81,T+2,POS_CARD,Y
MERCH003952,Zenith Services,7011,Hotels / Lodging,Ahmedabad,GJ,2025-04-28,490,MEDIUM,6257.88,T+0,QR_INSTORE,Y
MERCH003953,Shree Retail,5814,Fast Food Restaurants,Jaipur,RJ,2023-06-25,1163,LOW,165.96,T+1,ONLINE_CHECKOUT,Y
MERCH003954,Shree Solutions,7011,Hotels / Lodging,Indore,MP,2021-08-31,1826,MEDIUM,6898.81,T+1,ONLINE_CHECKOUT,Y
MERCH003955,Aster Enterprises,5814,Fast Food Restaurants,Bengaluru,KA,2021-11-25,1740,LOW,278.97,T+1,ONLINE_CHECKOUT,Y
MERCH003956,Nova Traders,7995,Betting / Gaming,Kolkata,WB,2026-03-12,172,HIGH,3763.81,T+1,QR_INSTORE,Y
MERCH003957,Sagar Depot,4121,Taxicabs / Ride Hailing,Chennai,TN,2022-03-28,1617,LOW,335.0,T+2,ONLINE_CHECKOUT,Y
MERCH003958,Nova Mart,5732,Electronics Stores,Ahmedabad,GJ,2022-10-03,1428,MEDIUM,14789.71,T+1,POS_CARD,Y
MERCH003959,Urban Retail,5814,Fast Food Restaurants,Indore,MP,2021-05-02,1947,LOW,209.68,T+2,ONLINE_CHECKOUT,Y
MERCH003960,Rohan Depot,5999,Miscellaneous Retail,Nagpur,MH,2022-01-31,1673,MEDIUM,1143.49,T+1,QR_INSTORE,Y
MERCH003961,Metro Hub,5814,Fast Food Restaurants,Kochi,KL,2021-10-22,1774,LOW,201.67,T+1,ONLINE_CHECKOUT,Y
MERCH003962,Lakshmi & Co,5999,Miscellaneous Retail,Indore,MP,2021-03-07,2003,MEDIUM,1113.72,T+1,QR_INSTORE,Y
MERCH003963,Vertex Ventures,5732,Electronics Stores,Hyderabad,TG,2024-03-28,886,MEDIUM,15021.33,T+1,QR_INSTORE,Y
MERCH003964,Krishna Retail,5541,Service Stations (Fuel),Lucknow,UP,2020-09-17,2174,LOW,1576.31,T+1,QR_INSTORE,Y
MERCH003965,Krishna Mart,5912,Drug Stores / Pharmacies,Jaipur,RJ,2023-10-10,1056,LOW,539.32,T+1,QR_INSTORE,Y
MERCH003966,Anand Solutions,5912,Drug Stores / Pharmacies,Mumbai,MH,2024-12-19,620,LOW,333.84,T+1,ONLINE_CHECKOUT,Y
MERCH003967,Nimbus Depot,7011,Hotels / Lodging,Indore,MP,2026-03-31,153,MEDIUM,7047.96,T+2,POS_CARD,Y
MERCH003968,Lakshmi Hub,5411,Grocery Stores / Supermarkets,Chandigarh,CH,2022-12-18,1352,LOW,1158.84,T+1,POS_CARD,Y
MERCH003969,Metro Supply,5651,Family Clothing Stores,Delhi,DL,2021-10-27,1769,MEDIUM,2531.76,T+1,ONLINE_CHECKOUT,Y
MERCH003970,Urban Depot,5814,Fast Food Restaurants,Kolkata,WB,2025-04-29,489,LOW,371.35,T+1,POS_CARD,Y
MERCH003971,Bharat & Co,5814,Fast Food Restaurants,Indore,MP,2023-09-02,1094,LOW,273.93,T+1,ONLINE_CHECKOUT,Y
MERCH003972,Nova Solutions,5411,Grocery Stores / Supermarkets,Guwahati,AS,2022-07-08,1515,HIGH,1091.51,T+1,QR_INSTORE,Y
MERCH003973,Rohan & Co,4722,Travel Agencies,Chandigarh,CH,2023-12-25,980,HIGH,20037.2,T+1,QR_INSTORE,Y
MERCH003974,Sagar Enterprises,5967,Direct Marketing - Inbound,Ahmedabad,GJ,2022-07-26,1497,HIGH,2023.0,T+1,ONLINE_CHECKOUT,Y
MERCH003975,Rohan Enterprises,5411,Grocery Stores / Supermarkets,Hyderabad,TG,2020-11-15,2115,LOW,878.84,T+1,ONLINE_CHECKOUT,Y
MERCH003976,Zenith Enterprises,5912,Drug Stores / Pharmacies,Nagpur,MH,2021-09-06,1820,LOW,323.77,T+1,QR_INSTORE,Y
MERCH003977,Bharat Depot,5541,Service Stations (Fuel),Pune,MH,2025-11-26,278,LOW,1858.74,T+0,ONLINE_CHECKOUT,Y
MERCH003978,Krishna Ventures,5912,Drug Stores / Pharmacies,Chandigarh,CH,2024-12-05,634,LOW,405.57,T+1,QR_INSTORE,Y
MERCH003979,Prime Supply,5411,Grocery Stores / Supermarkets,Panaji,GA,2026-03-11,173,LOW,1107.81,T+1,QR_INSTORE,Y
MERCH003980,Zenith Depot,7011,Hotels / Lodging,Kochi,KL,2022-09-30,1431,MEDIUM,4236.97,T+1,QR_INSTORE,Y
MERCH003981,Krishna Traders,5999,Miscellaneous Retail,Chandigarh,CH,2021-02-10,2028,MEDIUM,1288.48,T+1,ONLINE_CHECKOUT,Y
MERCH003982,Metro Depot,5732,Electronics Stores,Bengaluru,KA,2024-02-24,919,MEDIUM,10013.37,T+1,QR_INSTORE,Y
MERCH003983,Sagar Retail,5411,Grocery Stores / Supermarkets,Pune,MH,2025-12-02,272,LOW,1054.86,T+1,QR_INSTORE,Y
MERCH003984,Nimbus Depot,4121,Taxicabs / Ride Hailing,Kochi,KL,2021-08-15,1842,LOW,306.78,T+1,ONLINE_CHECKOUT,Y
MERCH003985,Aster Ventures,4121,Taxicabs / Ride Hailing,Chennai,TN,2026-08-03,28,MEDIUM,217.65,T+2,QR_INSTORE,Y
MERCH003986,Krishna Retail,5912,Drug Stores / Pharmacies,Lucknow,UP,2025-04-14,504,LOW,358.13,T+1,ONLINE_CHECKOUT,Y
MERCH003987,Zenith Stores,4121,Taxicabs / Ride Hailing,Bengaluru,KA,2025-06-29,428,LOW,194.27,T+2,QR_INSTORE,Y
MERCH003988,Zenith Traders,4121,Taxicabs / Ride Hailing,Chennai,TN,2026-03-03,181,LOW,345.71,T+1,ONLINE_CHECKOUT,Y
MERCH003989,Bharat Traders,5651,Family Clothing Stores,Kochi,KL,2026-05-08,115,MEDIUM,1192.96,T+1,QR_INSTORE,Y
MERCH003990,Nimbus Services,7995,Betting / Gaming,Hyderabad,TG,2024-02-05,938,HIGH,3542.89,T+1,ONLINE_CHECKOUT,Y
MERCH003991,Shree Stores,5912,Drug Stores / Pharmacies,Bengaluru,KA,2022-06-18,1535,LOW,440.39,T+1,ONLINE_CHECKOUT,Y
MERCH003992,Lakshmi Retail,4722,Travel Agencies,Pune,MH,2020-10-11,2150,HIGH,26196.97,T+1,ONLINE_CHECKOUT,Y
MERCH003993,Anand Retail,4121,Taxicabs / Ride Hailing,Pune,MH,2025-01-06,602,LOW,334.0,T+1,ONLINE_CHECKOUT,Y
MERCH003994,Aster Hub,4121,Taxicabs / Ride Hailing,Indore,MP,2022-08-20,1472,MEDIUM,166.03,T+1,ONLINE_CHECKOUT,Y
MERCH003995,Metro Supply,5411,Grocery Stores / Supermarkets,Pune,MH,2025-11-26,278,LOW,668.48,T+1,ONLINE_CHECKOUT,Y
MERCH003996,Urban Mart,5411,Grocery Stores / Supermarkets,Kolkata,WB,2021-10-24,1772,LOW,1077.67,T+2,QR_INSTORE,Y
MERCH003997,Anand Depot,5999,Miscellaneous Retail,Guwahati,AS,2025-03-10,539,MEDIUM,625.29,T+1,QR_INSTORE,N
MERCH003998,Sagar & Co,5912,Drug Stores / Pharmacies,Hyderabad,TG,2024-11-23,646,LOW,385.0,T+1,ONLINE_CHECKOUT,Y
MERCH003999,Prime Retail,5999,Miscellaneous Retail,Indore,MP,2022-11-06,1394,MEDIUM,975.13,T+1,QR_INSTORE,Y
MERCH004000,Prime Solutions,4121,Taxicabs / Ride Hailing,Panaji,GA,2020-11-29,2101,LOW,343.33,T+2,ONLINE_CHECKOUT,Y
MERCH004001,Nova & Co,5541,Service Stations (Fuel),Chennai,TN,2021-02-02,2036,LOW,1308.7,T+1,ONLINE_CHECKOUT,Y
MERCH004002,Metro Supply,5967,Direct Marketing - Inbound,Kolkata,WB,2022-04-12,1602,HIGH,1273.63,T+1,QR_INSTORE,Y
MERCH004003,Lakshmi Traders,5814,Fast Food Restaurants,Pune,MH,2020-10-08,2153,LOW,214.34,T+0,ONLINE_CHECKOUT,Y
MERCH004004,Aster Retail,4900,Utilities - Electric/Gas/Water,Kolkata,WB,2026-07-03,59,MEDIUM,2377.6,T+1,ONLINE_CHECKOUT,Y
MERCH004005,Nova Services,5541,Service Stations (Fuel),Bengaluru,KA,2022-06-17,1536,LOW,2061.28,T+1,POS_CARD,Y
MERCH004006,Lakshmi Traders,5912,Drug Stores / Pharmacies,Delhi,DL,2022-03-03,1642,LOW,584.5,T+1,QR_INSTORE,Y
MERCH004007,Zenith Supply,7011,Hotels / Lodging,Lucknow,UP,2021-09-20,1806,MEDIUM,9295.11,T+1,ONLINE_CHECKOUT,Y
MERCH004008,Sagar & Co,4722,Travel Agencies,Ahmedabad,GJ,2021-04-15,1964,HIGH,28375.42,T+1,QR_INSTORE,Y
MERCH004009,Bharat Services,5999,Miscellaneous Retail,Nagpur,MH,2024-02-12,931,MEDIUM,1001.62,T+1,QR_INSTORE,Y
MERCH004010,Shree Stores,5912,Drug Stores / Pharmacies,Hyderabad,TG,2021-01-28,2041,LOW,510.16,T+2,POS_CARD,Y
MERCH004011,Rohan & Co,5814,Fast Food Restaurants,Kolkata,WB,2026-08-10,21,MEDIUM,270.19,T+1,POS_CARD,Y
MERCH004012,Metro Mart,5814,Fast Food Restaurants,Pune,MH,2023-06-16,1172,LOW,381.26,T+1,QR_INSTORE,Y
MERCH004013,Zenith Stores,5999,Miscellaneous Retail,Mumbai,MH,2024-11-17,652,MEDIUM,1168.75,T+2,QR_INSTORE,Y
MERCH004014,Aster Mart,5411,Grocery Stores / Supermarkets,Kochi,KL,2021-11-11,1754,LOW,759.73,T+1,POS_CARD,Y
MERCH004015,Bharat & Co,5732,Electronics Stores,Delhi,DL,2026-07-02,60,HIGH,11671.13,T+2,QR_INSTORE,Y
MERCH004016,Sagar Supply,5814,Fast Food Restaurants,Indore,MP,2026-07-09,53,MEDIUM,306.83,T+0,QR_INSTORE,Y
MERCH004017,Metro Supply,4900,Utilities - Electric/Gas/Water,Guwahati,AS,2024-07-26,766,LOW,2016.6,T+1,ONLINE_CHECKOUT,Y
MERCH004018,Shree & Co,6051,Quasi-Cash / Wallet Load,Jaipur,RJ,2023-01-10,1329,HIGH,6011.6,T+0,QR_INSTORE,Y
MERCH004019,Krishna Traders,5732,Electronics Stores,Kolkata,WB,2021-11-18,1747,MEDIUM,17779.86,T+1,QR_INSTORE,N
MERCH004020,Anand Solutions,4121,Taxicabs / Ride Hailing,Ahmedabad,GJ,2023-07-03,1155,LOW,218.67,T+1,QR_INSTORE,Y
MERCH004021,Krishna Supply,5411,Grocery Stores / Supermarkets,Bengaluru,KA,2022-04-23,1591,LOW,705.42,T+1,ONLINE_CHECKOUT,Y
MERCH004022,Vertex Retail,5411,Grocery Stores / Supermarkets,Chennai,TN,2023-12-15,990,LOW,935.25,T+1,QR_INSTORE,Y
MERCH004023,Urban Enterprises,5541,Service Stations (Fuel),Guwahati,AS,2025-06-07,450,LOW,1143.69,T+2,ONLINE_CHECKOUT,Y
MERCH004024,Vertex Retail,5732,Electronics Stores,Bengaluru,KA,2025-06-27,430,MEDIUM,11603.3,T+0,ONLINE_CHECKOUT,Y
MERCH004025,Rohan Hub,5912,Drug Stores / Pharmacies,Hyderabad,TG,2025-09-26,339,LOW,585.73,T+1,QR_INSTORE,Y
MERCH004026,Anand Retail,5814,Fast Food Restaurants,Delhi,DL,2025-10-14,321,LOW,386.61,T+1,QR_INSTORE,Y
MERCH004027,Prime Stores,5651,Family Clothing Stores,Panaji,GA,2025-01-30,578,MEDIUM,2665.04,T+1,QR_INSTORE,Y
MERCH004028,Nimbus Stores,4722,Travel Agencies,Bengaluru,KA,2023-06-07,1181,HIGH,24909.4,T+1,POS_CARD,Y
MERCH004029,Krishna Retail,5912,Drug Stores / Pharmacies,Bengaluru,KA,2021-08-08,1849,LOW,374.98,T+1,POS_CARD,Y
MERCH004030,Vertex Mart,5814,Fast Food Restaurants,Pune,MH,2021-10-03,1793,LOW,213.39,T+1,ONLINE_CHECKOUT,Y
MERCH004031,Bharat & Co,5732,Electronics Stores,Indore,MP,2021-01-01,2068,MEDIUM,9295.16,T+1,ONLINE_CHECKOUT,Y
MERCH004032,Aster & Co,7011,Hotels / Lodging,Chennai,TN,2023-05-27,1192,MEDIUM,6047.99,T+1,QR_INSTORE,Y
MERCH004033,Urban Supply,5999,Miscellaneous Retail,Nagpur,MH,2025-08-17,379,MEDIUM,707.14,T+1,ONLINE_CHECKOUT,Y
MERCH004034,Rohan Supply,6051,Quasi-Cash / Wallet Load,Jaipur,RJ,2023-08-15,1112,HIGH,7078.62,T+1,ONLINE_CHECKOUT,Y
MERCH004035,Prime & Co,4900,Utilities - Electric/Gas/Water,Kochi,KL,2020-09-07,2184,LOW,2645.79,T+0,POS_CARD,Y
MERCH004036,Nova Retail,5912,Drug Stores / Pharmacies,Pune,MH,2021-04-15,1964,LOW,368.55,T+1,QR_INSTORE,Y
MERCH004037,Aster Hub,5651,Family Clothing Stores,Bengaluru,KA,2026-01-13,230,MEDIUM,2690.65,T+1,QR_INSTORE,Y
MERCH004038,Zenith Services,5411,Grocery Stores / Supermarkets,Ahmedabad,GJ,2025-08-08,388,LOW,650.5,T+1,QR_INSTORE,Y
MERCH004039,Lakshmi Stores,5912,Drug Stores / Pharmacies,Hyderabad,TG,2021-11-03,1762,LOW,516.32,T+2,QR_INSTORE,Y
MERCH004040,Aster Retail,5814,Fast Food Restaurants,Ahmedabad,GJ,2022-06-08,1545,LOW,164.32,T+1,QR_INSTORE,Y
MERCH004041,Kalpana Services,4121,Taxicabs / Ride Hailing,Ahmedabad,GJ,2025-02-12,565,LOW,334.14,T+1,ONLINE_CHECKOUT,Y
MERCH004042,Rohan Traders,4121,Taxicabs / Ride Hailing,Ahmedabad,GJ,2025-08-15,381,LOW,281.83,T+1,ONLINE_CHECKOUT,Y
MERCH004043,Zenith Enterprises,5411,Grocery Stores / Supermarkets,Chandigarh,CH,2024-04-20,863,LOW,1254.73,T+1,POS_CARD,Y
MERCH004044,Kalpana Mart,4900,Utilities - Electric/Gas/Water,Kochi,KL,2023-03-04,1276,LOW,2616.37,T+2,ONLINE_CHECKOUT,Y
MERCH004045,Aster Retail,5541,Service Stations (Fuel),Guwahati,AS,2020-12-31,2069,LOW,1260.27,T+1,QR_INSTORE,Y
MERCH004046,Krishna & Co,5999,Miscellaneous Retail,Guwahati,AS,2023-09-19,1077,MEDIUM,1038.65,T+2,QR_INSTORE,Y
MERCH004047,Nova Services,5814,Fast Food Restaurants,Indore,MP,2025-02-11,566,LOW,207.55,T+2,ONLINE_CHECKOUT,Y
MERCH004048,Aster Hub,4900,Utilities - Electric/Gas/Water,Nagpur,MH,2023-12-28,977,LOW,1320.95,T+2,ONLINE_CHECKOUT,Y
MERCH004049,Rohan & Co,5999,Miscellaneous Retail,Mumbai,MH,2023-10-07,1059,MEDIUM,988.53,T+2,ONLINE_CHECKOUT,Y
MERCH004050,Rohan Mart,6051,Quasi-Cash / Wallet Load,Hyderabad,TG,2024-09-07,723,HIGH,2935.67,T+1,QR_INSTORE,Y
MERCH004051,Zenith Retail,5541,Service Stations (Fuel),Jaipur,RJ,2025-02-23,554,LOW,1811.29,T+1,POS_CARD,Y
MERCH004052,Sagar Enterprises,7995,Betting / Gaming,Bengaluru,KA,2024-11-17,652,HIGH,3852.0,T+2,QR_INSTORE,Y
MERCH004053,Vertex Enterprises,5541,Service Stations (Fuel),Lucknow,UP,2026-03-21,163,LOW,861.83,T+2,QR_INSTORE,Y
MERCH004054,Rohan Services,5411,Grocery Stores / Supermarkets,Jaipur,RJ,2026-05-30,93,LOW,716.97,T+2,QR_INSTORE,Y
MERCH004055,Metro Traders,5999,Miscellaneous Retail,Bengaluru,KA,2023-09-13,1083,MEDIUM,1168.21,T+1,QR_INSTORE,Y
MERCH004056,Prime Supply,4121,Taxicabs / Ride Hailing,Guwahati,AS,2020-09-27,2164,LOW,216.87,T+1,POS_CARD,Y
MERCH004057,Kalpana Ventures,4722,Travel Agencies,Indore,MP,2020-08-22,2200,HIGH,13242.62,T+2,ONLINE_CHECKOUT,Y
MERCH004058,Krishna Hub,5732,Electronics Stores,Chandigarh,CH,2021-12-30,1705,MEDIUM,8522.06,T+0,ONLINE_CHECKOUT,Y
MERCH004059,Krishna Ventures,4121,Taxicabs / Ride Hailing,Indore,MP,2022-10-06,1425,LOW,350.21,T+1,POS_CARD,Y
MERCH004060,Rohan Depot,5651,Family Clothing Stores,Mumbai,MH,2023-07-16,1142,MEDIUM,2204.54,T+1,ONLINE_CHECKOUT,Y
MERCH004061,Nova Ventures,5411,Grocery Stores / Supermarkets,Delhi,DL,2026-07-31,31,MEDIUM,718.79,T+1,ONLINE_CHECKOUT,Y
MERCH004062,Shree Depot,5651,Family Clothing Stores,Kolkata,WB,2022-12-20,1350,MEDIUM,1823.63,T+1,POS_CARD,Y
MERCH004063,Lakshmi Stores,5651,Family Clothing Stores,Panaji,GA,2021-11-12,1753,LOW,2003.12,T+1,POS_CARD,Y
MERCH004064,Urban Traders,5651,Family Clothing Stores,Guwahati,AS,2021-06-18,1900,MEDIUM,2571.97,T+1,POS_CARD,Y
MERCH004065,Krishna Traders,5541,Service Stations (Fuel),Nagpur,MH,2024-10-08,692,LOW,927.04,T+1,QR_INSTORE,Y
MERCH004066,Prime Mart,5541,Service Stations (Fuel),Chennai,TN,2023-09-23,1073,LOW,1537.09,T+1,QR_INSTORE,Y
MERCH004067,Anand Depot,4722,Travel Agencies,Pune,MH,2022-10-12,1419,HIGH,16527.62,T+1,ONLINE_CHECKOUT,Y
MERCH004068,Shree Retail,4900,Utilities - Electric/Gas/Water,Nagpur,MH,2024-10-31,669,LOW,1281.27,T+2,ONLINE_CHECKOUT,Y
MERCH004069,Metro Stores,5411,Grocery Stores / Supermarkets,Kochi,KL,2026-08-02,29,MEDIUM,662.12,T+1,QR_INSTORE,N
MERCH004070,Lakshmi Supply,5999,Miscellaneous Retail,Bengaluru,KA,2022-03-09,1636,MEDIUM,709.56,T+2,ONLINE_CHECKOUT,Y
MERCH004071,Nimbus Enterprises,5814,Fast Food Restaurants,Panaji,GA,2022-05-22,1562,LOW,329.05,T+1,QR_INSTORE,Y
MERCH004072,Anand Stores,5999,Miscellaneous Retail,Guwahati,AS,2024-04-20,863,MEDIUM,1005.57,T+1,QR_INSTORE,Y
MERCH004073,Shree Traders,5541,Service Stations (Fuel),Bengaluru,KA,2022-10-20,1411,LOW,1806.34,T+1,QR_INSTORE,Y
MERCH004074,Metro Solutions,5814,Fast Food Restaurants,Hyderabad,TG,2021-09-25,1801,LOW,164.42,T+2,ONLINE_CHECKOUT,Y
MERCH004075,Sagar Ventures,5999,Miscellaneous Retail,Indore,MP,2020-09-26,2165,MEDIUM,1295.94,T+2,ONLINE_CHECKOUT,Y
MERCH004076,Bharat Traders,5912,Drug Stores / Pharmacies,Ahmedabad,GJ,2025-04-22,496,LOW,659.79,T+1,ONLINE_CHECKOUT,Y
MERCH004077,Vertex Ventures,5411,Grocery Stores / Supermarkets,Kolkata,WB,2021-02-12,2026,LOW,522.46,T+2,ONLINE_CHECKOUT,Y
MERCH004078,Metro Stores,5999,Miscellaneous Retail,Pune,MH,2024-10-02,698,MEDIUM,1211.09,T+2,ONLINE_CHECKOUT,Y
MERCH004079,Urban Supply,5411,Grocery Stores / Supermarkets,Chandigarh,CH,2023-07-27,1131,LOW,712.45,T+1,POS_CARD,Y
MERCH004080,Aster Stores,7995,Betting / Gaming,Panaji,GA,2026-02-17,195,HIGH,3390.27,T+2,QR_INSTORE,Y
MERCH004081,Nova & Co,5411,Grocery Stores / Supermarkets,Pune,MH,2024-10-28,672,MEDIUM,626.12,T+1,QR_INSTORE,Y
MERCH004082,Krishna Services,5411,Grocery Stores / Supermarkets,Pune,MH,2022-08-28,1464,LOW,928.29,T+0,ONLINE_CHECKOUT,Y
MERCH004083,Bharat Stores,4722,Travel Agencies,Jaipur,RJ,2021-02-02,2036,HIGH,16256.69,T+1,QR_INSTORE,Y
MERCH004084,Zenith Solutions,5999,Miscellaneous Retail,Hyderabad,TG,2023-08-18,1109,MEDIUM,761.1,T+1,QR_INSTORE,Y
MERCH004085,Anand Ventures,4722,Travel Agencies,Indore,MP,2025-03-27,522,HIGH,32392.09,T+1,QR_INSTORE,Y
MERCH004086,Aster Mart,5999,Miscellaneous Retail,Guwahati,AS,2022-05-27,1557,MEDIUM,1217.7,T+1,ONLINE_CHECKOUT,Y
MERCH004087,Zenith Services,5912,Drug Stores / Pharmacies,Ahmedabad,GJ,2021-02-27,2011,LOW,640.56,T+2,ONLINE_CHECKOUT,Y
MERCH004088,Metro Stores,5411,Grocery Stores / Supermarkets,Chennai,TN,2024-03-13,901,LOW,860.89,T+1,ONLINE_CHECKOUT,Y
MERCH004089,Prime Enterprises,5814,Fast Food Restaurants,Indore,MP,2022-07-09,1514,LOW,378.03,T+1,QR_INSTORE,Y
MERCH004090,Anand Supply,5814,Fast Food Restaurants,Lucknow,UP,2025-04-12,506,LOW,238.83,T+1,POS_CARD,Y
MERCH004091,Zenith Hub,7995,Betting / Gaming,Kochi,KL,2026-04-21,132,HIGH,4001.72,T+2,QR_INSTORE,Y
MERCH004092,Prime Enterprises,5732,Electronics Stores,Kochi,KL,2021-01-08,2061,MEDIUM,7861.77,T+1,QR_INSTORE,Y
MERCH004093,Bharat Retail,5814,Fast Food Restaurants,Kolkata,WB,2021-12-19,1716,LOW,164.33,T+1,QR_INSTORE,Y
MERCH004094,Nova & Co,4121,Taxicabs / Ride Hailing,Indore,MP,2022-10-23,1408,LOW,178.46,T+1,QR_INSTORE,Y
MERCH004095,Vertex Stores,5732,Electronics Stores,Ahmedabad,GJ,2020-12-22,2078,MEDIUM,16113.67,T+1,ONLINE_CHECKOUT,Y
MERCH004096,Vertex Ventures,5814,Fast Food Restaurants,Hyderabad,TG,2021-08-02,1855,LOW,272.51,T+1,POS_CARD,Y
MERCH004097,Zenith Ventures,4121,Taxicabs / Ride Hailing,Pune,MH,2026-07-07,55,MEDIUM,355.01,T+1,POS_CARD,Y
MERCH004098,Bharat Solutions,5814,Fast Food Restaurants,Nagpur,MH,2022-02-26,1647,LOW,297.74,T+1,QR_INSTORE,Y
MERCH004099,Anand Supply,4121,Taxicabs / Ride Hailing,Chennai,TN,2020-10-16,2145,LOW,155.03,T+2,QR_INSTORE,Y
MERCH004100,Rohan Services,7011,Hotels / Lodging,Ahmedabad,GJ,2020-10-28,2133,MEDIUM,7345.7,T+1,QR_INSTORE,Y
MERCH004101,Sagar Mart,5651,Family Clothing Stores,Indore,MP,2025-12-25,249,MEDIUM,1870.4,T+1,POS_CARD,Y
MERCH004102,Nimbus Solutions,5541,Service Stations (Fuel),Nagpur,MH,2022-06-23,1530,MEDIUM,1064.55,T+1,QR_INSTORE,Y
MERCH004103,Lakshmi Retail,5999,Miscellaneous Retail,Bengaluru,KA,2023-06-12,1176,MEDIUM,1197.01,T+1,ONLINE_CHECKOUT,Y
MERCH004104,Shree Enterprises,5411,Grocery Stores / Supermarkets,Jaipur,RJ,2023-11-22,1013,LOW,1147.5,T+2,POS_CARD,Y
MERCH004105,Sagar Enterprises,5541,Service Stations (Fuel),Mumbai,MH,2026-06-08,84,MEDIUM,1509.92,T+1,POS_CARD,N
MERCH004106,Nimbus Ventures,4900,Utilities - Electric/Gas/Water,Chandigarh,CH,2022-07-20,1503,LOW,1266.22,T+1,QR_INSTORE,Y
MERCH004107,Metro Services,5814,Fast Food Restaurants,Kochi,KL,2022-04-11,1603,LOW,283.63,T+0,ONLINE_CHECKOUT,Y
MERCH004108,Urban Services,4900,Utilities - Electric/Gas/Water,Mumbai,MH,2024-10-10,690,LOW,2353.87,T+1,POS_CARD,Y
MERCH004109,Krishna Depot,5814,Fast Food Restaurants,Guwahati,AS,2025-09-30,335,LOW,187.16,T+0,QR_INSTORE,Y
MERCH004110,Kalpana Hub,7011,Hotels / Lodging,Guwahati,AS,2024-05-06,847,MEDIUM,7305.79,T+1,POS_CARD,Y
MERCH004111,Prime Mart,7011,Hotels / Lodging,Delhi,DL,2024-08-22,739,MEDIUM,4039.13,T+1,QR_INSTORE,Y
MERCH004112,Urban Services,5912,Drug Stores / Pharmacies,Guwahati,AS,2024-05-04,849,LOW,493.02,T+1,POS_CARD,Y
MERCH004113,Nova Traders,5411,Grocery Stores / Supermarkets,Panaji,GA,2021-06-30,1888,LOW,887.75,T+2,QR_INSTORE,Y
MERCH004114,Bharat & Co,5814,Fast Food Restaurants,Mumbai,MH,2021-07-12,1876,LOW,300.84,T+1,ONLINE_CHECKOUT,Y
MERCH004115,Metro Hub,5814,Fast Food Restaurants,Panaji,GA,2022-10-15,1416,LOW,277.4,T+2,ONLINE_CHECKOUT,Y
MERCH004116,Metro Services,5912,Drug Stores / Pharmacies,Hyderabad,TG,2023-04-02,1247,LOW,630.07,T+1,QR_INSTORE,Y
MERCH004117,Aster & Co,4121,Taxicabs / Ride Hailing,Chennai,TN,2020-12-06,2094,LOW,197.21,T+1,POS_CARD,Y
MERCH004118,Bharat Solutions,5651,Family Clothing Stores,Kochi,KL,2025-09-24,341,MEDIUM,1848.98,T+2,ONLINE_CHECKOUT,Y
MERCH004119,Anand Stores,4900,Utilities - Electric/Gas/Water,Kochi,KL,2023-12-30,975,LOW,2127.43,T+1,POS_CARD,N
MERCH004120,Kalpana Depot,5912,Drug Stores / Pharmacies,Nagpur,MH,2023-08-09,1118,LOW,649.91,T+2,QR_INSTORE,Y
MERCH004121,Anand Depot,4900,Utilities - Electric/Gas/Water,Hyderabad,TG,2022-03-17,1628,LOW,2514.37,T+0,QR_INSTORE,Y
MERCH004122,Sagar Stores,5732,Electronics Stores,Panaji,GA,2020-09-02,2189,MEDIUM,12367.59,T+1,QR_INSTORE,Y
MERCH004123,Urban Services,4900,Utilities - Electric/Gas/Water,Kochi,KL,2024-11-08,661,LOW,2151.09,T+1,QR_INSTORE,Y
MERCH004124,Metro Depot,4900,Utilities - Electric/Gas/Water,Panaji,GA,2020-12-26,2074,LOW,1533.5,T+2,QR_INSTORE,Y
MERCH004125,Bharat Services,5912,Drug Stores / Pharmacies,Chennai,TN,2024-02-01,942,LOW,750.25,T+1,QR_INSTORE,Y
MERCH004126,Kalpana Mart,5411,Grocery Stores / Supermarkets,Delhi,DL,2022-01-16,1688,LOW,963.07,T+1,ONLINE_CHECKOUT,Y
MERCH004127,Nimbus Traders,5999,Miscellaneous Retail,Ahmedabad,GJ,2021-10-10,1786,MEDIUM,1286.71,T+1,ONLINE_CHECKOUT,Y
MERCH004128,Aster Solutions,5732,Electronics Stores,Chandigarh,CH,2022-09-12,1449,MEDIUM,15685.49,T+1,QR_INSTORE,Y
MERCH004129,Bharat Traders,5999,Miscellaneous Retail,Nagpur,MH,2026-06-02,90,MEDIUM,1057.26,T+2,QR_INSTORE,Y
MERCH004130,Shree Mart,7011,Hotels / Lodging,Ahmedabad,GJ,2025-02-11,566,MEDIUM,4440.95,T+1,QR_INSTORE,Y
MERCH004131,Metro Depot,5411,Grocery Stores / Supermarkets,Chandigarh,CH,2022-07-24,1499,LOW,781.94,T+1,QR_INSTORE,Y
MERCH004132,Bharat Traders,5814,Fast Food Restaurants,Ahmedabad,GJ,2020-11-01,2129,LOW,380.96,T+1,ONLINE_CHECKOUT,Y
MERCH004133,Aster Solutions,5651,Family Clothing Stores,Mumbai,MH,2025-08-08,388,MEDIUM,2167.81,T+2,ONLINE_CHECKOUT,Y
MERCH004134,Zenith Services,5732,Electronics Stores,Ahmedabad,GJ,2023-09-28,1068,MEDIUM,10091.11,T+2,ONLINE_CHECKOUT,Y
MERCH004135,Lakshmi Ventures,5411,Grocery Stores / Supermarkets,Kochi,KL,2025-08-22,374,LOW,730.98,T+0,POS_CARD,Y
MERCH004136,Nimbus Solutions,5814,Fast Food Restaurants,Chennai,TN,2024-04-10,873,LOW,261.79,T+1,ONLINE_CHECKOUT,Y
MERCH004137,Krishna Stores,5411,Grocery Stores / Supermarkets,Kochi,KL,2022-09-14,1447,LOW,698.68,T+1,ONLINE_CHECKOUT,Y
MERCH004138,Nimbus Solutions,5814,Fast Food Restaurants,Jaipur,RJ,2022-09-24,1437,LOW,224.59,T+1,QR_INSTORE,Y
MERCH004139,Metro Enterprises,5411,Grocery Stores / Supermarkets,Lucknow,UP,2025-01-15,593,LOW,1138.47,T+1,ONLINE_CHECKOUT,Y
MERCH004140,Shree Enterprises,4722,Travel Agencies,Panaji,GA,2023-05-10,1209,HIGH,19932.39,T+2,ONLINE_CHECKOUT,Y
MERCH004141,Krishna Depot,5912,Drug Stores / Pharmacies,Chandigarh,CH,2025-10-05,330,LOW,509.2,T+1,ONLINE_CHECKOUT,Y
MERCH004142,Nimbus Hub,5912,Drug Stores / Pharmacies,Chandigarh,CH,2021-01-28,2041,LOW,424.5,T+1,ONLINE_CHECKOUT,Y
MERCH004143,Urban & Co,5814,Fast Food Restaurants,Indore,MP,2024-02-28,915,LOW,241.18,T+1,ONLINE_CHECKOUT,Y
MERCH004144,Kalpana Supply,5814,Fast Food Restaurants,Guwahati,AS,2023-01-09,1330,LOW,185.33,T+2,QR_INSTORE,Y
MERCH004145,Prime Retail,5411,Grocery Stores / Supermarkets,Pune,MH,2021-11-26,1739,MEDIUM,526.89,T+2,ONLINE_CHECKOUT,Y
MERCH004146,Metro Ventures,7011,Hotels / Lodging,Kochi,KL,2025-11-03,301,MEDIUM,8930.05,T+1,QR_INSTORE,Y
MERCH004147,Nimbus Stores,5814,Fast Food Restaurants,Mumbai,MH,2025-06-08,449,LOW,345.9,T+2,QR_INSTORE,Y
MERCH004148,Urban Services,6051,Quasi-Cash / Wallet Load,Bengaluru,KA,2024-10-18,682,HIGH,3676.17,T+1,ONLINE_CHECKOUT,Y
MERCH004149,Nova Ventures,5967,Direct Marketing - Inbound,Bengaluru,KA,2026-04-10,143,HIGH,1605.92,T+1,ONLINE_CHECKOUT,Y
MERCH004150,Prime Stores,5411,Grocery Stores / Supermarkets,Lucknow,UP,2026-05-10,113,LOW,1178.06,T+1,QR_INSTORE,Y
MERCH004151,Nimbus Mart,5411,Grocery Stores / Supermarkets,Hyderabad,TG,2024-01-24,950,LOW,1142.92,T+0,ONLINE_CHECKOUT,Y
MERCH004152,Nimbus Stores,4121,Taxicabs / Ride Hailing,Pune,MH,2023-08-27,1100,LOW,346.14,T+1,QR_INSTORE,Y
MERCH004153,Zenith Ventures,5541,Service Stations (Fuel),Kochi,KL,2023-05-20,1199,LOW,863.46,T+1,QR_INSTORE,Y
MERCH004154,Nimbus Solutions,7011,Hotels / Lodging,Delhi,DL,2021-07-18,1870,MEDIUM,5444.71,T+1,QR_INSTORE,Y
MERCH004155,Anand Hub,5541,Service Stations (Fuel),Panaji,GA,2024-11-22,647,LOW,2028.45,T+1,ONLINE_CHECKOUT,Y
MERCH004156,Nimbus Enterprises,5651,Family Clothing Stores,Bengaluru,KA,2021-11-29,1736,MEDIUM,1251.0,T+1,ONLINE_CHECKOUT,Y
MERCH004157,Anand Ventures,5814,Fast Food Restaurants,Bengaluru,KA,2022-06-15,1538,LOW,156.91,T+1,ONLINE_CHECKOUT,Y
MERCH004158,Urban Retail,5999,Miscellaneous Retail,Bengaluru,KA,2025-11-02,302,MEDIUM,1219.97,T+1,POS_CARD,Y
MERCH004159,Krishna Solutions,5411,Grocery Stores / Supermarkets,Jaipur,RJ,2022-01-17,1687,LOW,1203.75,T+2,POS_CARD,Y
MERCH004160,Lakshmi Supply,5411,Grocery Stores / Supermarkets,Mumbai,MH,2024-05-27,826,LOW,659.36,T+1,QR_INSTORE,Y
MERCH004161,Shree Traders,4900,Utilities - Electric/Gas/Water,Delhi,DL,2021-01-09,2060,LOW,2178.2,T+1,ONLINE_CHECKOUT,Y
MERCH004162,Shree Ventures,5651,Family Clothing Stores,Pune,MH,2023-09-10,1086,MEDIUM,2171.23,T+1,POS_CARD,Y
MERCH004163,Nimbus Stores,5411,Grocery Stores / Supermarkets,Nagpur,MH,2024-03-24,890,LOW,921.35,T+1,QR_INSTORE,Y
MERCH004164,Zenith Traders,6051,Quasi-Cash / Wallet Load,Chandigarh,CH,2021-01-23,2046,HIGH,3110.02,T+1,POS_CARD,Y
MERCH004165,Kalpana Mart,5541,Service Stations (Fuel),Chandigarh,CH,2022-03-16,1629,LOW,1164.85,T+1,ONLINE_CHECKOUT,Y
MERCH004166,Zenith & Co,5999,Miscellaneous Retail,Guwahati,AS,2025-11-04,300,MEDIUM,869.72,T+1,QR_INSTORE,Y
MERCH004167,Anand Depot,5411,Grocery Stores / Supermarkets,Hyderabad,TG,2025-06-03,454,LOW,918.04,T+1,ONLINE_CHECKOUT,Y
MERCH004168,Nova Supply,4900,Utilities - Electric/Gas/Water,Guwahati,AS,2022-08-17,1475,LOW,2094.78,T+1,ONLINE_CHECKOUT,Y
MERCH004169,Vertex Ventures,4900,Utilities - Electric/Gas/Water,Kochi,KL,2023-04-01,1248,HIGH,1270.12,T+1,POS_CARD,Y
MERCH004170,Kalpana Solutions,5541,Service Stations (Fuel),Jaipur,RJ,2023-12-10,995,LOW,1330.17,T+0,POS_CARD,Y
MERCH004171,Krishna Ventures,4121,Taxicabs / Ride Hailing,Lucknow,UP,2023-03-11,1269,LOW,248.93,T+1,POS_CARD,Y
MERCH004172,Krishna Ventures,4900,Utilities - Electric/Gas/Water,Chandigarh,CH,2020-10-28,2133,MEDIUM,2212.45,T+1,QR_INSTORE,Y
MERCH004173,Nimbus Supply,4722,Travel Agencies,Delhi,DL,2021-11-11,1754,HIGH,21549.24,T+1,QR_INSTORE,Y
MERCH004174,Vertex Solutions,5651,Family Clothing Stores,Kolkata,WB,2025-02-07,570,MEDIUM,1141.97,T+1,QR_INSTORE,Y
MERCH004175,Vertex Enterprises,5814,Fast Food Restaurants,Delhi,DL,2022-03-06,1639,LOW,322.87,T+2,ONLINE_CHECKOUT,Y
MERCH004176,Prime Depot,5541,Service Stations (Fuel),Ahmedabad,GJ,2025-12-15,259,LOW,1285.98,T+1,ONLINE_CHECKOUT,Y
MERCH004177,Sagar Services,5411,Grocery Stores / Supermarkets,Kochi,KL,2021-06-24,1894,LOW,563.93,T+1,POS_CARD,Y
MERCH004178,Bharat Supply,4722,Travel Agencies,Bengaluru,KA,2020-12-24,2076,HIGH,30680.23,T+1,ONLINE_CHECKOUT,Y
MERCH004179,Nimbus Hub,5651,Family Clothing Stores,Kochi,KL,2023-04-27,1222,MEDIUM,1650.71,T+2,QR_INSTORE,Y
MERCH004180,Metro Supply,4722,Travel Agencies,Indore,MP,2024-02-27,916,HIGH,16175.65,T+1,ONLINE_CHECKOUT,Y
MERCH004181,Shree Enterprises,4722,Travel Agencies,Chennai,TN,2025-06-30,427,HIGH,15103.3,T+1,QR_INSTORE,Y
MERCH004182,Prime Supply,5541,Service Stations (Fuel),Mumbai,MH,2023-08-11,1116,LOW,2080.0,T+1,QR_INSTORE,Y
MERCH004183,Anand Supply,7995,Betting / Gaming,Bengaluru,KA,2024-09-20,710,HIGH,2976.41,T+1,POS_CARD,Y
MERCH004184,Zenith Services,5411,Grocery Stores / Supermarkets,Kochi,KL,2024-06-21,801,LOW,995.36,T+1,QR_INSTORE,Y
MERCH004185,Metro Mart,5814,Fast Food Restaurants,Mumbai,MH,2022-03-26,1619,LOW,164.04,T+1,ONLINE_CHECKOUT,Y
MERCH004186,Rohan Supply,5411,Grocery Stores / Supermarkets,Bengaluru,KA,2022-04-14,1600,LOW,528.97,T+1,ONLINE_CHECKOUT,Y
MERCH004187,Krishna Traders,4121,Taxicabs / Ride Hailing,Indore,MP,2024-02-14,929,LOW,164.33,T+0,POS_CARD,Y
MERCH004188,Prime Solutions,5541,Service Stations (Fuel),Bengaluru,KA,2026-01-02,241,LOW,1163.58,T+1,ONLINE_CHECKOUT,Y
MERCH004189,Lakshmi & Co,5814,Fast Food Restaurants,Kolkata,WB,2022-01-15,1689,LOW,342.21,T+2,QR_INSTORE,Y
MERCH004190,Vertex Retail,5411,Grocery Stores / Supermarkets,Jaipur,RJ,2022-04-16,1598,LOW,1104.45,T+1,ONLINE_CHECKOUT,Y
MERCH004191,Urban Traders,5651,Family Clothing Stores,Panaji,GA,2022-09-04,1457,MEDIUM,2168.06,T+1,QR_INSTORE,Y
MERCH004192,Kalpana Stores,5411,Grocery Stores / Supermarkets,Mumbai,MH,2026-02-06,206,LOW,1222.84,T+1,QR_INSTORE,Y
MERCH004193,Metro Supply,5967,Direct Marketing - Inbound,Pune,MH,2025-12-02,272,HIGH,1415.32,T+1,POS_CARD,Y
MERCH004194,Nimbus Mart,5651,Family Clothing Stores,Guwahati,AS,2025-03-29,520,MEDIUM,2027.89,T+1,POS_CARD,Y
MERCH004195,Rohan Ventures,5541,Service Stations (Fuel),Kolkata,WB,2022-06-19,1534,LOW,1132.57,T+1,ONLINE_CHECKOUT,Y
MERCH004196,Metro Hub,5999,Miscellaneous Retail,Guwahati,AS,2023-04-30,1219,MEDIUM,1279.0,T+1,POS_CARD,Y
MERCH004197,Lakshmi & Co,5411,Grocery Stores / Supermarkets,Bengaluru,KA,2024-01-02,972,LOW,1258.29,T+1,POS_CARD,Y
MERCH004198,Vertex Ventures,5541,Service Stations (Fuel),Panaji,GA,2021-02-12,2026,LOW,2098.68,T+1,POS_CARD,Y
MERCH004199,Shree Enterprises,5814,Fast Food Restaurants,Delhi,DL,2025-09-07,358,LOW,348.78,T+2,QR_INSTORE,Y
MERCH004200,Kalpana Ventures,5411,Grocery Stores / Supermarkets,Bengaluru,KA,2021-03-08,2002,LOW,692.56,T+1,ONLINE_CHECKOUT,Y
MERCH004201,Sagar Depot,5411,Grocery Stores / Supermarkets,Chandigarh,CH,2020-12-26,2074,LOW,571.36,T+1,QR_INSTORE,Y
MERCH004202,Rohan & Co,4121,Taxicabs / Ride Hailing,Hyderabad,TG,2022-01-24,1680,LOW,192.08,T+2,POS_CARD,Y
MERCH004203,Prime Services,5541,Service Stations (Fuel),Nagpur,MH,2021-12-10,1725,LOW,1805.48,T+1,QR_INSTORE,Y
MERCH004204,Krishna Solutions,4900,Utilities - Electric/Gas/Water,Nagpur,MH,2024-03-30,884,LOW,1747.7,T+1,POS_CARD,Y
MERCH004205,Nova Enterprises,5541,Service Stations (Fuel),Chennai,TN,2022-04-08,1606,LOW,1776.6,T+1,ONLINE_CHECKOUT,Y
MERCH004206,Prime & Co,5912,Drug Stores / Pharmacies,Guwahati,AS,2025-05-04,484,LOW,650.09,T+2,QR_INSTORE,N
MERCH004207,Prime Stores,7995,Betting / Gaming,Guwahati,AS,2020-09-15,2176,HIGH,2957.88,T+1,QR_INSTORE,Y
MERCH004208,Zenith Retail,4722,Travel Agencies,Chennai,TN,2023-07-30,1128,HIGH,26997.79,T+1,ONLINE_CHECKOUT,Y
MERCH004209,Sagar & Co,7995,Betting / Gaming,Guwahati,AS,2024-03-22,892,HIGH,4307.91,T+2,QR_INSTORE,Y
MERCH004210,Nova Stores,7011,Hotels / Lodging,Jaipur,RJ,2021-08-14,1843,MEDIUM,7310.89,T+1,QR_INSTORE,Y
MERCH004211,Bharat Mart,4722,Travel Agencies,Kolkata,WB,2021-03-07,2003,HIGH,29275.63,T+1,ONLINE_CHECKOUT,Y
MERCH004212,Bharat Hub,4121,Taxicabs / Ride Hailing,Kochi,KL,2023-07-03,1155,LOW,251.69,T+0,QR_INSTORE,Y
MERCH004213,Krishna Supply,7011,Hotels / Lodging,Delhi,DL,2022-09-12,1449,MEDIUM,6772.27,T+1,QR_INSTORE,Y
MERCH004214,Bharat Ventures,4121,Taxicabs / Ride Hailing,Bengaluru,KA,2022-01-19,1685,LOW,236.1,T+1,QR_INSTORE,Y
MERCH004215,Anand Supply,5732,Electronics Stores,Chennai,TN,2021-10-31,1765,MEDIUM,16821.04,T+2,POS_CARD,Y
MERCH004216,Anand Depot,5814,Fast Food Restaurants,Delhi,DL,2021-02-25,2013,LOW,207.78,T+1,POS_CARD,N
MERCH004217,Prime Stores,5651,Family Clothing Stores,Indore,MP,2024-01-23,951,MEDIUM,1211.29,T+1,ONLINE_CHECKOUT,Y
MERCH004218,Nova Supply,5541,Service Stations (Fuel),Kolkata,WB,2024-11-01,668,LOW,1655.06,T+1,QR_INSTORE,Y
MERCH004219,Nova Retail,5999,Miscellaneous Retail,Bengaluru,KA,2023-03-15,1265,MEDIUM,919.62,T+0,ONLINE_CHECKOUT,Y
MERCH004220,Rohan Enterprises,5541,Service Stations (Fuel),Chennai,TN,2024-09-18,712,LOW,1183.44,T+2,QR_INSTORE,Y
MERCH004221,Sagar Stores,5541,Service Stations (Fuel),Lucknow,UP,2020-11-09,2121,LOW,1719.51,T+2,QR_INSTORE,Y
MERCH004222,Krishna Mart,5912,Drug Stores / Pharmacies,Hyderabad,TG,2023-12-10,995,LOW,566.82,T+1,QR_INSTORE,Y
MERCH004223,Nova Hub,5651,Family Clothing Stores,Jaipur,RJ,2022-10-29,1402,MEDIUM,2052.77,T+1,QR_INSTORE,Y
MERCH004224,Prime Mart,5541,Service Stations (Fuel),Guwahati,AS,2020-11-30,2100,LOW,1743.83,T+1,ONLINE_CHECKOUT,Y
MERCH004225,Nova Enterprises,5541,Service Stations (Fuel),Bengaluru,KA,2022-06-19,1534,LOW,939.89,T+1,QR_INSTORE,Y
MERCH004226,Zenith Enterprises,5967,Direct Marketing - Inbound,Bengaluru,KA,2021-07-16,1872,HIGH,1285.71,T+1,ONLINE_CHECKOUT,Y
MERCH004227,Nimbus Solutions,7011,Hotels / Lodging,Ahmedabad,GJ,2025-11-28,276,MEDIUM,6282.2,T+1,ONLINE_CHECKOUT,Y
MERCH004228,Krishna & Co,5651,Family Clothing Stores,Delhi,DL,2023-01-19,1320,MEDIUM,1426.59,T+1,ONLINE_CHECKOUT,Y
MERCH004229,Prime Traders,4121,Taxicabs / Ride Hailing,Panaji,GA,2023-08-01,1126,LOW,340.07,T+1,POS_CARD,N
MERCH004230,Anand Traders,4121,Taxicabs / Ride Hailing,Indore,MP,2023-06-30,1158,LOW,293.72,T+1,ONLINE_CHECKOUT,Y
MERCH004231,Sagar Ventures,5411,Grocery Stores / Supermarkets,Kochi,KL,2021-08-02,1855,LOW,1037.6,T+1,POS_CARD,Y
MERCH004232,Vertex Mart,5912,Drug Stores / Pharmacies,Pune,MH,2021-06-09,1909,LOW,376.02,T+1,QR_INSTORE,Y
MERCH004233,Shree Retail,4900,Utilities - Electric/Gas/Water,Pune,MH,2023-09-30,1066,LOW,1790.63,T+1,ONLINE_CHECKOUT,Y
MERCH004234,Prime Ventures,5814,Fast Food Restaurants,Lucknow,UP,2024-01-21,953,LOW,359.26,T+2,QR_INSTORE,Y
MERCH004235,Nova Solutions,5814,Fast Food Restaurants,Bengaluru,KA,2021-09-06,1820,LOW,355.63,T+1,ONLINE_CHECKOUT,Y
MERCH004236,Vertex Enterprises,5814,Fast Food Restaurants,Pune,MH,2024-09-08,722,LOW,320.55,T+0,POS_CARD,N
MERCH004237,Zenith Solutions,5541,Service Stations (Fuel),Pune,MH,2022-12-11,1359,LOW,1412.36,T+1,QR_INSTORE,Y
MERCH004238,Anand Stores,5814,Fast Food Restaurants,Lucknow,UP,2025-10-31,304,LOW,251.74,T+2,POS_CARD,Y
MERCH004239,Prime Depot,7011,Hotels / Lodging,Guwahati,AS,2025-01-04,604,MEDIUM,4157.31,T+1,ONLINE_CHECKOUT,Y
MERCH004240,Anand Solutions,5912,Drug Stores / Pharmacies,Hyderabad,TG,2021-09-04,1822,LOW,615.76,T+1,ONLINE_CHECKOUT,Y
MERCH004241,Nimbus Depot,5814,Fast Food Restaurants,Chandigarh,CH,2023-05-05,1214,LOW,358.96,T+1,ONLINE_CHECKOUT,Y
MERCH004242,Aster Depot,5411,Grocery Stores / Supermarkets,Chennai,TN,2025-05-08,480,LOW,777.52,T+1,QR_INSTORE,Y
MERCH004243,Nimbus Depot,5732,Electronics Stores,Guwahati,AS,2020-12-21,2079,MEDIUM,10994.04,T+1,ONLINE_CHECKOUT,Y
MERCH004244,Zenith Depot,5912,Drug Stores / Pharmacies,Panaji,GA,2025-12-19,255,LOW,459.9,T+1,POS_CARD,Y
MERCH004245,Zenith Ventures,5912,Drug Stores / Pharmacies,Indore,MP,2022-02-04,1669,LOW,322.48,T+2,ONLINE_CHECKOUT,Y
MERCH004246,Krishna Services,7011,Hotels / Lodging,Delhi,DL,2023-07-30,1128,MEDIUM,5469.51,T+2,ONLINE_CHECKOUT,Y
MERCH004247,Krishna Retail,7011,Hotels / Lodging,Indore,MP,2024-06-28,794,MEDIUM,8323.86,T+1,ONLINE_CHECKOUT,Y
MERCH004248,Rohan Retail,5651,Family Clothing Stores,Bengaluru,KA,2022-12-17,1353,MEDIUM,2644.67,T+2,QR_INSTORE,Y
MERCH004249,Metro Supply,5814,Fast Food Restaurants,Nagpur,MH,2021-10-31,1765,HIGH,370.53,T+1,QR_INSTORE,Y
MERCH004250,Krishna Depot,5912,Drug Stores / Pharmacies,Delhi,DL,2022-02-04,1669,LOW,456.6,T+2,POS_CARD,Y
MERCH004251,Lakshmi Stores,5411,Grocery Stores / Supermarkets,Ahmedabad,GJ,2023-09-15,1081,LOW,519.42,T+1,QR_INSTORE,Y
MERCH004252,Nimbus Traders,5541,Service Stations (Fuel),Indore,MP,2021-07-24,1864,LOW,1067.38,T+1,ONLINE_CHECKOUT,Y
MERCH004253,Krishna Supply,4722,Travel Agencies,Lucknow,UP,2021-08-03,1854,HIGH,14839.38,T+1,QR_INSTORE,Y
MERCH004254,Zenith Supply,5732,Electronics Stores,Hyderabad,TG,2023-11-22,1013,MEDIUM,7389.16,T+1,ONLINE_CHECKOUT,Y
MERCH004255,Metro Ventures,5411,Grocery Stores / Supermarkets,Pune,MH,2022-04-29,1585,LOW,905.11,T+1,QR_INSTORE,Y
MERCH004256,Bharat Traders,5411,Grocery Stores / Supermarkets,Nagpur,MH,2023-11-02,1033,LOW,785.19,T+2,POS_CARD,Y
MERCH004257,Nova Ventures,5912,Drug Stores / Pharmacies,Kolkata,WB,2026-08-01,30,MEDIUM,391.0,T+1,POS_CARD,Y
MERCH004258,Nimbus Mart,5814,Fast Food Restaurants,Hyderabad,TG,2023-01-19,1320,LOW,278.48,T+1,POS_CARD,Y
MERCH004259,Anand & Co,5541,Service Stations (Fuel),Mumbai,MH,2024-11-10,659,LOW,1960.51,T+1,QR_INSTORE,Y
MERCH004260,Nimbus Enterprises,5999,Miscellaneous Retail,Kolkata,WB,2024-05-29,824,MEDIUM,763.15,T+1,POS_CARD,Y
MERCH004261,Krishna Hub,5541,Service Stations (Fuel),Kochi,KL,2024-11-09,660,LOW,1599.35,T+1,ONLINE_CHECKOUT,Y
MERCH004262,Rohan Solutions,5651,Family Clothing Stores,Bengaluru,KA,2024-11-10,659,MEDIUM,2689.01,T+0,QR_INSTORE,Y
MERCH004263,Anand Depot,5912,Drug Stores / Pharmacies,Lucknow,UP,2023-03-29,1251,LOW,423.56,T+1,ONLINE_CHECKOUT,Y
MERCH004264,Sagar Depot,5814,Fast Food Restaurants,Lucknow,UP,2023-09-09,1087,LOW,348.47,T+1,ONLINE_CHECKOUT,Y
MERCH004265,Bharat Supply,4900,Utilities - Electric/Gas/Water,Bengaluru,KA,2021-08-21,1836,LOW,1210.86,T+1,QR_INSTORE,Y
MERCH004266,Lakshmi Traders,5541,Service Stations (Fuel),Panaji,GA,2022-02-06,1667,LOW,1471.64,T+1,ONLINE_CHECKOUT,Y
MERCH004267,Metro Services,4900,Utilities - Electric/Gas/Water,Hyderabad,TG,2025-08-08,388,LOW,1188.87,T+1,ONLINE_CHECKOUT,Y
MERCH004268,Zenith Mart,5411,Grocery Stores / Supermarkets,Hyderabad,TG,2026-02-19,193,LOW,1154.03,T+2,QR_INSTORE,Y
MERCH004269,Krishna Supply,5814,Fast Food Restaurants,Jaipur,RJ,2022-09-30,1431,LOW,348.04,T+0,POS_CARD,Y
MERCH004270,Rohan Enterprises,5999,Miscellaneous Retail,Chandigarh,CH,2025-04-24,494,MEDIUM,1160.13,T+1,ONLINE_CHECKOUT,Y
MERCH004271,Rohan Services,4900,Utilities - Electric/Gas/Water,Guwahati,AS,2024-09-14,716,LOW,1959.83,T+2,POS_CARD,Y
MERCH004272,Kalpana & Co,4900,Utilities - Electric/Gas/Water,Pune,MH,2021-07-09,1879,LOW,1592.13,T+1,ONLINE_CHECKOUT,Y
MERCH004273,Krishna Traders,5814,Fast Food Restaurants,Jaipur,RJ,2025-11-25,279,LOW,326.11,T+1,QR_INSTORE,Y
MERCH004274,Lakshmi Depot,4121,Taxicabs / Ride Hailing,Chandigarh,CH,2024-11-21,648,LOW,152.12,T+2,QR_INSTORE,Y
MERCH004275,Nimbus Mart,4722,Travel Agencies,Chandigarh,CH,2023-06-03,1185,HIGH,23554.38,T+1,ONLINE_CHECKOUT,Y
MERCH004276,Nimbus Solutions,5411,Grocery Stores / Supermarkets,Hyderabad,TG,2024-12-25,614,LOW,808.08,T+1,POS_CARD,Y
MERCH004277,Prime Ventures,5411,Grocery Stores / Supermarkets,Indore,MP,2021-06-29,1889,LOW,1225.51,T+1,QR_INSTORE,Y
MERCH004278,Kalpana Enterprises,5411,Grocery Stores / Supermarkets,Nagpur,MH,2022-03-29,1616,LOW,772.92,T+1,QR_INSTORE,Y
MERCH004279,Shree Services,4121,Taxicabs / Ride Hailing,Chandigarh,CH,2024-05-28,825,LOW,147.78,T+1,QR_INSTORE,Y
MERCH004280,Prime Depot,7011,Hotels / Lodging,Bengaluru,KA,2025-07-26,401,MEDIUM,6458.03,T+1,ONLINE_CHECKOUT,Y
MERCH004281,Shree Ventures,4121,Taxicabs / Ride Hailing,Lucknow,UP,2021-11-05,1760,LOW,337.1,T+1,ONLINE_CHECKOUT,Y
MERCH004282,Aster Supply,5411,Grocery Stores / Supermarkets,Bengaluru,KA,2026-02-28,184,LOW,1145.67,T+1,QR_INSTORE,Y
MERCH004283,Anand Solutions,5999,Miscellaneous Retail,Bengaluru,KA,2023-07-05,1153,MEDIUM,1189.75,T+0,QR_INSTORE,Y
MERCH004284,Rohan & Co,4900,Utilities - Electric/Gas/Water,Kolkata,WB,2022-09-27,1434,LOW,1360.89,T+2,QR_INSTORE,Y
MERCH004285,Shree Depot,5814,Fast Food Restaurants,Guwahati,AS,2025-04-05,513,LOW,157.03,T+1,QR_INSTORE,Y
MERCH004286,Metro Services,6051,Quasi-Cash / Wallet Load,Indore,MP,2025-06-14,443,HIGH,6209.68,T+1,QR_INSTORE,Y
MERCH004287,Sagar Stores,7995,Betting / Gaming,Indore,MP,2024-07-27,765,HIGH,2688.87,T+1,ONLINE_CHECKOUT,Y
MERCH004288,Zenith Retail,5541,Service Stations (Fuel),Kolkata,WB,2025-11-15,289,LOW,1097.64,T+1,ONLINE_CHECKOUT,Y
MERCH004289,Zenith Stores,4900,Utilities - Electric/Gas/Water,Delhi,DL,2024-05-01,852,LOW,2666.47,T+0,QR_INSTORE,Y
MERCH004290,Vertex Solutions,5912,Drug Stores / Pharmacies,Chennai,TN,2021-08-25,1832,LOW,698.8,T+1,QR_INSTORE,Y
MERCH004291,Prime Ventures,5814,Fast Food Restaurants,Pune,MH,2023-06-23,1165,LOW,338.01,T+1,ONLINE_CHECKOUT,Y
MERCH004292,Kalpana Mart,4121,Taxicabs / Ride Hailing,Panaji,GA,2020-11-09,2121,LOW,227.32,T+2,ONLINE_CHECKOUT,Y
MERCH004293,Metro Supply,5541,Service Stations (Fuel),Delhi,DL,2023-05-27,1192,LOW,1860.72,T+1,ONLINE_CHECKOUT,Y
MERCH004294,Anand Supply,5541,Service Stations (Fuel),Jaipur,RJ,2023-10-21,1045,LOW,2041.78,T+1,QR_INSTORE,Y
MERCH004295,Bharat Enterprises,4900,Utilities - Electric/Gas/Water,Bengaluru,KA,2023-12-08,997,LOW,2490.48,T+1,QR_INSTORE,Y
MERCH004296,Nova Mart,5541,Service Stations (Fuel),Chennai,TN,2025-11-21,283,LOW,1899.46,T+2,QR_INSTORE,Y
MERCH004297,Rohan Depot,5541,Service Stations (Fuel),Panaji,GA,2021-01-23,2046,LOW,1873.96,T+2,POS_CARD,Y
MERCH004298,Zenith Retail,5411,Grocery Stores / Supermarkets,Kochi,KL,2022-08-16,1476,LOW,1267.19,T+1,QR_INSTORE,Y
MERCH004299,Vertex Hub,5912,Drug Stores / Pharmacies,Kolkata,WB,2026-07-08,54,MEDIUM,515.14,T+1,ONLINE_CHECKOUT,Y
MERCH004300,Bharat Depot,4722,Travel Agencies,Kolkata,WB,2021-11-18,1747,HIGH,17226.22,T+1,POS_CARD,Y
MERCH004301,Zenith Traders,4722,Travel Agencies,Pune,MH,2024-06-29,793,HIGH,29043.57,T+1,POS_CARD,Y
MERCH004302,Rohan Services,4121,Taxicabs / Ride Hailing,Bengaluru,KA,2024-06-30,792,LOW,342.4,T+2,QR_INSTORE,Y
MERCH004303,Prime Hub,5541,Service Stations (Fuel),Guwahati,AS,2023-08-31,1096,LOW,876.53,T+1,QR_INSTORE,Y
MERCH004304,Sagar Ventures,6051,Quasi-Cash / Wallet Load,Kochi,KL,2025-10-08,327,HIGH,3163.0,T+2,ONLINE_CHECKOUT,Y
MERCH004305,Sagar Hub,4900,Utilities - Electric/Gas/Water,Chandigarh,CH,2024-01-15,959,LOW,1169.62,T+1,QR_INSTORE,Y
MERCH004306,Prime Traders,5541,Service Stations (Fuel),Ahmedabad,GJ,2026-07-02,60,MEDIUM,2089.3,T+2,POS_CARD,Y
MERCH004307,Urban Hub,5651,Family Clothing Stores,Jaipur,RJ,2025-06-28,429,MEDIUM,2430.26,T+2,ONLINE_CHECKOUT,Y
MERCH004308,Krishna Traders,7011,Hotels / Lodging,Panaji,GA,2022-02-14,1659,MEDIUM,5704.32,T+1,POS_CARD,Y
MERCH004309,Nimbus Supply,5541,Service Stations (Fuel),Hyderabad,TG,2023-10-19,1047,LOW,1669.49,T+2,QR_INSTORE,N
MERCH004310,Nimbus Supply,5912,Drug Stores / Pharmacies,Mumbai,MH,2023-07-02,1156,LOW,737.84,T+2,ONLINE_CHECKOUT,Y
MERCH004311,Shree Solutions,5541,Service Stations (Fuel),Kolkata,WB,2025-02-20,557,LOW,897.12,T+1,QR_INSTORE,Y
MERCH004312,Zenith Traders,5541,Service Stations (Fuel),Guwahati,AS,2026-01-03,240,LOW,986.06,T+1,ONLINE_CHECKOUT,Y
MERCH004313,Nimbus Stores,5814,Fast Food Restaurants,Pune,MH,2026-05-27,96,LOW,332.33,T+2,ONLINE_CHECKOUT,Y
MERCH004314,Zenith Mart,5411,Grocery Stores / Supermarkets,Hyderabad,TG,2021-11-11,1754,LOW,788.47,T+1,QR_INSTORE,Y
MERCH004315,Aster Mart,5912,Drug Stores / Pharmacies,Ahmedabad,GJ,2021-05-02,1947,LOW,647.91,T+1,QR_INSTORE,Y
MERCH004316,Shree Ventures,4121,Taxicabs / Ride Hailing,Kolkata,WB,2024-12-14,625,LOW,297.69,T+1,ONLINE_CHECKOUT,Y
MERCH004317,Metro Hub,7995,Betting / Gaming,Chennai,TN,2024-04-25,858,HIGH,3900.18,T+1,POS_CARD,Y
MERCH004318,Sagar Depot,5814,Fast Food Restaurants,Kolkata,WB,2024-05-12,841,LOW,351.21,T+1,ONLINE_CHECKOUT,Y
MERCH004319,Nova Mart,5814,Fast Food Restaurants,Jaipur,RJ,2022-12-04,1366,LOW,219.15,T+0,QR_INSTORE,Y
MERCH004320,Vertex & Co,5411,Grocery Stores / Supermarkets,Nagpur,MH,2023-01-13,1326,LOW,554.15,T+1,QR_INSTORE,Y
MERCH004321,Zenith Enterprises,4900,Utilities - Electric/Gas/Water,Pune,MH,2025-11-23,281,LOW,2218.74,T+0,ONLINE_CHECKOUT,Y
MERCH004322,Anand Hub,5651,Family Clothing Stores,Indore,MP,2023-07-07,1151,MEDIUM,2253.23,T+1,ONLINE_CHECKOUT,Y
MERCH004323,Sagar Services,5912,Drug Stores / Pharmacies,Mumbai,MH,2024-10-15,685,LOW,598.81,T+2,POS_CARD,Y
MERCH004324,Rohan Mart,5999,Miscellaneous Retail,Bengaluru,KA,2023-08-21,1106,MEDIUM,988.59,T+1,ONLINE_CHECKOUT,Y
MERCH004325,Aster Services,4900,Utilities - Electric/Gas/Water,Delhi,DL,2026-06-24,68,MEDIUM,2762.56,T+1,ONLINE_CHECKOUT,Y
MERCH004326,Metro Stores,5814,Fast Food Restaurants,Pune,MH,2024-04-24,859,LOW,322.97,T+0,QR_INSTORE,Y
MERCH004327,Rohan Mart,4121,Taxicabs / Ride Hailing,Indore,MP,2025-02-26,551,LOW,267.4,T+2,ONLINE_CHECKOUT,Y
MERCH004328,Urban Solutions,4121,Taxicabs / Ride Hailing,Guwahati,AS,2023-03-21,1259,LOW,232.27,T+1,ONLINE_CHECKOUT,Y
MERCH004329,Nova Services,5541,Service Stations (Fuel),Nagpur,MH,2024-02-23,920,LOW,1969.53,T+0,QR_INSTORE,Y
MERCH004330,Nova Services,5411,Grocery Stores / Supermarkets,Guwahati,AS,2025-11-16,288,LOW,941.74,T+1,ONLINE_CHECKOUT,Y
MERCH004331,Metro Supply,6051,Quasi-Cash / Wallet Load,Chennai,TN,2023-05-09,1210,HIGH,7153.67,T+1,ONLINE_CHECKOUT,Y
MERCH004332,Prime Services,6051,Quasi-Cash / Wallet Load,Ahmedabad,GJ,2022-01-01,1703,HIGH,5943.3,T+1,QR_INSTORE,Y
MERCH004333,Shree Services,4900,Utilities - Electric/Gas/Water,Kochi,KL,2024-10-01,699,LOW,2356.97,T+1,QR_INSTORE,Y
MERCH004334,Anand Retail,5541,Service Stations (Fuel),Jaipur,RJ,2021-06-24,1894,LOW,1397.06,T+2,ONLINE_CHECKOUT,Y
MERCH004335,Sagar Solutions,5411,Grocery Stores / Supermarkets,Mumbai,MH,2022-09-24,1437,LOW,879.8,T+1,ONLINE_CHECKOUT,Y
MERCH004336,Bharat Depot,4900,Utilities - Electric/Gas/Water,Indore,MP,2023-01-30,1309,LOW,2436.11,T+1,ONLINE_CHECKOUT,Y
MERCH004337,Kalpana Supply,5912,Drug Stores / Pharmacies,Guwahati,AS,2025-10-02,333,LOW,747.03,T+1,QR_INSTORE,Y
MERCH004338,Metro Services,4121,Taxicabs / Ride Hailing,Indore,MP,2026-02-26,186,LOW,222.59,T+1,QR_INSTORE,Y
MERCH004339,Nova Supply,5912,Drug Stores / Pharmacies,Chennai,TN,2023-05-22,1197,LOW,547.1,T+1,QR_INSTORE,Y
MERCH004340,Zenith Stores,7011,Hotels / Lodging,Delhi,DL,2021-02-23,2015,MEDIUM,8606.23,T+1,QR_INSTORE,Y
MERCH004341,Sagar Retail,4121,Taxicabs / Ride Hailing,Indore,MP,2021-03-31,1979,LOW,150.24,T+2,ONLINE_CHECKOUT,Y
MERCH004342,Bharat Ventures,5912,Drug Stores / Pharmacies,Chandigarh,CH,2023-08-20,1107,LOW,615.45,T+0,ONLINE_CHECKOUT,Y
MERCH004343,Urban Supply,4900,Utilities - Electric/Gas/Water,Panaji,GA,2025-07-16,411,LOW,2502.15,T+1,QR_INSTORE,Y
MERCH004344,Prime Enterprises,5814,Fast Food Restaurants,Kochi,KL,2024-07-07,785,LOW,317.32,T+1,QR_INSTORE,Y
MERCH004345,Urban Services,5732,Electronics Stores,Panaji,GA,2021-02-23,2015,MEDIUM,9731.44,T+1,ONLINE_CHECKOUT,Y
MERCH004346,Rohan & Co,5651,Family Clothing Stores,Ahmedabad,GJ,2023-06-17,1171,MEDIUM,2123.15,T+1,POS_CARD,Y
MERCH004347,Rohan Services,5651,Family Clothing Stores,Lucknow,UP,2025-02-10,567,MEDIUM,2626.87,T+0,POS_CARD,Y
MERCH004348,Bharat Retail,4900,Utilities - Electric/Gas/Water,Kolkata,WB,2024-03-21,893,LOW,1988.66,T+1,ONLINE_CHECKOUT,Y
MERCH004349,Vertex Depot,5651,Family Clothing Stores,Chennai,TN,2025-01-13,595,MEDIUM,2265.0,T+1,POS_CARD,Y
MERCH004350,Shree Retail,5732,Electronics Stores,Indore,MP,2020-10-22,2139,MEDIUM,12681.4,T+2,QR_INSTORE,Y
MERCH004351,Nova Hub,5651,Family Clothing Stores,Pune,MH,2024-08-29,732,MEDIUM,2446.41,T+1,ONLINE_CHECKOUT,Y
MERCH004352,Shree Mart,5999,Miscellaneous Retail,Kolkata,WB,2021-10-23,1773,MEDIUM,1173.16,T+1,POS_CARD,Y
MERCH004353,Nimbus Supply,5541,Service Stations (Fuel),Guwahati,AS,2025-03-01,548,LOW,1661.63,T+2,QR_INSTORE,Y
MERCH004354,Lakshmi Mart,5541,Service Stations (Fuel),Kolkata,WB,2021-07-29,1859,LOW,1492.47,T+1,ONLINE_CHECKOUT,Y
MERCH004355,Anand Depot,5411,Grocery Stores / Supermarkets,Mumbai,MH,2023-03-29,1251,LOW,1088.04,T+2,QR_INSTORE,Y
MERCH004356,Sagar Solutions,5912,Drug Stores / Pharmacies,Ahmedabad,GJ,2026-06-11,81,MEDIUM,312.61,T+1,ONLINE_CHECKOUT,Y
MERCH004357,Anand Solutions,5732,Electronics Stores,Nagpur,MH,2025-06-06,451,MEDIUM,15497.78,T+1,QR_INSTORE,Y
MERCH004358,Krishna Supply,5814,Fast Food Restaurants,Mumbai,MH,2024-02-25,918,LOW,324.53,T+1,POS_CARD,Y
MERCH004359,Rohan Services,5912,Drug Stores / Pharmacies,Chandigarh,CH,2025-10-16,319,LOW,584.67,T+2,QR_INSTORE,Y
MERCH004360,Krishna Solutions,5411,Grocery Stores / Supermarkets,Bengaluru,KA,2026-04-24,129,LOW,796.11,T+2,QR_INSTORE,Y
MERCH004361,Krishna Stores,7995,Betting / Gaming,Lucknow,UP,2026-01-07,236,HIGH,2568.81,T+1,ONLINE_CHECKOUT,Y
MERCH004362,Prime Enterprises,4900,Utilities - Electric/Gas/Water,Chennai,TN,2023-02-18,1290,LOW,1676.87,T+1,QR_INSTORE,N
MERCH004363,Aster Solutions,4900,Utilities - Electric/Gas/Water,Panaji,GA,2020-10-23,2138,LOW,1281.0,T+1,ONLINE_CHECKOUT,Y
MERCH004364,Krishna Solutions,4722,Travel Agencies,Lucknow,UP,2020-12-20,2080,HIGH,25531.68,T+1,ONLINE_CHECKOUT,Y
MERCH004365,Anand Depot,5411,Grocery Stores / Supermarkets,Pune,MH,2026-04-30,123,LOW,756.86,T+1,QR_INSTORE,Y
MERCH004366,Zenith Retail,5814,Fast Food Restaurants,Bengaluru,KA,2021-09-15,1811,LOW,188.53,T+1,ONLINE_CHECKOUT,Y
MERCH004367,Metro Enterprises,5999,Miscellaneous Retail,Panaji,GA,2020-12-11,2089,MEDIUM,788.37,T+1,QR_INSTORE,Y
MERCH004368,Aster Solutions,4121,Taxicabs / Ride Hailing,Nagpur,MH,2026-06-13,79,MEDIUM,179.05,T+1,POS_CARD,Y
MERCH004369,Lakshmi Stores,5912,Drug Stores / Pharmacies,Kolkata,WB,2021-08-30,1827,LOW,415.64,T+1,ONLINE_CHECKOUT,Y
MERCH004370,Kalpana Solutions,5411,Grocery Stores / Supermarkets,Lucknow,UP,2025-05-06,482,LOW,652.6,T+1,ONLINE_CHECKOUT,Y
MERCH004371,Kalpana & Co,5814,Fast Food Restaurants,Lucknow,UP,2026-01-09,234,LOW,168.61,T+2,ONLINE_CHECKOUT,Y
MERCH004372,Lakshmi Mart,5411,Grocery Stores / Supermarkets,Kochi,KL,2025-09-01,364,LOW,1150.76,T+2,POS_CARD,Y
MERCH004373,Nimbus Mart,5541,Service Stations (Fuel),Bengaluru,KA,2025-06-04,453,LOW,2057.68,T+2,POS_CARD,Y
MERCH004374,Krishna Retail,5814,Fast Food Restaurants,Pune,MH,2021-02-20,2018,LOW,157.28,T+2,QR_INSTORE,Y
MERCH004375,Anand Hub,5814,Fast Food Restaurants,Kolkata,WB,2022-09-30,1431,LOW,320.64,T+1,ONLINE_CHECKOUT,Y
MERCH004376,Metro Supply,5411,Grocery Stores / Supermarkets,Hyderabad,TG,2023-03-09,1271,LOW,605.55,T+1,QR_INSTORE,Y
MERCH004377,Vertex Services,5541,Service Stations (Fuel),Pune,MH,2022-03-05,1640,LOW,977.31,T+1,POS_CARD,Y
MERCH004378,Aster Mart,5411,Grocery Stores / Supermarkets,Kolkata,WB,2021-09-19,1807,LOW,1218.75,T+0,QR_INSTORE,Y
MERCH004379,Rohan Retail,4121,Taxicabs / Ride Hailing,Jaipur,RJ,2024-11-17,652,LOW,149.51,T+2,QR_INSTORE,Y
MERCH004380,Prime Traders,5814,Fast Food Restaurants,Panaji,GA,2021-05-12,1937,LOW,165.36,T+1,ONLINE_CHECKOUT,Y
MERCH004381,Vertex Traders,5541,Service Stations (Fuel),Kochi,KL,2023-05-17,1202,LOW,1894.33,T+2,QR_INSTORE,Y
MERCH004382,Kalpana Stores,5411,Grocery Stores / Supermarkets,Kolkata,WB,2026-02-26,186,LOW,999.66,T+1,QR_INSTORE,Y
MERCH004383,Kalpana Mart,5814,Fast Food Restaurants,Kolkata,WB,2022-10-08,1423,LOW,336.16,T+1,QR_INSTORE,Y
MERCH004384,Prime Traders,5814,Fast Food Restaurants,Bengaluru,KA,2026-01-04,239,LOW,353.09,T+1,ONLINE_CHECKOUT,Y
MERCH004385,Shree Depot,5814,Fast Food Restaurants,Bengaluru,KA,2023-03-12,1268,LOW,241.78,T+1,QR_INSTORE,Y
MERCH004386,Vertex Mart,7011,Hotels / Lodging,Bengaluru,KA,2025-07-04,423,MEDIUM,6812.16,T+2,ONLINE_CHECKOUT,N
MERCH004387,Lakshmi Solutions,5967,Direct Marketing - Inbound,Kolkata,WB,2020-12-16,2084,HIGH,2279.92,T+1,QR_INSTORE,Y
MERCH004388,Prime Traders,5912,Drug Stores / Pharmacies,Panaji,GA,2021-09-18,1808,LOW,620.77,T+2,QR_INSTORE,Y
MERCH004389,Anand Depot,4900,Utilities - Electric/Gas/Water,Ahmedabad,GJ,2023-08-16,1111,LOW,2133.42,T+1,POS_CARD,Y
MERCH004390,Sagar Enterprises,5411,Grocery Stores / Supermarkets,Chandigarh,CH,2024-11-30,639,LOW,1156.99,T+1,POS_CARD,Y
MERCH004391,Rohan & Co,7011,Hotels / Lodging,Jaipur,RJ,2025-08-02,394,MEDIUM,8899.08,T+1,POS_CARD,Y
MERCH004392,Vertex Mart,5651,Family Clothing Stores,Indore,MP,2020-08-30,2192,MEDIUM,1584.01,T+1,QR_INSTORE,Y
MERCH004393,Rohan Supply,5651,Family Clothing Stores,Jaipur,RJ,2022-11-04,1396,MEDIUM,2202.28,T+1,QR_INSTORE,Y
MERCH004394,Anand Retail,5814,Fast Food Restaurants,Indore,MP,2024-01-14,960,LOW,348.3,T+1,ONLINE_CHECKOUT,Y
MERCH004395,Metro & Co,5411,Grocery Stores / Supermarkets,Bengaluru,KA,2025-07-31,396,LOW,532.61,T+1,QR_INSTORE,Y
MERCH004396,Vertex Services,5541,Service Stations (Fuel),Pune,MH,2025-12-15,259,LOW,1941.63,T+1,QR_INSTORE,Y
MERCH004397,Anand Stores,5912,Drug Stores / Pharmacies,Lucknow,UP,2024-11-21,648,LOW,562.37,T+1,ONLINE_CHECKOUT,Y
MERCH004398,Kalpana Depot,5541,Service Stations (Fuel),Pune,MH,2021-07-05,1883,LOW,2045.33,T+1,ONLINE_CHECKOUT,Y
MERCH004399,Krishna Traders,5814,Fast Food Restaurants,Chandigarh,CH,2023-08-13,1114,LOW,184.79,T+2,POS_CARD,Y
MERCH004400,Krishna Services,5732,Electronics Stores,Chennai,TN,2026-01-19,224,MEDIUM,9209.48,T+1,POS_CARD,Y
MERCH004401,Lakshmi Enterprises,5732,Electronics Stores,Guwahati,AS,2023-05-25,1194,MEDIUM,14850.4,T+1,POS_CARD,Y
MERCH004402,Nimbus Hub,5651,Family Clothing Stores,Lucknow,UP,2020-12-13,2087,MEDIUM,2407.91,T+1,POS_CARD,Y
MERCH004403,Krishna Mart,5541,Service Stations (Fuel),Lucknow,UP,2020-12-12,2088,LOW,1264.71,T+1,ONLINE_CHECKOUT,Y
MERCH004404,Krishna Depot,5411,Grocery Stores / Supermarkets,Hyderabad,TG,2021-09-27,1799,LOW,1193.44,T+2,ONLINE_CHECKOUT,Y
MERCH004405,Shree Supply,4121,Taxicabs / Ride Hailing,Chandigarh,CH,2022-10-29,1402,LOW,201.17,T+1,QR_INSTORE,Y
MERCH004406,Anand & Co,5541,Service Stations (Fuel),Kolkata,WB,2024-11-07,662,LOW,1420.34,T+1,ONLINE_CHECKOUT,Y
MERCH004407,Metro Ventures,7011,Hotels / Lodging,Pune,MH,2024-06-13,809,MEDIUM,5463.55,T+1,QR_INSTORE,Y
MERCH004408,Zenith Stores,4121,Taxicabs / Ride Hailing,Lucknow,UP,2024-02-14,929,LOW,164.66,T+1,ONLINE_CHECKOUT,Y
MERCH004409,Kalpana Supply,5541,Service Stations (Fuel),Ahmedabad,GJ,2025-11-17,287,LOW,1470.39,T+1,QR_INSTORE,Y
MERCH004410,Krishna & Co,5651,Family Clothing Stores,Panaji,GA,2024-11-30,639,MEDIUM,1895.96,T+1,QR_INSTORE,Y
MERCH004411,Anand Services,5651,Family Clothing Stores,Indore,MP,2021-12-02,1733,MEDIUM,2331.3,T+2,QR_INSTORE,Y
MERCH004412,Bharat Traders,5912,Drug Stores / Pharmacies,Nagpur,MH,2020-09-26,2165,LOW,376.0,T+1,QR_INSTORE,N
MERCH004413,Bharat Depot,5912,Drug Stores / Pharmacies,Nagpur,MH,2026-02-24,188,LOW,731.57,T+1,ONLINE_CHECKOUT,Y
MERCH004414,Rohan Ventures,5999,Miscellaneous Retail,Pune,MH,2023-01-26,1313,MEDIUM,663.91,T+1,ONLINE_CHECKOUT,Y
MERCH004415,Vertex Mart,4900,Utilities - Electric/Gas/Water,Guwahati,AS,2022-09-11,1450,LOW,2361.48,T+1,ONLINE_CHECKOUT,Y
MERCH004416,Nova Depot,4900,Utilities - Electric/Gas/Water,Kolkata,WB,2022-10-16,1415,LOW,2027.41,T+2,QR_INSTORE,Y
MERCH004417,Zenith Hub,5411,Grocery Stores / Supermarkets,Chandigarh,CH,2022-08-13,1479,LOW,1140.77,T+1,ONLINE_CHECKOUT,Y
MERCH004418,Kalpana Enterprises,5411,Grocery Stores / Supermarkets,Indore,MP,2025-03-05,544,LOW,1064.94,T+1,QR_INSTORE,Y
MERCH004419,Urban Ventures,5651,Family Clothing Stores,Guwahati,AS,2025-09-13,352,MEDIUM,1673.54,T+2,ONLINE_CHECKOUT,Y
MERCH004420,Kalpana Services,5651,Family Clothing Stores,Chennai,TN,2021-01-01,2068,MEDIUM,1913.61,T+1,POS_CARD,Y
MERCH004421,Rohan Hub,5814,Fast Food Restaurants,Kochi,KL,2022-09-09,1452,LOW,282.4,T+1,POS_CARD,Y
MERCH004422,Prime Depot,5999,Miscellaneous Retail,Pune,MH,2022-01-20,1684,MEDIUM,579.55,T+1,ONLINE_CHECKOUT,Y
MERCH004423,Lakshmi Ventures,5651,Family Clothing Stores,Panaji,GA,2024-09-19,711,MEDIUM,1713.45,T+1,QR_INSTORE,Y
MERCH004424,Krishna Solutions,4121,Taxicabs / Ride Hailing,Bengaluru,KA,2023-06-29,1159,LOW,240.23,T+1,ONLINE_CHECKOUT,Y
MERCH004425,Sagar Solutions,5411,Grocery Stores / Supermarkets,Chandigarh,CH,2023-03-04,1276,LOW,1260.77,T+1,QR_INSTORE,Y
MERCH004426,Urban Depot,5541,Service Stations (Fuel),Lucknow,UP,2020-11-28,2102,LOW,1282.55,T+1,ONLINE_CHECKOUT,Y
MERCH004427,Prime Mart,5814,Fast Food Restaurants,Guwahati,AS,2024-04-15,868,LOW,344.41,T+0,ONLINE_CHECKOUT,N
MERCH004428,Shree Traders,5814,Fast Food Restaurants,Pune,MH,2022-09-11,1450,LOW,264.42,T+1,ONLINE_CHECKOUT,Y
MERCH004429,Urban Traders,5814,Fast Food Restaurants,Guwahati,AS,2023-11-16,1019,LOW,248.22,T+1,QR_INSTORE,Y
MERCH004430,Bharat Services,5732,Electronics Stores,Pune,MH,2023-09-20,1076,MEDIUM,17956.76,T+2,ONLINE_CHECKOUT,Y
MERCH004431,Prime Supply,5541,Service Stations (Fuel),Jaipur,RJ,2025-05-13,475,LOW,1904.33,T+2,QR_INSTORE,Y
MERCH004432,Sagar Supply,5967,Direct Marketing - Inbound,Chennai,TN,2026-08-08,23,HIGH,2313.84,T+1,QR_INSTORE,Y
MERCH004433,Bharat & Co,5732,Electronics Stores,Indore,MP,2021-05-09,1940,MEDIUM,11217.24,T+1,ONLINE_CHECKOUT,Y
MERCH004434,Vertex Services,5814,Fast Food Restaurants,Indore,MP,2023-05-28,1191,LOW,380.12,T+1,ONLINE_CHECKOUT,Y
MERCH004435,Urban Solutions,4121,Taxicabs / Ride Hailing,Bengaluru,KA,2025-01-06,602,LOW,315.78,T+0,ONLINE_CHECKOUT,N
MERCH004436,Shree Supply,5411,Grocery Stores / Supermarkets,Pune,MH,2026-01-16,227,LOW,782.11,T+1,POS_CARD,Y
MERCH004437,Metro Services,5732,Electronics Stores,Jaipur,RJ,2020-11-04,2126,MEDIUM,15295.96,T+1,ONLINE_CHECKOUT,Y
MERCH004438,Lakshmi Enterprises,4121,Taxicabs / Ride Hailing,Guwahati,AS,2022-11-29,1371,LOW,308.0,T+2,QR_INSTORE,Y
MERCH004439,Bharat Ventures,5411,Grocery Stores / Supermarkets,Jaipur,RJ,2025-10-25,310,LOW,959.4,T+1,ONLINE_CHECKOUT,Y
MERCH004440,Prime Supply,7995,Betting / Gaming,Indore,MP,2021-01-11,2058,HIGH,4196.69,T+1,QR_INSTORE,Y
MERCH004441,Aster Enterprises,4900,Utilities - Electric/Gas/Water,Indore,MP,2024-02-19,924,MEDIUM,1936.16,T+1,POS_CARD,Y
MERCH004442,Sagar Mart,5541,Service Stations (Fuel),Pune,MH,2023-03-29,1251,LOW,1090.24,T+0,POS_CARD,Y
MERCH004443,Bharat Services,7011,Hotels / Lodging,Mumbai,MH,2023-09-22,1074,MEDIUM,9248.97,T+1,POS_CARD,Y
MERCH004444,Nimbus Ventures,5651,Family Clothing Stores,Bengaluru,KA,2024-12-16,623,MEDIUM,1154.13,T+1,QR_INSTORE,Y
MERCH004445,Aster Supply,5999,Miscellaneous Retail,Delhi,DL,2021-08-26,1831,MEDIUM,676.42,T+2,ONLINE_CHECKOUT,Y
MERCH004446,Anand Mart,5912,Drug Stores / Pharmacies,Panaji,GA,2023-09-25,1071,LOW,612.61,T+0,ONLINE_CHECKOUT,Y
MERCH004447,Aster Stores,5912,Drug Stores / Pharmacies,Bengaluru,KA,2025-07-10,417,LOW,400.17,T+2,ONLINE_CHECKOUT,Y
MERCH004448,Prime Depot,5411,Grocery Stores / Supermarkets,Kolkata,WB,2026-06-13,79,MEDIUM,671.95,T+1,ONLINE_CHECKOUT,Y
MERCH004449,Urban Retail,5541,Service Stations (Fuel),Delhi,DL,2020-12-18,2082,LOW,897.8,T+1,ONLINE_CHECKOUT,Y
MERCH004450,Lakshmi Supply,5912,Drug Stores / Pharmacies,Chandigarh,CH,2022-07-11,1512,LOW,386.21,T+1,ONLINE_CHECKOUT,Y
MERCH004451,Prime Traders,5814,Fast Food Restaurants,Kochi,KL,2020-09-14,2177,LOW,303.43,T+1,ONLINE_CHECKOUT,Y
MERCH004452,Aster Hub,7011,Hotels / Lodging,Kochi,KL,2020-09-03,2188,MEDIUM,9246.63,T+1,QR_INSTORE,Y
MERCH004453,Nimbus Supply,4900,Utilities - Electric/Gas/Water,Kolkata,WB,2021-12-26,1709,LOW,2529.61,T+1,ONLINE_CHECKOUT,Y
MERCH004454,Nova Ventures,5541,Service Stations (Fuel),Kochi,KL,2021-05-22,1927,LOW,1811.46,T+1,POS_CARD,Y
MERCH004455,Krishna Enterprises,5541,Service Stations (Fuel),Nagpur,MH,2025-05-09,479,LOW,1240.75,T+1,ONLINE_CHECKOUT,Y
MERCH004456,Rohan Services,5541,Service Stations (Fuel),Chennai,TN,2024-07-07,785,LOW,1206.23,T+1,QR_INSTORE,Y
MERCH004457,Vertex Mart,5999,Miscellaneous Retail,Pune,MH,2024-04-26,857,MEDIUM,972.25,T+1,ONLINE_CHECKOUT,Y
MERCH004458,Kalpana Supply,5411,Grocery Stores / Supermarkets,Bengaluru,KA,2026-05-23,100,LOW,580.69,T+2,POS_CARD,Y
MERCH004459,Nova Ventures,5411,Grocery Stores / Supermarkets,Lucknow,UP,2022-05-06,1578,MEDIUM,772.48,T+1,ONLINE_CHECKOUT,Y
MERCH004460,Vertex Depot,5411,Grocery Stores / Supermarkets,Chennai,TN,2026-06-20,72,MEDIUM,1084.21,T+1,ONLINE_CHECKOUT,Y
MERCH004461,Sagar Ventures,4900,Utilities - Electric/Gas/Water,Hyderabad,TG,2023-05-03,1216,LOW,2781.03,T+1,POS_CARD,Y
MERCH004462,Sagar Retail,4900,Utilities - Electric/Gas/Water,Panaji,GA,2023-05-29,1190,LOW,2141.67,T+1,QR_INSTORE,Y
MERCH004463,Rohan Depot,4900,Utilities - Electric/Gas/Water,Kochi,KL,2025-01-06,602,LOW,1960.92,T+0,QR_INSTORE,Y
MERCH004464,Rohan Depot,5541,Service Stations (Fuel),Guwahati,AS,2025-08-15,381,LOW,1004.48,T+1,QR_INSTORE,Y
MERCH004465,Bharat Mart,5732,Electronics Stores,Jaipur,RJ,2021-08-25,1832,MEDIUM,15751.52,T+1,ONLINE_CHECKOUT,Y
MERCH004466,Zenith Supply,7011,Hotels / Lodging,Bengaluru,KA,2022-05-12,1572,MEDIUM,8028.74,T+2,QR_INSTORE,Y
MERCH004467,Aster & Co,5732,Electronics Stores,Panaji,GA,2022-08-13,1479,MEDIUM,17587.6,T+1,ONLINE_CHECKOUT,Y
MERCH004468,Bharat Hub,5814,Fast Food Restaurants,Ahmedabad,GJ,2021-02-11,2027,LOW,351.66,T+1,ONLINE_CHECKOUT,Y
MERCH004469,Kalpana Ventures,5814,Fast Food Restaurants,Ahmedabad,GJ,2021-04-10,1969,LOW,222.94,T+1,QR_INSTORE,Y
MERCH004470,Krishna Mart,4121,Taxicabs / Ride Hailing,Guwahati,AS,2025-09-15,350,LOW,206.09,T+1,QR_INSTORE,Y
MERCH004471,Nova Traders,5541,Service Stations (Fuel),Panaji,GA,2021-10-10,1786,LOW,1857.93,T+1,ONLINE_CHECKOUT,N
MERCH004472,Prime Supply,5541,Service Stations (Fuel),Delhi,DL,2025-10-12,323,LOW,1081.71,T+1,QR_INSTORE,Y
MERCH004473,Zenith Supply,5912,Drug Stores / Pharmacies,Hyderabad,TG,2022-02-26,1647,LOW,641.14,T+1,QR_INSTORE,Y
MERCH004474,Metro Supply,5732,Electronics Stores,Ahmedabad,GJ,2022-12-25,1345,MEDIUM,16014.29,T+1,QR_INSTORE,Y
MERCH004475,Nimbus Mart,7011,Hotels / Lodging,Lucknow,UP,2026-02-11,201,MEDIUM,9355.04,T+0,QR_INSTORE,Y
MERCH004476,Shree Services,5541,Service Stations (Fuel),Kolkata,WB,2024-12-02,637,LOW,1775.16,T+1,QR_INSTORE,Y
MERCH004477,Bharat Solutions,5912,Drug Stores / Pharmacies,Nagpur,MH,2021-08-24,1833,LOW,624.22,T+1,ONLINE_CHECKOUT,Y
MERCH004478,Anand Solutions,5541,Service Stations (Fuel),Lucknow,UP,2026-03-16,168,LOW,1692.98,T+1,ONLINE_CHECKOUT,Y
MERCH004479,Nimbus Hub,4900,Utilities - Electric/Gas/Water,Hyderabad,TG,2024-01-26,948,LOW,2127.93,T+2,QR_INSTORE,Y
MERCH004480,Kalpana Depot,5541,Service Stations (Fuel),Kolkata,WB,2026-01-24,219,LOW,1779.37,T+1,QR_INSTORE,Y
MERCH004481,Sagar Supply,7011,Hotels / Lodging,Jaipur,RJ,2026-05-22,101,MEDIUM,4285.2,T+1,ONLINE_CHECKOUT,Y
MERCH004482,Shree Traders,5732,Electronics Stores,Bengaluru,KA,2022-08-04,1488,MEDIUM,7278.25,T+1,QR_INSTORE,Y
MERCH004483,Vertex Depot,7011,Hotels / Lodging,Kochi,KL,2026-04-15,138,MEDIUM,5093.08,T+0,QR_INSTORE,Y
MERCH004484,Prime Ventures,5541,Service Stations (Fuel),Ahmedabad,GJ,2023-09-26,1070,LOW,1973.48,T+1,QR_INSTORE,Y
MERCH004485,Nova Hub,5999,Miscellaneous Retail,Nagpur,MH,2026-01-09,234,MEDIUM,1141.17,T+2,ONLINE_CHECKOUT,Y
MERCH004486,Sagar Hub,5967,Direct Marketing - Inbound,Hyderabad,TG,2025-07-22,405,HIGH,1434.52,T+1,QR_INSTORE,Y
MERCH004487,Urban Hub,4900,Utilities - Electric/Gas/Water,Mumbai,MH,2023-04-28,1221,LOW,2765.87,T+2,QR_INSTORE,Y
MERCH004488,Aster Traders,4722,Travel Agencies,Lucknow,UP,2021-12-20,1715,HIGH,26725.12,T+1,ONLINE_CHECKOUT,Y
MERCH004489,Sagar Enterprises,5732,Electronics Stores,Kolkata,WB,2020-10-14,2147,LOW,13215.9,T+2,QR_INSTORE,Y
MERCH004490,Metro & Co,5912,Drug Stores / Pharmacies,Kochi,KL,2025-04-07,511,LOW,335.63,T+1,POS_CARD,Y
MERCH004491,Lakshmi Retail,5411,Grocery Stores / Supermarkets,Lucknow,UP,2023-11-02,1033,LOW,1220.67,T+1,POS_CARD,Y
MERCH004492,Lakshmi Depot,5541,Service Stations (Fuel),Kolkata,WB,2023-07-07,1151,LOW,1335.48,T+1,QR_INSTORE,Y
MERCH004493,Anand Retail,4722,Travel Agencies,Indore,MP,2021-04-01,1978,HIGH,30740.81,T+2,QR_INSTORE,N
MERCH004494,Metro Traders,6051,Quasi-Cash / Wallet Load,Guwahati,AS,2025-02-16,561,HIGH,2903.1,T+2,QR_INSTORE,Y
MERCH004495,Nova Retail,5541,Service Stations (Fuel),Indore,MP,2026-01-28,215,LOW,2014.06,T+0,QR_INSTORE,Y
MERCH004496,Nimbus Depot,5912,Drug Stores / Pharmacies,Bengaluru,KA,2025-10-08,327,LOW,586.95,T+0,ONLINE_CHECKOUT,Y
MERCH004497,Kalpana Services,5912,Drug Stores / Pharmacies,Ahmedabad,GJ,2021-12-29,1706,LOW,583.53,T+1,ONLINE_CHECKOUT,Y
MERCH004498,Urban Supply,5651,Family Clothing Stores,Nagpur,MH,2023-06-25,1163,MEDIUM,2545.83,T+2,ONLINE_CHECKOUT,Y
MERCH004499,Prime Hub,4722,Travel Agencies,Ahmedabad,GJ,2021-05-25,1924,HIGH,31428.58,T+1,QR_INSTORE,Y
MERCH004500,Rohan Services,4121,Taxicabs / Ride Hailing,Guwahati,AS,2023-08-21,1106,LOW,312.06,T+1,QR_INSTORE,Y
MERCH004501,Rohan Hub,5814,Fast Food Restaurants,Mumbai,MH,2021-02-19,2019,LOW,179.36,T+1,QR_INSTORE,Y
MERCH004502,Bharat Depot,4722,Travel Agencies,Indore,MP,2020-09-18,2173,HIGH,16454.97,T+2,ONLINE_CHECKOUT,Y
MERCH004503,Aster Ventures,5814,Fast Food Restaurants,Hyderabad,TG,2020-12-11,2089,LOW,192.97,T+2,ONLINE_CHECKOUT,Y
MERCH004504,Rohan Ventures,5999,Miscellaneous Retail,Hyderabad,TG,2021-05-04,1945,MEDIUM,895.39,T+2,POS_CARD,Y
MERCH004505,Krishna Solutions,4722,Travel Agencies,Ahmedabad,GJ,2021-03-31,1979,HIGH,32414.74,T+1,QR_INSTORE,Y
MERCH004506,Vertex Stores,5411,Grocery Stores / Supermarkets,Kolkata,WB,2024-10-08,692,LOW,606.8,T+1,QR_INSTORE,Y
MERCH004507,Krishna Enterprises,5912,Drug Stores / Pharmacies,Pune,MH,2020-12-26,2074,LOW,686.96,T+2,QR_INSTORE,Y
MERCH004508,Urban Mart,5999,Miscellaneous Retail,Kochi,KL,2021-11-27,1738,MEDIUM,623.3,T+1,QR_INSTORE,Y
MERCH004509,Nimbus Services,5651,Family Clothing Stores,Kolkata,WB,2024-10-10,690,MEDIUM,2185.25,T+1,QR_INSTORE,Y
MERCH004510,Urban Retail,5814,Fast Food Restaurants,Delhi,DL,2022-04-06,1608,LOW,178.22,T+1,QR_INSTORE,Y
MERCH004511,Anand Mart,5814,Fast Food Restaurants,Panaji,GA,2025-12-05,269,LOW,183.33,T+1,QR_INSTORE,Y
MERCH004512,Prime Services,5411,Grocery Stores / Supermarkets,Bengaluru,KA,2024-12-05,634,LOW,546.27,T+1,ONLINE_CHECKOUT,Y
MERCH004513,Shree Ventures,5732,Electronics Stores,Kochi,KL,2023-11-04,1031,MEDIUM,13238.32,T+2,QR_INSTORE,Y
MERCH004514,Urban Ventures,5541,Service Stations (Fuel),Chandigarh,CH,2024-04-30,853,LOW,1711.99,T+0,QR_INSTORE,Y
MERCH004515,Metro Enterprises,4900,Utilities - Electric/Gas/Water,Jaipur,RJ,2023-12-29,976,LOW,1151.76,T+1,ONLINE_CHECKOUT,Y
MERCH004516,Kalpana Traders,4121,Taxicabs / Ride Hailing,Panaji,GA,2024-04-19,864,LOW,289.46,T+2,ONLINE_CHECKOUT,Y
MERCH004517,Sagar Solutions,4121,Taxicabs / Ride Hailing,Guwahati,AS,2026-06-29,63,MEDIUM,247.33,T+1,QR_INSTORE,Y
MERCH004518,Aster Supply,5999,Miscellaneous Retail,Panaji,GA,2023-06-07,1181,LOW,1016.05,T+1,ONLINE_CHECKOUT,Y
MERCH004519,Metro Ventures,5912,Drug Stores / Pharmacies,Kochi,KL,2022-09-24,1437,LOW,622.88,T+1,POS_CARD,Y
MERCH004520,Bharat Ventures,5732,Electronics Stores,Bengaluru,KA,2023-04-07,1242,MEDIUM,17745.81,T+1,POS_CARD,Y
MERCH004521,Sagar Solutions,5814,Fast Food Restaurants,Nagpur,MH,2024-05-09,844,LOW,389.21,T+1,QR_INSTORE,Y
MERCH004522,Nova Enterprises,7011,Hotels / Lodging,Lucknow,UP,2023-10-12,1054,MEDIUM,4195.95,T+2,QR_INSTORE,Y
MERCH004523,Nimbus Depot,5651,Family Clothing Stores,Guwahati,AS,2025-09-21,344,MEDIUM,1736.89,T+1,POS_CARD,Y
MERCH004524,Lakshmi & Co,4722,Travel Agencies,Hyderabad,TG,2023-05-10,1209,HIGH,14252.63,T+0,ONLINE_CHECKOUT,Y
MERCH004525,Anand Depot,4121,Taxicabs / Ride Hailing,Jaipur,RJ,2021-07-06,1882,LOW,352.03,T+1,ONLINE_CHECKOUT,Y
MERCH004526,Anand Solutions,5732,Electronics Stores,Delhi,DL,2025-03-27,522,MEDIUM,16783.78,T+1,QR_INSTORE,Y
MERCH004527,Zenith Services,4900,Utilities - Electric/Gas/Water,Chandigarh,CH,2020-10-05,2156,LOW,2071.08,T+1,QR_INSTORE,Y
MERCH004528,Kalpana Depot,5411,Grocery Stores / Supermarkets,Delhi,DL,2020-08-29,2193,LOW,1075.37,T+1,POS_CARD,Y
MERCH004529,Sagar & Co,5541,Service Stations (Fuel),Kochi,KL,2022-08-31,1461,LOW,1263.95,T+1,QR_INSTORE,Y
MERCH004530,Krishna Traders,5411,Grocery Stores / Supermarkets,Lucknow,UP,2022-12-25,1345,LOW,1099.85,T+1,QR_INSTORE,Y
MERCH004531,Sagar Depot,4722,Travel Agencies,Lucknow,UP,2021-05-20,1929,HIGH,16072.89,T+1,POS_CARD,Y
MERCH004532,Metro Services,5912,Drug Stores / Pharmacies,Bengaluru,KA,2021-07-26,1862,LOW,384.05,T+1,QR_INSTORE,Y
MERCH004533,Shree Solutions,5732,Electronics Stores,Delhi,DL,2023-04-04,1245,MEDIUM,9565.37,T+1,QR_INSTORE,Y
MERCH004534,Nimbus Mart,5814,Fast Food Restaurants,Ahmedabad,GJ,2025-06-02,455,LOW,265.65,T+1,QR_INSTORE,Y
MERCH004535,Lakshmi Retail,4900,Utilities - Electric/Gas/Water,Kolkata,WB,2026-01-16,227,LOW,1975.75,T+1,QR_INSTORE,Y
MERCH004536,Urban Services,5411,Grocery Stores / Supermarkets,Pune,MH,2023-02-17,1291,LOW,767.74,T+1,QR_INSTORE,Y
MERCH004537,Rohan Ventures,5814,Fast Food Restaurants,Chennai,TN,2024-04-25,858,LOW,389.87,T+1,ONLINE_CHECKOUT,Y
MERCH004538,Nimbus Hub,5999,Miscellaneous Retail,Jaipur,RJ,2026-02-03,209,MEDIUM,1399.35,T+1,POS_CARD,Y
MERCH004539,Urban Supply,7995,Betting / Gaming,Hyderabad,TG,2021-07-29,1859,HIGH,3837.99,T+1,QR_INSTORE,Y
MERCH004540,Lakshmi Solutions,5814,Fast Food Restaurants,Jaipur,RJ,2021-12-13,1722,LOW,292.68,T+2,QR_INSTORE,Y
MERCH004541,Bharat Services,5912,Drug Stores / Pharmacies,Guwahati,AS,2020-12-28,2072,LOW,317.01,T+1,ONLINE_CHECKOUT,Y
MERCH004542,Zenith Services,7995,Betting / Gaming,Chandigarh,CH,2023-08-10,1117,HIGH,2138.65,T+1,QR_INSTORE,Y
MERCH004543,Nova Ventures,4900,Utilities - Electric/Gas/Water,Lucknow,UP,2024-08-12,749,LOW,1430.36,T+1,QR_INSTORE,Y
MERCH004544,Urban Stores,5814,Fast Food Restaurants,Bengaluru,KA,2022-04-06,1608,LOW,186.53,T+1,QR_INSTORE,Y
MERCH004545,Shree Solutions,7995,Betting / Gaming,Bengaluru,KA,2021-04-08,1971,HIGH,2751.53,T+1,QR_INSTORE,Y
MERCH004546,Anand Traders,4121,Taxicabs / Ride Hailing,Guwahati,AS,2025-07-24,403,LOW,345.15,T+1,ONLINE_CHECKOUT,Y
MERCH004547,Sagar Retail,7011,Hotels / Lodging,Panaji,GA,2022-04-19,1595,MEDIUM,5879.08,T+1,QR_INSTORE,Y
MERCH004548,Aster Stores,7011,Hotels / Lodging,Hyderabad,TG,2026-06-04,88,HIGH,7625.62,T+1,POS_CARD,Y
MERCH004549,Urban & Co,5541,Service Stations (Fuel),Kolkata,WB,2022-02-03,1670,LOW,1554.86,T+1,QR_INSTORE,Y
MERCH004550,Rohan Services,7011,Hotels / Lodging,Panaji,GA,2026-06-27,65,HIGH,5151.23,T+1,ONLINE_CHECKOUT,Y
MERCH004551,Urban Enterprises,5732,Electronics Stores,Chennai,TN,2026-02-23,189,MEDIUM,15963.6,T+1,QR_INSTORE,Y
MERCH004552,Metro Traders,4900,Utilities - Electric/Gas/Water,Lucknow,UP,2022-07-02,1521,LOW,2840.47,T+2,ONLINE_CHECKOUT,N
MERCH004553,Nimbus Hub,4900,Utilities - Electric/Gas/Water,Lucknow,UP,2024-06-30,792,LOW,1436.86,T+1,POS_CARD,Y
MERCH004554,Nimbus Solutions,5814,Fast Food Restaurants,Bengaluru,KA,2023-11-29,1006,LOW,387.09,T+1,POS_CARD,Y
MERCH004555,Urban Stores,5541,Service Stations (Fuel),Hyderabad,TG,2023-04-12,1237,LOW,2062.52,T+0,ONLINE_CHECKOUT,Y
MERCH004556,Bharat & Co,5912,Drug Stores / Pharmacies,Pune,MH,2026-07-19,43,MEDIUM,321.87,T+2,ONLINE_CHECKOUT,Y
MERCH004557,Nimbus Depot,5411,Grocery Stores / Supermarkets,Delhi,DL,2026-06-19,73,MEDIUM,862.43,T+1,QR_INSTORE,Y
MERCH004558,Bharat Hub,5411,Grocery Stores / Supermarkets,Ahmedabad,GJ,2026-04-25,128,LOW,959.92,T+1,QR_INSTORE,Y
MERCH004559,Metro Hub,5999,Miscellaneous Retail,Kolkata,WB,2021-04-28,1951,MEDIUM,578.36,T+2,QR_INSTORE,Y
MERCH004560,Krishna & Co,5541,Service Stations (Fuel),Panaji,GA,2020-09-24,2167,LOW,1362.72,T+1,QR_INSTORE,Y
MERCH004561,Sagar Stores,5411,Grocery Stores / Supermarkets,Jaipur,RJ,2021-03-21,1989,LOW,677.19,T+1,ONLINE_CHECKOUT,Y
MERCH004562,Urban Enterprises,5814,Fast Food Restaurants,Panaji,GA,2021-06-07,1911,LOW,284.52,T+2,ONLINE_CHECKOUT,Y
MERCH004563,Zenith Services,5967,Direct Marketing - Inbound,Kolkata,WB,2021-07-21,1867,HIGH,1190.18,T+1,POS_CARD,Y
MERCH004564,Zenith Stores,5814,Fast Food Restaurants,Nagpur,MH,2023-11-15,1020,LOW,345.9,T+1,ONLINE_CHECKOUT,Y
MERCH004565,Metro Stores,6051,Quasi-Cash / Wallet Load,Delhi,DL,2024-01-11,963,HIGH,4162.16,T+2,ONLINE_CHECKOUT,Y
MERCH004566,Bharat Supply,5814,Fast Food Restaurants,Delhi,DL,2025-01-05,603,LOW,174.55,T+1,ONLINE_CHECKOUT,Y
MERCH004567,Urban Services,7011,Hotels / Lodging,Pune,MH,2021-10-16,1780,MEDIUM,5716.1,T+1,QR_INSTORE,Y
MERCH004568,Zenith Mart,5967,Direct Marketing - Inbound,Pune,MH,2026-01-03,240,HIGH,1379.17,T+1,ONLINE_CHECKOUT,Y
MERCH004569,Zenith Depot,4121,Taxicabs / Ride Hailing,Jaipur,RJ,2025-03-04,545,LOW,162.47,T+1,QR_INSTORE,Y
MERCH004570,Rohan Hub,4722,Travel Agencies,Chennai,TN,2022-04-14,1600,HIGH,13612.88,T+1,ONLINE_CHECKOUT,Y
MERCH004571,Metro Ventures,5814,Fast Food Restaurants,Pune,MH,2023-06-10,1178,LOW,175.82,T+1,QR_INSTORE,Y
MERCH004572,Krishna Mart,5411,Grocery Stores / Supermarkets,Guwahati,AS,2020-12-27,2073,LOW,1166.83,T+2,QR_INSTORE,Y
MERCH004573,Krishna Retail,5411,Grocery Stores / Supermarkets,Bengaluru,KA,2021-09-24,1802,LOW,643.56,T+1,QR_INSTORE,Y
MERCH004574,Aster Services,6051,Quasi-Cash / Wallet Load,Ahmedabad,GJ,2022-11-27,1373,HIGH,4943.77,T+1,QR_INSTORE,Y
MERCH004575,Rohan Enterprises,5541,Service Stations (Fuel),Pune,MH,2020-12-05,2095,LOW,965.09,T+1,POS_CARD,Y
MERCH004576,Aster Ventures,5732,Electronics Stores,Kochi,KL,2022-03-11,1634,MEDIUM,16665.9,T+1,ONLINE_CHECKOUT,Y
MERCH004577,Kalpana Mart,4121,Taxicabs / Ride Hailing,Lucknow,UP,2023-12-21,984,LOW,272.09,T+1,QR_INSTORE,Y
MERCH004578,Kalpana Stores,5967,Direct Marketing - Inbound,Ahmedabad,GJ,2025-02-15,562,HIGH,1376.98,T+1,QR_INSTORE,Y
MERCH004579,Metro Supply,4900,Utilities - Electric/Gas/Water,Ahmedabad,GJ,2025-10-07,328,LOW,2589.35,T+1,ONLINE_CHECKOUT,Y
MERCH004580,Shree Hub,5814,Fast Food Restaurants,Jaipur,RJ,2022-11-24,1376,LOW,307.53,T+1,POS_CARD,Y
MERCH004581,Lakshmi Depot,5814,Fast Food Restaurants,Kochi,KL,2021-03-17,1993,LOW,317.87,T+1,QR_INSTORE,Y
MERCH004582,Metro & Co,5732,Electronics Stores,Indore,MP,2024-04-09,874,MEDIUM,14885.16,T+1,POS_CARD,Y
MERCH004583,Urban Ventures,5814,Fast Food Restaurants,Panaji,GA,2023-06-13,1175,LOW,308.33,T+1,QR_INSTORE,Y
MERCH004584,Bharat & Co,5411,Grocery Stores / Supermarkets,Guwahati,AS,2024-11-19,650,LOW,1148.93,T+1,ONLINE_CHECKOUT,Y
MERCH004585,Anand Services,5411,Grocery Stores / Supermarkets,Delhi,DL,2021-08-27,1830,LOW,695.55,T+1,POS_CARD,Y
MERCH004586,Aster & Co,5411,Grocery Stores / Supermarkets,Chandigarh,CH,2024-10-26,674,LOW,870.98,T+1,QR_INSTORE,Y
MERCH004587,Nimbus Stores,5999,Miscellaneous Retail,Mumbai,MH,2024-01-03,971,MEDIUM,1254.27,T+1,ONLINE_CHECKOUT,Y
MERCH004588,Urban Hub,4121,Taxicabs / Ride Hailing,Panaji,GA,2023-11-02,1033,LOW,292.26,T+1,QR_INSTORE,N
MERCH004589,Kalpana Supply,5651,Family Clothing Stores,Mumbai,MH,2024-12-12,627,MEDIUM,1623.01,T+1,QR_INSTORE,Y
MERCH004590,Kalpana Stores,6051,Quasi-Cash / Wallet Load,Jaipur,RJ,2022-06-14,1539,HIGH,3611.57,T+1,QR_INSTORE,Y
MERCH004591,Nova Services,4121,Taxicabs / Ride Hailing,Panaji,GA,2023-02-05,1303,LOW,254.9,T+1,ONLINE_CHECKOUT,Y
MERCH004592,Bharat Mart,5814,Fast Food Restaurants,Kochi,KL,2025-07-02,425,LOW,369.5,T+1,QR_INSTORE,Y
MERCH004593,Vertex Mart,5541,Service Stations (Fuel),Chennai,TN,2024-11-07,662,LOW,1261.1,T+1,QR_INSTORE,Y
MERCH004594,Urban Retail,5541,Service Stations (Fuel),Delhi,DL,2022-12-03,1367,LOW,1863.66,T+1,ONLINE_CHECKOUT,Y
MERCH004595,Vertex Retail,5814,Fast Food Restaurants,Delhi,DL,2021-04-04,1975,LOW,384.75,T+1,QR_INSTORE,Y
MERCH004596,Urban Depot,5814,Fast Food Restaurants,Delhi,DL,2025-03-12,537,LOW,318.93,T+1,POS_CARD,Y
MERCH004597,Zenith Services,5732,Electronics Stores,Ahmedabad,GJ,2021-12-24,1711,MEDIUM,8369.73,T+1,QR_INSTORE,Y
MERCH004598,Zenith Mart,5411,Grocery Stores / Supermarkets,Chennai,TN,2024-02-04,939,LOW,641.16,T+1,QR_INSTORE,Y
MERCH004599,Rohan Depot,5967,Direct Marketing - Inbound,Nagpur,MH,2022-12-14,1356,HIGH,1678.79,T+1,QR_INSTORE,Y
MERCH004600,Anand Mart,5732,Electronics Stores,Kochi,KL,2021-08-24,1833,MEDIUM,12378.56,T+0,QR_INSTORE,Y
MERCH004601,Urban Supply,5651,Family Clothing Stores,Delhi,DL,2022-08-02,1490,MEDIUM,1174.06,T+2,POS_CARD,Y
MERCH004602,Shree Depot,5411,Grocery Stores / Supermarkets,Panaji,GA,2024-10-06,694,LOW,1080.14,T+1,POS_CARD,Y
MERCH004603,Aster Enterprises,5814,Fast Food Restaurants,Indore,MP,2024-06-01,821,LOW,241.19,T+1,QR_INSTORE,Y
MERCH004604,Urban Enterprises,5411,Grocery Stores / Supermarkets,Bengaluru,KA,2025-03-26,523,LOW,1184.0,T+2,POS_CARD,Y
MERCH004605,Prime Supply,5912,Drug Stores / Pharmacies,Indore,MP,2021-05-28,1921,LOW,609.73,T+2,ONLINE_CHECKOUT,Y
MERCH004606,Bharat Hub,4900,Utilities - Electric/Gas/Water,Chennai,TN,2026-08-11,20,MEDIUM,2641.31,T+1,QR_INSTORE,Y
MERCH004607,Kalpana Solutions,7011,Hotels / Lodging,Chandigarh,CH,2025-09-09,356,MEDIUM,5810.84,T+1,QR_INSTORE,Y
MERCH004608,Nimbus Ventures,5912,Drug Stores / Pharmacies,Lucknow,UP,2022-02-17,1656,LOW,729.37,T+1,QR_INSTORE,Y
MERCH004609,Nova Hub,5814,Fast Food Restaurants,Kolkata,WB,2023-06-25,1163,LOW,259.23,T+1,ONLINE_CHECKOUT,Y
MERCH004610,Prime Services,5411,Grocery Stores / Supermarkets,Delhi,DL,2023-03-01,1279,LOW,1113.38,T+1,ONLINE_CHECKOUT,Y
MERCH004611,Krishna Depot,5732,Electronics Stores,Nagpur,MH,2022-05-07,1577,MEDIUM,10519.28,T+1,QR_INSTORE,Y
MERCH004612,Anand Retail,5541,Service Stations (Fuel),Chennai,TN,2025-03-28,521,LOW,2085.02,T+1,QR_INSTORE,Y
MERCH004613,Bharat Solutions,5411,Grocery Stores / Supermarkets,Ahmedabad,GJ,2022-03-11,1634,LOW,780.64,T+1,QR_INSTORE,Y
MERCH004614,Anand Solutions,5732,Electronics Stores,Kochi,KL,2023-12-08,997,MEDIUM,8149.51,T+1,QR_INSTORE,Y
MERCH004615,Zenith & Co,5411,Grocery Stores / Supermarkets,Indore,MP,2020-10-19,2142,LOW,526.66,T+0,QR_INSTORE,Y
MERCH004616,Sagar Ventures,5541,Service Stations (Fuel),Hyderabad,TG,2025-01-20,588,LOW,1187.4,T+0,ONLINE_CHECKOUT,Y
MERCH004617,Nimbus Solutions,5814,Fast Food Restaurants,Chandigarh,CH,2020-11-15,2115,LOW,208.65,T+1,POS_CARD,Y
MERCH004618,Krishna Supply,5541,Service Stations (Fuel),Kochi,KL,2024-05-21,832,LOW,1874.6,T+1,ONLINE_CHECKOUT,Y
MERCH004619,Prime Solutions,5814,Fast Food Restaurants,Chennai,TN,2023-06-14,1174,LOW,183.15,T+2,POS_CARD,Y
MERCH004620,Anand Ventures,5814,Fast Food Restaurants,Guwahati,AS,2024-04-03,880,LOW,264.55,T+0,POS_CARD,Y
MERCH004621,Rohan Enterprises,4900,Utilities - Electric/Gas/Water,Mumbai,MH,2025-10-25,310,LOW,1383.22,T+1,QR_INSTORE,Y
MERCH004622,Kalpana Stores,7011,Hotels / Lodging,Guwahati,AS,2026-03-14,170,MEDIUM,6947.94,T+1,ONLINE_CHECKOUT,Y
MERCH004623,Lakshmi Retail,5814,Fast Food Restaurants,Nagpur,MH,2024-10-16,684,LOW,325.24,T+1,QR_INSTORE,Y
MERCH004624,Zenith Solutions,5912,Drug Stores / Pharmacies,Indore,MP,2022-06-13,1540,LOW,450.92,T+1,QR_INSTORE,Y
MERCH004625,Bharat Stores,5541,Service Stations (Fuel),Kolkata,WB,2020-12-21,2079,LOW,1281.94,T+0,QR_INSTORE,Y
MERCH004626,Zenith Mart,4722,Travel Agencies,Guwahati,AS,2026-03-14,170,HIGH,20080.1,T+1,QR_INSTORE,Y
MERCH004627,Kalpana Hub,5999,Miscellaneous Retail,Kolkata,WB,2020-10-18,2143,MEDIUM,1282.02,T+2,QR_INSTORE,Y
MERCH004628,Kalpana Depot,4900,Utilities - Electric/Gas/Water,Ahmedabad,GJ,2021-12-16,1719,LOW,1659.26,T+1,QR_INSTORE,Y
MERCH004629,Bharat Supply,5912,Drug Stores / Pharmacies,Lucknow,UP,2022-03-25,1620,LOW,492.67,T+2,POS_CARD,Y
MERCH004630,Sagar Retail,5732,Electronics Stores,Chennai,TN,2022-04-06,1608,MEDIUM,10497.06,T+2,QR_INSTORE,Y
MERCH004631,Anand Services,5541,Service Stations (Fuel),Lucknow,UP,2026-05-05,118,LOW,1644.06,T+1,QR_INSTORE,Y
MERCH004632,Zenith Mart,5814,Fast Food Restaurants,Ahmedabad,GJ,2022-03-19,1626,LOW,323.59,T+1,ONLINE_CHECKOUT,Y
MERCH004633,Shree Mart,5814,Fast Food Restaurants,Jaipur,RJ,2020-12-19,2081,LOW,318.57,T+1,QR_INSTORE,Y
MERCH004634,Shree Supply,5732,Electronics Stores,Chandigarh,CH,2023-08-31,1096,MEDIUM,13230.64,T+1,POS_CARD,Y
MERCH004635,Aster Services,5541,Service Stations (Fuel),Bengaluru,KA,2023-10-25,1041,LOW,1272.51,T+1,ONLINE_CHECKOUT,Y
MERCH004636,Anand Hub,4900,Utilities - Electric/Gas/Water,Nagpur,MH,2026-03-31,153,LOW,2637.01,T+1,QR_INSTORE,Y
MERCH004637,Metro Services,5541,Service Stations (Fuel),Hyderabad,TG,2021-04-17,1962,LOW,1230.97,T+2,ONLINE_CHECKOUT,Y
MERCH004638,Bharat Retail,7011,Hotels / Lodging,Pune,MH,2026-03-16,168,MEDIUM,7724.8,T+2,QR_INSTORE,Y
MERCH004639,Kalpana Mart,4900,Utilities - Electric/Gas/Water,Chandigarh,CH,2024-10-16,684,LOW,2443.86,T+1,QR_INSTORE,Y
MERCH004640,Prime Depot,5732,Electronics Stores,Delhi,DL,2026-03-04,180,MEDIUM,14084.6,T+1,QR_INSTORE,Y
MERCH004641,Urban Solutions,5411,Grocery Stores / Supermarkets,Pune,MH,2022-07-16,1507,LOW,819.72,T+1,POS_CARD,Y
MERCH004642,Vertex Stores,4121,Taxicabs / Ride Hailing,Hyderabad,TG,2020-09-17,2174,LOW,215.14,T+1,ONLINE_CHECKOUT,Y
MERCH004643,Anand Depot,5411,Grocery Stores / Supermarkets,Indore,MP,2024-10-23,677,LOW,925.77,T+1,QR_INSTORE,Y
MERCH004644,Kalpana Mart,5411,Grocery Stores / Supermarkets,Panaji,GA,2021-10-23,1773,LOW,574.49,T+0,POS_CARD,Y
MERCH004645,Lakshmi Hub,5541,Service Stations (Fuel),Delhi,DL,2022-03-06,1639,LOW,1775.16,T+1,QR_INSTORE,Y
MERCH004646,Lakshmi Mart,5541,Service Stations (Fuel),Ahmedabad,GJ,2025-01-23,585,LOW,865.3,T+1,ONLINE_CHECKOUT,Y
MERCH004647,Nimbus Enterprises,5541,Service Stations (Fuel),Chandigarh,CH,2020-09-04,2187,LOW,1855.55,T+1,ONLINE_CHECKOUT,Y
MERCH004648,Rohan Services,5541,Service Stations (Fuel),Mumbai,MH,2026-05-23,100,LOW,2039.24,T+2,ONLINE_CHECKOUT,Y
MERCH004649,Lakshmi Enterprises,5411,Grocery Stores / Supermarkets,Chennai,TN,2025-04-25,493,LOW,1248.98,T+1,QR_INSTORE,Y
MERCH004650,Nimbus Depot,5411,Grocery Stores / Supermarkets,Pune,MH,2026-05-06,117,LOW,938.49,T+2,ONLINE_CHECKOUT,Y
MERCH004651,Zenith Enterprises,7011,Hotels / Lodging,Mumbai,MH,2022-04-25,1589,MEDIUM,4165.27,T+1,QR_INSTORE,Y
MERCH004652,Vertex Supply,5912,Drug Stores / Pharmacies,Jaipur,RJ,2020-12-08,2092,LOW,489.9,T+1,ONLINE_CHECKOUT,Y
MERCH004653,Nimbus Hub,5651,Family Clothing Stores,Hyderabad,TG,2026-03-31,153,MEDIUM,1302.2,T+0,QR_INSTORE,Y
MERCH004654,Kalpana Traders,4121,Taxicabs / Ride Hailing,Guwahati,AS,2025-01-22,586,LOW,356.73,T+1,POS_CARD,Y
MERCH004655,Lakshmi Solutions,5541,Service Stations (Fuel),Indore,MP,2021-10-06,1790,LOW,1340.86,T+2,ONLINE_CHECKOUT,Y
MERCH004656,Urban Solutions,5411,Grocery Stores / Supermarkets,Hyderabad,TG,2025-12-08,266,LOW,644.93,T+2,QR_INSTORE,Y
MERCH004657,Kalpana Stores,5732,Electronics Stores,Indore,MP,2022-05-18,1566,MEDIUM,9083.46,T+2,QR_INSTORE,Y
MERCH004658,Metro Traders,5814,Fast Food Restaurants,Bengaluru,KA,2022-05-22,1562,LOW,296.09,T+1,QR_INSTORE,Y
MERCH004659,Bharat Ventures,4900,Utilities - Electric/Gas/Water,Delhi,DL,2021-05-22,1927,LOW,1536.74,T+1,QR_INSTORE,Y
MERCH004660,Aster & Co,5732,Electronics Stores,Delhi,DL,2025-04-13,505,MEDIUM,10363.67,T+0,QR_INSTORE,Y
MERCH004661,Kalpana Retail,5732,Electronics Stores,Chandigarh,CH,2023-03-15,1265,MEDIUM,14801.11,T+0,ONLINE_CHECKOUT,N
MERCH004662,Bharat Retail,5732,Electronics Stores,Mumbai,MH,2021-08-11,1846,MEDIUM,9199.49,T+1,QR_INSTORE,Y
MERCH004663,Kalpana Services,6051,Quasi-Cash / Wallet Load,Guwahati,AS,2025-12-25,249,HIGH,6614.7,T+1,QR_INSTORE,Y
MERCH004664,Kalpana Retail,5541,Service Stations (Fuel),Bengaluru,KA,2026-07-22,40,MEDIUM,1222.28,T+1,QR_INSTORE,Y
MERCH004665,Lakshmi Hub,4121,Taxicabs / Ride Hailing,Jaipur,RJ,2024-01-21,953,LOW,249.93,T+1,POS_CARD,Y
MERCH004666,Rohan Traders,5814,Fast Food Restaurants,Delhi,DL,2021-05-05,1944,LOW,202.66,T+1,ONLINE_CHECKOUT,Y
MERCH004667,Kalpana & Co,5912,Drug Stores / Pharmacies,Mumbai,MH,2025-03-15,534,LOW,410.95,T+1,QR_INSTORE,Y
MERCH004668,Bharat Hub,7011,Hotels / Lodging,Delhi,DL,2024-07-20,772,MEDIUM,5864.85,T+1,POS_CARD,Y
MERCH004669,Lakshmi Ventures,5541,Service Stations (Fuel),Indore,MP,2023-03-30,1250,LOW,1753.54,T+1,ONLINE_CHECKOUT,Y
MERCH004670,Vertex & Co,4121,Taxicabs / Ride Hailing,Jaipur,RJ,2022-01-26,1678,LOW,183.87,T+1,POS_CARD,Y
MERCH004671,Sagar Stores,5999,Miscellaneous Retail,Chandigarh,CH,2020-12-01,2099,MEDIUM,1400.87,T+1,ONLINE_CHECKOUT,Y
MERCH004672,Metro Enterprises,5411,Grocery Stores / Supermarkets,Ahmedabad,GJ,2020-12-21,2079,LOW,737.03,T+0,ONLINE_CHECKOUT,Y
MERCH004673,Metro Services,5651,Family Clothing Stores,Jaipur,RJ,2023-10-28,1038,MEDIUM,1437.48,T+2,QR_INSTORE,Y
MERCH004674,Aster Enterprises,4121,Taxicabs / Ride Hailing,Jaipur,RJ,2021-11-30,1735,LOW,181.49,T+1,QR_INSTORE,Y
MERCH004675,Krishna & Co,5814,Fast Food Restaurants,Delhi,DL,2023-06-29,1159,LOW,366.63,T+1,POS_CARD,Y
MERCH004676,Lakshmi Stores,7995,Betting / Gaming,Indore,MP,2021-05-14,1935,HIGH,2582.51,T+1,ONLINE_CHECKOUT,Y
MERCH004677,Kalpana Enterprises,5912,Drug Stores / Pharmacies,Mumbai,MH,2024-05-01,852,LOW,433.0,T+0,QR_INSTORE,Y
MERCH004678,Metro Retail,4900,Utilities - Electric/Gas/Water,Pune,MH,2023-06-24,1164,LOW,1944.8,T+2,POS_CARD,Y
MERCH004679,Zenith Services,5999,Miscellaneous Retail,Panaji,GA,2023-07-26,1132,MEDIUM,912.69,T+1,POS_CARD,Y
MERCH004680,Kalpana & Co,4900,Utilities - Electric/Gas/Water,Chandigarh,CH,2023-01-08,1331,LOW,1863.09,T+2,ONLINE_CHECKOUT,Y
MERCH004681,Kalpana Services,5814,Fast Food Restaurants,Kolkata,WB,2022-07-27,1496,LOW,211.81,T+1,ONLINE_CHECKOUT,Y
MERCH004682,Shree Mart,7995,Betting / Gaming,Kolkata,WB,2025-10-14,321,HIGH,2739.14,T+2,POS_CARD,Y
MERCH004683,Urban Traders,5912,Drug Stores / Pharmacies,Kolkata,WB,2021-07-02,1886,LOW,588.29,T+2,QR_INSTORE,Y
MERCH004684,Metro Ventures,5411,Grocery Stores / Supermarkets,Kochi,KL,2026-07-14,48,MEDIUM,1269.33,T+2,QR_INSTORE,Y
MERCH004685,Krishna Traders,4900,Utilities - Electric/Gas/Water,Guwahati,AS,2024-11-30,639,LOW,1557.62,T+1,QR_INSTORE,Y
MERCH004686,Shree & Co,5999,Miscellaneous Retail,Pune,MH,2024-03-25,889,MEDIUM,805.85,T+0,QR_INSTORE,Y
MERCH004687,Lakshmi Depot,4900,Utilities - Electric/Gas/Water,Delhi,DL,2024-11-26,643,LOW,1603.72,T+1,QR_INSTORE,Y
MERCH004688,Rohan Traders,4121,Taxicabs / Ride Hailing,Guwahati,AS,2021-01-28,2041,LOW,318.7,T+2,QR_INSTORE,Y
MERCH004689,Krishna Solutions,5541,Service Stations (Fuel),Chennai,TN,2024-03-20,894,LOW,1773.06,T+1,POS_CARD,Y
MERCH004690,Aster Services,5541,Service Stations (Fuel),Kolkata,WB,2022-01-16,1688,LOW,1946.5,T+1,QR_INSTORE,Y
MERCH004691,Krishna & Co,5912,Drug Stores / Pharmacies,Indore,MP,2023-08-24,1103,LOW,667.89,T+1,QR_INSTORE,Y
MERCH004692,Vertex Services,7011,Hotels / Lodging,Chennai,TN,2022-05-30,1554,MEDIUM,7079.34,T+1,ONLINE_CHECKOUT,Y
MERCH004693,Nova Mart,5814,Fast Food Restaurants,Pune,MH,2025-12-20,254,LOW,387.45,T+1,ONLINE_CHECKOUT,Y
MERCH004694,Anand Enterprises,4722,Travel Agencies,Kochi,KL,2022-08-05,1487,HIGH,30802.69,T+0,QR_INSTORE,Y
MERCH004695,Vertex Ventures,5814,Fast Food Restaurants,Hyderabad,TG,2024-12-29,610,LOW,318.96,T+1,QR_INSTORE,Y
MERCH004696,Nova Depot,7995,Betting / Gaming,Delhi,DL,2026-07-30,32,HIGH,2382.4,T+1,QR_INSTORE,Y
MERCH004697,Sagar Enterprises,5651,Family Clothing Stores,Jaipur,RJ,2022-01-02,1702,MEDIUM,2410.75,T+1,QR_INSTORE,Y
MERCH004698,Aster Ventures,5814,Fast Food Restaurants,Indore,MP,2023-12-20,985,LOW,238.12,T+1,QR_INSTORE,Y
MERCH004699,Rohan Services,5814,Fast Food Restaurants,Indore,MP,2026-03-23,161,LOW,180.44,T+1,QR_INSTORE,Y
MERCH004700,Nimbus Solutions,5967,Direct Marketing - Inbound,Chandigarh,CH,2022-01-24,1680,HIGH,1874.82,T+2,QR_INSTORE,Y
MERCH004701,Vertex Supply,5541,Service Stations (Fuel),Chennai,TN,2020-12-27,2073,LOW,1004.06,T+1,ONLINE_CHECKOUT,Y
MERCH004702,Nova Supply,5732,Electronics Stores,Hyderabad,TG,2025-11-25,279,MEDIUM,8583.42,T+2,QR_INSTORE,Y
MERCH004703,Vertex Services,5732,Electronics Stores,Chennai,TN,2022-11-18,1382,MEDIUM,8971.18,T+0,POS_CARD,Y
MERCH004704,Lakshmi Retail,6051,Quasi-Cash / Wallet Load,Jaipur,RJ,2025-08-21,375,HIGH,4448.67,T+0,ONLINE_CHECKOUT,Y
MERCH004705,Bharat Retail,6051,Quasi-Cash / Wallet Load,Guwahati,AS,2025-08-21,375,HIGH,6721.24,T+1,ONLINE_CHECKOUT,Y
MERCH004706,Sagar Hub,5814,Fast Food Restaurants,Hyderabad,TG,2024-06-07,815,LOW,167.83,T+2,ONLINE_CHECKOUT,Y
MERCH004707,Sagar Traders,5541,Service Stations (Fuel),Chandigarh,CH,2022-03-23,1622,LOW,1799.94,T+1,ONLINE_CHECKOUT,Y
MERCH004708,Urban Solutions,4900,Utilities - Electric/Gas/Water,Delhi,DL,2022-10-17,1414,LOW,2488.62,T+1,QR_INSTORE,Y
MERCH004709,Rohan Enterprises,4900,Utilities - Electric/Gas/Water,Ahmedabad,GJ,2020-09-23,2168,LOW,2547.21,T+2,POS_CARD,Y
MERCH004710,Aster Enterprises,5814,Fast Food Restaurants,Pune,MH,2023-09-27,1069,LOW,318.47,T+1,ONLINE_CHECKOUT,Y
MERCH004711,Krishna Ventures,5732,Electronics Stores,Hyderabad,TG,2024-08-13,748,MEDIUM,13228.82,T+2,ONLINE_CHECKOUT,Y
MERCH004712,Lakshmi Solutions,5541,Service Stations (Fuel),Indore,MP,2020-10-08,2153,LOW,1250.71,T+1,QR_INSTORE,Y
MERCH004713,Metro Services,5814,Fast Food Restaurants,Kolkata,WB,2021-11-06,1759,HIGH,290.67,T+1,QR_INSTORE,Y
MERCH004714,Prime & Co,5967,Direct Marketing - Inbound,Hyderabad,TG,2025-04-23,495,HIGH,1833.52,T+2,QR_INSTORE,Y
MERCH004715,Aster Retail,5814,Fast Food Restaurants,Hyderabad,TG,2022-10-18,1413,LOW,254.6,T+1,POS_CARD,Y
MERCH004716,Nimbus Stores,5411,Grocery Stores / Supermarkets,Kolkata,WB,2022-02-09,1664,LOW,680.29,T+1,ONLINE_CHECKOUT,Y
MERCH004717,Shree Depot,5814,Fast Food Restaurants,Panaji,GA,2024-04-06,877,LOW,247.44,T+1,ONLINE_CHECKOUT,Y
MERCH004718,Shree & Co,4900,Utilities - Electric/Gas/Water,Hyderabad,TG,2023-09-25,1071,LOW,2535.44,T+1,POS_CARD,Y
MERCH004719,Metro Services,7011,Hotels / Lodging,Ahmedabad,GJ,2020-10-10,2151,MEDIUM,8590.33,T+2,ONLINE_CHECKOUT,Y
MERCH004720,Metro Ventures,7011,Hotels / Lodging,Kochi,KL,2025-04-12,506,MEDIUM,8710.28,T+1,QR_INSTORE,Y
MERCH004721,Zenith Enterprises,5651,Family Clothing Stores,Indore,MP,2020-12-15,2085,MEDIUM,1164.64,T+1,POS_CARD,Y
MERCH004722,Bharat Retail,5912,Drug Stores / Pharmacies,Pune,MH,2021-05-26,1923,LOW,404.58,T+1,QR_INSTORE,Y
MERCH004723,Vertex & Co,4900,Utilities - Electric/Gas/Water,Kochi,KL,2025-02-28,549,LOW,1293.42,T+1,POS_CARD,Y
MERCH004724,Shree Stores,5732,Electronics Stores,Mumbai,MH,2022-12-20,1350,MEDIUM,8243.58,T+1,QR_INSTORE,Y
MERCH004725,Shree Traders,5411,Grocery Stores / Supermarkets,Chennai,TN,2022-08-18,1474,LOW,733.08,T+2,POS_CARD,Y
MERCH004726,Prime Ventures,5541,Service Stations (Fuel),Panaji,GA,2020-10-02,2159,LOW,1819.49,T+1,ONLINE_CHECKOUT,Y
MERCH004727,Urban Ventures,5411,Grocery Stores / Supermarkets,Panaji,GA,2024-07-27,765,LOW,1206.73,T+2,QR_INSTORE,Y
MERCH004728,Sagar Hub,5651,Family Clothing Stores,Nagpur,MH,2020-12-15,2085,MEDIUM,1704.54,T+1,QR_INSTORE,Y
MERCH004729,Vertex Mart,5411,Grocery Stores / Supermarkets,Delhi,DL,2023-07-20,1138,LOW,543.06,T+1,QR_INSTORE,Y
MERCH004730,Aster Solutions,5541,Service Stations (Fuel),Guwahati,AS,2025-09-08,357,LOW,1341.77,T+2,QR_INSTORE,Y
MERCH004731,Aster Services,5411,Grocery Stores / Supermarkets,Guwahati,AS,2021-05-05,1944,LOW,691.51,T+1,QR_INSTORE,Y
MERCH004732,Zenith Stores,4900,Utilities - Electric/Gas/Water,Hyderabad,TG,2020-11-27,2103,LOW,1888.34,T+2,ONLINE_CHECKOUT,Y
MERCH004733,Urban Services,5912,Drug Stores / Pharmacies,Hyderabad,TG,2024-04-28,855,LOW,638.02,T+1,ONLINE_CHECKOUT,Y
MERCH004734,Nova Services,5411,Grocery Stores / Supermarkets,Indore,MP,2025-12-08,266,LOW,1005.52,T+2,QR_INSTORE,Y
MERCH004735,Rohan & Co,5651,Family Clothing Stores,Kolkata,WB,2022-11-01,1399,MEDIUM,2009.03,T+1,QR_INSTORE,Y
MERCH004736,Nimbus Mart,6051,Quasi-Cash / Wallet Load,Mumbai,MH,2021-07-28,1860,HIGH,5699.14,T+2,ONLINE_CHECKOUT,Y
MERCH004737,Lakshmi & Co,4900,Utilities - Electric/Gas/Water,Mumbai,MH,2024-03-26,888,LOW,1696.27,T+1,POS_CARD,Y
MERCH004738,Nimbus Stores,4121,Taxicabs / Ride Hailing,Hyderabad,TG,2022-06-05,1548,LOW,236.07,T+1,ONLINE_CHECKOUT,Y
MERCH004739,Urban Mart,7995,Betting / Gaming,Guwahati,AS,2023-05-06,1213,HIGH,4298.75,T+1,ONLINE_CHECKOUT,Y
MERCH004740,Zenith Depot,5411,Grocery Stores / Supermarkets,Bengaluru,KA,2021-07-22,1866,LOW,551.01,T+2,QR_INSTORE,Y
MERCH004741,Rohan Supply,5411,Grocery Stores / Supermarkets,Mumbai,MH,2023-06-04,1184,LOW,1263.79,T+1,QR_INSTORE,Y
MERCH004742,Urban Mart,5912,Drug Stores / Pharmacies,Nagpur,MH,2023-11-23,1012,LOW,468.3,T+1,ONLINE_CHECKOUT,Y
MERCH004743,Bharat Traders,5999,Miscellaneous Retail,Mumbai,MH,2024-12-17,622,MEDIUM,1236.63,T+2,QR_INSTORE,Y
MERCH004744,Shree Services,4121,Taxicabs / Ride Hailing,Pune,MH,2023-07-23,1135,LOW,311.67,T+1,ONLINE_CHECKOUT,Y
MERCH004745,Urban Retail,5814,Fast Food Restaurants,Mumbai,MH,2026-07-25,37,MEDIUM,216.27,T+2,POS_CARD,Y
MERCH004746,Sagar Supply,5651,Family Clothing Stores,Panaji,GA,2025-12-17,257,MEDIUM,1378.93,T+2,ONLINE_CHECKOUT,Y
MERCH004747,Krishna Traders,5732,Electronics Stores,Guwahati,AS,2024-01-04,970,MEDIUM,14312.01,T+2,ONLINE_CHECKOUT,Y
MERCH004748,Kalpana Solutions,5732,Electronics Stores,Chandigarh,CH,2026-01-27,216,MEDIUM,7576.67,T+1,POS_CARD,Y
MERCH004749,Prime Retail,5411,Grocery Stores / Supermarkets,Panaji,GA,2024-12-12,627,LOW,895.0,T+1,POS_CARD,Y
MERCH004750,Lakshmi Services,5411,Grocery Stores / Supermarkets,Delhi,DL,2025-02-13,564,LOW,889.77,T+1,QR_INSTORE,Y
MERCH004751,Vertex Supply,4722,Travel Agencies,Chandigarh,CH,2024-08-01,760,HIGH,29820.92,T+1,ONLINE_CHECKOUT,Y
MERCH004752,Krishna Hub,4121,Taxicabs / Ride Hailing,Chennai,TN,2021-10-02,1794,LOW,301.47,T+1,QR_INSTORE,Y
MERCH004753,Bharat Hub,5999,Miscellaneous Retail,Hyderabad,TG,2024-07-03,789,HIGH,748.85,T+1,POS_CARD,Y
MERCH004754,Shree Enterprises,5912,Drug Stores / Pharmacies,Lucknow,UP,2022-12-27,1343,LOW,725.62,T+1,QR_INSTORE,Y
MERCH004755,Nova Hub,4722,Travel Agencies,Chennai,TN,2021-03-12,1998,HIGH,13971.39,T+2,POS_CARD,Y
MERCH004756,Bharat Services,4900,Utilities - Electric/Gas/Water,Ahmedabad,GJ,2022-05-29,1555,LOW,2017.02,T+1,QR_INSTORE,Y
MERCH004757,Vertex Supply,5814,Fast Food Restaurants,Kochi,KL,2026-02-08,204,LOW,191.26,T+1,QR_INSTORE,Y
MERCH004758,Zenith Supply,5814,Fast Food Restaurants,Kolkata,WB,2024-09-03,727,HIGH,171.74,T+1,ONLINE_CHECKOUT,Y
MERCH004759,Aster & Co,5912,Drug Stores / Pharmacies,Nagpur,MH,2024-01-15,959,LOW,491.96,T+2,QR_INSTORE,Y
MERCH004760,Urban Mart,4900,Utilities - Electric/Gas/Water,Bengaluru,KA,2026-08-05,26,MEDIUM,2603.66,T+1,ONLINE_CHECKOUT,Y
MERCH004761,Anand Traders,5814,Fast Food Restaurants,Panaji,GA,2026-04-17,136,LOW,325.92,T+0,QR_INSTORE,Y
MERCH004762,Nova Enterprises,5651,Family Clothing Stores,Mumbai,MH,2026-01-10,233,MEDIUM,1339.96,T+2,ONLINE_CHECKOUT,Y
MERCH004763,Prime Stores,5814,Fast Food Restaurants,Bengaluru,KA,2022-11-07,1393,LOW,225.03,T+1,QR_INSTORE,Y
MERCH004764,Metro Depot,5411,Grocery Stores / Supermarkets,Kolkata,WB,2025-07-11,416,LOW,711.01,T+1,QR_INSTORE,Y
MERCH004765,Sagar Ventures,5411,Grocery Stores / Supermarkets,Guwahati,AS,2025-02-10,567,LOW,638.12,T+1,QR_INSTORE,Y
MERCH004766,Bharat & Co,5411,Grocery Stores / Supermarkets,Delhi,DL,2025-06-03,454,LOW,1260.06,T+1,ONLINE_CHECKOUT,Y
MERCH004767,Kalpana Traders,5651,Family Clothing Stores,Panaji,GA,2024-08-02,759,MEDIUM,2459.86,T+2,QR_INSTORE,Y
MERCH004768,Sagar Supply,5814,Fast Food Restaurants,Delhi,DL,2026-06-15,77,MEDIUM,375.26,T+0,POS_CARD,Y
MERCH004769,Aster Hub,5541,Service Stations (Fuel),Lucknow,UP,2022-11-08,1392,LOW,1527.3,T+1,ONLINE_CHECKOUT,Y
MERCH004770,Rohan Depot,7995,Betting / Gaming,Pune,MH,2022-04-26,1588,HIGH,2160.16,T+2,QR_INSTORE,Y
MERCH004771,Vertex Services,5912,Drug Stores / Pharmacies,Mumbai,MH,2024-05-15,838,LOW,650.55,T+1,ONLINE_CHECKOUT,Y
MERCH004772,Krishna Enterprises,4121,Taxicabs / Ride Hailing,Panaji,GA,2025-09-16,349,LOW,348.26,T+2,POS_CARD,Y
MERCH004773,Urban Enterprises,5411,Grocery Stores / Supermarkets,Ahmedabad,GJ,2024-06-02,820,LOW,1089.3,T+0,POS_CARD,Y
MERCH004774,Urban Services,5814,Fast Food Restaurants,Chandigarh,CH,2021-09-17,1809,LOW,244.42,T+1,ONLINE_CHECKOUT,Y
MERCH004775,Nimbus Stores,5814,Fast Food Restaurants,Bengaluru,KA,2025-05-10,478,LOW,159.83,T+1,ONLINE_CHECKOUT,Y
MERCH004776,Lakshmi Traders,5814,Fast Food Restaurants,Chennai,TN,2024-04-26,857,LOW,299.0,T+2,QR_INSTORE,Y
MERCH004777,Sagar Stores,5411,Grocery Stores / Supermarkets,Mumbai,MH,2025-08-09,387,LOW,920.82,T+1,QR_INSTORE,Y
MERCH004778,Prime Supply,5651,Family Clothing Stores,Chandigarh,CH,2023-06-30,1158,MEDIUM,1505.72,T+1,ONLINE_CHECKOUT,Y
MERCH004779,Bharat Ventures,4722,Travel Agencies,Kolkata,WB,2022-09-21,1440,HIGH,14801.54,T+1,ONLINE_CHECKOUT,Y
MERCH004780,Lakshmi & Co,5541,Service Stations (Fuel),Pune,MH,2025-09-26,339,LOW,1651.68,T+1,QR_INSTORE,Y
MERCH004781,Urban Retail,7011,Hotels / Lodging,Mumbai,MH,2024-04-19,864,MEDIUM,6168.78,T+1,ONLINE_CHECKOUT,Y
MERCH004782,Aster & Co,4722,Travel Agencies,Kolkata,WB,2023-04-09,1240,HIGH,17062.12,T+1,ONLINE_CHECKOUT,Y
MERCH004783,Rohan Hub,4722,Travel Agencies,Kolkata,WB,2021-12-30,1705,HIGH,15509.53,T+1,ONLINE_CHECKOUT,Y
MERCH004784,Nimbus Retail,5999,Miscellaneous Retail,Mumbai,MH,2023-03-27,1253,MEDIUM,1230.76,T+1,POS_CARD,Y
MERCH004785,Urban Solutions,7011,Hotels / Lodging,Chennai,TN,2021-02-14,2024,MEDIUM,7307.82,T+0,QR_INSTORE,Y
MERCH004786,Kalpana Ventures,5541,Service Stations (Fuel),Kolkata,WB,2023-05-21,1198,LOW,1226.61,T+2,POS_CARD,Y
MERCH004787,Bharat & Co,5541,Service Stations (Fuel),Guwahati,AS,2023-05-13,1206,LOW,1396.66,T+1,POS_CARD,Y
MERCH004788,Nova Hub,5411,Grocery Stores / Supermarkets,Delhi,DL,2022-09-14,1447,LOW,1008.73,T+1,QR_INSTORE,Y
MERCH004789,Urban Stores,5814,Fast Food Restaurants,Hyderabad,TG,2022-10-29,1402,LOW,170.29,T+1,ONLINE_CHECKOUT,Y
MERCH004790,Nimbus & Co,5814,Fast Food Restaurants,Hyderabad,TG,2022-10-27,1404,LOW,325.58,T+2,QR_INSTORE,Y
MERCH004791,Nimbus Retail,5814,Fast Food Restaurants,Hyderabad,TG,2023-10-06,1060,LOW,193.53,T+2,POS_CARD,Y
MERCH004792,Sagar Supply,7995,Betting / Gaming,Guwahati,AS,2022-04-02,1612,HIGH,4697.11,T+2,QR_INSTORE,Y
MERCH004793,Krishna & Co,5912,Drug Stores / Pharmacies,Jaipur,RJ,2023-07-17,1141,LOW,564.48,T+1,ONLINE_CHECKOUT,Y
MERCH004794,Nimbus Solutions,5912,Drug Stores / Pharmacies,Lucknow,UP,2022-01-01,1703,LOW,669.14,T+1,ONLINE_CHECKOUT,Y
MERCH004795,Krishna Ventures,5912,Drug Stores / Pharmacies,Jaipur,RJ,2022-09-08,1453,LOW,423.79,T+2,ONLINE_CHECKOUT,Y
MERCH004796,Nova Traders,7011,Hotels / Lodging,Delhi,DL,2021-06-07,1911,MEDIUM,7623.43,T+0,ONLINE_CHECKOUT,Y
MERCH004797,Krishna & Co,7011,Hotels / Lodging,Chennai,TN,2024-07-19,773,MEDIUM,4674.42,T+1,POS_CARD,Y
MERCH004798,Shree Hub,5411,Grocery Stores / Supermarkets,Indore,MP,2022-03-23,1622,LOW,732.52,T+2,POS_CARD,Y
MERCH004799,Shree & Co,5732,Electronics Stores,Kolkata,WB,2021-07-10,1878,MEDIUM,14380.51,T+0,QR_INSTORE,Y
MERCH004800,Zenith Hub,5814,Fast Food Restaurants,Kolkata,WB,2022-08-24,1468,LOW,297.95,T+1,ONLINE_CHECKOUT,Y
MERCH004801,Anand & Co,7011,Hotels / Lodging,Mumbai,MH,2024-10-01,699,MEDIUM,9060.89,T+1,QR_INSTORE,Y
MERCH004802,Vertex Mart,5814,Fast Food Restaurants,Jaipur,RJ,2020-10-14,2147,LOW,327.99,T+2,ONLINE_CHECKOUT,Y
MERCH004803,Zenith Stores,4722,Travel Agencies,Hyderabad,TG,2021-07-11,1877,HIGH,24569.35,T+1,QR_INSTORE,Y
MERCH004804,Aster & Co,5814,Fast Food Restaurants,Kochi,KL,2026-03-02,182,LOW,237.44,T+1,ONLINE_CHECKOUT,Y
MERCH004805,Metro & Co,7011,Hotels / Lodging,Panaji,GA,2024-02-08,935,MEDIUM,4451.74,T+1,QR_INSTORE,Y
MERCH004806,Kalpana Solutions,5814,Fast Food Restaurants,Chennai,TN,2025-02-03,574,LOW,342.98,T+1,ONLINE_CHECKOUT,Y
MERCH004807,Rohan Depot,5541,Service Stations (Fuel),Mumbai,MH,2023-02-15,1293,LOW,1176.57,T+1,QR_INSTORE,Y
MERCH004808,Metro Traders,5999,Miscellaneous Retail,Chandigarh,CH,2022-03-22,1623,MEDIUM,586.0,T+1,POS_CARD,Y
MERCH004809,Prime Enterprises,5967,Direct Marketing - Inbound,Pune,MH,2021-09-03,1823,HIGH,1263.38,T+1,ONLINE_CHECKOUT,N
MERCH004810,Nova Enterprises,7011,Hotels / Lodging,Ahmedabad,GJ,2025-05-08,480,MEDIUM,5588.71,T+1,ONLINE_CHECKOUT,Y
MERCH004811,Lakshmi Solutions,4121,Taxicabs / Ride Hailing,Indore,MP,2025-03-15,534,LOW,163.84,T+1,ONLINE_CHECKOUT,Y
MERCH004812,Nimbus Stores,5411,Grocery Stores / Supermarkets,Guwahati,AS,2023-09-12,1084,LOW,1108.44,T+1,ONLINE_CHECKOUT,Y
MERCH004813,Zenith Retail,4900,Utilities - Electric/Gas/Water,Mumbai,MH,2025-08-20,376,LOW,1744.84,T+0,QR_INSTORE,Y
MERCH004814,Nova Enterprises,5411,Grocery Stores / Supermarkets,Pune,MH,2025-09-11,354,LOW,964.46,T+1,ONLINE_CHECKOUT,Y
MERCH004815,Vertex Depot,5541,Service Stations (Fuel),Kochi,KL,2025-08-09,387,LOW,1135.4,T+1,QR_INSTORE,Y
MERCH004816,Zenith Enterprises,5814,Fast Food Restaurants,Pune,MH,2022-01-25,1679,LOW,367.81,T+1,ONLINE_CHECKOUT,Y
MERCH004817,Zenith Depot,5912,Drug Stores / Pharmacies,Lucknow,UP,2025-11-14,290,LOW,636.46,T+2,QR_INSTORE,Y
MERCH004818,Nova Mart,5411,Grocery Stores / Supermarkets,Chennai,TN,2023-12-01,1004,LOW,1175.14,T+1,ONLINE_CHECKOUT,Y
MERCH004819,Aster Traders,7011,Hotels / Lodging,Chennai,TN,2022-10-15,1416,MEDIUM,5576.3,T+2,POS_CARD,Y
MERCH004820,Sagar Retail,5912,Drug Stores / Pharmacies,Bengaluru,KA,2026-02-25,187,LOW,683.02,T+2,QR_INSTORE,Y
MERCH004821,Aster & Co,5814,Fast Food Restaurants,Hyderabad,TG,2021-10-05,1791,LOW,386.34,T+1,QR_INSTORE,Y
MERCH004822,Metro Enterprises,7011,Hotels / Lodging,Chennai,TN,2022-07-05,1518,MEDIUM,8497.23,T+1,QR_INSTORE,Y
MERCH004823,Nimbus Solutions,4900,Utilities - Electric/Gas/Water,Mumbai,MH,2025-04-06,512,LOW,2382.98,T+2,QR_INSTORE,Y
MERCH004824,Urban Hub,4121,Taxicabs / Ride Hailing,Kochi,KL,2026-04-04,149,LOW,338.22,T+2,QR_INSTORE,Y
MERCH004825,Nimbus Depot,6051,Quasi-Cash / Wallet Load,Delhi,DL,2022-01-18,1686,MEDIUM,4492.04,T+1,QR_INSTORE,Y
MERCH004826,Urban Mart,5732,Electronics Stores,Bengaluru,KA,2024-02-26,917,MEDIUM,9278.1,T+2,QR_INSTORE,Y
MERCH004827,Rohan Ventures,5999,Miscellaneous Retail,Mumbai,MH,2024-02-16,927,MEDIUM,1295.75,T+1,ONLINE_CHECKOUT,Y
MERCH004828,Bharat Services,5651,Family Clothing Stores,Indore,MP,2021-04-06,1973,MEDIUM,1691.81,T+1,ONLINE_CHECKOUT,Y
MERCH004829,Vertex Hub,5411,Grocery Stores / Supermarkets,Lucknow,UP,2025-09-01,364,LOW,1091.2,T+1,POS_CARD,Y
MERCH004830,Urban Enterprises,5814,Fast Food Restaurants,Ahmedabad,GJ,2024-06-18,804,LOW,283.27,T+0,QR_INSTORE,Y
MERCH004831,Urban Retail,5541,Service Stations (Fuel),Ahmedabad,GJ,2023-01-02,1337,LOW,1841.65,T+1,POS_CARD,Y
MERCH004832,Bharat Supply,5814,Fast Food Restaurants,Jaipur,RJ,2026-03-01,183,LOW,259.75,T+0,ONLINE_CHECKOUT,Y
MERCH004833,Prime Depot,5651,Family Clothing Stores,Mumbai,MH,2024-12-08,631,MEDIUM,1245.29,T+1,ONLINE_CHECKOUT,Y
MERCH004834,Nova Traders,5912,Drug Stores / Pharmacies,Mumbai,MH,2026-04-21,132,LOW,757.16,T+1,ONLINE_CHECKOUT,Y
MERCH004835,Vertex Solutions,5814,Fast Food Restaurants,Kochi,KL,2025-12-09,265,LOW,292.15,T+0,QR_INSTORE,Y
MERCH004836,Nimbus Mart,5732,Electronics Stores,Pune,MH,2021-09-20,1806,MEDIUM,14613.48,T+1,ONLINE_CHECKOUT,Y
MERCH004837,Anand Solutions,5541,Service Stations (Fuel),Panaji,GA,2024-04-17,866,LOW,1586.59,T+1,POS_CARD,Y
MERCH004838,Aster Stores,4722,Travel Agencies,Chennai,TN,2024-07-02,790,HIGH,20249.36,T+2,ONLINE_CHECKOUT,Y
MERCH004839,Lakshmi Mart,5541,Service Stations (Fuel),Chandigarh,CH,2023-05-03,1216,LOW,1047.84,T+1,ONLINE_CHECKOUT,Y
MERCH004840,Vertex Services,5999,Miscellaneous Retail,Indore,MP,2024-10-15,685,MEDIUM,796.69,T+1,ONLINE_CHECKOUT,Y
MERCH004841,Prime Depot,4722,Travel Agencies,Delhi,DL,2023-08-01,1126,HIGH,30976.79,T+1,QR_INSTORE,Y
MERCH004842,Urban Enterprises,5814,Fast Food Restaurants,Kolkata,WB,2022-02-22,1651,LOW,311.64,T+2,QR_INSTORE,Y
MERCH004843,Nova & Co,5967,Direct Marketing - Inbound,Nagpur,MH,2025-05-17,471,HIGH,1193.41,T+1,POS_CARD,N
MERCH004844,Urban Hub,5651,Family Clothing Stores,Ahmedabad,GJ,2025-12-30,244,MEDIUM,1342.97,T+2,POS_CARD,Y
MERCH004845,Nimbus Retail,7011,Hotels / Lodging,Nagpur,MH,2023-10-09,1057,MEDIUM,4979.47,T+2,QR_INSTORE,Y
MERCH004846,Bharat Traders,7011,Hotels / Lodging,Mumbai,MH,2021-03-04,2006,MEDIUM,9080.26,T+0,ONLINE_CHECKOUT,Y
MERCH004847,Lakshmi Depot,7995,Betting / Gaming,Chennai,TN,2023-10-23,1043,HIGH,2919.14,T+1,ONLINE_CHECKOUT,Y
MERCH004848,Vertex Hub,5999,Miscellaneous Retail,Kolkata,WB,2023-09-05,1091,MEDIUM,959.05,T+1,QR_INSTORE,Y
MERCH004849,Metro & Co,5651,Family Clothing Stores,Panaji,GA,2020-09-11,2180,MEDIUM,1717.04,T+2,QR_INSTORE,Y
MERCH004850,Aster & Co,4121,Taxicabs / Ride Hailing,Chandigarh,CH,2026-06-01,91,LOW,279.82,T+1,QR_INSTORE,Y
MERCH004851,Prime Traders,5912,Drug Stores / Pharmacies,Chennai,TN,2023-04-06,1243,LOW,755.46,T+2,QR_INSTORE,Y
MERCH004852,Vertex & Co,5967,Direct Marketing - Inbound,Pune,MH,2022-08-03,1489,HIGH,1411.62,T+2,QR_INSTORE,Y
MERCH004853,Nimbus Solutions,5411,Grocery Stores / Supermarkets,Mumbai,MH,2021-01-09,2060,LOW,936.92,T+1,ONLINE_CHECKOUT,Y
MERCH004854,Vertex Retail,5541,Service Stations (Fuel),Indore,MP,2021-03-08,2002,LOW,1473.17,T+2,QR_INSTORE,Y
MERCH004855,Nova Retail,5999,Miscellaneous Retail,Guwahati,AS,2026-08-03,28,HIGH,773.29,T+1,QR_INSTORE,Y
MERCH004856,Urban Services,4900,Utilities - Electric/Gas/Water,Hyderabad,TG,2025-02-21,556,LOW,1414.07,T+1,ONLINE_CHECKOUT,Y
MERCH004857,Nimbus & Co,5651,Family Clothing Stores,Chandigarh,CH,2020-09-04,2187,MEDIUM,2442.65,T+1,ONLINE_CHECKOUT,Y
MERCH004858,Metro Enterprises,5999,Miscellaneous Retail,Delhi,DL,2022-10-24,1407,MEDIUM,854.5,T+2,ONLINE_CHECKOUT,Y
MERCH004859,Zenith Mart,5541,Service Stations (Fuel),Indore,MP,2025-03-27,522,LOW,1457.38,T+1,QR_INSTORE,Y
MERCH004860,Lakshmi Ventures,5732,Electronics Stores,Hyderabad,TG,2021-08-26,1831,MEDIUM,10229.39,T+2,ONLINE_CHECKOUT,Y
MERCH004861,Shree Mart,4900,Utilities - Electric/Gas/Water,Kolkata,WB,2026-02-27,185,LOW,2255.83,T+1,ONLINE_CHECKOUT,Y
MERCH004862,Bharat Services,4900,Utilities - Electric/Gas/Water,Guwahati,AS,2023-10-02,1064,LOW,1546.1,T+1,QR_INSTORE,Y
MERCH004863,Zenith Ventures,5541,Service Stations (Fuel),Guwahati,AS,2022-04-25,1589,LOW,1749.0,T+1,ONLINE_CHECKOUT,Y
MERCH004864,Krishna Stores,5814,Fast Food Restaurants,Kochi,KL,2026-04-02,151,LOW,202.38,T+2,POS_CARD,Y
MERCH004865,Krishna Stores,4900,Utilities - Electric/Gas/Water,Lucknow,UP,2020-12-31,2069,LOW,1827.76,T+0,QR_INSTORE,Y
MERCH004866,Prime Enterprises,5814,Fast Food Restaurants,Hyderabad,TG,2021-01-16,2053,LOW,375.0,T+1,QR_INSTORE,Y
MERCH004867,Vertex & Co,5651,Family Clothing Stores,Indore,MP,2022-07-02,1521,MEDIUM,2070.08,T+1,POS_CARD,Y
MERCH004868,Metro Services,4900,Utilities - Electric/Gas/Water,Indore,MP,2026-07-01,61,MEDIUM,2548.52,T+1,QR_INSTORE,Y
MERCH004869,Sagar Solutions,5912,Drug Stores / Pharmacies,Indore,MP,2020-12-26,2074,LOW,623.37,T+1,POS_CARD,Y
MERCH004870,Prime Hub,5967,Direct Marketing - Inbound,Chennai,TN,2024-02-14,929,HIGH,1933.52,T+1,ONLINE_CHECKOUT,N
MERCH004871,Krishna Services,7995,Betting / Gaming,Guwahati,AS,2022-08-20,1472,HIGH,3473.55,T+2,QR_INSTORE,Y
MERCH004872,Vertex Ventures,5999,Miscellaneous Retail,Kolkata,WB,2024-05-18,835,MEDIUM,836.55,T+1,QR_INSTORE,Y
MERCH004873,Krishna Stores,5541,Service Stations (Fuel),Delhi,DL,2022-10-13,1418,LOW,1106.8,T+1,ONLINE_CHECKOUT,Y
MERCH004874,Urban Depot,5814,Fast Food Restaurants,Pune,MH,2022-10-20,1411,LOW,241.16,T+0,ONLINE_CHECKOUT,Y
MERCH004875,Bharat Hub,5999,Miscellaneous Retail,Chennai,TN,2020-08-27,2195,MEDIUM,1249.55,T+2,ONLINE_CHECKOUT,Y
MERCH004876,Nimbus Solutions,5814,Fast Food Restaurants,Jaipur,RJ,2020-08-27,2195,LOW,389.07,T+1,ONLINE_CHECKOUT,Y
MERCH004877,Prime Solutions,5411,Grocery Stores / Supermarkets,Guwahati,AS,2020-12-20,2080,LOW,716.2,T+1,ONLINE_CHECKOUT,Y
MERCH004878,Nova Mart,5651,Family Clothing Stores,Bengaluru,KA,2025-01-12,596,MEDIUM,1994.02,T+1,POS_CARD,Y
MERCH004879,Bharat Depot,5541,Service Stations (Fuel),Ahmedabad,GJ,2021-02-22,2016,LOW,1565.3,T+1,POS_CARD,Y
MERCH004880,Rohan & Co,5814,Fast Food Restaurants,Guwahati,AS,2022-04-02,1612,LOW,330.66,T+1,ONLINE_CHECKOUT,Y
MERCH004881,Urban Ventures,5541,Service Stations (Fuel),Jaipur,RJ,2022-04-15,1599,LOW,1295.38,T+1,QR_INSTORE,Y
MERCH004882,Nimbus Ventures,5732,Electronics Stores,Chennai,TN,2024-07-22,770,MEDIUM,13470.01,T+1,POS_CARD,Y
MERCH004883,Prime Retail,4121,Taxicabs / Ride Hailing,Indore,MP,2023-11-25,1010,LOW,322.95,T+1,ONLINE_CHECKOUT,Y
MERCH004884,Krishna Enterprises,5999,Miscellaneous Retail,Jaipur,RJ,2021-09-08,1818,MEDIUM,1410.92,T+2,ONLINE_CHECKOUT,Y
MERCH004885,Nimbus Stores,5541,Service Stations (Fuel),Kochi,KL,2025-02-13,564,LOW,1313.2,T+1,ONLINE_CHECKOUT,Y
MERCH004886,Rohan Ventures,4121,Taxicabs / Ride Hailing,Chennai,TN,2025-11-15,289,LOW,357.36,T+2,ONLINE_CHECKOUT,Y
MERCH004887,Krishna Depot,5411,Grocery Stores / Supermarkets,Lucknow,UP,2026-03-10,174,LOW,853.04,T+1,POS_CARD,Y
MERCH004888,Metro Hub,5814,Fast Food Restaurants,Nagpur,MH,2023-03-10,1270,LOW,267.17,T+1,QR_INSTORE,Y
MERCH004889,Krishna Mart,5814,Fast Food Restaurants,Bengaluru,KA,2025-03-25,524,LOW,214.2,T+2,POS_CARD,Y
MERCH004890,Sagar Stores,5732,Electronics Stores,Ahmedabad,GJ,2025-02-07,570,MEDIUM,10266.86,T+0,ONLINE_CHECKOUT,Y
MERCH004891,Kalpana Supply,4900,Utilities - Electric/Gas/Water,Panaji,GA,2022-10-31,1400,LOW,2164.47,T+2,QR_INSTORE,N
MERCH004892,Krishna Retail,5732,Electronics Stores,Guwahati,AS,2026-02-20,192,MEDIUM,13937.35,T+1,QR_INSTORE,Y
MERCH004893,Aster Retail,6051,Quasi-Cash / Wallet Load,Mumbai,MH,2021-09-16,1810,HIGH,7082.56,T+2,QR_INSTORE,Y
MERCH004894,Shree Services,5541,Service Stations (Fuel),Chandigarh,CH,2023-01-09,1330,LOW,1035.45,T+2,ONLINE_CHECKOUT,Y
MERCH004895,Sagar Retail,7011,Hotels / Lodging,Chandigarh,CH,2024-08-18,743,MEDIUM,7617.24,T+1,ONLINE_CHECKOUT,Y
MERCH004896,Metro Ventures,4121,Taxicabs / Ride Hailing,Pune,MH,2024-06-02,820,LOW,280.51,T+1,QR_INSTORE,Y
MERCH004897,Rohan Depot,5541,Service Stations (Fuel),Indore,MP,2021-09-14,1812,LOW,1580.62,T+1,POS_CARD,Y
MERCH004898,Zenith Ventures,5912,Drug Stores / Pharmacies,Guwahati,AS,2023-03-17,1263,LOW,503.46,T+0,QR_INSTORE,Y
MERCH004899,Urban Depot,4900,Utilities - Electric/Gas/Water,Nagpur,MH,2022-06-27,1526,LOW,2345.56,T+2,QR_INSTORE,Y
MERCH004900,Aster Services,5912,Drug Stores / Pharmacies,Kochi,KL,2026-06-21,71,MEDIUM,444.66,T+1,QR_INSTORE,Y
MERCH004901,Shree Ventures,4722,Travel Agencies,Bengaluru,KA,2021-05-15,1934,HIGH,26798.38,T+1,ONLINE_CHECKOUT,Y
MERCH004902,Shree Hub,5814,Fast Food Restaurants,Jaipur,RJ,2024-08-23,738,LOW,234.63,T+2,POS_CARD,Y
MERCH004903,Lakshmi Mart,5651,Family Clothing Stores,Hyderabad,TG,2023-12-13,992,MEDIUM,2314.24,T+2,ONLINE_CHECKOUT,Y
MERCH004904,Urban Mart,5999,Miscellaneous Retail,Kolkata,WB,2024-06-23,799,MEDIUM,985.88,T+2,QR_INSTORE,Y
MERCH004905,Zenith Traders,5651,Family Clothing Stores,Chandigarh,CH,2021-04-23,1956,MEDIUM,1554.39,T+1,QR_INSTORE,Y
MERCH004906,Sagar Ventures,5651,Family Clothing Stores,Bengaluru,KA,2023-08-14,1113,MEDIUM,1216.85,T+0,QR_INSTORE,Y
MERCH004907,Urban Hub,5999,Miscellaneous Retail,Nagpur,MH,2021-12-21,1714,MEDIUM,660.03,T+0,ONLINE_CHECKOUT,Y
MERCH004908,Anand Retail,4722,Travel Agencies,Kochi,KL,2024-08-31,730,HIGH,24044.67,T+1,ONLINE_CHECKOUT,Y
MERCH004909,Anand Hub,5411,Grocery Stores / Supermarkets,Guwahati,AS,2024-10-06,694,LOW,638.78,T+1,QR_INSTORE,Y
MERCH004910,Lakshmi Enterprises,5732,Electronics Stores,Nagpur,MH,2022-12-09,1361,MEDIUM,7377.01,T+1,ONLINE_CHECKOUT,Y
MERCH004911,Sagar Retail,5541,Service Stations (Fuel),Panaji,GA,2023-04-03,1246,LOW,1426.75,T+2,POS_CARD,Y
MERCH004912,Anand Stores,5814,Fast Food Restaurants,Jaipur,RJ,2022-04-25,1589,LOW,336.85,T+1,QR_INSTORE,Y
MERCH004913,Bharat Hub,5814,Fast Food Restaurants,Kochi,KL,2021-07-08,1880,LOW,305.16,T+1,QR_INSTORE,Y
MERCH004914,Kalpana & Co,5541,Service Stations (Fuel),Panaji,GA,2021-08-11,1846,LOW,1443.19,T+0,POS_CARD,Y
MERCH004915,Bharat Mart,5814,Fast Food Restaurants,Chandigarh,CH,2022-03-22,1623,LOW,206.34,T+1,QR_INSTORE,Y
MERCH004916,Nova Enterprises,5814,Fast Food Restaurants,Jaipur,RJ,2020-12-11,2089,LOW,227.0,T+1,ONLINE_CHECKOUT,Y
MERCH004917,Krishna Solutions,4722,Travel Agencies,Hyderabad,TG,2020-10-09,2152,HIGH,16150.79,T+1,QR_INSTORE,Y
MERCH004918,Prime Enterprises,5541,Service Stations (Fuel),Nagpur,MH,2026-04-13,140,LOW,1733.63,T+1,POS_CARD,Y
MERCH004919,Rohan Depot,5651,Family Clothing Stores,Mumbai,MH,2024-05-25,828,MEDIUM,1254.72,T+1,QR_INSTORE,Y
MERCH004920,Krishna Supply,5912,Drug Stores / Pharmacies,Chennai,TN,2021-09-28,1798,LOW,634.22,T+2,POS_CARD,Y
MERCH004921,Metro Traders,5411,Grocery Stores / Supermarkets,Bengaluru,KA,2023-01-30,1309,LOW,1002.54,T+1,POS_CARD,Y
MERCH004922,Nova Hub,5732,Electronics Stores,Mumbai,MH,2022-07-14,1509,MEDIUM,9636.73,T+1,POS_CARD,Y
MERCH004923,Vertex Stores,5814,Fast Food Restaurants,Indore,MP,2023-04-13,1236,LOW,381.95,T+1,ONLINE_CHECKOUT,Y
MERCH004924,Rohan Stores,5411,Grocery Stores / Supermarkets,Guwahati,AS,2024-01-23,951,LOW,540.37,T+1,POS_CARD,Y
MERCH004925,Nimbus Supply,5814,Fast Food Restaurants,Nagpur,MH,2023-02-12,1296,LOW,162.97,T+2,QR_INSTORE,Y
MERCH004926,Kalpana Retail,5814,Fast Food Restaurants,Pune,MH,2026-06-17,75,HIGH,361.84,T+1,QR_INSTORE,Y
MERCH004927,Lakshmi Hub,7995,Betting / Gaming,Kochi,KL,2023-10-22,1044,HIGH,3859.16,T+1,POS_CARD,Y
MERCH004928,Nova Enterprises,5541,Service Stations (Fuel),Bengaluru,KA,2024-01-14,960,LOW,876.63,T+2,ONLINE_CHECKOUT,Y
MERCH004929,Rohan Solutions,5912,Drug Stores / Pharmacies,Kochi,KL,2021-02-17,2021,LOW,351.67,T+1,POS_CARD,Y
MERCH004930,Prime Traders,5541,Service Stations (Fuel),Kochi,KL,2022-06-10,1543,LOW,1230.53,T+2,ONLINE_CHECKOUT,Y
MERCH004931,Rohan Solutions,5814,Fast Food Restaurants,Jaipur,RJ,2021-11-28,1737,LOW,320.53,T+1,ONLINE_CHECKOUT,Y
MERCH004932,Urban Solutions,5651,Family Clothing Stores,Chennai,TN,2023-05-01,1218,MEDIUM,1272.82,T+1,ONLINE_CHECKOUT,Y
MERCH004933,Vertex Enterprises,5651,Family Clothing Stores,Bengaluru,KA,2021-05-08,1941,LOW,2015.33,T+1,QR_INSTORE,N
MERCH004934,Aster Ventures,5651,Family Clothing Stores,Kolkata,WB,2021-10-08,1788,HIGH,1593.71,T+2,QR_INSTORE,Y
MERCH004935,Shree Supply,4121,Taxicabs / Ride Hailing,Chandigarh,CH,2021-06-10,1908,LOW,356.43,T+1,QR_INSTORE,Y
MERCH004936,Lakshmi Mart,4900,Utilities - Electric/Gas/Water,Chennai,TN,2022-10-11,1420,LOW,2187.03,T+1,POS_CARD,Y
MERCH004937,Metro Stores,4900,Utilities - Electric/Gas/Water,Delhi,DL,2020-10-15,2146,LOW,2349.41,T+1,ONLINE_CHECKOUT,Y
MERCH004938,Anand Enterprises,4121,Taxicabs / Ride Hailing,Nagpur,MH,2025-06-18,439,LOW,278.21,T+0,QR_INSTORE,Y
MERCH004939,Sagar Depot,5411,Grocery Stores / Supermarkets,Bengaluru,KA,2025-11-15,289,MEDIUM,1094.27,T+1,POS_CARD,Y
MERCH004940,Anand Mart,5411,Grocery Stores / Supermarkets,Chandigarh,CH,2025-02-21,556,LOW,1017.89,T+2,POS_CARD,Y
MERCH004941,Aster Enterprises,5912,Drug Stores / Pharmacies,Delhi,DL,2023-01-29,1310,MEDIUM,531.66,T+2,QR_INSTORE,Y
MERCH004942,Metro Stores,5814,Fast Food Restaurants,Bengaluru,KA,2023-06-03,1185,LOW,196.52,T+1,QR_INSTORE,Y
MERCH004943,Shree Solutions,4722,Travel Agencies,Chennai,TN,2025-05-17,471,HIGH,13733.51,T+1,QR_INSTORE,Y
MERCH004944,Anand Enterprises,5411,Grocery Stores / Supermarkets,Kochi,KL,2026-02-21,191,LOW,880.26,T+2,POS_CARD,Y
MERCH004945,Prime Supply,5541,Service Stations (Fuel),Lucknow,UP,2020-09-27,2164,LOW,896.35,T+1,QR_INSTORE,Y
MERCH004946,Sagar Retail,5411,Grocery Stores / Supermarkets,Hyderabad,TG,2021-01-21,2048,LOW,1018.22,T+1,ONLINE_CHECKOUT,Y
MERCH004947,Zenith & Co,4900,Utilities - Electric/Gas/Water,Jaipur,RJ,2024-10-04,696,LOW,2322.73,T+1,QR_INSTORE,Y
MERCH004948,Rohan Enterprises,5651,Family Clothing Stores,Delhi,DL,2023-03-27,1253,MEDIUM,1186.52,T+0,POS_CARD,Y
MERCH004949,Urban Solutions,5541,Service Stations (Fuel),Hyderabad,TG,2023-12-06,999,LOW,1306.78,T+1,QR_INSTORE,Y
MERCH004950,Nimbus & Co,5814,Fast Food Restaurants,Bengaluru,KA,2020-09-28,2163,LOW,386.99,T+1,ONLINE_CHECKOUT,Y
MERCH004951,Anand Services,5411,Grocery Stores / Supermarkets,Pune,MH,2024-11-17,652,LOW,987.45,T+2,POS_CARD,Y
MERCH004952,Prime Retail,5912,Drug Stores / Pharmacies,Indore,MP,2023-11-30,1005,LOW,474.92,T+1,ONLINE_CHECKOUT,Y
MERCH004953,Sagar Traders,5999,Miscellaneous Retail,Nagpur,MH,2023-04-22,1227,MEDIUM,977.67,T+1,POS_CARD,Y
MERCH004954,Kalpana Mart,5999,Miscellaneous Retail,Panaji,GA,2021-09-23,1803,MEDIUM,1402.58,T+1,QR_INSTORE,Y
MERCH004955,Anand Retail,5732,Electronics Stores,Jaipur,RJ,2022-01-28,1676,MEDIUM,12782.76,T+1,ONLINE_CHECKOUT,Y
MERCH004956,Anand Services,5814,Fast Food Restaurants,Kolkata,WB,2021-03-23,1987,LOW,261.53,T+1,QR_INSTORE,Y
MERCH004957,Prime Stores,5814,Fast Food Restaurants,Hyderabad,TG,2025-04-22,496,LOW,369.64,T+1,QR_INSTORE,Y
MERCH004958,Zenith Stores,4722,Travel Agencies,Nagpur,MH,2022-07-30,1493,HIGH,14624.76,T+1,QR_INSTORE,Y
MERCH004959,Nimbus Mart,7011,Hotels / Lodging,Jaipur,RJ,2021-08-08,1849,MEDIUM,6159.79,T+1,QR_INSTORE,Y
MERCH004960,Bharat Services,5814,Fast Food Restaurants,Chandigarh,CH,2024-05-30,823,LOW,183.76,T+2,ONLINE_CHECKOUT,Y
MERCH004961,Kalpana & Co,5912,Drug Stores / Pharmacies,Chandigarh,CH,2025-12-11,263,LOW,719.33,T+1,ONLINE_CHECKOUT,Y
MERCH004962,Bharat Mart,5541,Service Stations (Fuel),Kochi,KL,2026-01-20,223,LOW,1658.61,T+2,QR_INSTORE,Y
MERCH004963,Kalpana & Co,5541,Service Stations (Fuel),Kochi,KL,2023-04-17,1232,LOW,1227.24,T+2,ONLINE_CHECKOUT,Y
MERCH004964,Urban Enterprises,4900,Utilities - Electric/Gas/Water,Chennai,TN,2024-08-22,739,LOW,2226.09,T+1,ONLINE_CHECKOUT,Y
MERCH004965,Urban Retail,4900,Utilities - Electric/Gas/Water,Jaipur,RJ,2024-07-29,763,LOW,1626.32,T+1,POS_CARD,Y
MERCH004966,Lakshmi Enterprises,5651,Family Clothing Stores,Bengaluru,KA,2024-09-01,729,MEDIUM,2553.0,T+1,QR_INSTORE,Y
MERCH004967,Sagar Ventures,5814,Fast Food Restaurants,Nagpur,MH,2024-08-15,746,LOW,275.51,T+1,ONLINE_CHECKOUT,Y
MERCH004968,Rohan Traders,5999,Miscellaneous Retail,Kochi,KL,2020-12-14,2086,MEDIUM,1162.31,T+1,ONLINE_CHECKOUT,Y
MERCH004969,Vertex Mart,5912,Drug Stores / Pharmacies,Indore,MP,2022-01-20,1684,LOW,734.27,T+1,ONLINE_CHECKOUT,Y
MERCH004970,Bharat Mart,5541,Service Stations (Fuel),Chandigarh,CH,2023-02-23,1285,LOW,1454.42,T+1,ONLINE_CHECKOUT,Y
MERCH004971,Sagar Stores,5541,Service Stations (Fuel),Chennai,TN,2024-04-15,868,LOW,2067.76,T+1,ONLINE_CHECKOUT,Y
MERCH004972,Vertex Enterprises,4900,Utilities - Electric/Gas/Water,Hyderabad,TG,2021-10-10,1786,LOW,1245.02,T+0,POS_CARD,Y
MERCH004973,Krishna Retail,7011,Hotels / Lodging,Indore,MP,2022-07-26,1497,MEDIUM,9719.46,T+1,ONLINE_CHECKOUT,Y
MERCH004974,Nova Ventures,5411,Grocery Stores / Supermarkets,Jaipur,RJ,2022-06-14,1539,LOW,1269.33,T+2,POS_CARD,Y
MERCH004975,Anand & Co,5651,Family Clothing Stores,Bengaluru,KA,2025-06-13,444,MEDIUM,1119.77,T+1,QR_INSTORE,Y
MERCH004976,Vertex Retail,5814,Fast Food Restaurants,Mumbai,MH,2024-02-04,939,LOW,173.74,T+2,QR_INSTORE,Y
MERCH004977,Nova Supply,5814,Fast Food Restaurants,Guwahati,AS,2026-03-09,175,MEDIUM,307.95,T+1,QR_INSTORE,Y
MERCH004978,Metro Supply,5411,Grocery Stores / Supermarkets,Kochi,KL,2022-01-04,1700,LOW,907.75,T+1,QR_INSTORE,Y
MERCH004979,Kalpana Solutions,4121,Taxicabs / Ride Hailing,Chandigarh,CH,2024-10-25,675,LOW,144.38,T+2,ONLINE_CHECKOUT,Y
MERCH004980,Shree Solutions,5732,Electronics Stores,Chennai,TN,2023-09-04,1092,MEDIUM,10159.99,T+1,QR_INSTORE,Y
MERCH004981,Shree Services,4121,Taxicabs / Ride Hailing,Jaipur,RJ,2026-05-18,105,LOW,227.18,T+1,POS_CARD,Y
MERCH004982,Lakshmi Supply,5912,Drug Stores / Pharmacies,Guwahati,AS,2025-01-12,596,LOW,527.35,T+1,QR_INSTORE,Y
MERCH004983,Zenith Ventures,5411,Grocery Stores / Supermarkets,Nagpur,MH,2024-04-16,867,LOW,592.19,T+1,POS_CARD,Y
MERCH004984,Anand Services,5541,Service Stations (Fuel),Lucknow,UP,2022-11-15,1385,LOW,2008.2,T+1,POS_CARD,Y
MERCH004985,Rohan Ventures,4121,Taxicabs / Ride Hailing,Indore,MP,2021-01-01,2068,LOW,182.66,T+0,QR_INSTORE,Y
MERCH004986,Vertex Retail,4121,Taxicabs / Ride Hailing,Guwahati,AS,2021-03-25,1985,LOW,287.38,T+1,QR_INSTORE,Y
MERCH004987,Bharat Traders,5912,Drug Stores / Pharmacies,Mumbai,MH,2025-05-25,463,LOW,543.33,T+1,ONLINE_CHECKOUT,Y
MERCH004988,Aster Solutions,5999,Miscellaneous Retail,Kolkata,WB,2020-11-26,2104,MEDIUM,878.65,T+2,QR_INSTORE,Y
MERCH004989,Kalpana Mart,5541,Service Stations (Fuel),Kolkata,WB,2020-10-20,2141,LOW,1511.04,T+0,ONLINE_CHECKOUT,Y
MERCH004990,Rohan Stores,5411,Grocery Stores / Supermarkets,Hyderabad,TG,2024-07-02,790,LOW,520.04,T+1,QR_INSTORE,Y
MERCH004991,Sagar Solutions,5814,Fast Food Restaurants,Kochi,KL,2024-06-16,806,LOW,243.8,T+2,POS_CARD,Y
MERCH004992,Shree Retail,5732,Electronics Stores,Kolkata,WB,2020-11-13,2117,MEDIUM,7996.6,T+0,ONLINE_CHECKOUT,Y
MERCH004993,Lakshmi Retail,5912,Drug Stores / Pharmacies,Nagpur,MH,2023-02-03,1305,LOW,767.78,T+1,QR_INSTORE,Y
MERCH004994,Shree Stores,5967,Direct Marketing - Inbound,Delhi,DL,2023-03-07,1273,HIGH,1428.51,T+2,ONLINE_CHECKOUT,Y
MERCH004995,Rohan Mart,5999,Miscellaneous Retail,Bengaluru,KA,2020-09-21,2170,MEDIUM,1117.86,T+1,ONLINE_CHECKOUT,Y
MERCH004996,Shree & Co,5814,Fast Food Restaurants,Nagpur,MH,2025-01-15,593,LOW,178.43,T+1,POS_CARD,Y
MERCH004997,Lakshmi Supply,5912,Drug Stores / Pharmacies,Pune,MH,2022-02-05,1668,LOW,392.36,T+1,QR_INSTORE,Y
MERCH004998,Sagar Hub,5411,Grocery Stores / Supermarkets,Panaji,GA,2023-09-13,1083,LOW,1114.61,T+1,ONLINE_CHECKOUT,Y
MERCH004999,Shree Enterprises,5651,Family Clothing Stores,Nagpur,MH,2024-03-29,885,MEDIUM,1982.69,T+1,QR_INSTORE,Y
MERCH005000,Urban Ventures,5814,Fast Food Restaurants,Jaipur,RJ,2023-01-12,1327,LOW,295.22,T+1,ONLINE_CHECKOUT,Y
